#
#  Stripped version of finals.all.orig file
#
#
#          Bull A     Bull A      Bull A      Bull B      Bull B      Bull B
#  MJD     PM-x       PM-y        UT1-UTC     PM-x        PM-y        UT1-UTC
#
41684.00   0.120724   0.137066   0.8084319    0.143000    0.137000    0.8075000
41685.00   0.118971   0.135756   0.8056304    0.141000    0.134000    0.8044000
41686.00   0.117218   0.134448   0.8028036    0.139000    0.131000    0.8012000
41687.00   0.115464   0.133144   0.7998870    0.137000    0.128000    0.7981000
41688.00   0.113708   0.131846   0.7968285    0.136000    0.126000    0.7949000
41689.00   0.111948   0.130558   0.7935963    0.134000    0.123000    0.7918000
41690.00   0.110180   0.129282   0.7901851    0.132000    0.122000    0.7887000
41691.00   0.108401   0.128020   0.7866194    0.130000    0.120000    0.7855000
41692.00   0.106607   0.126775   0.7829530    0.128000    0.119000    0.7824000
41693.00   0.104795   0.125551   0.7792628    0.126000    0.117000    0.7792000
41694.00   0.102960   0.124351   0.7756359    0.124000    0.116000    0.7761000
41695.00   0.101103   0.123180   0.7721500    0.122000    0.114000    0.7730000
41696.00   0.099219   0.122040   0.7688519    0.120000    0.113000    0.7698000
41697.00   0.097304   0.120936   0.7657376    0.118000    0.111000    0.7667000
41698.00   0.095355   0.119870   0.7627466    0.116000    0.110000    0.7635000
41699.00   0.093368   0.118846   0.7597749    0.114000    0.108000    0.7604000
41700.00   0.091341   0.117865   0.7567072    0.112000    0.106000    0.7573000
41701.00   0.089273   0.116926   0.7534582    0.110000    0.105000    0.7541000
41702.00   0.087167   0.116031   0.7500021    0.107000    0.103000    0.7510000
41703.00   0.085025   0.115178   0.7463792    0.105000    0.102000    0.7478000
41704.00   0.082853   0.114370   0.7426762    0.103000    0.100000    0.7447000
41705.00   0.080657   0.113605   0.7389931    0.101000    0.098000    0.7415000
41706.00   0.078440   0.112884   0.7354139    0.099000    0.097000    0.7383000
41707.00   0.076205   0.112202   0.7319919    0.096000    0.095000    0.7352000
41708.00   0.073954   0.111559   0.7287489    0.094000    0.094000    0.7320000
41709.00   0.071691   0.110952   0.7256811    0.092000    0.092000    0.7288000
41710.00   0.069420   0.110378   0.7227643    0.090000    0.091000    0.7256000
41711.00   0.067147   0.109836   0.7199568    0.088000    0.089000    0.7224000
41712.00   0.064874   0.109325   0.7172012    0.086000    0.088000    0.7193000
41713.00   0.062607   0.108846   0.7144307    0.084000    0.087000    0.7161000
41714.00   0.060349   0.108400   0.7115769    0.082000    0.086000    0.7129000
41715.00   0.058100   0.107987   0.7085797    0.079000    0.084000    0.7096000
41716.00   0.055865   0.107608   0.7053972    0.077000    0.083000    0.7063000
41717.00   0.053644   0.107263   0.7020146    0.075000    0.082000    0.7031000
41718.00   0.051441   0.106954   0.6984511    0.073000    0.080000    0.6998000
41719.00   0.049257   0.106681   0.6947614    0.071000    0.079000    0.6965000
41720.00   0.047093   0.106442   0.6910290    0.069000    0.080000    0.6932000
41721.00   0.044951   0.106239   0.6873489    0.067000    0.081000    0.6899000
41722.00   0.042831   0.106070   0.6838052    0.066000    0.082000    0.6866000
41723.00   0.040732   0.105935   0.6804490    0.064000    0.083000    0.6833000
41724.00   0.038653   0.105832   0.6772827    0.062000    0.085000    0.6800000
41725.00   0.036593   0.105760   0.6742568    0.060000    0.086000    0.6767000
41726.00   0.034550   0.105717   0.6712808    0.058000    0.087000    0.6734000
41727.00   0.032521   0.105702   0.6682469    0.057000    0.088000    0.6701000
41728.00   0.030505   0.105715   0.6650607    0.055000    0.089000    0.6668000
41729.00   0.028503   0.105755   0.6616712    0.053000    0.090000    0.6635000
41730.00   0.026512   0.105824   0.6580860    0.051000    0.091000    0.6601000
41731.00   0.024531   0.105922   0.6543676    0.049000    0.092000    0.6568000
41732.00   0.022556   0.106048   0.6506111    0.047000    0.093000    0.6534000
41733.00   0.020582   0.106203   0.6469136    0.045000    0.094000    0.6501000
41734.00   0.018606   0.106384   0.6433499    0.044000    0.095000    0.6467000
41735.00   0.016623   0.106592   0.6399606    0.042000    0.096000    0.6433000
41736.00   0.014632   0.106828   0.6367535    0.040000    0.097000    0.6400000
41737.00   0.012634   0.107093   0.6337102    0.038000    0.098000    0.6366000
41738.00   0.010628   0.107386   0.6307923    0.036000    0.099000    0.6333000
41739.00   0.008615   0.107709   0.6279462    0.034000    0.100000    0.6299000
41740.00   0.006593   0.108060   0.6251074    0.032000    0.101000    0.6265000
41741.00   0.004564   0.108438   0.6222069    0.030000    0.102000    0.6232000
41742.00   0.002526   0.108842   0.6191790    0.028000    0.102000    0.6198000
41743.00   0.000479   0.109270   0.6159706    0.026000    0.103000    0.6165000
41744.00  -0.001578   0.109721   0.6125505    0.024000    0.104000    0.6131000
41745.00  -0.003643   0.110195   0.6089196    0.022000    0.105000    0.6097000
41746.00  -0.005713   0.110692   0.6051180    0.020000    0.106000    0.6063000
41747.00  -0.007786   0.111214   0.6012241    0.018000    0.106000    0.6030000
41748.00  -0.009857   0.111761   0.5973410    0.016000    0.107000    0.5996000
41749.00  -0.011922   0.112336   0.5935706    0.014000    0.108000    0.5962000
41750.00  -0.013977   0.112940   0.5899833    0.012000    0.109000    0.5928000
41751.00  -0.016019   0.113573   0.5865962    0.009000    0.109000    0.5893000
41752.00  -0.018040   0.114237   0.5833682    0.007000    0.110000    0.5859000
41753.00  -0.020032   0.114933   0.5802133    0.004000    0.111000    0.5824000
41754.00  -0.021990   0.115661   0.5770261    0.002000    0.112000    0.5790000
41755.00  -0.023907   0.116421   0.5737111    0.000000    0.112000    0.5755000
41756.00  -0.025780   0.117212   0.5702072   -0.003000    0.113000    0.5720000
41757.00  -0.027610   0.118036   0.5665027   -0.005000    0.114000    0.5685000
41758.00  -0.029400   0.118890   0.5626361   -0.008000    0.114000    0.5650000
41759.00  -0.031155   0.119773   0.5586838   -0.010000    0.115000    0.5615000
41760.00  -0.032878   0.120683   0.5547386   -0.012000    0.116000    0.5579000
41761.00  -0.034573   0.121619   0.5508857   -0.015000    0.117000    0.5544000
41762.00  -0.036242   0.122582   0.5471853   -0.017000    0.118000    0.5508000
41763.00  -0.037885   0.123571   0.5436641   -0.020000    0.119000    0.5473000
41764.00  -0.039504   0.124588   0.5403179   -0.022000    0.120000    0.5437000
41765.00  -0.041099   0.125635   0.5371173   -0.024000    0.120000    0.5401000
41766.00  -0.042673   0.126712   0.5340153   -0.027000    0.121000    0.5365000
41767.00  -0.044229   0.127821   0.5309537   -0.029000    0.122000    0.5330000
41768.00  -0.045771   0.128964   0.5278687   -0.032000    0.123000    0.5294000
41769.00  -0.047302   0.130142   0.5246976   -0.034000    0.124000    0.5258000
41770.00  -0.048828   0.131356   0.5213856   -0.036000    0.125000    0.5222000
41771.00  -0.050351   0.132605   0.5178924   -0.039000    0.127000    0.5186000
41772.00  -0.051875   0.133891   0.5142009   -0.041000    0.128000    0.5149000
41773.00  -0.053404   0.135214   0.5103278   -0.044000    0.129000    0.5113000
41774.00  -0.054940   0.136573   0.5063304   -0.046000    0.131000    0.5077000
41775.00  -0.056488   0.137969   0.5023026   -0.048000    0.132000    0.5041000
41776.00  -0.058053   0.139402   0.4983553   -0.051000    0.133000    0.5006000
41777.00  -0.059639   0.140872   0.4945843   -0.053000    0.134000    0.4970000
41778.00  -0.061247   0.142377   0.4910366   -0.056000    0.136000    0.4935000
41779.00  -0.062874   0.143917   0.4876939   -0.058000    0.137000    0.4899000
41780.00  -0.064517   0.145494   0.4844787   -0.061000    0.139000    0.4864000
41781.00  -0.066174   0.147108   0.4812836   -0.063000    0.141000    0.4829000
41782.00  -0.067840   0.148757   0.4780073   -0.066000    0.143000    0.4794000
41783.00  -0.069512   0.150437   0.4745829   -0.068000    0.145000    0.4759000
41784.00  -0.071188   0.152143   0.4709918   -0.071000    0.147000    0.4724000
41785.00  -0.072868   0.153873   0.4672608   -0.073000    0.148000    0.4689000
41786.00  -0.074547   0.155619   0.4634499   -0.076000    0.150000    0.4655000
41787.00  -0.076226   0.157377   0.4596361   -0.078000    0.152000    0.4620000
41788.00  -0.077898   0.159141   0.4558961   -0.081000    0.154000    0.4586000
41789.00  -0.079559   0.160904   0.4522916   -0.083000    0.156000    0.4551000
41790.00  -0.081206   0.162664   0.4488589   -0.085000    0.158000    0.4517000
41791.00  -0.082836   0.164416   0.4456047   -0.086000    0.160000    0.4483000
41792.00  -0.084445   0.166159   0.4425079   -0.088000    0.162000    0.4448000
41793.00  -0.086031   0.167888   0.4395262   -0.090000    0.164000    0.4414000
41794.00  -0.087594   0.169602   0.4366037   -0.092000    0.166000    0.4380000
41795.00  -0.089132   0.171299   0.4336788   -0.093000    0.168000    0.4346000
41796.00  -0.090646   0.172977   0.4306908   -0.095000    0.170000    0.4312000
41797.00  -0.092135   0.174637   0.4275866   -0.097000    0.172000    0.4277000
41798.00  -0.093600   0.176280   0.4243250   -0.098000    0.174000    0.4243000
41799.00  -0.095039   0.177908   0.4208818   -0.100000    0.176000    0.4209000
41800.00  -0.096452   0.179524   0.4172571   -0.101000    0.178000    0.4175000
41801.00  -0.097839   0.181129   0.4134837   -0.102000    0.180000    0.4141000
41802.00  -0.099202   0.182728   0.4096311   -0.103000    0.181000    0.4108000
41803.00  -0.100543   0.184322   0.4057984   -0.104000    0.183000    0.4074000
41804.00  -0.101860   0.185910   0.4020902   -0.106000    0.185000    0.4040000
41805.00  -0.103149   0.187492   0.3985825   -0.107000    0.187000    0.4006000
41806.00  -0.104401   0.189067   0.3952917   -0.108000    0.189000    0.3972000
41807.00  -0.105607   0.190634   0.3921651   -0.109000    0.190000    0.3939000
41808.00  -0.106760   0.192195   0.3891000   -0.110000    0.192000    0.3905000
41809.00  -0.107853   0.193751   0.3859841   -0.111000    0.194000    0.3871000
41810.00  -0.108882   0.195303   0.3827358   -0.112000    0.196000    0.3838000
41811.00  -0.109843   0.196854   0.3793280   -0.112000    0.198000    0.3805000
41812.00  -0.110735   0.198402   0.3757875   -0.113000    0.200000    0.3771000
41813.00  -0.111557   0.199950   0.3721774   -0.113000    0.202000    0.3738000
41814.00  -0.112313   0.201499   0.3685739   -0.114000    0.204000    0.3705000
41815.00  -0.113006   0.203052   0.3650488   -0.114000    0.205000    0.3672000
41816.00  -0.113643   0.204611   0.3616590   -0.115000    0.207000    0.3640000
41817.00  -0.114229   0.206179   0.3584406   -0.115000    0.209000    0.3607000
41818.00  -0.114769   0.207756   0.3554062   -0.116000    0.211000    0.3575000
41819.00  -0.115267   0.209342   0.3525437   -0.116000    0.213000    0.3542000
41820.00  -0.115729   0.210937   0.3498182   -0.116000    0.214000    0.3510000
41821.00  -0.116160   0.212543   0.3471778   -0.116000    0.216000    0.3479000
41822.00  -0.116560   0.214161   0.3445621   -0.116000    0.217000    0.3447000
41823.00  -0.116928   0.215794   0.3419107   -0.116000    0.219000    0.3416000
41824.00  -0.117260   0.217446   0.3391710   -0.117000    0.220000    0.3384000
41825.00  -0.117551   0.219118   0.3363033   -0.117000    0.221000    0.3353000
41826.00  -0.117796   0.220811   0.3332839   -0.117000    0.223000    0.3321000
41827.00  -0.117988   0.222526   0.3301084   -0.117000    0.224000    0.3290000
41828.00  -0.118122   0.224260   0.3267957   -0.117000    0.226000    0.3258000
41829.00  -0.118191   0.226015   0.3233929   -0.117000    0.227000    0.3227000
41830.00  -0.118187   0.227791   0.3199751   -0.117000    0.228000    0.3196000
41831.00  -0.118104   0.229587   0.3166341   -0.117000    0.230000    0.3166000
41832.00  -0.117943   0.231402   0.3134538   -0.117000    0.231000    0.3135000
41833.00  -0.117703   0.233238   0.3104780   -0.117000    0.233000    0.3105000
41834.00  -0.117388   0.235091   0.3076868   -0.117000    0.234000    0.3074000
41835.00  -0.117002   0.236962   0.3049978   -0.117000    0.235000    0.3044000
41836.00  -0.116549   0.238846   0.3022950   -0.117000    0.237000    0.3014000
41837.00  -0.116036   0.240738   0.2994746   -0.117000    0.238000    0.2984000
41838.00  -0.115466   0.242636   0.2964846   -0.117000    0.240000    0.2954000
41839.00  -0.114846   0.244536   0.2933393   -0.117000    0.241000    0.2924000
41840.00  -0.114180   0.246436   0.2901054   -0.117000    0.243000    0.2895000
41841.00  -0.113474   0.248333   0.2868723   -0.116000    0.245000    0.2865000
41842.00  -0.112728   0.250227   0.2837227   -0.116000    0.246000    0.2836000
41843.00  -0.111943   0.252117   0.2807165   -0.116000    0.248000    0.2806000
41844.00  -0.111124   0.254000   0.2778874   -0.116000    0.250000    0.2777000
41845.00  -0.110279   0.255878   0.2752458   -0.115000    0.252000    0.2748000
41846.00  -0.109416   0.257745   0.2727809   -0.115000    0.254000    0.2720000
41847.00  -0.108543   0.259600   0.2704624   -0.115000    0.255000    0.2691000
41848.00  -0.107669   0.261438   0.2682428   -0.114000    0.257000    0.2663000
41849.00  -0.106798   0.263258   0.2660632   -0.114000    0.259000    0.2634000
41850.00  -0.105935   0.265060   0.2638618   -0.113000    0.261000    0.2607000
41851.00  -0.105082   0.266846   0.2615839   -0.112000    0.263000    0.2580000
41852.00  -0.104241   0.268620   0.2591881   -0.111000    0.264000    0.2552000
41853.00  -0.103414   0.270385   0.2566509   -0.110000    0.266000    0.2525000
41854.00  -0.102602   0.272147   0.2539691   -0.110000    0.268000    0.2498000
41855.00  -0.101802   0.273910   0.2511601   -0.109000    0.270000    0.2472000
41856.00  -0.101014   0.275678   0.2482631   -0.108000    0.272000    0.2446000
41857.00  -0.100233   0.277455   0.2453372   -0.107000    0.273000    0.2421000
41858.00  -0.099456   0.279243   0.2424569   -0.106000    0.275000    0.2395000
41859.00  -0.098677   0.281043   0.2396968   -0.105000    0.277000    0.2369000
41860.00  -0.097889   0.282855   0.2371084   -0.103000    0.279000    0.2344000
41861.00  -0.097085   0.284679   0.2346963   -0.102000    0.281000    0.2320000
41862.00  -0.096256   0.286516   0.2324062   -0.100000    0.282000    0.2295000
41863.00  -0.095395   0.288366   0.2301356   -0.099000    0.284000    0.2271000
41864.00  -0.094499   0.290226   0.2277697   -0.097000    0.286000    0.2246000
41865.00  -0.093566   0.292091   0.2252259   -0.095000    0.288000    0.2223000
41866.00  -0.092596   0.293957   0.2224869   -0.094000    0.290000    0.2200000
41867.00  -0.091588   0.295818   0.2196042   -0.092000    0.291000    0.2177000
41868.00  -0.090547   0.297669   0.2166747   -0.091000    0.293000    0.2154000
41869.00  -0.089478   0.299504   0.2138025   -0.089000    0.295000    0.2131000
41870.00  -0.088387   0.301319   0.2110689   -0.087000    0.296000    0.2108000
41871.00  -0.087280   0.303108   0.2085187   -0.085000    0.298000    0.2085000
41872.00  -0.086167   0.304868   0.2061633   -0.083000    0.299000    0.2062000
41873.00  -0.085056   0.306592   0.2039890   -0.081000    0.300000    0.2039000
41874.00  -0.083952   0.308278   0.2019641   -0.080000    0.302000    0.2016000
41875.00  -0.082861   0.309919   0.2000425   -0.078000    0.303000    0.1993000
41876.00  -0.081780   0.311513   0.1981661   -0.076000    0.304000    0.1970000
41877.00  -0.080706   0.313057   0.1962715   -0.074000    0.305000    0.1947000
41878.00  -0.079639   0.314550   0.1942984   -0.072000    0.307000    0.1924000
41879.00  -0.078576   0.315992   0.1921991   -0.070000    0.308000    0.1901000
41880.00  -0.077516   0.317382   0.1899451   -0.068000    0.309000    0.1877000
41881.00  -0.076456   0.318721   0.1875310   -0.066000    0.310000    0.1854000
41882.00  -0.075393   0.320007   0.1849750   -0.064000    0.311000    0.1830000
41883.00  -0.074324   0.321240   0.1823177   -0.062000    0.312000    0.1807000
41884.00  -0.073249   0.322420   0.1796175   -0.061000    0.314000    0.1783000
41885.00  -0.072165   0.323546   0.1769433   -0.059000    0.315000    0.1759000
41886.00  -0.071074   0.324618   0.1743623   -0.057000    0.316000    0.1735000
41887.00  -0.069974   0.325637   0.1719236   -0.055000    0.317000    0.1712000
41888.00  -0.068865   0.326605   0.1696410   -0.053000    0.318000    0.1688000
41889.00  -0.067746   0.327521   0.1674796   -0.051000    0.319000    0.1664000
41890.00  -0.066615   0.328385   0.1653574   -0.049000    0.320000    0.1639000
41891.00  -0.065470   0.329200   0.1631654   -0.047000    0.321000    0.1615000
41892.00  -0.064308   0.329966   0.1608038   -0.046000    0.322000    0.1590000
41893.00  -0.063127   0.330684   0.1582205   -0.044000    0.323000    0.1566000
41894.00  -0.061922   0.331356   0.1554320   -0.042000    0.325000    0.1541000
41895.00  -0.060690   0.331984   0.1525183   -0.040000    0.326000    0.1516000
41896.00  -0.059426   0.332571   0.1495917   -0.038000    0.327000    0.1491000
41897.00  -0.058129   0.333123   0.1467587   -0.037000    0.328000    0.1467000
41898.00  -0.056796   0.333641   0.1440916   -0.035000    0.329000    0.1442000
41899.00  -0.055426   0.334129   0.1416190   -0.033000    0.330000    0.1417000
41900.00  -0.054018   0.334587   0.1393332   -0.031000    0.331000    0.1392000
41901.00  -0.052571   0.335018   0.1372021   -0.030000    0.331000    0.1368000
41902.00  -0.051087   0.335422   0.1351788   -0.028000    0.332000    0.1343000
41903.00  -0.049566   0.335801   0.1332063   -0.027000    0.333000    0.1319000
41904.00  -0.048009   0.336158   0.1312213   -0.025000    0.334000    0.1294000
41905.00  -0.046418   0.336495   0.1291610   -0.023000    0.334000    0.1269000
41906.00  -0.044793   0.336814   0.1269711   -0.022000    0.335000    0.1244000
41907.00  -0.043138   0.337117   0.1246142   -0.020000    0.336000    0.1219000
41908.00  -0.041457   0.337408   0.1220762   -0.019000    0.336000    0.1194000
41909.00  -0.039753   0.337689   0.1193688   -0.017000    0.337000    0.1169000
41910.00  -0.038027   0.337962   0.1165303   -0.016000    0.337000    0.1144000
41911.00  -0.036279   0.338231   0.1136211   -0.014000    0.337000    0.1118000
41912.00  -0.034509   0.338497   0.1107146   -0.013000    0.338000    0.1093000
41913.00  -0.032716   0.338764   0.1078820   -0.011000    0.338000    0.1067000
41914.00  -0.030904   0.339034   0.1051753   -0.010000    0.338000    0.1042000
41915.00  -0.029072   0.339312   0.1026111   -0.009000    0.338000    0.1016000
41916.00  -0.027225   0.339599   0.1001622   -0.007000    0.338000    0.0990000
41917.00  -0.025364   0.339898   0.0977587   -0.006000    0.339000    0.0965000
41918.00  -0.023491   0.340210   0.0953036   -0.004000    0.339000    0.0939000
41919.00  -0.021609   0.340534   0.0926991   -0.003000    0.339000    0.0913000
41920.00  -0.019719   0.340866   0.0898766   -0.002000    0.339000    0.0887000
41921.00  -0.017823   0.341204   0.0868220   -0.001000    0.339000    0.0860000
41922.00  -0.015923   0.341546   0.0835842    0.000000    0.339000    0.0834000
41923.00  -0.014024   0.341889   0.0802614    0.001000    0.339000    0.0807000
41924.00  -0.012126   0.342230   0.0769694    0.003000    0.340000    0.0781000
41925.00  -0.010233   0.342570   0.0738075    0.004000    0.340000    0.0754000
41926.00  -0.008345   0.342904   0.0708351    0.005000    0.340000    0.0727000
41927.00  -0.006462   0.343233   0.0680673    0.006000    0.340000    0.0699000
41928.00  -0.004582   0.343554   0.0654838    0.007000    0.340000    0.0672000
41929.00  -0.002703   0.343867   0.0630419    0.008000    0.340000    0.0645000
41930.00  -0.000823   0.344170   0.0606870    0.010000    0.340000    0.0617000
41931.00   0.001061   0.344464   0.0583584    0.011000    0.340000    0.0589000
41932.00   0.002946   0.344750   0.0559943    0.013000    0.341000    0.0561000
41933.00   0.004833   0.345026   0.0535381    0.015000    0.341000    0.0533000
41934.00   0.006719   0.345293   0.0509461    0.017000    0.341000    0.0505000
41935.00   0.008606   0.345551   0.0481927    0.018000    0.341000    0.0476000
41936.00   0.010491   0.345797   0.0452758    0.020000    0.341000    0.0447000
41937.00   0.012375   0.346029   0.0422207    0.022000    0.342000    0.0418000
41938.00   0.014258   0.346244   0.0390798    0.023000    0.342000    0.0389000
41939.00   0.016138   0.346440   0.0359271    0.025000    0.342000    0.0360000
41940.00   0.018015   0.346613   0.0328428    0.027000    0.342000    0.0331000
41941.00   0.019888   0.346762   0.0298925    0.028000    0.343000    0.0301000
41942.00   0.021754   0.346884   0.0271064    0.030000    0.343000    0.0272000
41943.00   0.023611   0.346978   0.0244669    0.031000    0.344000    0.0242000
41944.00   0.025456   0.347042   0.0219114    0.033000    0.344000    0.0213000
41945.00   0.027289   0.347074   0.0193484    0.035000    0.344000    0.0183000
41946.00   0.029108   0.347072   0.0166814    0.036000    0.345000    0.0153000
41947.00   0.030916   0.347036   0.0138355    0.038000    0.345000    0.0123000
41948.00   0.032711   0.346966   0.0107781    0.039000    0.346000    0.0093000
41949.00   0.034492   0.346860   0.0075291    0.041000    0.346000    0.0063000
41950.00   0.036259   0.346719   0.0041565    0.042000    0.346000    0.0033000
41951.00   0.038008   0.346543   0.0007577    0.044000    0.346000    0.0002000
41952.00   0.039739   0.346333  -0.0025677    0.045000    0.347000   -0.0028000
41953.00   0.041450   0.346086  -0.0057439    0.047000    0.347000   -0.0059000
41954.00   0.043140   0.345801  -0.0087342    0.048000    0.347000   -0.0089000
41955.00   0.044808   0.345476  -0.0115428    0.049000    0.347000   -0.0120000
41956.00   0.046453   0.345111  -0.0142048    0.051000    0.347000   -0.0151000
41957.00   0.048076   0.344705  -0.0167739    0.052000    0.348000   -0.0181000
41958.00   0.049673   0.344259  -0.0193120    0.054000    0.348000   -0.0212000
41959.00   0.051242   0.343773  -0.0218818    0.055000    0.348000   -0.0243000
41960.00   0.052777   0.343248  -0.0245414    0.057000    0.348000   -0.0274000
41961.00   0.054276   0.342684  -0.0273383    0.058000    0.348000   -0.0305000
41962.00   0.055736   0.342080  -0.0303046    0.060000    0.347000   -0.0336000
41963.00   0.057156   0.341436  -0.0334515    0.061000    0.347000   -0.0367000
41964.00   0.058539   0.340754  -0.0367661    0.063000    0.347000   -0.0398000
41965.00   0.059888   0.340035  -0.0402090    0.065000    0.347000   -0.0429000
41966.00   0.061203   0.339282  -0.0437149    0.066000    0.347000   -0.0460000
41967.00   0.062488   0.338497  -0.0472011    0.068000    0.346000   -0.0492000
41968.00   0.063742   0.337684  -0.0505867    0.069000    0.346000   -0.0523000
41969.00   0.064969   0.336845  -0.0538171    0.071000    0.346000   -0.0554000
41970.00   0.066169   0.335980  -0.0568853    0.072000    0.346000   -0.0586000
41971.00   0.067343   0.335085  -0.0598382    0.074000    0.345000   -0.0618000
41972.00   0.068487   0.334159  -0.0627630    0.075000    0.345000   -0.0650000
41973.00   0.069599   0.333202  -0.0657581    0.077000    0.344000   -0.0682000
41974.00   0.070676   0.332213  -0.0689022    0.078000    0.344000   -0.0714000
41975.00   0.071714   0.331195  -0.0722334    0.079000    0.343000   -0.0746000
41976.00   0.072709   0.330147  -0.0757409    0.081000    0.343000   -0.0779000
41977.00   0.073660   0.329075  -0.0793711    0.082000    0.342000   -0.0811000
41978.00   0.074564   0.327981  -0.0830434    0.084000    0.342000   -0.0844000
41979.00   0.075421   0.326871  -0.0866712    0.085000    0.341000   -0.0876000
41980.00   0.076229   0.325751  -0.0901797    0.086000    0.340000   -0.0909000
41981.00   0.076990   0.324625  -0.0935217    0.088000    0.339000   -0.0941000
41982.00   0.077706   0.323499  -0.0966847    0.089000    0.339000   -0.0974000
41983.00   0.078381   0.322377  -0.0996889    0.091000    0.338000   -0.1006000
41984.00   0.079016   0.321265  -0.1025792    0.092000    0.337000   -0.1039000
41985.00   0.079614   0.320168  -0.1054139    0.093000    0.336000   -0.1072000
41986.00   0.080175   0.319086  -0.1082551    0.095000    0.335000   -0.1105000
41987.00   0.080703   0.318022  -0.1111607    0.096000    0.335000   -0.1139000
41988.00   0.081201   0.316975  -0.1141787    0.098000    0.334000   -0.1172000
41989.00   0.081671   0.315947  -0.1173433    0.099000    0.333000   -0.1205000
41990.00   0.082118   0.314936  -0.1206712    0.100000    0.332000   -0.1238000
41991.00   0.082543   0.313944  -0.1241596    0.101000    0.331000   -0.1271000
41992.00   0.082951   0.312970  -0.1277842    0.101000    0.330000   -0.1305000
41993.00   0.083347   0.312016  -0.1314973    0.102000    0.329000   -0.1338000
41994.00   0.083732   0.311082  -0.1352296    0.103000    0.328000   -0.1371000
41995.00   0.084109   0.310169  -0.1389005    0.104000    0.326000   -0.1404000
41996.00   0.084479   0.309275  -0.1424400    0.105000    0.325000   -0.1437000
41997.00   0.084843   0.308399  -0.1458132    0.105000    0.324000   -0.1470000
41998.00   0.085205   0.307541  -0.1490397    0.106000    0.323000   -0.1503000
41999.00   0.085567   0.306698  -0.1521912    0.107000    0.322000   -0.1536000
42000.00   0.085934   0.305868  -0.1553673    0.108000    0.321000   -0.1569000
42001.00   0.086310   0.305050  -0.1586579    0.108000    0.320000   -0.1603000
42002.00   0.086696   0.304242  -0.1621106    0.109000    0.318000   -0.1636000
42003.00   0.087092   0.303442  -0.1657170    0.109000    0.317000   -0.1670000
42004.00   0.087500   0.302650  -0.1694219    0.110000    0.316000   -0.1703000
42005.00   0.087923   0.301867  -0.1731446    0.110000    0.315000   -0.1736000
42006.00   0.088360   0.301092  -0.1768022    0.111000    0.314000   -0.1768000
42007.00   0.088813   0.300322  -0.1803275    0.111000    0.312000   -0.1801000
42008.00   0.089282   0.299559  -0.1836772    0.112000    0.311000   -0.1833000
42009.00   0.089767   0.298800  -0.1868358    0.112000    0.310000   -0.1866000
42010.00   0.090270   0.298044  -0.1898150    0.113000    0.309000   -0.1898000
42011.00   0.090789   0.297288  -0.1926504    0.113000    0.308000   -0.1930000
42012.00   0.091322   0.296531  -0.1953941    0.114000    0.307000   -0.1963000
42013.00   0.091866   0.295769  -0.1981060    0.114000    0.306000   -0.1995000
42014.00   0.092419   0.295002  -0.2008443    0.115000    0.305000   -0.2027000
42015.00   0.092978   0.294225  -0.2036580    0.116000    0.303000   -0.2059000
42016.00   0.093541   0.293436  -0.2065818    0.116000    0.302000   -0.2090000
42017.00   0.094106   0.292631  -0.2096332    0.117000    0.301000   -0.2122000
42018.00   0.094671   0.291809  -0.2128122    0.117000    0.300000   -0.2153000
42019.00   0.095233   0.290966  -0.2161014    0.118000    0.299000   -0.2185000
42020.00   0.095789   0.290100  -0.2194657    0.119000    0.298000   -0.2217000
42021.00   0.096336   0.289208  -0.2228531    0.120000    0.296000   -0.2248000
42022.00   0.096871   0.288288  -0.2261984    0.120000    0.295000   -0.2280000
42023.00   0.097393   0.287336  -0.2294359    0.121000    0.293000   -0.2311000
42024.00   0.097902   0.286351  -0.2325201    0.122000    0.292000   -0.2343000
42025.00   0.098396   0.285330  -0.2354485    0.123000    0.291000   -0.2374000
42026.00   0.098876   0.284272  -0.2382734    0.124000    0.289000   -0.2405000
42027.00   0.099341   0.283177  -0.2410897    0.124000    0.288000   -0.2436000
42028.00   0.099789   0.282043  -0.2440007    0.125000    0.286000   -0.2467000
42029.00   0.100218   0.280870  -0.2470769    0.126000    0.285000   -0.2498000
42030.00   0.100626   0.279656  -0.2503280    0.127000    0.283000   -0.2528000
42031.00   0.101013   0.278397  -0.2537002    0.127000    0.282000   -0.2558000
42032.00   0.101377   0.277095  -0.2570999    0.128000    0.280000   -0.2589000
42033.00   0.101720   0.275751  -0.2604279    0.128000    0.279000   -0.2619000
42034.00   0.102043   0.274366  -0.2636073    0.129000    0.277000   -0.2649000
42035.00   0.102347   0.272944  -0.2665943    0.129000    0.275000   -0.2678000
42036.00   0.102630   0.271487  -0.2693777    0.130000    0.274000   -0.2708000
42037.00   0.102890   0.270000  -0.2719721    0.130000    0.272000   -0.2737000
42038.00   0.103124   0.268487  -0.2744117    0.131000    0.271000   -0.2767000
42039.00   0.103328   0.266952  -0.2767452    0.131000    0.269000   -0.2796000
42040.00   0.103502   0.265400  -0.2790302    0.131000    0.267000   -0.2823000
42041.00   0.103641   0.263832  -0.2813262    0.131000    0.265000   -0.2850000
42042.00   0.103746   0.262251  -0.2836854    0.131000    0.263000   -0.2876000
42043.00   0.103816   0.260657  -0.2861463    0.131000    0.261000   -0.2903000
42044.00   0.103849   0.259051  -0.2887288    0.131000    0.260000   -0.2930000
42045.00   0.103845   0.257437  -0.2914337    0.131000    0.258000   -0.2952000
42046.00   0.103805   0.255813  -0.2942442    0.131000    0.256000   -0.2974000
42047.00   0.103728   0.254183  -0.2971285    0.131000    0.254000   -0.2997000
42048.00   0.103613   0.252548   0.6999577    0.131000    0.252000    0.6981000
42049.00   0.103459   0.250912   0.6970678    0.131000    0.250000    0.6959000
42050.00   0.103264   0.249280   0.6942575    0.130000    0.248000    0.6934000
42051.00   0.103028   0.247655   0.6915715    0.129000    0.246000    0.6909000
42052.00   0.102751   0.246038   0.6890254    0.129000    0.243000    0.6885000
42053.00   0.102434   0.244432   0.6865897    0.128000    0.241000    0.6860000
42054.00   0.102077   0.242835   0.6841878    0.127000    0.239000    0.6835000
42055.00   0.101678   0.241249   0.6817150    0.126000    0.237000    0.6807000
42056.00   0.101236   0.239674   0.6790766    0.125000    0.235000    0.6778000
42057.00   0.100750   0.238110   0.6762273    0.125000    0.232000    0.6750000
42058.00   0.100222   0.236557   0.6731927    0.124000    0.230000    0.6721000
42059.00   0.099653   0.235016   0.6700606    0.123000    0.228000    0.6693000
42060.00   0.099045   0.233489   0.6669475    0.122000    0.226000    0.6666000
42061.00   0.098399   0.231975   0.6639589    0.120000    0.224000    0.6639000
42062.00   0.097719   0.230476   0.6611611    0.119000    0.222000    0.6611000
42063.00   0.097006   0.228990   0.6585751    0.118000    0.220000    0.6584000
42064.00   0.096261   0.227517   0.6561854    0.117000    0.218000    0.6557000
42065.00   0.095487   0.226057   0.6539538    0.115000    0.216000    0.6534000
42066.00   0.094684   0.224609   0.6518298    0.114000    0.214000    0.6511000
42067.00   0.093852   0.223173   0.6497560    0.113000    0.212000    0.6489000
42068.00   0.092995   0.221752   0.6476724    0.111000    0.210000    0.6466000
42069.00   0.092117   0.220345   0.6455229    0.110000    0.208000    0.6443000
42070.00   0.091222   0.218956   0.6432632    0.109000    0.207000    0.6420000
42071.00   0.090317   0.217587   0.6408669    0.108000    0.205000    0.6397000
42072.00   0.089404   0.216242   0.6383288    0.106000    0.204000    0.6375000
42073.00   0.088485   0.214922   0.6356643    0.105000    0.202000    0.6352000
42074.00   0.087567   0.213632   0.6329062    0.104000    0.201000    0.6329000
42075.00   0.086653   0.212376   0.6301000    0.103000    0.200000    0.6302000
42076.00   0.085750   0.211155   0.6272985    0.102000    0.198000    0.6276000
42077.00   0.084863   0.209973   0.6245540    0.100000    0.197000    0.6249000
42078.00   0.083998   0.208833   0.6219084    0.099000    0.195000    0.6223000
42079.00   0.083160   0.207738   0.6193803    0.098000    0.194000    0.6196000
42080.00   0.082351   0.206691   0.6169531    0.097000    0.193000    0.6167000
42081.00   0.081573   0.205695   0.6145682    0.096000    0.193000    0.6139000
42082.00   0.080822   0.204752   0.6121330    0.095000    0.192000    0.6110000
42083.00   0.080096   0.203862   0.6095460    0.094000    0.192000    0.6082000
42084.00   0.079390   0.203027   0.6067332    0.093000    0.191000    0.6053000
42085.00   0.078702   0.202247   0.6036800    0.092000    0.190000    0.6024000
42086.00   0.078027   0.201524   0.6004433    0.091000    0.190000    0.5996000
42087.00   0.077360   0.200856   0.5971340    0.090000    0.189000    0.5967000
42088.00   0.076698   0.200241   0.5938779    0.089000    0.189000    0.5939000
42089.00   0.076036   0.199679   0.5907764    0.088000    0.188000    0.5910000
42090.00   0.075371   0.199166   0.5878817    0.087000    0.188000    0.5883000
42091.00   0.074696   0.198701   0.5851957    0.086000    0.187000    0.5856000
42092.00   0.074011   0.198281   0.5826839    0.086000    0.187000    0.5830000
42093.00   0.073312   0.197903   0.5802936    0.085000    0.186000    0.5803000
42094.00   0.072601   0.197565   0.5779652    0.084000    0.186000    0.5776000
42095.00   0.071874   0.197261   0.5756383    0.083000    0.186000    0.5750000
42096.00   0.071131   0.196990   0.5732552    0.082000    0.185000    0.5724000
42097.00   0.070373   0.196746   0.5707666    0.082000    0.185000    0.5697000
42098.00   0.069596   0.196527   0.5681383    0.081000    0.184000    0.5671000
42099.00   0.068798   0.196328   0.5653568    0.080000    0.184000    0.5645000
42100.00   0.067976   0.196145   0.5624308    0.079000    0.184000    0.5617000
42101.00   0.067127   0.195974   0.5593901    0.078000    0.183000    0.5589000
42102.00   0.066248   0.195811   0.5562812    0.077000    0.183000    0.5562000
42103.00   0.065336   0.195653   0.5531613    0.076000    0.182000    0.5534000
42104.00   0.064391   0.195500   0.5500884    0.076000    0.182000    0.5506000
42105.00   0.063408   0.195349   0.5471104    0.075000    0.182000    0.5476000
42106.00   0.062390   0.195202   0.5442519    0.074000    0.181000    0.5446000
42107.00   0.061338   0.195056   0.5415040    0.073000    0.181000    0.5416000
42108.00   0.060251   0.194913   0.5388205    0.072000    0.180000    0.5386000
42109.00   0.059132   0.194771   0.5361227    0.071000    0.180000    0.5356000
42110.00   0.057982   0.194630   0.5333157    0.070000    0.180000    0.5325000
42111.00   0.056803   0.194488   0.5303155    0.068000    0.180000    0.5293000
42112.00   0.055601   0.194343   0.5270781    0.067000    0.180000    0.5262000
42113.00   0.054379   0.194194   0.5236205    0.066000    0.180000    0.5230000
42114.00   0.053147   0.194042   0.5200213    0.065000    0.180000    0.5199000
42115.00   0.051913   0.193888   0.5163977    0.063000    0.179000    0.5166000
42116.00   0.050682   0.193733   0.5128685    0.062000    0.179000    0.5134000
42117.00   0.049458   0.193578   0.5095191    0.061000    0.179000    0.5101000
42118.00   0.048242   0.193426   0.5063829    0.059000    0.179000    0.5069000
42119.00   0.047038   0.193276   0.5034451    0.058000    0.179000    0.5036000
42120.00   0.045847   0.193131   0.5006586    0.056000    0.179000    0.5004000
42121.00   0.044672   0.192991   0.4979625    0.055000    0.179000    0.4972000
42122.00   0.043517   0.192859   0.4952943    0.053000    0.180000    0.4940000
42123.00   0.042385   0.192733   0.4925950    0.052000    0.180000    0.4908000
42124.00   0.041274   0.192617   0.4898130    0.050000    0.180000    0.4876000
42125.00   0.040185   0.192508   0.4869085    0.048000    0.180000    0.4846000
42126.00   0.039119   0.192409   0.4838591    0.047000    0.180000    0.4815000
42127.00   0.038076   0.192317   0.4806634    0.045000    0.181000    0.4785000
42128.00   0.037057   0.192231   0.4773418    0.044000    0.181000    0.4754000
42129.00   0.036067   0.192146   0.4739344    0.042000    0.181000    0.4724000
42130.00   0.035104   0.192061   0.4704966    0.040000    0.182000    0.4695000
42131.00   0.034171   0.191977   0.4670908    0.039000    0.182000    0.4666000
42132.00   0.033267   0.191893   0.4637744    0.037000    0.183000    0.4636000
42133.00   0.032395   0.191811   0.4605841    0.036000    0.183000    0.4607000
42134.00   0.031552   0.191732   0.4575226    0.034000    0.184000    0.4578000
42135.00   0.030738   0.191656   0.4545535    0.032000    0.184000    0.4549000
42136.00   0.029953   0.191584   0.4516067    0.031000    0.185000    0.4520000
42137.00   0.029197   0.191517   0.4485951    0.029000    0.185000    0.4491000
42138.00   0.028470   0.191456   0.4454372    0.028000    0.186000    0.4462000
42139.00   0.027772   0.191399   0.4420806    0.026000    0.186000    0.4433000
42140.00   0.027104   0.191349   0.4385193    0.024000    0.187000    0.4404000
42141.00   0.026463   0.191303   0.4347997    0.023000    0.187000    0.4375000
42142.00   0.025851   0.191261   0.4310112    0.021000    0.188000    0.4347000
42143.00   0.025266   0.191223   0.4272623    0.020000    0.188000    0.4318000
42144.00   0.024707   0.191187   0.4236496    0.018000    0.189000    0.4289000
42145.00   0.024174   0.191153   0.4202328    0.016000    0.190000    0.4259000
42146.00   0.023660   0.191121   0.4170238    0.015000    0.190000    0.4229000
42147.00   0.023163   0.191091   0.4139931    0.013000    0.191000    0.4199000
42148.00   0.022678   0.191064   0.4110859    0.012000    0.191000    0.4169000
42149.00   0.022199   0.191040   0.4082387    0.010000    0.192000    0.4139000
42150.00   0.021724   0.191017   0.4053908    0.009000    0.193000    0.4106000
42151.00   0.021250   0.190994   0.4024893    0.008000    0.193000    0.4074000
42152.00   0.020770   0.190971   0.3994923    0.006000    0.194000    0.4041000
42153.00   0.020280   0.190949   0.3963728    0.005000    0.194000    0.4009000
42154.00   0.019776   0.190925   0.3931219    0.004000    0.195000    0.3976000
42155.00   0.019254   0.190901   0.3897500    0.003000    0.196000    0.3941000
42156.00   0.018715   0.190875   0.3862870    0.002000    0.196000    0.3906000
42157.00   0.018156   0.190850   0.3827794    0.000000    0.197000    0.3872000
42158.00   0.017577   0.190827   0.3792856   -0.001000    0.197000    0.3837000
42159.00   0.016976   0.190808   0.3758664   -0.002000    0.198000    0.3802000
42160.00   0.016356   0.190795   0.3725704   -0.003000    0.198000    0.3767000
42161.00   0.015719   0.190790   0.3694168   -0.004000    0.199000    0.3732000
42162.00   0.015068   0.190796   0.3663835   -0.005000    0.199000    0.3696000
42163.00   0.014407   0.190812   0.3634087   -0.006000    0.200000    0.3661000
42164.00   0.013735   0.190839   0.3604073   -0.007000    0.200000    0.3626000
42165.00   0.013053   0.190877   0.3572975   -0.007000    0.200000    0.3592000
42166.00   0.012362   0.190927   0.3540256   -0.008000    0.201000    0.3558000
42167.00   0.011662   0.190986   0.3505813   -0.009000    0.201000    0.3524000
42168.00   0.010954   0.191053   0.3470003   -0.010000    0.202000    0.3490000
42169.00   0.010240   0.191129   0.3433539   -0.011000    0.202000    0.3456000
42170.00   0.009519   0.191213   0.3397321   -0.012000    0.202000    0.3424000
42171.00   0.008791   0.191305   0.3362223   -0.013000    0.203000    0.3392000
42172.00   0.008058   0.191406   0.3328887   -0.014000    0.203000    0.3359000
42173.00   0.007323   0.191517   0.3297594   -0.015000    0.203000    0.3327000
42174.00   0.006592   0.191636   0.3268237   -0.016000    0.204000    0.3295000
42175.00   0.005869   0.191765   0.3240393   -0.016000    0.204000    0.3264000
42176.00   0.005159   0.191901   0.3213473   -0.017000    0.204000    0.3233000
42177.00   0.004465   0.192046   0.3186855   -0.018000    0.204000    0.3201000
42178.00   0.003788   0.192197   0.3159986   -0.019000    0.205000    0.3170000
42179.00   0.003132   0.192354   0.3132432   -0.020000    0.205000    0.3139000
42180.00   0.002499   0.192516   0.3103906   -0.021000    0.205000    0.3109000
42181.00   0.001889   0.192683   0.3074284   -0.021000    0.206000    0.3079000
42182.00   0.001303   0.192856   0.3043618   -0.022000    0.206000    0.3050000
42183.00   0.000740   0.193037   0.3012128   -0.022000    0.206000    0.3020000
42184.00   0.000202   0.193225   0.2980181   -0.023000    0.207000    0.2990000
42185.00  -0.000310   0.193423   0.2948268   -0.023000    0.207000    0.2960000
42186.00  -0.000794   0.193631   0.2916945   -0.024000    0.207000    0.2930000
42187.00  -0.001250   0.193850   0.2886731   -0.024000    0.207000    0.2900000
42188.00  -0.001679   0.194079   0.2857950   -0.025000    0.208000    0.2870000
42189.00  -0.002080   0.194321   0.2830565   -0.025000    0.208000    0.2840000
42190.00  -0.002456   0.194577   0.2804098   -0.025000    0.208000    0.2810000
42191.00  -0.002805   0.194845   0.2777733   -0.026000    0.209000    0.2779000
42192.00  -0.003130   0.195128   0.2750574   -0.026000    0.209000    0.2749000
42193.00  -0.003430   0.195427   0.2721975   -0.026000    0.209000    0.2718000
42194.00  -0.003708   0.195744   0.2691772   -0.027000    0.210000    0.2688000
42195.00  -0.003966   0.196082   0.2660328   -0.027000    0.210000    0.2659000
42196.00  -0.004202   0.196445   0.2628389   -0.027000    0.210000    0.2630000
42197.00  -0.004414   0.196839   0.2596849   -0.027000    0.210000    0.2600000
42198.00  -0.004600   0.197266   0.2566525   -0.028000    0.211000    0.2571000
42199.00  -0.004756   0.197730   0.2538000   -0.028000    0.211000    0.2542000
42200.00  -0.004877   0.198235   0.2511548   -0.028000    0.211000    0.2515000
42201.00  -0.004960   0.198781   0.2487125   -0.027000    0.211000    0.2488000
42202.00  -0.005000   0.199370   0.2464406   -0.027000    0.212000    0.2462000
42203.00  -0.004992   0.200001   0.2442871   -0.027000    0.212000    0.2435000
42204.00  -0.004932   0.200676   0.2421917   -0.027000    0.212000    0.2408000
42205.00  -0.004816   0.201393   0.2400963   -0.026000    0.212000    0.2384000
42206.00  -0.004643   0.202153   0.2379537   -0.026000    0.212000    0.2359000
42207.00  -0.004410   0.202956   0.2357321   -0.026000    0.213000    0.2335000
42208.00  -0.004117   0.203801   0.2334170   -0.025000    0.213000    0.2310000
42209.00  -0.003764   0.204685   0.2310113   -0.025000    0.213000    0.2286000
42210.00  -0.003348   0.205605   0.2285338   -0.024000    0.213000    0.2264000
42211.00  -0.002866   0.206557   0.2260158   -0.024000    0.213000    0.2242000
42212.00  -0.002321   0.207536   0.2234977   -0.023000    0.214000    0.2220000
42213.00  -0.001713   0.208538   0.2210256   -0.023000    0.214000    0.2198000
42214.00  -0.001045   0.209555   0.2186454   -0.022000    0.214000    0.2176000
42215.00  -0.000315   0.210579   0.2163925   -0.021000    0.214000    0.2155000
42216.00   0.000476   0.211604   0.2142759   -0.021000    0.214000    0.2135000
42217.00   0.001331   0.212624   0.2122651   -0.020000    0.215000    0.2114000
42218.00   0.002251   0.213636   0.2102885   -0.020000    0.215000    0.2094000
42219.00   0.003234   0.214635   0.2082511   -0.019000    0.215000    0.2073000
42220.00   0.004277   0.215616   0.2060678   -0.018000    0.215000    0.2053000
42221.00   0.005373   0.216573   0.2036984   -0.017000    0.215000    0.2032000
42222.00   0.006518   0.217503   0.2011655   -0.016000    0.215000    0.2012000
42223.00   0.007703   0.218405   0.1985464   -0.015000    0.215000    0.1991000
42224.00   0.008924   0.219276   0.1959452   -0.014000    0.216000    0.1971000
42225.00   0.010171   0.220115   0.1934584   -0.013000    0.216000    0.1951000
42226.00   0.011437   0.220919   0.1911510   -0.012000    0.216000    0.1930000
42227.00   0.012711   0.221686   0.1890489   -0.011000    0.216000    0.1910000
42228.00   0.013984   0.222416   0.1871428   -0.010000    0.216000    0.1889000
42229.00   0.015250   0.223106   0.1853992   -0.009000    0.216000    0.1869000
42230.00   0.016503   0.223758   0.1837679   -0.008000    0.216000    0.1848000
42231.00   0.017736   0.224372   0.1821913   -0.007000    0.216000    0.1827000
42232.00   0.018940   0.224947   0.1806110   -0.006000    0.216000    0.1805000
42233.00   0.020113   0.225484   0.1789761   -0.005000    0.216000    0.1784000
42234.00   0.021252   0.225982   0.1772496   -0.004000    0.216000    0.1763000
42235.00   0.022358   0.226444   0.1754130   -0.002000    0.216000    0.1742000
42236.00   0.023430   0.226867   0.1734666   -0.001000    0.216000    0.1721000
42237.00   0.024465   0.227255   0.1714277    0.000000    0.216000    0.1699000
42238.00   0.025459   0.227607   0.1693264    0.001000    0.216000    0.1678000
42239.00   0.026407   0.227925   0.1672016    0.002000    0.216000    0.1657000
42240.00   0.027305   0.228211   0.1650959    0.003000    0.216000    0.1636000
42241.00   0.028151   0.228464   0.1630508    0.004000    0.216000    0.1616000
42242.00   0.028942   0.228683   0.1610997    0.005000    0.216000    0.1595000
42243.00   0.029674   0.228869   0.1592580    0.006000    0.216000    0.1575000
42244.00   0.030340   0.229023   0.1575102    0.007000    0.217000    0.1554000
42245.00   0.030935   0.229145   0.1558022    0.007000    0.217000    0.1534000
42246.00   0.031459   0.229236   0.1540466    0.008000    0.217000    0.1515000
42247.00   0.031910   0.229297   0.1521472    0.009000    0.217000    0.1495000
42248.00   0.032289   0.229326   0.1500348    0.010000    0.217000    0.1476000
42249.00   0.032598   0.229326   0.1476996    0.011000    0.217000    0.1456000
42250.00   0.032838   0.229296   0.1452006    0.012000    0.217000    0.1437000
42251.00   0.033012   0.229237   0.1426478    0.012000    0.217000    0.1418000
42252.00   0.033124   0.229150   0.1401629    0.013000    0.218000    0.1399000
42253.00   0.033179   0.229032   0.1378411    0.013000    0.218000    0.1380000
42254.00   0.033183   0.228884   0.1357282    0.014000    0.218000    0.1361000
42255.00   0.033140   0.228705   0.1338212    0.015000    0.218000    0.1342000
42256.00   0.033052   0.228495   0.1320826    0.015000    0.218000    0.1323000
42257.00   0.032919   0.228251   0.1304569    0.016000    0.219000    0.1305000
42258.00   0.032742   0.227975   0.1288833    0.016000    0.219000    0.1286000
42259.00   0.032525   0.227666   0.1273020    0.017000    0.219000    0.1267000
42260.00   0.032268   0.227323   0.1256589    0.017000    0.219000    0.1247000
42261.00   0.031975   0.226948   0.1239113    0.017000    0.219000    0.1227000
42262.00   0.031645   0.226540   0.1220332    0.017000    0.220000    0.1206000
42263.00   0.031279   0.226103   0.1200186    0.017000    0.220000    0.1186000
42264.00   0.030879   0.225640   0.1178811    0.017000    0.220000    0.1166000
42265.00   0.030451   0.225155   0.1156503    0.017000    0.220000    0.1143000
42266.00   0.029999   0.224651   0.1133655    0.017000    0.220000    0.1121000
42267.00   0.029528   0.224133   0.1110705    0.017000    0.221000    0.1098000
42268.00   0.029038   0.223605   0.1088073    0.017000    0.221000    0.1076000
42269.00   0.028531   0.223069   0.1066102    0.017000    0.221000    0.1053000
42270.00   0.028009   0.222528   0.1044981    0.017000    0.221000    0.1029000
42271.00   0.027475   0.221983   0.1024651    0.018000    0.220000    0.1005000
42272.00   0.026931   0.221433   0.1004733    0.018000    0.220000    0.0980000
42273.00   0.026380   0.220880   0.0984520    0.019000    0.220000    0.0956000
42274.00   0.025824   0.220324   0.0963103    0.019000    0.220000    0.0932000
42275.00   0.025264   0.219770   0.0939641    0.019000    0.219000    0.0908000
42276.00   0.024699   0.219221   0.0913700    0.020000    0.219000    0.0884000
42277.00   0.024131   0.218679   0.0885501    0.020000    0.219000    0.0860000
42278.00   0.023558   0.218150   0.0855929    0.021000    0.218000    0.0836000
42279.00   0.022981   0.217635   0.0826272    0.021000    0.218000    0.0812000
42280.00   0.022400   0.217136   0.0797792    0.021000    0.218000    0.0789000
42281.00   0.021818   0.216657   0.0771343    0.021000    0.218000    0.0766000
42282.00   0.021237   0.216199   0.0747195    0.020000    0.218000    0.0743000
42283.00   0.020664   0.215762   0.0725103    0.020000    0.218000    0.0720000
42284.00   0.020105   0.215347   0.0704511    0.020000    0.218000    0.0697000
42285.00   0.019567   0.214953   0.0684765    0.020000    0.218000    0.0675000
42286.00   0.019055   0.214582   0.0665239    0.020000    0.218000    0.0653000
42287.00   0.018573   0.214234   0.0645387    0.019000    0.218000    0.0632000
42288.00   0.018120   0.213910   0.0624767    0.019000    0.218000    0.0610000
42289.00   0.017700   0.213614   0.0603081    0.019000    0.218000    0.0588000
42290.00   0.017314   0.213344   0.0580213    0.019000    0.218000    0.0566000
42291.00   0.016963   0.213104   0.0556227    0.019000    0.218000    0.0543000
42292.00   0.016648   0.212894   0.0531363    0.018000    0.218000    0.0521000
42293.00   0.016370   0.212717   0.0505988    0.018000    0.218000    0.0498000
42294.00   0.016129   0.212577   0.0480536    0.018000    0.218000    0.0476000
42295.00   0.015927   0.212477   0.0455436    0.018000    0.218000    0.0452000
42296.00   0.015762   0.212418   0.0431045    0.018000    0.218000    0.0428000
42297.00   0.015632   0.212401   0.0407563    0.018000    0.218000    0.0403000
42298.00   0.015532   0.212427   0.0384965    0.018000    0.218000    0.0379000
42299.00   0.015456   0.212495   0.0362936    0.018000    0.218000    0.0355000
42300.00   0.015400   0.212606   0.0340879    0.018000    0.218000    0.0330000
42301.00   0.015358   0.212761   0.0317988    0.018000    0.218000    0.0304000
42302.00   0.015324   0.212960   0.0293420    0.019000    0.218000    0.0279000
42303.00   0.015293   0.213203   0.0266552    0.019000    0.218000    0.0253000
42304.00   0.015256   0.213488   0.0237243    0.019000    0.218000    0.0228000
42305.00   0.015206   0.213815   0.0205976    0.019000    0.218000    0.0201000
42306.00   0.015133   0.214184   0.0173782    0.019000    0.218000    0.0175000
42307.00   0.015032   0.214591   0.0141941    0.020000    0.219000    0.0148000
42308.00   0.014897   0.215036   0.0111579    0.020000    0.219000    0.0122000
42309.00   0.014725   0.215514   0.0083342    0.020000    0.219000    0.0095000
42310.00   0.014510   0.216019   0.0057286    0.020000    0.219000    0.0068000
42311.00   0.014246   0.216544   0.0032992    0.020000    0.220000    0.0041000
42312.00   0.013932   0.217082   0.0009794    0.019000    0.220000    0.0013000
42313.00   0.013565   0.217628  -0.0013001    0.019000    0.221000   -0.0014000
42314.00   0.013142   0.218176  -0.0036001    0.019000    0.221000   -0.0041000
42315.00   0.012664   0.218720  -0.0059688    0.019000    0.222000   -0.0068000
42316.00   0.012129   0.219255  -0.0084405    0.019000    0.222000   -0.0095000
42317.00   0.011540   0.219774  -0.0110335    0.018000    0.223000   -0.0122000
42318.00   0.010901   0.220274  -0.0137479    0.018000    0.223000   -0.0149000
42319.00   0.010218   0.220751  -0.0165659    0.018000    0.224000   -0.0176000
42320.00   0.009497   0.221202  -0.0194541    0.018000    0.225000   -0.0203000
42321.00   0.008739   0.221628  -0.0223698    0.018000    0.225000   -0.0230000
42322.00   0.007946   0.222027  -0.0252664    0.017000    0.226000   -0.0258000
42323.00   0.007119   0.222401  -0.0281018    0.017000    0.226000   -0.0285000
42324.00   0.006262   0.222753  -0.0308468    0.017000    0.227000   -0.0312000
42325.00   0.005380   0.223082  -0.0334946    0.016000    0.228000   -0.0341000
42326.00   0.004477   0.223392  -0.0360675    0.016000    0.229000   -0.0370000
42327.00   0.003560   0.223685  -0.0386168    0.015000    0.230000   -0.0398000
42328.00   0.002633   0.223963  -0.0412151    0.015000    0.231000   -0.0427000
42329.00   0.001704   0.224230  -0.0439406    0.014000    0.232000   -0.0456000
42330.00   0.000778   0.224491  -0.0468567    0.013000    0.233000   -0.0487000
42331.00  -0.000138   0.224747  -0.0499919    0.012000    0.234000   -0.0518000
42332.00  -0.001038   0.225001  -0.0533268    0.012000    0.236000   -0.0548000
42333.00  -0.001917   0.225253  -0.0567922    0.011000    0.237000   -0.0579000
42334.00  -0.002775   0.225504  -0.0602843    0.010000    0.238000   -0.0610000
42335.00  -0.003611   0.225755  -0.0636919    0.009000    0.239000   -0.0641000
42336.00  -0.004427   0.226006  -0.0669295    0.008000    0.240000   -0.0673000
42337.00  -0.005222   0.226259  -0.0699599    0.007000    0.242000   -0.0704000
42338.00  -0.005998   0.226515  -0.0727978    0.006000    0.243000   -0.0736000
42339.00  -0.006755   0.226777  -0.0754965    0.005000    0.244000   -0.0767000
42340.00  -0.007498   0.227044  -0.0781253    0.004000    0.245000   -0.0798000
42341.00  -0.008231   0.227318  -0.0807508    0.003000    0.246000   -0.0830000
42342.00  -0.008959   0.227600  -0.0834263    0.002000    0.247000   -0.0861000
42343.00  -0.009685   0.227891  -0.0861902    0.001000    0.248000   -0.0893000
42344.00  -0.010412   0.228192  -0.0890648    0.000000    0.249000   -0.0924000
42345.00  -0.011141   0.228506  -0.0920563   -0.001000    0.250000   -0.0955000
42346.00  -0.011873   0.228834  -0.0951537   -0.002000    0.251000   -0.0986000
42347.00  -0.012609   0.229178  -0.0983305   -0.003000    0.252000   -0.1017000
42348.00  -0.013350   0.229538  -0.1015481   -0.004000    0.253000   -0.1048000
42349.00  -0.014093   0.229916  -0.1047621   -0.005000    0.254000   -0.1079000
42350.00  -0.014838   0.230312  -0.1079286   -0.006000    0.255000   -0.1110000
42351.00  -0.015582   0.230727  -0.1110115   -0.007000    0.256000   -0.1140000
42352.00  -0.016326   0.231161  -0.1139930   -0.008000    0.256000   -0.1171000
42353.00  -0.017073   0.231616  -0.1168828   -0.009000    0.257000   -0.1201000
42354.00  -0.017822   0.232090  -0.1197222   -0.010000    0.258000   -0.1232000
42355.00  -0.018574   0.232584  -0.1225786   -0.011000    0.259000   -0.1262000
42356.00  -0.019330   0.233097  -0.1255277   -0.012000    0.259000   -0.1293000
42357.00  -0.020086   0.233628  -0.1286323   -0.012000    0.260000   -0.1323000
42358.00  -0.020843   0.234176  -0.1319226   -0.013000    0.260000   -0.1354000
42359.00  -0.021598   0.234741  -0.1353865   -0.014000    0.261000   -0.1384000
42360.00  -0.022348   0.235320  -0.1389706   -0.015000    0.261000   -0.1415000
42361.00  -0.023091   0.235914  -0.1425916   -0.015000    0.262000   -0.1445000
42362.00  -0.023823   0.236519  -0.1461556   -0.016000    0.262000   -0.1476000
42363.00  -0.024543   0.237136  -0.1495809   -0.016000    0.263000   -0.1506000
42364.00  -0.025251   0.237761  -0.1528176   -0.017000    0.263000   -0.1537000
42365.00  -0.025948   0.238390  -0.1558584   -0.018000    0.263000   -0.1568000
42366.00  -0.026638   0.239023  -0.1587363   -0.018000    0.264000   -0.1599000
42367.00  -0.027322   0.239655  -0.1615100   -0.019000    0.264000   -0.1629000
42368.00  -0.027999   0.240288  -0.1642452   -0.019000    0.265000   -0.1660000
42369.00  -0.028670   0.240920  -0.1669996   -0.020000    0.265000   -0.1691000
42370.00  -0.029332   0.241553  -0.1698154   -0.021000    0.265000   -0.1722000
42371.00  -0.029984   0.242187  -0.1727172   -0.021000    0.266000   -0.1753000
42372.00  -0.030624   0.242822  -0.1757133   -0.022000    0.266000   -0.1783000
42373.00  -0.031252   0.243455  -0.1787966   -0.022000    0.267000   -0.1814000
42374.00  -0.031866   0.244087  -0.1819454   -0.023000    0.267000   -0.1845000
42375.00  -0.032463   0.244716  -0.1851271   -0.024000    0.267000   -0.1876000
42376.00  -0.033043   0.245339  -0.1883019   -0.025000    0.268000   -0.1906000
42377.00  -0.033605   0.245957  -0.1914286   -0.025000    0.268000   -0.1937000
42378.00  -0.034149   0.246568  -0.1944705   -0.026000    0.269000   -0.1967000
42379.00  -0.034674   0.247172  -0.1974034   -0.027000    0.269000   -0.1998000
42380.00  -0.035178   0.247771  -0.2002257   -0.028000    0.269000   -0.2029000
42381.00  -0.035660   0.248366  -0.2029672   -0.029000    0.270000   -0.2059000
42382.00  -0.036119   0.248959  -0.2056880   -0.029000    0.270000   -0.2090000
42383.00  -0.036555   0.249549  -0.2084660   -0.030000    0.271000   -0.2120000
42384.00  -0.036969   0.250136  -0.2113722   -0.031000    0.271000   -0.2151000
42385.00  -0.037360   0.250720  -0.2144449   -0.031000    0.271000   -0.2180000
42386.00  -0.037727   0.251301  -0.2176753   -0.032000    0.272000   -0.2210000
42387.00  -0.038067   0.251878  -0.2210090   -0.032000    0.272000   -0.2239000
42388.00  -0.038382   0.252448  -0.2243632   -0.033000    0.273000   -0.2269000
42389.00  -0.038673   0.253012  -0.2276498   -0.033000    0.273000   -0.2298000
42390.00  -0.038940   0.253568  -0.2307956   -0.033000    0.273000   -0.2326000
42391.00  -0.039184   0.254115  -0.2337566   -0.034000    0.274000   -0.2354000
42392.00  -0.039408   0.254656  -0.2365234   -0.034000    0.274000   -0.2381000
42393.00  -0.039614   0.255193  -0.2391202   -0.035000    0.275000   -0.2409000
42394.00  -0.039809   0.255726  -0.2415963   -0.035000    0.275000   -0.2437000
42395.00  -0.039996   0.256257  -0.2440136   -0.035000    0.275000   -0.2463000
42396.00  -0.040178   0.256789  -0.2464328   -0.035000    0.276000   -0.2490000
42397.00  -0.040360   0.257323  -0.2489018   -0.036000    0.276000   -0.2516000
42398.00  -0.040542   0.257858  -0.2514511   -0.036000    0.277000   -0.2543000
42399.00  -0.040724   0.258394  -0.2540928   -0.036000    0.277000   -0.2569000
42400.00  -0.040910   0.258930  -0.2568225   -0.036000    0.277000   -0.2595000
42401.00  -0.041101   0.259466  -0.2596221   -0.036000    0.278000   -0.2621000
42402.00  -0.041297   0.260000  -0.2624630   -0.037000    0.278000   -0.2648000
42403.00  -0.041498   0.260534  -0.2653103   -0.037000    0.279000   -0.2674000
42404.00  -0.041705   0.261069  -0.2681275   -0.037000    0.279000   -0.2700000
42405.00  -0.041917   0.261606  -0.2708818   -0.037000    0.279000   -0.2726000
42406.00  -0.042136   0.262144  -0.2735492   -0.037000    0.279000   -0.2752000
42407.00  -0.042362   0.262684  -0.2761222   -0.038000    0.280000   -0.2777000
42408.00  -0.042596   0.263227  -0.2786190   -0.038000    0.280000   -0.2803000
42409.00  -0.042837   0.263773  -0.2810892   -0.038000    0.280000   -0.2829000
42410.00  -0.043081   0.264322  -0.2836080   -0.038000    0.280000   -0.2855000
42411.00  -0.043325   0.264876  -0.2862566   -0.038000    0.280000   -0.2882000
42412.00  -0.043569   0.265436  -0.2890927   -0.039000    0.281000   -0.2908000
42413.00  -0.043813   0.266001   0.7078756   -0.039000    0.281000    0.7065000
42414.00  -0.044056   0.266573   0.7046980   -0.039000    0.281000    0.7039000
42415.00  -0.044299   0.267153   0.7014674   -0.039000    0.281000    0.7012000
42416.00  -0.044538   0.267744   0.6982891   -0.039000    0.282000    0.6986000
42417.00  -0.044768   0.268350   0.6952497   -0.040000    0.282000    0.6959000
42418.00  -0.044988   0.268975   0.6923984   -0.040000    0.283000    0.6933000
42419.00  -0.045193   0.269624   0.6897425   -0.040000    0.283000    0.6906000
42420.00  -0.045381   0.270298   0.6872556   -0.040000    0.283000    0.6879000
42421.00  -0.045545   0.271002   0.6848888   -0.040000    0.284000    0.6853000
42422.00  -0.045681   0.271735   0.6825825   -0.039000    0.284000    0.6826000
42423.00  -0.045780   0.272497   0.6802763   -0.039000    0.285000    0.6800000
42424.00  -0.045838   0.273288   0.6779183   -0.039000    0.285000    0.6773000
42425.00  -0.045849   0.274108   0.6754717   -0.039000    0.286000    0.6746000
42426.00  -0.045810   0.274956   0.6729187   -0.038000    0.286000    0.6719000
42427.00  -0.045718   0.275833   0.6702599   -0.038000    0.287000    0.6691000
42428.00  -0.045572   0.276739   0.6675120   -0.037000    0.287000    0.6664000
42429.00  -0.045372   0.277675   0.6647030   -0.037000    0.288000    0.6637000
42430.00  -0.045120   0.278643   0.6618672   -0.036000    0.289000    0.6610000
42431.00  -0.044818   0.279643   0.6590403   -0.036000    0.289000    0.6582000
42432.00  -0.044467   0.280677   0.6562544   -0.035000    0.290000    0.6555000
42433.00  -0.044070   0.281746   0.6535334   -0.035000    0.290000    0.6527000
42434.00  -0.043628   0.282851   0.6508876   -0.034000    0.291000    0.6500000
42435.00  -0.043138   0.283988   0.6483073   -0.033000    0.292000    0.6472000
42436.00  -0.042603   0.285155   0.6457559   -0.032000    0.292000    0.6443000
42437.00  -0.042021   0.286350   0.6431682   -0.032000    0.293000    0.6415000
42438.00  -0.041394   0.287570   0.6404612   -0.031000    0.293000    0.6386000
42439.00  -0.040726   0.288813   0.6375585   -0.030000    0.294000    0.6358000
42440.00  -0.040018   0.290078   0.6344222   -0.029000    0.295000    0.6328000
42441.00  -0.039271   0.291366   0.6310758   -0.028000    0.295000    0.6299000
42442.00  -0.038487   0.292676   0.6276040   -0.026000    0.296000    0.6269000
42443.00  -0.037672   0.294007   0.6241280   -0.025000    0.296000    0.6240000
42444.00  -0.036831   0.295362   0.6207651   -0.024000    0.297000    0.6210000
42445.00  -0.035972   0.296738   0.6175948   -0.023000    0.298000    0.6181000
42446.00  -0.035098   0.298134   0.6146428   -0.022000    0.299000    0.6151000
42447.00  -0.034215   0.299551   0.6118869   -0.022000    0.300000    0.6122000
42448.00  -0.033323   0.300984   0.6092753   -0.021000    0.301000    0.6092000
42449.00  -0.032428   0.302432   0.6067448   -0.020000    0.302000    0.6063000
42450.00  -0.031533   0.303890   0.6042334   -0.019000    0.303000    0.6034000
42451.00  -0.030641   0.305355   0.6016879   -0.018000    0.304000    0.6005000
42452.00  -0.029752   0.306822   0.5990674   -0.018000    0.306000    0.5975000
42453.00  -0.028867   0.308289   0.5963479   -0.017000    0.307000    0.5946000
42454.00  -0.027985   0.309752   0.5935241   -0.016000    0.308000    0.5917000
42455.00  -0.027107   0.311208   0.5906088   -0.015000    0.309000    0.5888000
42456.00  -0.026233   0.312651   0.5876293   -0.014000    0.310000    0.5859000
42457.00  -0.025359   0.314078   0.5846213   -0.014000    0.312000    0.5830000
42458.00  -0.024481   0.315489   0.5816232   -0.013000    0.313000    0.5801000
42459.00  -0.023595   0.316880   0.5786704   -0.012000    0.314000    0.5772000
42460.00  -0.022698   0.318250   0.5757901   -0.011000    0.315000    0.5743000
42461.00  -0.021785   0.319596   0.5729971   -0.011000    0.316000    0.5714000
42462.00  -0.020854   0.320913   0.5702878   -0.010000    0.318000    0.5686000
42463.00  -0.019901   0.322199   0.5676357   -0.010000    0.319000    0.5657000
42464.00  -0.018922   0.323451   0.5649878   -0.009000    0.320000    0.5628000
42465.00  -0.017916   0.324668   0.5622687   -0.008000    0.321000    0.5600000
42466.00  -0.016879   0.325847   0.5593957   -0.008000    0.322000    0.5572000
42467.00  -0.015812   0.326987   0.5563054   -0.007000    0.323000    0.5543000
42468.00  -0.014712   0.328087   0.5529823   -0.007000    0.324000    0.5515000
42469.00  -0.013581   0.329149   0.5494757   -0.006000    0.325000    0.5487000
42470.00  -0.012420   0.330173   0.5458914   -0.006000    0.326000    0.5459000
42471.00  -0.011231   0.331158   0.5423600   -0.005000    0.327000    0.5432000
42472.00  -0.010016   0.332105   0.5389947   -0.005000    0.327000    0.5404000
42473.00  -0.008773   0.333012   0.5358580   -0.004000    0.328000    0.5377000
42474.00  -0.007500   0.333880   0.5329514   -0.004000    0.329000    0.5349000
42475.00  -0.006197   0.334705   0.5302293   -0.004000    0.330000    0.5321000
42476.00  -0.004863   0.335489   0.5276233   -0.003000    0.331000    0.5292000
42477.00  -0.003500   0.336232   0.5250636   -0.003000    0.331000    0.5264000
42478.00  -0.002108   0.336934   0.5224911   -0.002000    0.332000    0.5235000
42479.00  -0.000692   0.337597   0.5198611   -0.002000    0.333000    0.5207000
42480.00   0.000744   0.338223   0.5171438   -0.002000    0.334000    0.5178000
42481.00   0.002194   0.338812   0.5143260   -0.001000    0.334000    0.5149000
42482.00   0.003653   0.339365   0.5114119   -0.001000    0.335000    0.5121000
42483.00   0.005126   0.339885   0.5084225    0.000000    0.335000    0.5092000
42484.00   0.006613   0.340372   0.5053905    0.000000    0.336000    0.5063000
42485.00   0.008116   0.340829   0.5023538    0.001000    0.337000    0.5033000
42486.00   0.009635   0.341255   0.4993497    0.001000    0.337000    0.5003000
42487.00   0.011171   0.341651   0.4964084    0.002000    0.338000    0.4974000
42488.00   0.012726   0.342017   0.4935487    0.002000    0.338000    0.4944000
42489.00   0.014304   0.342352   0.4907725    0.003000    0.339000    0.4914000
42490.00   0.015905   0.342660   0.4880607    0.004000    0.340000    0.4883000
42491.00   0.017531   0.342942   0.4853706    0.005000    0.340000    0.4852000
42492.00   0.019180   0.343198   0.4826378    0.005000    0.341000    0.4821000
42493.00   0.020849   0.343430   0.4797859    0.006000    0.341000    0.4790000
42494.00   0.022537   0.343638   0.4767436    0.007000    0.342000    0.4759000
42495.00   0.024242   0.343820   0.4734686    0.008000    0.342000    0.4727000
42496.00   0.025962   0.343976   0.4699702    0.009000    0.343000    0.4695000
42497.00   0.027694   0.344104   0.4663166    0.010000    0.343000    0.4664000
42498.00   0.029437   0.344201   0.4626221    0.011000    0.344000    0.4632000
42499.00   0.031187   0.344266   0.4590129    0.012000    0.344000    0.4600000
42500.00   0.032941   0.344294   0.4555869    0.013000    0.344000    0.4569000
42501.00   0.034696   0.344283   0.4523866    0.015000    0.344000    0.4538000
42502.00   0.036448   0.344232   0.4493950    0.016000    0.344000    0.4507000
42503.00   0.038197   0.344141   0.4465544    0.018000    0.344000    0.4476000
42504.00   0.039936   0.344009   0.4437925    0.019000    0.344000    0.4445000
42505.00   0.041661   0.343836   0.4410437    0.020000    0.344000    0.4415000
42506.00   0.043367   0.343622   0.4382584    0.021000    0.344000    0.4386000
42507.00   0.045053   0.343367   0.4354043    0.023000    0.345000    0.4356000
42508.00   0.046719   0.343070   0.4324646    0.024000    0.345000    0.4327000
42509.00   0.048364   0.342730   0.4294378    0.025000    0.345000    0.4297000
42510.00   0.049985   0.342348   0.4263381    0.026000    0.345000    0.4268000
42511.00   0.051578   0.341921   0.4231931    0.027000    0.345000    0.4239000
42512.00   0.053137   0.341449   0.4200387    0.029000    0.345000    0.4211000
42513.00   0.054661   0.340931   0.4169125    0.030000    0.345000    0.4182000
42514.00   0.056146   0.340369   0.4138476    0.031000    0.345000    0.4153000
42515.00   0.057593   0.339764   0.4108669    0.032000    0.345000    0.4124000
42516.00   0.058999   0.339119   0.4079785    0.033000    0.345000    0.4095000
42517.00   0.060367   0.338435   0.4051706    0.035000    0.344000    0.4065000
42518.00   0.061701   0.337716   0.4024088    0.036000    0.344000    0.4036000
42519.00   0.063009   0.336966   0.3996382    0.037000    0.344000    0.4007000
42520.00   0.064296   0.336186   0.3967917    0.038000    0.343000    0.3977000
42521.00   0.065567   0.335382   0.3938035    0.039000    0.343000    0.3947000
42522.00   0.066826   0.334554   0.3906270    0.041000    0.342000    0.3917000
42523.00   0.068077   0.333704   0.3872515    0.042000    0.342000    0.3887000
42524.00   0.069321   0.332833   0.3837133    0.043000    0.341000    0.3857000
42525.00   0.070557   0.331940   0.3800930    0.044000    0.340000    0.3826000
42526.00   0.071788   0.331024   0.3764981    0.045000    0.339000    0.3796000
42527.00   0.073014   0.330086   0.3730323    0.046000    0.338000    0.3765000
42528.00   0.074238   0.329124   0.3697646    0.047000    0.337000    0.3735000
42529.00   0.075463   0.328141   0.3667112    0.048000    0.336000    0.3704000
42530.00   0.076690   0.327137   0.3638376    0.049000    0.335000    0.3674000
42531.00   0.077921   0.326113   0.3610792    0.050000    0.334000    0.3643000
42532.00   0.079157   0.325068   0.3583660    0.051000    0.332000    0.3613000
42533.00   0.080398   0.324001   0.3556415    0.052000    0.331000    0.3582000
42534.00   0.081641   0.322911   0.3528694    0.053000    0.330000    0.3552000
42535.00   0.082882   0.321798   0.3500319    0.054000    0.329000    0.3522000
42536.00   0.084121   0.320663   0.3471267    0.055000    0.327000    0.3492000
42537.00   0.085356   0.319504   0.3441649    0.055000    0.326000    0.3462000
42538.00   0.086586   0.318325   0.3411700    0.056000    0.324000    0.3432000
42539.00   0.087811   0.317127   0.3381746    0.057000    0.323000    0.3402000
42540.00   0.089031   0.315913   0.3352143    0.058000    0.322000    0.3373000
42541.00   0.090241   0.314689   0.3323221    0.059000    0.321000    0.3344000
42542.00   0.091439   0.313459   0.3295229    0.059000    0.319000    0.3314000
42543.00   0.092621   0.312226   0.3268285    0.060000    0.318000    0.3285000
42544.00   0.093786   0.310993   0.3242325    0.061000    0.317000    0.3256000
42545.00   0.094932   0.309761   0.3217068    0.062000    0.316000    0.3228000
42546.00   0.096058   0.308531   0.3192016    0.063000    0.314000    0.3200000
42547.00   0.097163   0.307303   0.3166529    0.064000    0.313000    0.3172000
42548.00   0.098247   0.306076   0.3139979    0.065000    0.311000    0.3144000
42549.00   0.099311   0.304848   0.3111915    0.066000    0.310000    0.3116000
42550.00   0.100359   0.303619   0.3082210    0.067000    0.309000    0.3089000
42551.00   0.101397   0.302388   0.3051124    0.068000    0.308000    0.3061000
42552.00   0.102426   0.301158   0.3019278    0.069000    0.306000    0.3034000
42553.00   0.103450   0.299929   0.2987524    0.070000    0.305000    0.3006000
42554.00   0.104473   0.298699   0.2956753    0.071000    0.304000    0.2979000
42555.00   0.105500   0.297467   0.2927661    0.072000    0.303000    0.2952000
42556.00   0.106539   0.296233   0.2900570    0.073000    0.302000    0.2926000
42557.00   0.107595   0.294997   0.2875349    0.074000    0.300000    0.2899000
42558.00   0.108671   0.293758   0.2851496    0.075000    0.299000    0.2873000
42559.00   0.109773   0.292518   0.2828336    0.076000    0.298000    0.2846000
42560.00   0.110906   0.291275   0.2805229    0.077000    0.297000    0.2820000
42561.00   0.112075   0.290031   0.2781713    0.079000    0.295000    0.2795000
42562.00   0.113283   0.288785   0.2757543    0.080000    0.294000    0.2769000
42563.00   0.114533   0.287537   0.2732663    0.082000    0.292000    0.2744000
42564.00   0.115825   0.286288   0.2707160    0.083000    0.291000    0.2718000
42565.00   0.117160   0.285035   0.2681232    0.084000    0.290000    0.2693000
42566.00   0.118536   0.283780   0.2655170    0.086000    0.289000    0.2668000
42567.00   0.119950   0.282521   0.2629321    0.087000    0.287000    0.2643000
42568.00   0.121398   0.281258   0.2604028    0.089000    0.286000    0.2618000
42569.00   0.122879   0.279990   0.2579562    0.090000    0.285000    0.2593000
42570.00   0.124388   0.278717   0.2556079    0.092000    0.284000    0.2568000
42571.00   0.125921   0.277438   0.2533572    0.093000    0.282000    0.2544000
42572.00   0.127474   0.276154   0.2511834    0.095000    0.281000    0.2519000
42573.00   0.129037   0.274864   0.2490428    0.096000    0.279000    0.2495000
42574.00   0.130603   0.273567   0.2468736    0.098000    0.278000    0.2470000
42575.00   0.132165   0.272260   0.2446096    0.100000    0.277000    0.2446000
42576.00   0.133713   0.270945   0.2422005    0.101000    0.275000    0.2422000
42577.00   0.135237   0.269625   0.2396310    0.103000    0.274000    0.2398000
42578.00   0.136725   0.268302   0.2369286    0.104000    0.272000    0.2374000
42579.00   0.138167   0.266980   0.2341584    0.106000    0.271000    0.2350000
42580.00   0.139554   0.265660   0.2314051    0.108000    0.270000    0.2326000
42581.00   0.140882   0.264345   0.2287524    0.109000    0.268000    0.2303000
42582.00   0.142146   0.263038   0.2262630    0.111000    0.267000    0.2279000
42583.00   0.143336   0.261738   0.2239675    0.112000    0.265000    0.2256000
42584.00   0.144446   0.260444   0.2218601    0.114000    0.264000    0.2232000
42585.00   0.145469   0.259152   0.2199022    0.115000    0.263000    0.2209000
42586.00   0.146405   0.257856   0.2180341    0.117000    0.261000    0.2187000
42587.00   0.147255   0.256553   0.2161921    0.118000    0.260000    0.2164000
42588.00   0.148021   0.255237   0.2143237    0.120000    0.258000    0.2142000
42589.00   0.148702   0.253903   0.2123966    0.121000    0.257000    0.2119000
42590.00   0.149300   0.252549   0.2104005    0.122000    0.255000    0.2098000
42591.00   0.149817   0.251173   0.2083430    0.123000    0.254000    0.2077000
42592.00   0.150256   0.249773   0.2062449    0.125000    0.252000    0.2055000
42593.00   0.150620   0.248350   0.2041341    0.126000    0.251000    0.2034000
42594.00   0.150907   0.246906   0.2020430    0.127000    0.249000    0.2013000
42595.00   0.151121   0.245438   0.2000033    0.128000    0.247000    0.1993000
42596.00   0.151264   0.243945   0.1980417    0.129000    0.246000    0.1973000
42597.00   0.151341   0.242428   0.1961746    0.129000    0.244000    0.1953000
42598.00   0.151357   0.240886   0.1944039    0.130000    0.243000    0.1933000
42599.00   0.151316   0.239321   0.1927134    0.131000    0.241000    0.1913000
42600.00   0.151218   0.237734   0.1910650    0.131000    0.239000    0.1893000
42601.00   0.151067   0.236130   0.1893995    0.132000    0.238000    0.1874000
42602.00   0.150864   0.234510   0.1876449    0.132000    0.236000    0.1854000
42603.00   0.150608   0.232880   0.1857359    0.133000    0.235000    0.1835000
42604.00   0.150303   0.231240   0.1836383    0.133000    0.233000    0.1815000
42605.00   0.149951   0.229592   0.1813664    0.133000    0.231000    0.1796000
42606.00   0.149556   0.227935   0.1789845    0.133000    0.230000    0.1777000
42607.00   0.149123   0.226270   0.1765882    0.134000    0.228000    0.1758000
42608.00   0.148659   0.224596   0.1742749    0.134000    0.227000    0.1739000
42609.00   0.148167   0.222915   0.1721174    0.134000    0.225000    0.1720000
42610.00   0.147651   0.221225   0.1701488    0.134000    0.223000    0.1702000
42611.00   0.147119   0.219529   0.1683616    0.134000    0.221000    0.1683000
42612.00   0.146579   0.217826   0.1667168    0.135000    0.220000    0.1665000
42613.00   0.146036   0.216118   0.1651568    0.135000    0.218000    0.1646000
42614.00   0.145495   0.214404   0.1636182    0.135000    0.216000    0.1628000
42615.00   0.144958   0.212684   0.1620442    0.135000    0.214000    0.1610000
42616.00   0.144430   0.210958   0.1603935    0.135000    0.213000    0.1592000
42617.00   0.143917   0.209226   0.1586456    0.135000    0.211000    0.1573000
42618.00   0.143422   0.207487   0.1568008    0.135000    0.210000    0.1555000
42619.00   0.142948   0.205744   0.1548759    0.135000    0.208000    0.1537000
42620.00   0.142495   0.203995   0.1528981    0.135000    0.206000    0.1518000
42621.00   0.142061   0.202241   0.1508998    0.135000    0.204000    0.1499000
42622.00   0.141647   0.200481   0.1489135    0.136000    0.203000    0.1480000
42623.00   0.141250   0.198715   0.1469678    0.136000    0.201000    0.1461000
42624.00   0.140866   0.196941   0.1450827    0.136000    0.199000    0.1442000
42625.00   0.140495   0.195159   0.1432652    0.136000    0.197000    0.1422000
42626.00   0.140131   0.193370   0.1415062    0.136000    0.195000    0.1402000
42627.00   0.139771   0.191574   0.1397771    0.136000    0.194000    0.1383000
42628.00   0.139409   0.189773   0.1380281    0.136000    0.192000    0.1363000
42629.00   0.139043   0.187967   0.1361916    0.136000    0.190000    0.1343000
42630.00   0.138669   0.186160   0.1341949    0.136000    0.188000    0.1322000
42631.00   0.138283   0.184355   0.1319829    0.136000    0.186000    0.1301000
42632.00   0.137886   0.182552   0.1295436    0.137000    0.185000    0.1279000
42633.00   0.137474   0.180753   0.1269223    0.137000    0.183000    0.1258000
42634.00   0.137044   0.178960   0.1242150    0.137000    0.181000    0.1237000
42635.00   0.136594   0.177173   0.1215397    0.137000    0.179000    0.1215000
42636.00   0.136127   0.175389   0.1189993    0.137000    0.178000    0.1193000
42637.00   0.135643   0.173609   0.1166529    0.137000    0.176000    0.1172000
42638.00   0.135138   0.171833   0.1145063    0.137000    0.175000    0.1150000
42639.00   0.134611   0.170059   0.1125222    0.137000    0.173000    0.1128000
42640.00   0.134057   0.168287   0.1106400    0.137000    0.172000    0.1106000
42641.00   0.133477   0.166517   0.1087940    0.137000    0.170000    0.1084000
42642.00   0.132872   0.164748   0.1069262    0.136000    0.169000    0.1063000
42643.00   0.132241   0.162980   0.1049929    0.136000    0.167000    0.1041000
42644.00   0.131582   0.161210   0.1029686    0.136000    0.166000    0.1019000
42645.00   0.130895   0.159439   0.1008470    0.136000    0.165000    0.0998000
42646.00   0.130180   0.157663   0.0986407    0.136000    0.163000    0.0976000
42647.00   0.129438   0.155884   0.0963759    0.135000    0.162000    0.0955000
42648.00   0.128669   0.154099   0.0940867    0.135000    0.160000    0.0933000
42649.00   0.127872   0.152307   0.0918087    0.135000    0.159000    0.0912000
42650.00   0.127042   0.150509   0.0895730    0.134000    0.158000    0.0890000
42651.00   0.126175   0.148704   0.0874023    0.134000    0.156000    0.0869000
42652.00   0.125270   0.146895   0.0853067    0.133000    0.155000    0.0847000
42653.00   0.124326   0.145082   0.0832809    0.133000    0.153000    0.0826000
42654.00   0.123343   0.143270   0.0813027    0.132000    0.152000    0.0804000
42655.00   0.122316   0.141461   0.0793306    0.131000    0.151000    0.0781000
42656.00   0.121242   0.139659   0.0773052    0.130000    0.149000    0.0758000
42657.00   0.120119   0.137868   0.0751549    0.128000    0.148000    0.0735000
42658.00   0.118946   0.136090   0.0728116    0.127000    0.146000    0.0712000
42659.00   0.117724   0.134331   0.0702342    0.126000    0.145000    0.0689000
42660.00   0.116450   0.132594   0.0674318    0.125000    0.144000    0.0665000
42661.00   0.115122   0.130881   0.0644718    0.123000    0.143000    0.0641000
42662.00   0.113735   0.129198   0.0614672    0.122000    0.141000    0.0618000
42663.00   0.112285   0.127549   0.0585415    0.120000    0.140000    0.0594000
42664.00   0.110770   0.125938   0.0557892    0.119000    0.139000    0.0570000
42665.00   0.109188   0.124368   0.0532491    0.117000    0.138000    0.0546000
42666.00   0.107540   0.122843   0.0509018    0.116000    0.137000    0.0521000
42667.00   0.105831   0.121362   0.0486878    0.114000    0.135000    0.0497000
42668.00   0.104064   0.119928   0.0465338    0.113000    0.134000    0.0472000
42669.00   0.102244   0.118541   0.0443734    0.111000    0.133000    0.0448000
42670.00   0.100377   0.117203   0.0421573    0.109000    0.132000    0.0423000
42671.00   0.098468   0.115914   0.0398549    0.107000    0.131000    0.0398000
42672.00   0.096524   0.114671   0.0374535    0.106000    0.130000    0.0374000
42673.00   0.094556   0.113472   0.0349574    0.104000    0.129000    0.0349000
42674.00   0.092568   0.112315   0.0323854    0.102000    0.128000    0.0324000
42675.00   0.090562   0.111197   0.0297676    0.100000    0.127000    0.0298000
42676.00   0.088541   0.110116   0.0271382    0.098000    0.126000    0.0272000
42677.00   0.086507   0.109068   0.0245291    0.097000    0.124000    0.0247000
42678.00   0.084463   0.108051   0.0219647    0.095000    0.123000    0.0221000
42679.00   0.082411   0.107063   0.0194578    0.093000    0.122000    0.0195000
42680.00   0.080351   0.106103   0.0170073    0.091000    0.121000    0.0168000
42681.00   0.078281   0.105169   0.0145964    0.089000    0.120000    0.0141000
42682.00   0.076200   0.104262   0.0121912    0.087000    0.119000    0.0114000
42683.00   0.074109   0.103379   0.0097417    0.085000    0.118000    0.0087000
42684.00   0.072008   0.102523   0.0071859    0.083000    0.117000    0.0060000
42685.00   0.069891   0.101693   0.0044591    0.081000    0.116000    0.0032000
42686.00   0.067753   0.100891   0.0015094    0.079000    0.115000    0.0004000
42687.00   0.065591   0.100115  -0.0016819    0.077000    0.114000   -0.0023000
42688.00   0.063400   0.099364  -0.0050831    0.075000    0.113000   -0.0051000
42689.00   0.061177   0.098637  -0.0086107    0.073000    0.112000   -0.0079000
42690.00   0.058918   0.097935  -0.0121475    0.071000    0.111000   -0.0108000
42691.00   0.056619   0.097260  -0.0155777    0.069000    0.110000   -0.0137000
42692.00   0.054278   0.096614  -0.0188238    0.066000    0.110000   -0.0167000
42693.00   0.051893   0.095998  -0.0218672    0.064000    0.109000   -0.0196000
42694.00   0.049466   0.095416  -0.0247445    0.062000    0.108000   -0.0225000
42695.00   0.046997   0.094868  -0.0275243    0.060000    0.107000   -0.0255000
42696.00   0.044489   0.094358  -0.0302791    0.057000    0.107000   -0.0285000
42697.00   0.041945   0.093886  -0.0330653    0.055000    0.106000   -0.0315000
42698.00   0.039363   0.093452  -0.0359169    0.052000    0.106000   -0.0345000
42699.00   0.036746   0.093054  -0.0388482    0.050000    0.105000   -0.0375000
42700.00   0.034093   0.092693  -0.0418584    0.047000    0.105000   -0.0406000
42701.00   0.031402   0.092367  -0.0449336    0.045000    0.104000   -0.0437000
42702.00   0.028671   0.092077  -0.0480485    0.042000    0.104000   -0.0469000
42703.00   0.025899   0.091825  -0.0511704    0.040000    0.103000   -0.0500000
42704.00   0.023088   0.091609  -0.0542659    0.037000    0.103000   -0.0531000
42705.00   0.020236   0.091433  -0.0573070    0.034000    0.103000   -0.0563000
42706.00   0.017343   0.091295  -0.0602766    0.032000    0.103000   -0.0594000
42707.00   0.014408   0.091196  -0.0631707    0.029000    0.102000   -0.0626000
42708.00   0.011430   0.091136  -0.0660001    0.027000    0.102000   -0.0657000
42709.00   0.008415   0.091113  -0.0687916    0.024000    0.102000   -0.0689000
42710.00   0.005366   0.091128  -0.0715879    0.021000    0.102000   -0.0721000
42711.00   0.002284   0.091180  -0.0744434    0.018000    0.102000   -0.0753000
42712.00  -0.000828   0.091271  -0.0774171    0.016000    0.102000   -0.0785000
42713.00  -0.003970   0.091400  -0.0805602    0.013000    0.102000   -0.0817000
42714.00  -0.007140   0.091566  -0.0839023    0.010000    0.102000   -0.0849000
42715.00  -0.010330   0.091769  -0.0874367    0.007000    0.102000   -0.0881000
42716.00  -0.013536   0.092013  -0.0911128    0.004000    0.102000   -0.0913000
42717.00  -0.016752   0.092297  -0.0948426    0.001000    0.103000   -0.0945000
42718.00  -0.019973   0.092625  -0.0985208   -0.002000    0.103000   -0.0977000
42719.00  -0.023191   0.092996  -0.1020561   -0.005000    0.103000   -0.1009000
42720.00  -0.026399   0.093412  -0.1053988   -0.008000    0.104000   -0.1041000
42721.00  -0.029590   0.093876  -0.1085538   -0.011000    0.105000   -0.1073000
42722.00  -0.032760   0.094391  -0.1115712   -0.013000    0.105000   -0.1106000
42723.00  -0.035902   0.094961  -0.1145216   -0.016000    0.106000   -0.1138000
42724.00  -0.039010   0.095587  -0.1174698   -0.019000    0.107000   -0.1170000
42725.00  -0.042077   0.096271  -0.1204590   -0.022000    0.108000   -0.1202000
42726.00  -0.045090   0.097017  -0.1235075   -0.025000    0.110000   -0.1234000
42727.00  -0.048044   0.097829  -0.1266150   -0.027000    0.111000   -0.1266000
42728.00  -0.050932   0.098710  -0.1297683   -0.030000    0.113000   -0.1298000
42729.00  -0.053751   0.099660  -0.1329450   -0.033000    0.114000   -0.1330000
42730.00  -0.056499   0.100680  -0.1361156   -0.036000    0.116000   -0.1362000
42731.00  -0.059173   0.101771  -0.1392475   -0.039000    0.117000   -0.1393000
42732.00  -0.061773   0.102933  -0.1423112   -0.041000    0.119000   -0.1425000
42733.00  -0.064300   0.104164  -0.1452861   -0.044000    0.120000   -0.1456000
42734.00  -0.066758   0.105465  -0.1481645   -0.047000    0.122000   -0.1488000
42735.00  -0.069154   0.106830  -0.1509530   -0.050000    0.124000   -0.1519000
42736.00  -0.071496   0.108256  -0.1536738   -0.053000    0.126000   -0.1550000
42737.00  -0.073792   0.109737  -0.1563645   -0.055000    0.127000   -0.1582000
42738.00  -0.076051   0.111268  -0.1590747   -0.058000    0.129000   -0.1613000
42739.00  -0.078276   0.112848  -0.1618592   -0.061000    0.131000   -0.1644000
42740.00  -0.080474   0.114472  -0.1647655   -0.064000    0.133000   -0.1674000
42741.00  -0.082652   0.116140  -0.1678220   -0.066000    0.135000   -0.1705000
42742.00  -0.084820   0.117848  -0.1710272   -0.069000    0.136000   -0.1735000
42743.00  -0.086983   0.119596  -0.1743461   -0.071000    0.138000   -0.1766000
42744.00  -0.089145   0.121384  -0.1777136   -0.074000    0.140000   -0.1796000
42745.00  -0.091308   0.123210  -0.1810477   -0.077000    0.142000   -0.1826000
42746.00  -0.093472   0.125073  -0.1842687   -0.079000    0.144000   -0.1855000
42747.00  -0.095638   0.126970  -0.1873216   -0.082000    0.145000   -0.1885000
42748.00  -0.097804   0.128899  -0.1901925   -0.084000    0.147000   -0.1914000
42749.00  -0.099969   0.130854  -0.1929110   -0.087000    0.149000   -0.1944000
42750.00  -0.102128   0.132833  -0.1955375   -0.089000    0.151000   -0.1972000
42751.00  -0.104281   0.134833  -0.1981401   -0.091000    0.152000   -0.2000000
42752.00  -0.106423   0.136852  -0.2007731   -0.093000    0.154000   -0.2029000
42753.00  -0.108550   0.138887  -0.2034657   -0.095000    0.155000   -0.2057000
42754.00  -0.110656   0.140936  -0.2062227   -0.097000    0.157000   -0.2085000
42755.00  -0.112735   0.142996  -0.2090323   -0.099000    0.159000   -0.2113000
42756.00  -0.114783   0.145066  -0.2118730   -0.100000    0.160000   -0.2141000
42757.00  -0.116794   0.147142  -0.2147182   -0.102000    0.162000   -0.2168000
42758.00  -0.118762   0.149221  -0.2175390   -0.103000    0.163000   -0.2196000
42759.00  -0.120682   0.151303  -0.2203080   -0.105000    0.165000   -0.2224000
42760.00  -0.122549   0.153388  -0.2230042   -0.107000    0.167000   -0.2252000
42761.00  -0.124360   0.155474  -0.2256178   -0.108000    0.169000   -0.2279000
42762.00  -0.126111   0.157562  -0.2281532   -0.110000    0.170000   -0.2307000
42763.00  -0.127800   0.159653  -0.2306297   -0.111000    0.172000   -0.2334000
42764.00  -0.129423   0.161749  -0.2330821   -0.113000    0.174000   -0.2362000
42765.00  -0.130977   0.163852  -0.2355587   -0.114000    0.176000   -0.2389000
42766.00  -0.132461   0.165965  -0.2381153   -0.116000    0.178000   -0.2416000
42767.00  -0.133879   0.168089  -0.2408033   -0.117000    0.180000   -0.2444000
42768.00  -0.135231   0.170225  -0.2436542   -0.119000    0.182000   -0.2471000
42769.00  -0.136520   0.172373  -0.2466668   -0.120000    0.184000   -0.2498000
42770.00  -0.137749   0.174535  -0.2498037   -0.121000    0.186000   -0.2525000
42771.00  -0.138922   0.176708  -0.2529990   -0.122000    0.188000   -0.2551000
42772.00  -0.140046   0.178891  -0.2561747   -0.123000    0.191000   -0.2578000
42773.00  -0.141125   0.181081  -0.2592587   -0.124000    0.193000   -0.2604000
42774.00  -0.142162   0.183277  -0.2622010   -0.125000    0.195000   -0.2631000
42775.00  -0.143157   0.185479  -0.2649847   -0.126000    0.197000   -0.2657000
42776.00  -0.144114   0.187689  -0.2676290   -0.127000    0.199000   -0.2683000
42777.00  -0.145035   0.189909  -0.2701822   -0.128000    0.202000   -0.2710000
42778.00  -0.145922   0.192143   0.7272928   -0.129000    0.204000    0.7264000
42779.00  -0.146779   0.194393   0.7247370   -0.130000    0.206000    0.7238000
42780.00  -0.147599   0.196662   0.7221112   -0.131000    0.208000    0.7211000
42781.00  -0.148380   0.198951   0.7194019   -0.131000    0.210000    0.7185000
42782.00  -0.149117   0.201257   0.7166183   -0.132000    0.213000    0.7158000
42783.00  -0.149810   0.203580   0.7137839   -0.132000    0.215000    0.7132000
42784.00  -0.150451   0.205917   0.7109287   -0.133000    0.217000    0.7105000
42785.00  -0.151041   0.208267   0.7080839   -0.133000    0.219000    0.7078000
42786.00  -0.151577   0.210631   0.7052786   -0.134000    0.221000    0.7051000
42787.00  -0.152057   0.213008   0.7025362   -0.134000    0.224000    0.7024000
42788.00  -0.152481   0.215400   0.6998696   -0.135000    0.226000    0.6997000
42789.00  -0.152852   0.217808   0.6972785   -0.135000    0.228000    0.6970000
42790.00  -0.153173   0.220234   0.6947468   -0.135000    0.230000    0.6942000
42791.00  -0.153446   0.222679   0.6922431   -0.135000    0.232000    0.6915000
42792.00  -0.153675   0.225144   0.6897202   -0.136000    0.235000    0.6887000
42793.00  -0.153862   0.227632   0.6871198   -0.136000    0.237000    0.6860000
42794.00  -0.154011   0.230140   0.6843817   -0.136000    0.239000    0.6832000
42795.00  -0.154124   0.232668   0.6814605   -0.136000    0.241000    0.6803000
42796.00  -0.154204   0.235217   0.6783439   -0.136000    0.243000    0.6775000
42797.00  -0.154253   0.237786   0.6750641   -0.137000    0.246000    0.6746000
42798.00  -0.154273   0.240376   0.6716935   -0.137000    0.248000    0.6718000
42799.00  -0.154264   0.242988   0.6683242   -0.137000    0.250000    0.6689000
42800.00  -0.154226   0.245617   0.6650428   -0.137000    0.252000    0.6660000
42801.00  -0.154162   0.248261   0.6619076   -0.137000    0.255000    0.6630000
42802.00  -0.154076   0.250916   0.6589383   -0.138000    0.257000    0.6601000
42803.00  -0.153970   0.253580   0.6561175   -0.138000    0.260000    0.6571000
42804.00  -0.153848   0.256250   0.6533998   -0.138000    0.262000    0.6542000
42805.00  -0.153715   0.258922   0.6507259   -0.138000    0.264000    0.6512000
42806.00  -0.153574   0.261594   0.6480368   -0.138000    0.267000    0.6482000
42807.00  -0.153428   0.264265   0.6452861   -0.138000    0.269000    0.6453000
42808.00  -0.153279   0.266934   0.6424496   -0.138000    0.272000    0.6423000
42809.00  -0.153131   0.269604   0.6395274   -0.138000    0.274000    0.6393000
42810.00  -0.152986   0.272274   0.6365390   -0.138000    0.277000    0.6363000
42811.00  -0.152842   0.274945   0.6335159   -0.138000    0.279000    0.6333000
42812.00  -0.152695   0.277617   0.6304930   -0.138000    0.282000    0.6302000
42813.00  -0.152540   0.280290   0.6275034   -0.138000    0.284000    0.6272000
42814.00  -0.152375   0.282961   0.6245740   -0.138000    0.287000    0.6242000
42815.00  -0.152197   0.285628   0.6217225   -0.138000    0.290000    0.6213000
42816.00  -0.152000   0.288288   0.6189541   -0.138000    0.292000    0.6184000
42817.00  -0.151781   0.290936   0.6162592   -0.137000    0.295000    0.6155000
42818.00  -0.151533   0.293573   0.6136127   -0.137000    0.297000    0.6126000
42819.00  -0.151251   0.296199   0.6109741   -0.137000    0.300000    0.6097000
42820.00  -0.150933   0.298814   0.6082897   -0.137000    0.302000    0.6069000
42821.00  -0.150575   0.301418   0.6054976   -0.136000    0.305000    0.6040000
42822.00  -0.150174   0.304014   0.6025395   -0.136000    0.307000    0.6012000
42823.00  -0.149726   0.306599   0.5993805   -0.135000    0.310000    0.5983000
42824.00  -0.149229   0.309176   0.5960279   -0.135000    0.312000    0.5955000
42825.00  -0.148684   0.311742   0.5925383   -0.134000    0.314000    0.5927000
42826.00  -0.148094   0.314296   0.5890064   -0.134000    0.317000    0.5899000
42827.00  -0.147460   0.316836   0.5855373   -0.133000    0.319000    0.5871000
42828.00  -0.146784   0.319360   0.5822144   -0.133000    0.322000    0.5843000
42829.00  -0.146073   0.321867   0.5790765   -0.132000    0.324000    0.5815000
42830.00  -0.145331   0.324357   0.5761146   -0.131000    0.326000    0.5787000
42831.00  -0.144566   0.326827   0.5732827   -0.131000    0.328000    0.5759000
42832.00  -0.143778   0.329279   0.5705177   -0.130000    0.331000    0.5731000
42833.00  -0.142971   0.331710   0.5677568   -0.130000    0.333000    0.5703000
42834.00  -0.142145   0.334119   0.5649494   -0.129000    0.335000    0.5675000
42835.00  -0.141302   0.336505   0.5620635   -0.128000    0.337000    0.5646000
42836.00  -0.140442   0.338863   0.5590883   -0.128000    0.339000    0.5617000
42837.00  -0.139563   0.341194   0.5560332   -0.127000    0.341000    0.5589000
42838.00  -0.138660   0.343496   0.5529235   -0.127000    0.343000    0.5560000
42839.00  -0.137733   0.345769   0.5497932   -0.126000    0.345000    0.5531000
42840.00  -0.136781   0.348013   0.5466772   -0.125000    0.347000    0.5501000
42841.00  -0.135807   0.350227   0.5436056   -0.124000    0.349000    0.5471000
42842.00  -0.134811   0.352411   0.5405995   -0.124000    0.350000    0.5441000
42843.00  -0.133796   0.354565   0.5376686   -0.123000    0.352000    0.5411000
42844.00  -0.132760   0.356692   0.5348089   -0.122000    0.354000    0.5381000
42845.00  -0.131707   0.358793   0.5320016   -0.121000    0.356000    0.5350000
42846.00  -0.130636   0.360869   0.5292134   -0.120000    0.358000    0.5319000
42847.00  -0.129551   0.362923   0.5263966   -0.120000    0.359000    0.5288000
42848.00  -0.128452   0.364956   0.5234931   -0.119000    0.361000    0.5257000
42849.00  -0.127341   0.366971   0.5204408   -0.118000    0.363000    0.5226000
42850.00  -0.126221   0.368970   0.5171889   -0.117000    0.365000    0.5194000
42851.00  -0.125094   0.370954   0.5137165   -0.116000    0.367000    0.5163000
42852.00  -0.123959   0.372922   0.5100498   -0.116000    0.368000    0.5131000
42853.00  -0.122815   0.374874   0.5062651   -0.115000    0.370000    0.5100000
42854.00  -0.121658   0.376808   0.5024721   -0.114000    0.372000    0.5068000
42855.00  -0.120484   0.378726   0.4987803   -0.113000    0.374000    0.5036000
42856.00  -0.119284   0.380628   0.4952644   -0.112000    0.376000    0.5003000
42857.00  -0.118052   0.382514   0.4919446   -0.112000    0.377000    0.4971000
42858.00  -0.116778   0.384388   0.4887897   -0.111000    0.379000    0.4938000
42859.00  -0.115450   0.386253   0.4857373   -0.110000    0.381000    0.4906000
42860.00  -0.114059   0.388112   0.4827192   -0.109000    0.383000    0.4873000
42861.00  -0.112595   0.389968   0.4796800   -0.108000    0.385000    0.4839000
42862.00  -0.111052   0.391823   0.4765838   -0.107000    0.386000    0.4806000
42863.00  -0.109424   0.393681   0.4734152   -0.106000    0.388000    0.4772000
42864.00  -0.107709   0.395542   0.4701765   -0.105000    0.390000    0.4739000
42865.00  -0.105906   0.397406   0.4668847   -0.104000    0.392000    0.4705000
42866.00  -0.104018   0.399271   0.4635681   -0.103000    0.394000    0.4671000
42867.00  -0.102047   0.401134   0.4602603   -0.102000    0.395000    0.4638000
42868.00  -0.099995   0.402994   0.4569929   -0.101000    0.397000    0.4604000
42869.00  -0.097866   0.404852   0.4537904   -0.100000    0.399000    0.4570000
42870.00  -0.095669   0.406706   0.4506658   -0.099000    0.401000    0.4536000
42871.00  -0.093413   0.408553   0.4476198   -0.097000    0.403000    0.4502000
42872.00  -0.091109   0.410392   0.4446395   -0.096000    0.405000    0.4467000
42873.00  -0.088767   0.412218   0.4416984   -0.094000    0.407000    0.4433000
42874.00  -0.086392   0.414029   0.4387576   -0.093000    0.409000    0.4399000
42875.00  -0.083990   0.415821   0.4357669   -0.091000    0.411000    0.4366000
42876.00  -0.081562   0.417591   0.4326701   -0.090000    0.413000    0.4332000
42877.00  -0.079110   0.419335   0.4294138   -0.088000    0.415000    0.4299000
42878.00  -0.076635   0.421048   0.4259609   -0.087000    0.417000    0.4265000
42879.00  -0.074138   0.422728   0.4223079   -0.085000    0.419000    0.4232000
42880.00  -0.071621   0.424368   0.4184967   -0.083000    0.421000    0.4199000
42881.00  -0.069088   0.425965   0.4146124   -0.081000    0.423000    0.4166000
42882.00  -0.066544   0.427516   0.4107633   -0.080000    0.424000    0.4132000
42883.00  -0.063992   0.429019   0.4070470   -0.078000    0.426000    0.4099000
42884.00  -0.061439   0.430471   0.4035190   -0.076000    0.428000    0.4066000
42885.00  -0.058886   0.431870   0.4001787   -0.074000    0.430000    0.4033000
42886.00  -0.056337   0.433213   0.3969785   -0.072000    0.431000    0.4000000
42887.00  -0.053792   0.434496   0.3938495   -0.071000    0.433000    0.3968000
42888.00  -0.051253   0.435720   0.3907280   -0.069000    0.434000    0.3935000
42889.00  -0.048720   0.436883   0.3875718   -0.067000    0.436000    0.3902000
42890.00  -0.046197   0.437983   0.3843629   -0.065000    0.437000    0.3870000
42891.00  -0.043688   0.439018   0.3811017   -0.063000    0.439000    0.3837000
42892.00  -0.041199   0.439986   0.3778019   -0.061000    0.440000    0.3805000
42893.00  -0.038736   0.440883   0.3744861   -0.059000    0.442000    0.3772000
42894.00  -0.036303   0.441706   0.3711830   -0.057000    0.443000    0.3740000
42895.00  -0.033903   0.442451   0.3679226   -0.055000    0.444000    0.3707000
42896.00  -0.031534   0.443115   0.3647305   -0.053000    0.445000    0.3675000
42897.00  -0.029191   0.443696   0.3616222   -0.050000    0.446000    0.3642000
42898.00  -0.026867   0.444191   0.3586003   -0.048000    0.447000    0.3610000
42899.00  -0.024555   0.444600   0.3556546   -0.046000    0.448000    0.3577000
42900.00  -0.022248   0.444920   0.3527621   -0.044000    0.449000    0.3545000
42901.00  -0.019943   0.445150   0.3498887   -0.042000    0.450000    0.3512000
42902.00  -0.017638   0.445288   0.3469905   -0.039000    0.450000    0.3480000
42903.00  -0.015335   0.445331   0.3440182   -0.037000    0.451000    0.3447000
42904.00  -0.013036   0.445276   0.3409233   -0.035000    0.452000    0.3415000
42905.00  -0.010745   0.445122   0.3376682   -0.032000    0.452000    0.3381000
42906.00  -0.008465   0.444867   0.3342371   -0.030000    0.453000    0.3347000
42907.00  -0.006202   0.444511   0.3306472   -0.027000    0.453000    0.3314000
42908.00  -0.003954   0.444053   0.3269529   -0.025000    0.454000    0.3280000
42909.00  -0.001718   0.443494   0.3232386   -0.022000    0.454000    0.3246000
42910.00   0.000512   0.442837   0.3195973   -0.019000    0.454000    0.3212000
42911.00   0.002734   0.442084   0.3161017   -0.017000    0.454000    0.3177000
42912.00   0.004949   0.441237   0.3127807   -0.014000    0.454000    0.3143000
42913.00   0.007154   0.440300   0.3096121   -0.012000    0.454000    0.3108000
42914.00   0.009354   0.439276   0.3065373   -0.009000    0.454000    0.3074000
42915.00   0.011554   0.438172   0.3034880   -0.006000    0.454000    0.3041000
42916.00   0.013761   0.436993   0.3004110   -0.003000    0.454000    0.3007000
42917.00   0.015983   0.435748   0.2972803    0.002000    0.453000    0.2940000
42918.00   0.018227   0.434445   0.2940956    0.002000    0.453000    0.2940000
42919.00   0.020497   0.433093   0.2908756    0.005000    0.453000    0.2907000
42920.00   0.022791   0.431707   0.2876480    0.008000    0.452000    0.2876000
42921.00   0.025112   0.430297   0.2844442    0.011000    0.452000    0.2845000
42922.00   0.027462   0.428878   0.2812960    0.014000    0.451000    0.2813000
42923.00   0.029845   0.427465   0.2782318    0.017000    0.451000    0.2782000
42924.00   0.032266   0.426071   0.2752722    0.020000    0.450000    0.2751000
42925.00   0.034735   0.424714   0.2724254    0.023000    0.449000    0.2721000
42926.00   0.037259   0.423411   0.2696860    0.026000    0.448000    0.2692000
42927.00   0.039850   0.422181   0.2670353    0.029000    0.447000    0.2662000
42928.00   0.042519   0.421041   0.2644432    0.032000    0.446000    0.2633000
42929.00   0.045268   0.419990   0.2618698    0.035000    0.445000    0.2603000
42930.00   0.048095   0.419011   0.2592691    0.038000    0.444000    0.2575000
42931.00   0.050998   0.418092   0.2565967    0.041000    0.443000    0.2547000
42932.00   0.053973   0.417222   0.2538185    0.044000    0.441000    0.2518000
42933.00   0.057023   0.416390   0.2509208    0.047000    0.440000    0.2490000
42934.00   0.060145   0.415586   0.2479160    0.050000    0.439000    0.2462000
42935.00   0.063339   0.414802   0.2448453    0.053000    0.438000    0.2436000
42936.00   0.066601   0.414032   0.2417737    0.056000    0.436000    0.2411000
42937.00   0.069929   0.413270   0.2387777    0.060000    0.435000    0.2385000
42938.00   0.073319   0.412510   0.2359248    0.063000    0.433000    0.2360000
42939.00   0.076764   0.411747   0.2332542    0.066000    0.432000    0.2334000
42940.00   0.080261   0.410977   0.2307632    0.069000    0.430000    0.2310000
42941.00   0.083804   0.410197   0.2284091    0.072000    0.428000    0.2286000
42942.00   0.087388   0.409404   0.2261262    0.076000    0.427000    0.2262000
42943.00   0.091007   0.408596   0.2238509    0.079000    0.425000    0.2238000
42944.00   0.094657   0.407772   0.2215422    0.082000    0.423000    0.2214000
42945.00   0.098336   0.406929   0.2191885    0.085000    0.421000    0.2192000
42946.00   0.102046   0.406065   0.2168023    0.089000    0.419000    0.2170000
42947.00   0.105785   0.405180   0.2144087    0.092000    0.417000    0.2147000
42948.00   0.109553   0.404273   0.2120361    0.096000    0.415000    0.2125000
42949.00   0.113344   0.403338   0.2097117    0.099000    0.413000    0.2103000
42950.00   0.117150   0.402367   0.2074596    0.102000    0.411000    0.2082000
42951.00   0.120965   0.401350   0.2052974    0.106000    0.409000    0.2060000
42952.00   0.124783   0.400278   0.2032318    0.109000    0.407000    0.2039000
42953.00   0.128599   0.399142   0.2012559    0.113000    0.405000    0.2017000
42954.00   0.132409   0.397934   0.1993482    0.116000    0.403000    0.1996000
42955.00   0.136210   0.396646   0.1974747    0.119000    0.401000    0.1974000
42956.00   0.139998   0.395270   0.1955915    0.123000    0.399000    0.1952000
42957.00   0.143772   0.393797   0.1936489    0.126000    0.396000    0.1931000
42958.00   0.147529   0.392219   0.1915975    0.130000    0.394000    0.1909000
42959.00   0.151267   0.390543   0.1893993    0.133000    0.392000    0.1887000
42960.00   0.154984   0.388776   0.1870376    0.136000    0.390000    0.1865000
42961.00   0.158679   0.386923   0.1845248    0.140000    0.387000    0.1843000
42962.00   0.162352   0.384992   0.1819028    0.143000    0.385000    0.1821000
42963.00   0.166004   0.382986   0.1792345    0.147000    0.382000    0.1799000
42964.00   0.169636   0.380910   0.1765898    0.150000    0.380000    0.1777000
42965.00   0.173247   0.378770   0.1740294    0.153000    0.378000    0.1753000
42966.00   0.176837   0.376569   0.1715909    0.156000    0.376000    0.1730000
42967.00   0.180401   0.374315   0.1692790    0.159000    0.373000    0.1706000
42968.00   0.183934   0.372014   0.1670645    0.162000    0.371000    0.1683000
42969.00   0.187428   0.369671   0.1648930    0.165000    0.369000    0.1659000
42970.00   0.190877   0.367294   0.1627037    0.168000    0.367000    0.1635000
42971.00   0.194274   0.364887   0.1604486    0.171000    0.365000    0.1611000
42972.00   0.197611   0.362456   0.1581059    0.173000    0.362000    0.1586000
42973.00   0.200882   0.360005   0.1556828    0.176000    0.360000    0.1562000
42974.00   0.204078   0.357538   0.1532076    0.179000    0.358000    0.1538000
42975.00   0.207189   0.355057   0.1507172    0.182000    0.356000    0.1514000
42976.00   0.210205   0.352562   0.1482482    0.184000    0.354000    0.1489000
42977.00   0.213113   0.350055   0.1458315    0.187000    0.351000    0.1465000
42978.00   0.215903   0.347537   0.1434907    0.189000    0.349000    0.1440000
42979.00   0.218565   0.345008   0.1412396    0.192000    0.347000    0.1416000
42980.00   0.221086   0.342468   0.1390792    0.194000    0.345000    0.1392000
42981.00   0.223456   0.339916   0.1369961    0.197000    0.343000    0.1368000
42982.00   0.225666   0.337350   0.1349622    0.199000    0.340000    0.1343000
42983.00   0.227725   0.334770   0.1329375    0.202000    0.338000    0.1319000
42984.00   0.229645   0.332174   0.1308736    0.204000    0.336000    0.1295000
42985.00   0.231435   0.329559   0.1287194    0.206000    0.334000    0.1271000
42986.00   0.233101   0.326925   0.1264293    0.209000    0.332000    0.1247000
42987.00   0.234651   0.324267   0.1239761    0.211000    0.329000    0.1223000
42988.00   0.236088   0.321585   0.1213634    0.214000    0.327000    0.1199000
42989.00   0.237420   0.318877   0.1186313    0.216000    0.325000    0.1175000
42990.00   0.238655   0.316140   0.1158493    0.218000    0.323000    0.1151000
42991.00   0.239798   0.313373   0.1130985    0.220000    0.320000    0.1128000
42992.00   0.240858   0.310575   0.1104494    0.223000    0.318000    0.1104000
42993.00   0.241840   0.307745   0.1079439    0.225000    0.315000    0.1081000
42994.00   0.242751   0.304881   0.1055884    0.227000    0.313000    0.1057000
42995.00   0.243595   0.301983   0.1033558    0.229000    0.310000    0.1034000
42996.00   0.244380   0.299052   0.1011959    0.231000    0.308000    0.1011000
42997.00   0.245108   0.296091   0.0990505    0.233000    0.305000    0.0989000
42998.00   0.245781   0.293101   0.0968681    0.235000    0.303000    0.0966000
42999.00   0.246402   0.290085   0.0946168    0.237000    0.300000    0.0943000
43000.00   0.246970   0.287047   0.0922901    0.239000    0.297000    0.0921000
43001.00   0.247487   0.283988   0.0899044    0.241000    0.294000    0.0898000
43002.00   0.247953   0.280913   0.0874919    0.242000    0.292000    0.0876000
43003.00   0.248371   0.277825   0.0850903    0.244000    0.289000    0.0853000
43004.00   0.248745   0.274725   0.0827333    0.246000    0.286000    0.0831000
43005.00   0.249075   0.271617   0.0804458    0.248000    0.283000    0.0809000
43006.00   0.249363   0.268503   0.0782417    0.249000    0.280000    0.0786000
43007.00   0.249611   0.265386   0.0761236    0.251000    0.278000    0.0764000
43008.00   0.249819   0.262269   0.0740805    0.252000    0.275000    0.0741000
43009.00   0.249988   0.259157   0.0720864    0.254000    0.272000    0.0719000
43010.00   0.250115   0.256052   0.0701021    0.255000    0.269000    0.0696000
43011.00   0.250199   0.252957   0.0680790    0.256000    0.266000    0.0673000
43012.00   0.250237   0.249874   0.0659637    0.258000    0.263000    0.0649000
43013.00   0.250226   0.246806   0.0637037    0.259000    0.260000    0.0626000
43014.00   0.250164   0.243753   0.0612575    0.260000    0.257000    0.0603000
43015.00   0.250047   0.240718   0.0586089    0.261000    0.254000    0.0579000
43016.00   0.249873   0.237703   0.0557798    0.262000    0.251000    0.0555000
43017.00   0.249635   0.234708   0.0528321    0.263000    0.248000    0.0530000
43018.00   0.249330   0.231736   0.0498545    0.264000    0.245000    0.0506000
43019.00   0.248952   0.228790   0.0469369    0.265000    0.242000    0.0482000
43020.00   0.248499   0.225872   0.0441424    0.266000    0.239000    0.0456000
43021.00   0.247962   0.222984   0.0414915    0.266000    0.236000    0.0431000
43022.00   0.247335   0.220128   0.0389619    0.267000    0.233000    0.0405000
43023.00   0.246611   0.217308   0.0365018    0.267000    0.230000    0.0380000
43024.00   0.245781   0.214527   0.0340482    0.268000    0.227000    0.0354000
43025.00   0.244837   0.211786   0.0315440    0.268000    0.224000    0.0326000
43026.00   0.243773   0.209088   0.0289484    0.268000    0.222000    0.0299000
43027.00   0.242580   0.206434   0.0262430    0.267000    0.219000    0.0271000
43028.00   0.241249   0.203825   0.0234329    0.267000    0.217000    0.0244000
43029.00   0.239773   0.201263   0.0205429    0.267000    0.214000    0.0216000
43030.00   0.238153   0.198749   0.0176095    0.266000    0.212000    0.0186000
43031.00   0.236405   0.196285   0.0146718    0.266000    0.209000    0.0157000
43032.00   0.234546   0.193873   0.0117630    0.265000    0.207000    0.0127000
43033.00   0.232589   0.191512   0.0089050    0.265000    0.204000    0.0098000
43034.00   0.230549   0.189206   0.0061070    0.264000    0.202000    0.0068000
43035.00   0.228436   0.186953   0.0033653    0.263000    0.200000    0.0037000
43036.00   0.226262   0.184756   0.0006625    0.262000    0.197000    0.0006000
43037.00   0.224040   0.182613  -0.0020313    0.262000    0.195000   -0.0024000
43038.00   0.221780   0.180523  -0.0047568    0.261000    0.192000   -0.0055000
43039.00   0.219493   0.178483  -0.0075618    0.260000    0.190000   -0.0086000
43040.00   0.217189   0.176491  -0.0104971    0.259000    0.187000   -0.0118000
43041.00   0.214879   0.174542  -0.0136096    0.258000    0.185000   -0.0150000
43042.00   0.212572   0.172634  -0.0169307    0.257000    0.182000   -0.0183000
43043.00   0.210280   0.170763  -0.0204622    0.256000    0.180000   -0.0215000
43044.00   0.208015   0.168926  -0.0241649    0.255000    0.177000   -0.0247000
43045.00   0.205788   0.167116  -0.0279605    0.254000    0.175000   -0.0280000
43046.00   0.203607   0.165330  -0.0317496    0.252000    0.172000   -0.0313000
43047.00   0.201482   0.163560  -0.0354420    0.251000    0.170000   -0.0345000
43048.00   0.199423   0.161799  -0.0389851    0.249000    0.167000   -0.0378000
43049.00   0.197443   0.160038  -0.0423772    0.248000    0.165000   -0.0411000
43050.00   0.195556   0.158267  -0.0456595    0.246000    0.163000   -0.0444000
43051.00   0.193761   0.156476  -0.0488942    0.245000    0.161000   -0.0477000
43052.00   0.192049   0.154657  -0.0521409    0.243000    0.158000   -0.0509000
43053.00   0.190412   0.152802  -0.0554420    0.242000    0.156000   -0.0542000
43054.00   0.188844   0.150901  -0.0588172    0.240000    0.154000   -0.0575000
43055.00   0.187338   0.148947  -0.0622645    0.238000    0.152000   -0.0609000
43056.00   0.185878   0.146941  -0.0657649    0.236000    0.150000   -0.0642000
43057.00   0.184444   0.144886  -0.0692867    0.233000    0.147000   -0.0676000
43058.00   0.183018   0.142781  -0.0727925    0.231000    0.145000   -0.0709000
43059.00   0.181581   0.140626  -0.0762483    0.229000    0.143000   -0.0743000
43060.00   0.180116   0.138420  -0.0796288    0.227000    0.141000   -0.0777000
43061.00   0.178626   0.136163  -0.0829199    0.224000    0.139000   -0.0811000
43062.00   0.177119   0.133857  -0.0861213    0.222000    0.137000   -0.0846000
43063.00   0.175602   0.131502  -0.0892462    0.219000    0.135000   -0.0880000
43064.00   0.174075   0.129107  -0.0923197    0.217000    0.133000   -0.0914000
43065.00   0.172531   0.126686  -0.0953760    0.214000    0.131000   -0.0948000
43066.00   0.170964   0.124257  -0.0984571    0.212000    0.129000   -0.0982000
43067.00   0.169366   0.121837  -0.1016087    0.209000    0.128000   -0.1017000
43068.00   0.167730   0.119440  -0.1048764    0.207000    0.126000   -0.1051000
43069.00   0.166052   0.117081  -0.1082973    0.204000    0.124000   -0.1085000
43070.00   0.164323   0.114771  -0.1118907    0.201000    0.122000   -0.1119000
43071.00   0.162540   0.112517  -0.1156453    0.198000    0.121000   -0.1153000
43072.00   0.160699   0.110324  -0.1195118    0.196000    0.119000   -0.1188000
43073.00   0.158798   0.108199  -0.1234077    0.193000    0.118000   -0.1222000
43074.00   0.156836   0.106147  -0.1272383    0.190000    0.116000   -0.1256000
43075.00   0.154807   0.104176  -0.1309265    0.187000    0.114000   -0.1290000
43076.00   0.152708   0.102291  -0.1344389    0.184000    0.113000   -0.1324000
43077.00   0.150532   0.100493  -0.1377922    0.181000    0.111000   -0.1358000
43078.00   0.148275   0.098774  -0.1410399    0.178000    0.110000   -0.1392000
43079.00   0.145933   0.097124  -0.1442462    0.175000    0.108000   -0.1426000
43080.00   0.143504   0.095532  -0.1474621    0.172000    0.106000   -0.1459000
43081.00   0.140986   0.093990  -0.1507129    0.169000    0.104000   -0.1492000
43082.00   0.138378   0.092491  -0.1540004    0.165000    0.103000   -0.1526000
43083.00   0.135685   0.091033  -0.1573108    0.162000    0.101000   -0.1559000
43084.00   0.132909   0.089609  -0.1606205    0.159000    0.099000   -0.1592000
43085.00   0.130046   0.088210  -0.1638992    0.156000    0.097000   -0.1624000
43086.00   0.127091   0.086820  -0.1671159    0.152000    0.096000   -0.1656000
43087.00   0.124040   0.085427  -0.1702435    0.149000    0.094000   -0.1687000
43088.00   0.120887   0.084023  -0.1732639    0.145000    0.093000   -0.1719000
43089.00   0.117629   0.082602  -0.1761719    0.142000    0.091000   -0.1751000
43090.00   0.114259   0.081160  -0.1789766    0.139000    0.090000   -0.1782000
43091.00   0.110789   0.079701  -0.1817006    0.135000    0.088000   -0.1813000
43092.00   0.107237   0.078236  -0.1843763    0.132000    0.087000   -0.1843000
43093.00   0.103622   0.076775  -0.1870431    0.128000    0.085000   -0.1874000
43094.00   0.099976   0.075327  -0.1897447    0.125000    0.084000   -0.1905000
43095.00   0.096332   0.073900  -0.1925243    0.122000    0.083000   -0.1935000
43096.00   0.092723   0.072502  -0.1954200    0.118000    0.081000   -0.1965000
43097.00   0.089176   0.071137  -0.1984565    0.115000    0.080000   -0.1995000
43098.00   0.085713   0.069805  -0.2016370    0.111000    0.078000   -0.2025000
43099.00   0.082352   0.068506  -0.2049362    0.108000    0.077000   -0.2055000
43100.00   0.079093   0.067245  -0.2083012    0.105000    0.076000   -0.2085000
43101.00   0.075922   0.066036  -0.2116598    0.101000    0.075000   -0.2115000
43102.00   0.072820   0.064892  -0.2149386    0.098000    0.073000   -0.2145000
43103.00   0.069783   0.063821  -0.2180867    0.094000    0.072000   -0.2175000
43104.00   0.066805   0.062834  -0.2210963    0.091000    0.071000   -0.2205000
43105.00   0.063885   0.061943  -0.2240040    0.088000    0.070000   -0.2235000
43106.00   0.061019   0.061152  -0.2268716    0.084000    0.070000   -0.2265000
43107.00   0.058197   0.060458  -0.2297588    0.081000    0.069000   -0.2294000
43108.00   0.055414   0.059859  -0.2327027    0.077000    0.069000   -0.2324000
43109.00   0.052661   0.059348  -0.2357106    0.074000    0.068000   -0.2354000
43110.00   0.049933   0.058916  -0.2387657    0.071000    0.068000   -0.2384000
43111.00   0.047221   0.058557  -0.2418399    0.068000    0.067000   -0.2414000
43112.00   0.044512   0.058263  -0.2449021    0.064000    0.067000   -0.2444000
43113.00   0.041779   0.058026  -0.2479232    0.061000    0.066000   -0.2474000
43114.00   0.038999   0.057837  -0.2508785    0.058000    0.066000   -0.2504000
43115.00   0.036147   0.057695  -0.2537501    0.054000    0.066000   -0.2534000
43116.00   0.033197   0.057603  -0.2565310    0.051000    0.066000   -0.2564000
43117.00   0.030129   0.057561  -0.2592275    0.047000    0.066000   -0.2595000
43118.00   0.026940   0.057570  -0.2618595    0.044000    0.066000   -0.2625000
43119.00   0.023629   0.057629  -0.2644568    0.040000    0.066000   -0.2655000
43120.00   0.020197   0.057738  -0.2670559    0.036000    0.066000   -0.2685000
43121.00   0.016660   0.057894  -0.2696957    0.033000    0.066000   -0.2715000
43122.00   0.013042   0.058091  -0.2724142    0.029000    0.066000   -0.2745000
43123.00   0.009367   0.058325  -0.2752438    0.026000    0.066000   -0.2775000
43124.00   0.005650   0.058591  -0.2782053    0.022000    0.066000   -0.2805000
43125.00   0.001900   0.058889  -0.2813018    0.018000    0.066000   -0.2834000
43126.00  -0.001873   0.059217  -0.2845144    0.015000    0.066000   -0.2864000
43127.00  -0.005671   0.059580  -0.2878015    0.011000    0.067000   -0.2893000
43128.00  -0.009501   0.059986  -0.2911032    0.008000    0.067000   -0.2923000
43129.00  -0.013371   0.060446  -0.2943538    0.004000    0.067000   -0.2952000
43130.00  -0.017289   0.060970  -0.2974989    0.000000    0.067000   -0.2981000
43131.00  -0.021259   0.061568  -0.3005132   -0.003000    0.068000   -0.3010000
43132.00  -0.025285   0.062241  -0.3034101   -0.007000    0.068000   -0.3038000
43133.00  -0.029368   0.062994  -0.3062365   -0.010000    0.069000   -0.3067000
43134.00  -0.033512   0.063830  -0.3090520   -0.014000    0.069000   -0.3096000
43135.00  -0.037719   0.064751  -0.3119048   -0.018000    0.070000   -0.3124000
43136.00  -0.041989   0.065763  -0.3148158   -0.021000    0.070000   -0.3153000
43137.00  -0.046322   0.066870  -0.3177753   -0.025000    0.071000   -0.3181000
43138.00  -0.050717   0.068076  -0.3207530   -0.028000    0.071000   -0.3210000
43139.00  -0.055176   0.069388  -0.3237125   -0.032000    0.072000   -0.3238000
43140.00  -0.059698   0.070808  -0.3266212   -0.035000    0.073000   -0.3265000
43141.00  -0.064273   0.072331  -0.3294534   -0.039000    0.074000   -0.3293000
43142.00  -0.068888   0.073951  -0.3321916   -0.042000    0.074000   -0.3320000
43143.00  -0.073529   0.075660  -0.3348284   -0.046000    0.075000   -0.3348000
43144.00  -0.078182   0.077451   0.6626318   -0.049000    0.076000    0.6625000
43145.00  -0.082831   0.079316   0.6601714   -0.052000    0.077000    0.6597000
43146.00  -0.087456   0.081248   0.6577609   -0.056000    0.079000    0.6569000
43147.00  -0.092040   0.083241   0.6553626   -0.059000    0.080000    0.6542000
43148.00  -0.096564   0.085288   0.6529353   -0.063000    0.082000    0.6514000
43149.00  -0.101010   0.087382   0.6504376   -0.066000    0.083000    0.6486000
43150.00  -0.105357   0.089515   0.6478336   -0.069000    0.085000    0.6458000
43151.00  -0.109588   0.091680   0.6450997   -0.073000    0.087000    0.6430000
43152.00  -0.113685   0.093870   0.6422322   -0.076000    0.088000    0.6403000
43153.00  -0.117633   0.096076   0.6392508   -0.080000    0.090000    0.6375000
43154.00  -0.121416   0.098289   0.6361975   -0.083000    0.092000    0.6347000
43155.00  -0.125019   0.100498   0.6331285   -0.086000    0.094000    0.6319000
43156.00  -0.128428   0.102693   0.6301016   -0.090000    0.096000    0.6291000
43157.00  -0.131651   0.104872   0.6271638   -0.093000    0.098000    0.6264000
43158.00  -0.134713   0.107036   0.6243384   -0.097000    0.100000    0.6236000
43159.00  -0.137636   0.109191   0.6216184   -0.100000    0.102000    0.6208000
43160.00  -0.140438   0.111338   0.6189663   -0.103000    0.104000    0.6180000
43161.00  -0.143137   0.113481   0.6163259   -0.106000    0.107000    0.6152000
43162.00  -0.145749   0.115623   0.6136413   -0.110000    0.109000    0.6125000
43163.00  -0.148288   0.117769   0.6108770   -0.113000    0.112000    0.6097000
43164.00  -0.150769   0.119923   0.6080291   -0.116000    0.114000    0.6069000
43165.00  -0.153209   0.122089   0.6051233   -0.119000    0.117000    0.6042000
43166.00  -0.155619   0.124269   0.6022025   -0.122000    0.120000    0.6015000
43167.00  -0.158001   0.126466   0.5993115   -0.126000    0.122000    0.5987000
43168.00  -0.160358   0.128681   0.5964868   -0.129000    0.125000    0.5960000
43169.00  -0.162693   0.130919   0.5937527   -0.132000    0.128000    0.5933000
43170.00  -0.165008   0.133184   0.5911218   -0.135000    0.131000    0.5906000
43171.00  -0.167302   0.135480   0.5885942   -0.138000    0.134000    0.5879000
43172.00  -0.169575   0.137814   0.5861572   -0.142000    0.137000    0.5853000
43173.00  -0.171822   0.140189   0.5837852   -0.145000    0.140000    0.5826000
43174.00  -0.174043   0.142610   0.5814415   -0.148000    0.143000    0.5799000
43175.00  -0.176244   0.145082   0.5790819   -0.151000    0.146000    0.5773000
43176.00  -0.178434   0.147612   0.5766600   -0.154000    0.149000    0.5746000
43177.00  -0.180620   0.150203   0.5741326   -0.157000    0.153000    0.5720000
43178.00  -0.182809   0.152861   0.5714666   -0.160000    0.156000    0.5693000
43179.00  -0.185006   0.155592   0.5686478   -0.163000    0.159000    0.5667000
43180.00  -0.187216   0.158401   0.5656889   -0.166000    0.162000    0.5641000
43181.00  -0.189444   0.161298   0.5626312   -0.169000    0.166000    0.5614000
43182.00  -0.191697   0.164290   0.5595370   -0.172000    0.169000    0.5588000
43183.00  -0.193973   0.167373   0.5564734   -0.175000    0.173000    0.5561000
43184.00  -0.196266   0.170544   0.5534939   -0.178000    0.176000    0.5535000
43185.00  -0.198571   0.173796   0.5506249   -0.181000    0.180000    0.5509000
43186.00  -0.200881   0.177122   0.5478609   -0.184000    0.183000    0.5482000
43187.00  -0.203191   0.180515   0.5451674   -0.186000    0.187000    0.5456000
43188.00  -0.205494   0.183966   0.5424907   -0.189000    0.190000    0.5429000
43189.00  -0.207785   0.187470   0.5397734   -0.192000    0.194000    0.5403000
43190.00  -0.210053   0.191017   0.5369705   -0.194000    0.198000    0.5376000
43191.00  -0.212281   0.194602   0.5340632   -0.197000    0.201000    0.5349000
43192.00  -0.214452   0.198216   0.5310624   -0.199000    0.205000    0.5322000
43193.00  -0.216553   0.201853   0.5280040   -0.202000    0.208000    0.5295000
43194.00  -0.218572   0.205506   0.5249359   -0.204000    0.212000    0.5268000
43195.00  -0.220498   0.209170   0.5219041   -0.206000    0.216000    0.5240000
43196.00  -0.222323   0.212838   0.5189433   -0.208000    0.219000    0.5212000
43197.00  -0.224035   0.216503   0.5160743   -0.210000    0.223000    0.5185000
43198.00  -0.225626   0.220158   0.5133038   -0.212000    0.226000    0.5157000
43199.00  -0.227088   0.223796   0.5106251   -0.214000    0.230000    0.5129000
43200.00  -0.228413   0.227410   0.5080187   -0.216000    0.234000    0.5100000
43201.00  -0.229592   0.230994   0.5054527   -0.217000    0.237000    0.5071000
43202.00  -0.230618   0.234542   0.5028868   -0.219000    0.241000    0.5041000
43203.00  -0.231493   0.238056   0.5002744   -0.220000    0.244000    0.5012000
43204.00  -0.232225   0.241545   0.4975693   -0.222000    0.248000    0.4983000
43205.00  -0.232824   0.245014   0.4947312   -0.223000    0.252000    0.4954000
43206.00  -0.233299   0.248473   0.4917340   -0.224000    0.256000    0.4925000
43207.00  -0.233660   0.251931   0.4885759   -0.226000    0.259000    0.4895000
43208.00  -0.233915   0.255398   0.4852872   -0.227000    0.263000    0.4866000
43209.00  -0.234077   0.258884   0.4819292   -0.228000    0.267000    0.4837000
43210.00  -0.234156   0.262400   0.4785808   -0.229000    0.271000    0.4807000
43211.00  -0.234164   0.265954   0.4753155   -0.230000    0.275000    0.4777000
43212.00  -0.234116   0.269558   0.4721797   -0.231000    0.278000    0.4748000
43213.00  -0.234025   0.273222   0.4691810   -0.232000    0.282000    0.4718000
43214.00  -0.233903   0.276956   0.4662904   -0.233000    0.286000    0.4688000
43215.00  -0.233757   0.280757   0.4634546   -0.234000    0.290000    0.4658000
43216.00  -0.233593   0.284619   0.4606137   -0.235000    0.294000    0.4627000
43217.00  -0.233417   0.288535   0.4577165   -0.235000    0.297000    0.4597000
43218.00  -0.233234   0.292501   0.4547318   -0.236000    0.301000    0.4566000
43219.00  -0.233050   0.296512   0.4516527   -0.237000    0.305000    0.4536000
43220.00  -0.232852   0.300562   0.4484970   -0.237000    0.309000    0.4505000
43221.00  -0.232628   0.304642   0.4453000   -0.237000    0.313000    0.4474000
43222.00  -0.232363   0.308747   0.4421034   -0.238000    0.316000    0.4444000
43223.00  -0.232043   0.312871   0.4389447   -0.238000    0.320000    0.4413000
43224.00  -0.231654   0.317004   0.4358503   -0.238000    0.324000    0.4382000
43225.00  -0.231184   0.321135   0.4328343   -0.238000    0.328000    0.4350000
43226.00  -0.230620   0.325247   0.4298967   -0.238000    0.332000    0.4319000
43227.00  -0.229953   0.329327   0.4270241   -0.237000    0.335000    0.4287000
43228.00  -0.229171   0.333361   0.4241914   -0.237000    0.339000    0.4256000
43229.00  -0.228262   0.337335   0.4213638   -0.237000    0.343000    0.4224000
43230.00  -0.227216   0.341235   0.4184999   -0.237000    0.347000    0.4192000
43231.00  -0.226025   0.345047   0.4155560   -0.236000    0.351000    0.4160000
43232.00  -0.224684   0.348760   0.4124907   -0.236000    0.354000    0.4129000
43233.00  -0.223197   0.352373   0.4092696   -0.235000    0.358000    0.4097000
43234.00  -0.221567   0.355890   0.4058751   -0.235000    0.362000    0.4065000
43235.00  -0.219801   0.359314   0.4023164   -0.234000    0.365000    0.4033000
43236.00  -0.217905   0.362650   0.3986364   -0.234000    0.369000    0.4000000
43237.00  -0.215888   0.365903   0.3949074   -0.233000    0.372000    0.3968000
43238.00  -0.213757   0.369077   0.3912141   -0.233000    0.376000    0.3935000
43239.00  -0.211521   0.372177   0.3876271   -0.232000    0.379000    0.3903000
43240.00  -0.209204   0.375211   0.3841797   -0.231000    0.382000    0.3870000
43241.00  -0.206833   0.378192   0.3808609   -0.230000    0.385000    0.3838000
43242.00  -0.204436   0.381129   0.3776260   -0.228000    0.389000    0.3805000
43243.00  -0.202037   0.384034   0.3744170   -0.227000    0.392000    0.3773000
43244.00  -0.199634   0.386910   0.3711831   -0.226000    0.395000    0.3740000
43245.00  -0.197223   0.389761   0.3678933   -0.224000    0.398000    0.3707000
43246.00  -0.194800   0.392590   0.3645398   -0.222000    0.401000    0.3674000
43247.00  -0.192364   0.395402   0.3611356   -0.221000    0.405000    0.3641000
43248.00  -0.189909   0.398198   0.3577092   -0.219000    0.408000    0.3608000
43249.00  -0.187432   0.400979   0.3542975   -0.217000    0.411000    0.3575000
43250.00  -0.184928   0.403743   0.3509383   -0.215000    0.414000    0.3542000
43251.00  -0.182393   0.406489   0.3476626   -0.213000    0.417000    0.3509000
43252.00  -0.179824   0.409217   0.3444889   -0.210000    0.420000    0.3476000
43253.00  -0.177220   0.411927   0.3414210   -0.208000    0.423000    0.3443000
43254.00  -0.174581   0.414621   0.3384487   -0.206000    0.426000    0.3410000
43255.00  -0.171908   0.417300   0.3355486   -0.204000    0.429000    0.3377000
43256.00  -0.169202   0.419965   0.3326873   -0.201000    0.432000    0.3345000
43257.00  -0.166465   0.422621   0.3298248   -0.199000    0.435000    0.3312000
43258.00  -0.163700   0.425272   0.3269178   -0.196000    0.438000    0.3280000
43259.00  -0.160921   0.427918   0.3239247   -0.194000    0.441000    0.3247000
43260.00  -0.158151   0.430559   0.3208092   -0.191000    0.444000    0.3215000
43261.00  -0.155409   0.433193   0.3175457   -0.189000    0.446000    0.3183000
43262.00  -0.152699   0.435805   0.3141276   -0.186000    0.449000    0.3150000
43263.00  -0.150019   0.438383   0.3105747   -0.184000    0.451000    0.3118000
43264.00  -0.147367   0.440911   0.3069376   -0.181000    0.454000    0.3086000
43265.00  -0.144737   0.443377   0.3032920   -0.178000    0.457000    0.3054000
43266.00  -0.142125   0.445774   0.2997180   -0.175000    0.459000    0.3022000
43267.00  -0.139531   0.448096   0.2962739   -0.173000    0.462000    0.2991000
43268.00  -0.136957   0.450348   0.2929751   -0.170000    0.464000    0.2959000
43269.00  -0.134402   0.452536   0.2897933   -0.167000    0.467000    0.2927000
43270.00  -0.131868   0.454667   0.2866728   -0.164000    0.469000    0.2896000
43271.00  -0.129341   0.456743   0.2835566   -0.161000    0.471000    0.2865000
43272.00  -0.126805   0.458766   0.2804070   -0.158000    0.474000    0.2833000
43273.00  -0.124248   0.460739   0.2772138   -0.155000    0.476000    0.2802000
43274.00  -0.121648   0.462667   0.2739915   -0.152000    0.478000    0.2771000
43275.00  -0.118986   0.464559   0.2707687   -0.149000    0.480000    0.2741000
43276.00  -0.116243   0.466423   0.2675802   -0.145000    0.482000    0.2710000
43277.00  -0.113404   0.468267   0.2644600   -0.142000    0.483000    0.2680000
43278.00  -0.110466   0.470091   0.2614370   -0.138000    0.485000    0.2649000
43279.00  -0.107435   0.471893   0.2585308   -0.135000    0.487000    0.2619000
43280.00  -0.104316   0.473673   0.2557486   -0.131000    0.488000    0.2590000
43281.00  -0.101114   0.475428   0.2530837   -0.128000    0.490000    0.2560000
43282.00  -0.097835   0.477158   0.2505171   -0.124000    0.491000    0.2531000
43283.00  -0.094479   0.478858   0.2480201   -0.121000    0.493000    0.2501000
43284.00  -0.091047   0.480525   0.2455580   -0.117000    0.494000    0.2472000
43285.00  -0.087541   0.482158   0.2430929   -0.113000    0.495000    0.2444000
43286.00  -0.083960   0.483754   0.2405877   -0.109000    0.496000    0.2416000
43287.00  -0.080306   0.485308   0.2380093   -0.105000    0.497000    0.2388000
43288.00  -0.076579   0.486820   0.2353333   -0.101000    0.498000    0.2360000
43289.00  -0.072781   0.488284   0.2325485   -0.097000    0.499000    0.2332000
43290.00  -0.068911   0.489700   0.2296621   -0.093000    0.500000    0.2305000
43291.00  -0.064971   0.491064   0.2267043   -0.089000    0.500000    0.2278000
43292.00  -0.060961   0.492372   0.2237282   -0.084000    0.501000    0.2251000
43293.00  -0.056883   0.493623   0.2208005   -0.080000    0.501000    0.2224000
43294.00  -0.052743   0.494815   0.2179811   -0.076000    0.502000    0.2197000
43295.00  -0.048549   0.495946   0.2153028   -0.072000    0.503000    0.2172000
43296.00  -0.044308   0.497014   0.2127578   -0.067000    0.503000    0.2146000
43297.00  -0.040027   0.498019   0.2103014   -0.063000    0.504000    0.2121000
43298.00  -0.035714   0.498957   0.2078726   -0.058000    0.504000    0.2095000
43299.00  -0.031377   0.499829   0.2054199   -0.054000    0.505000    0.2070000
43300.00  -0.027023   0.500632   0.2029206   -0.050000    0.505000    0.2046000
43301.00  -0.022658   0.501365   0.2003829   -0.045000    0.506000    0.2021000
43302.00  -0.018292   0.502026   0.1978364   -0.041000    0.506000    0.1997000
43303.00  -0.013929   0.502613   0.1953189   -0.036000    0.507000    0.1972000
43304.00  -0.009571   0.503126   0.1928660   -0.032000    0.507000    0.1948000
43305.00  -0.005223   0.503562   0.1905050   -0.027000    0.507000    0.1925000
43306.00  -0.000887   0.503920   0.1882536   -0.023000    0.507000    0.1902000
43307.00   0.003430   0.504204   0.1861192   -0.018000    0.508000    0.1878000
43308.00   0.007721   0.504419   0.1840966   -0.014000    0.508000    0.1855000
43309.00   0.011979   0.504571   0.1821681   -0.009000    0.508000    0.1832000
43310.00   0.016202   0.504661   0.1803069   -0.004000    0.508000    0.1810000
43311.00   0.020388   0.504691   0.1784795    0.000000    0.508000    0.1788000
43312.00   0.024538   0.504661   0.1766499    0.005000    0.508000    0.1765000
43313.00   0.028650   0.504573   0.1747829    0.009000    0.508000    0.1743000
43314.00   0.032724   0.504425   0.1728472    0.014000    0.508000    0.1721000
43315.00   0.036766   0.504209   0.1708190    0.018000    0.507000    0.1700000
43316.00   0.040780   0.503916   0.1686870    0.023000    0.507000    0.1679000
43317.00   0.044771   0.503537   0.1664562    0.027000    0.506000    0.1658000
43318.00   0.048745   0.503064   0.1641497    0.032000    0.506000    0.1637000
43319.00   0.052704   0.502488   0.1618082    0.036000    0.505000    0.1616000
43320.00   0.056653   0.501798   0.1594844    0.040000    0.504000    0.1596000
43321.00   0.060594   0.500987   0.1572312    0.045000    0.503000    0.1576000
43322.00   0.064541   0.500045   0.1550854    0.049000    0.503000    0.1556000
43323.00   0.068508   0.498965   0.1530532    0.054000    0.502000    0.1536000
43324.00   0.072512   0.497736   0.1511055    0.058000    0.501000    0.1516000
43325.00   0.076569   0.496352   0.1491874    0.062000    0.500000    0.1497000
43326.00   0.080691   0.494806   0.1472403    0.067000    0.498000    0.1478000
43327.00   0.084878   0.493103   0.1452269    0.071000    0.497000    0.1458000
43328.00   0.089128   0.491249   0.1431446    0.076000    0.495000    0.1439000
43329.00   0.093441   0.489249   0.1410233    0.080000    0.494000    0.1420000
43330.00   0.097811   0.487111   0.1389103    0.084000    0.493000    0.1401000
43331.00   0.102226   0.484849   0.1368509    0.089000    0.491000    0.1382000
43332.00   0.106665   0.482482   0.1348787    0.093000    0.490000    0.1364000
43333.00   0.111111   0.480027   0.1330132    0.098000    0.488000    0.1345000
43334.00   0.115549   0.477496   0.1312618    0.102000    0.487000    0.1326000
43335.00   0.119963   0.474902   0.1296198    0.106000    0.485000    0.1307000
43336.00   0.124338   0.472259   0.1280705    0.111000    0.483000    0.1289000
43337.00   0.128654   0.469581   0.1265848    0.115000    0.482000    0.1270000
43338.00   0.132889   0.466887   0.1251247    0.120000    0.480000    0.1252000
43339.00   0.137022   0.464193   0.1236482    0.124000    0.478000    0.1233000
43340.00   0.141046   0.461511   0.1221143    0.128000    0.476000    0.1215000
43341.00   0.144961   0.458851   0.1204865    0.132000    0.474000    0.1196000
43342.00   0.148769   0.456223   0.1187374    0.137000    0.472000    0.1178000
43343.00   0.152475   0.453630   0.1168530    0.141000    0.470000    0.1159000
43344.00   0.156086   0.451069   0.1148374    0.145000    0.468000    0.1141000
43345.00   0.159611   0.448538   0.1127143    0.149000    0.466000    0.1123000
43346.00   0.163059   0.446031   0.1105254    0.153000    0.464000    0.1105000
43347.00   0.166440   0.443541   0.1083208    0.157000    0.461000    0.1086000
43348.00   0.169759   0.441062   0.1061490    0.161000    0.459000    0.1068000
43349.00   0.173020   0.438590   0.1040455    0.165000    0.457000    0.1050000
43350.00   0.176223   0.436122   0.1020235    0.169000    0.454000    0.1031000
43351.00   0.179368   0.433652   0.1000677    0.172000    0.452000    0.1012000
43352.00   0.182457   0.431178   0.0981372    0.176000    0.449000    0.0994000
43353.00   0.185491   0.428696   0.0961782    0.179000    0.447000    0.0975000
43354.00   0.188469   0.426202   0.0941448    0.183000    0.444000    0.0956000
43355.00   0.191393   0.423697   0.0920173    0.186000    0.441000    0.0937000
43356.00   0.194260   0.421184   0.0898110    0.190000    0.439000    0.0918000
43357.00   0.197068   0.418666   0.0875704    0.193000    0.436000    0.0900000
43358.00   0.199812   0.416148   0.0853505    0.197000    0.434000    0.0881000
43359.00   0.202487   0.413635   0.0831987    0.200000    0.431000    0.0862000
43360.00   0.205086   0.411134   0.0811463    0.203000    0.428000    0.0843000
43361.00   0.207607   0.408645   0.0792069    0.207000    0.425000    0.0824000
43362.00   0.210050   0.406167   0.0773793    0.210000    0.422000    0.0804000
43363.00   0.212415   0.403695   0.0756495    0.214000    0.419000    0.0785000
43364.00   0.214700   0.401224   0.0739912    0.217000    0.416000    0.0766000
43365.00   0.216906   0.398749   0.0723674    0.220000    0.413000    0.0746000
43366.00   0.219033   0.396262   0.0707352    0.223000    0.410000    0.0726000
43367.00   0.221096   0.393754   0.0690521    0.227000    0.406000    0.0705000
43368.00   0.223113   0.391214   0.0672798    0.230000    0.403000    0.0685000
43369.00   0.225102   0.388632   0.0653877    0.233000    0.400000    0.0665000
43370.00   0.227082   0.385999   0.0633572    0.236000    0.397000    0.0644000
43371.00   0.229062   0.383309   0.0611873    0.239000    0.393000    0.0622000
43372.00   0.231045   0.380563   0.0588980    0.241000    0.390000    0.0601000
43373.00   0.233032   0.377760   0.0565309    0.244000    0.386000    0.0579000
43374.00   0.235027   0.374900   0.0541403    0.247000    0.383000    0.0558000
43375.00   0.237031   0.371983   0.0517795    0.250000    0.380000    0.0536000
43376.00   0.239047   0.369011   0.0494863    0.252000    0.377000    0.0514000
43377.00   0.241077   0.365981   0.0472730    0.255000    0.373000    0.0491000
43378.00   0.243123   0.362896   0.0451234    0.257000    0.370000    0.0469000
43379.00   0.245184   0.359754   0.0429967    0.260000    0.367000    0.0447000
43380.00   0.247249   0.356560   0.0408378    0.262000    0.364000    0.0423000
43381.00   0.249300   0.353319   0.0385923    0.265000    0.360000    0.0400000
43382.00   0.251321   0.350034   0.0362236    0.267000    0.357000    0.0376000
43383.00   0.253295   0.346710   0.0337251    0.270000    0.353000    0.0353000
43384.00   0.255206   0.343352   0.0311225    0.272000    0.350000    0.0329000
43385.00   0.257037   0.339965   0.0284644    0.274000    0.346000    0.0304000
43386.00   0.258773   0.336553   0.0258056    0.276000    0.343000    0.0279000
43387.00   0.260403   0.333124   0.0231927    0.278000    0.339000    0.0254000
43388.00   0.261918   0.329686   0.0206533    0.280000    0.336000    0.0229000
43389.00   0.263308   0.326247   0.0181958    0.282000    0.332000    0.0204000
43390.00   0.264561   0.322814   0.0158123    0.283000    0.329000    0.0177000
43391.00   0.265669   0.319396   0.0134830    0.285000    0.325000    0.0150000
43392.00   0.266628   0.315994   0.0111780    0.286000    0.322000    0.0123000
43393.00   0.267445   0.312596   0.0088600    0.288000    0.318000    0.0096000
43394.00   0.268133   0.309189   0.0064876    0.289000    0.315000    0.0069000
43395.00   0.268701   0.305760   0.0040210    0.290000    0.311000    0.0041000
43396.00   0.269160   0.302295   0.0014261    0.291000    0.308000    0.0013000
43397.00   0.269522   0.298782  -0.0013213    0.292000    0.304000   -0.0015000
43398.00   0.269796   0.295208  -0.0042306    0.293000    0.301000   -0.0043000
43399.00   0.269986   0.291573  -0.0072892    0.294000    0.297000   -0.0071000
43400.00   0.270092   0.287884  -0.0104594    0.295000    0.293000   -0.0100000
43401.00   0.270114   0.284148  -0.0136818    0.296000    0.289000   -0.0129000
43402.00   0.270054   0.280373  -0.0168882    0.296000    0.286000   -0.0157000
43403.00   0.269909   0.276564  -0.0200210    0.297000    0.282000   -0.0186000
43404.00   0.269682   0.272729  -0.0230495    0.298000    0.278000   -0.0215000
43405.00   0.269372   0.268874  -0.0259776    0.298000    0.274000   -0.0244000
43406.00   0.268979   0.265007  -0.0288387    0.298000    0.271000   -0.0274000
43407.00   0.268504   0.261134  -0.0316835    0.299000    0.267000   -0.0303000
43408.00   0.267952   0.257254  -0.0345648    0.299000    0.264000   -0.0333000
43409.00   0.267328   0.253366  -0.0375231    0.299000    0.260000   -0.0362000
43410.00   0.266637   0.249467  -0.0405750    0.299000    0.256000   -0.0392000
43411.00   0.265886   0.245557  -0.0437097    0.299000    0.252000   -0.0422000
43412.00   0.265079   0.241635  -0.0468915    0.299000    0.249000   -0.0451000
43413.00   0.264214   0.237704  -0.0500708    0.299000    0.245000   -0.0481000
43414.00   0.263284   0.233771  -0.0531981    0.299000    0.241000   -0.0511000
43415.00   0.262283   0.229846  -0.0562362    0.298000    0.237000   -0.0541000
43416.00   0.261204   0.225936  -0.0591666    0.298000    0.233000   -0.0571000
43417.00   0.260040   0.222048  -0.0619897    0.297000    0.230000   -0.0601000
43418.00   0.258791   0.218186  -0.0647210    0.297000    0.226000   -0.0631000
43419.00   0.257454   0.214353  -0.0673890    0.296000    0.222000   -0.0661000
43420.00   0.256033   0.210549  -0.0700321    0.295000    0.218000   -0.0692000
43421.00   0.254546   0.206766  -0.0726932    0.294000    0.214000   -0.0723000
43422.00   0.253012   0.202993  -0.0754167    0.293000    0.211000   -0.0755000
43423.00   0.251451   0.199220  -0.0782432    0.292000    0.207000   -0.0786000
43424.00   0.249883   0.195435  -0.0812060    0.291000    0.203000   -0.0817000
43425.00   0.248334   0.191630  -0.0843280    0.289000    0.199000   -0.0849000
43426.00   0.246824   0.187794  -0.0876157    0.288000    0.195000   -0.0881000
43427.00   0.245357   0.183928  -0.0910496    0.286000    0.192000   -0.0912000
43428.00   0.243924   0.180034  -0.0945828    0.285000    0.188000   -0.0944000
43429.00   0.242517   0.176116  -0.0981487    0.283000    0.184000   -0.0976000
43430.00   0.241125   0.172177  -0.1016771    0.281000    0.180000   -0.1009000
43431.00   0.239742   0.168223  -0.1051158    0.279000    0.177000   -0.1041000
43432.00   0.238365   0.164261  -0.1084474    0.277000    0.173000   -0.1074000
43433.00   0.236992   0.160299  -0.1116924    0.275000    0.170000   -0.1106000
43434.00   0.235622   0.156343  -0.1148973    0.273000    0.166000   -0.1139000
43435.00   0.234244   0.152405  -0.1181151    0.271000    0.163000   -0.1172000
43436.00   0.232834   0.148495  -0.1213882    0.268000    0.159000   -0.1204000
43437.00   0.231360   0.144629  -0.1247362    0.266000    0.156000   -0.1237000
43438.00   0.229791   0.140821  -0.1281541    0.263000    0.152000   -0.1269000
43439.00   0.228100   0.137082  -0.1316161    0.261000    0.149000   -0.1302000
43440.00   0.226268   0.133418  -0.1350826    0.258000    0.146000   -0.1334000
43441.00   0.224273   0.129837  -0.1385092    0.256000    0.142000   -0.1367000
43442.00   0.222098   0.126344  -0.1418558    0.253000    0.139000   -0.1399000
43443.00   0.219726   0.122945  -0.1450950    0.251000    0.135000   -0.1432000
43444.00   0.217146   0.119647  -0.1482166    0.248000    0.132000   -0.1464000
43445.00   0.214360   0.116453  -0.1512272    0.245000    0.129000   -0.1496000
43446.00   0.211380   0.113368  -0.1541470    0.242000    0.126000   -0.1528000
43447.00   0.208216   0.110397  -0.1570059    0.240000    0.122000   -0.1559000
43448.00   0.204878   0.107544  -0.1598398    0.237000    0.119000   -0.1591000
43449.00   0.201393   0.104809  -0.1626876    0.234000    0.116000   -0.1623000
43450.00   0.197804   0.102181  -0.1655874    0.231000    0.113000   -0.1654000
43451.00   0.194157   0.099653  -0.1685717    0.228000    0.110000   -0.1685000
43452.00   0.190500   0.097216  -0.1716640    0.226000    0.108000   -0.1716000
43453.00   0.186872   0.094859  -0.1748758    0.223000    0.105000   -0.1747000
43454.00   0.183296   0.092575  -0.1782032    0.220000    0.102000   -0.1778000
43455.00   0.179789   0.090356  -0.1816217    0.217000    0.099000   -0.1809000
43456.00   0.176367   0.088191  -0.1850845    0.214000    0.097000   -0.1840000
43457.00   0.173044   0.086073  -0.1885299    0.212000    0.094000   -0.1870000
43458.00   0.169819   0.083993  -0.1918985    0.209000    0.092000   -0.1901000
43459.00   0.166678   0.081943  -0.1951549    0.206000    0.089000   -0.1932000
43460.00   0.163610   0.079914  -0.1983014    0.203000    0.087000   -0.1963000
43461.00   0.160601   0.077898  -0.2013761    0.200000    0.084000   -0.1994000
43462.00   0.157639   0.075885  -0.2044350    0.198000    0.082000   -0.2024000
43463.00   0.154712   0.073867  -0.2075283    0.195000    0.079000   -0.2055000
43464.00   0.151806   0.071837  -0.2106822    0.192000    0.077000   -0.2086000
43465.00   0.148908   0.069796  -0.2138939    0.189000    0.075000   -0.2117000
43466.00   0.146001   0.067748  -0.2171378    0.186000    0.073000   -0.2148000
43467.00   0.143069   0.065696  -0.2203774    0.184000    0.070000   -0.2178000
43468.00   0.140096   0.063645  -0.2235741    0.181000    0.068000   -0.2209000
43469.00   0.137068   0.061601  -0.2266946    0.178000    0.066000   -0.2240000
43470.00   0.133967   0.059568  -0.2297155    0.175000    0.064000   -0.2271000
43471.00   0.130783   0.057551  -0.2326260    0.172000    0.062000   -0.2302000
43472.00   0.127525   0.055548  -0.2354300    0.169000    0.060000   -0.2332000
43473.00   0.124210   0.053556  -0.2381449    0.166000    0.058000   -0.2363000
43474.00   0.120857   0.051573  -0.2407984    0.163000    0.056000   -0.2394000
43475.00   0.117476   0.049596  -0.2434254    0.160000    0.054000   -0.2424000
43476.00   0.114076   0.047626  -0.2460646    0.157000    0.052000   -0.2455000
43477.00   0.110660   0.045664  -0.2487541    0.153000    0.051000   -0.2485000
43478.00   0.107236   0.043711  -0.2515275    0.150000    0.049000   -0.2516000
43479.00   0.103810   0.041766  -0.2544109    0.147000    0.047000   -0.2546000
43480.00   0.100399   0.039832  -0.2574196    0.143000    0.045000   -0.2577000
43481.00   0.097018   0.037907  -0.2605561    0.140000    0.043000   -0.2608000
43482.00   0.093685   0.035992  -0.2638080    0.136000    0.042000   -0.2640000
43483.00   0.090413   0.034089  -0.2671458    0.133000    0.040000   -0.2671000
43484.00   0.087214   0.032206  -0.2705236    0.129000    0.038000   -0.2702000
43485.00   0.084094   0.030357  -0.2738882    0.125000    0.036000   -0.2734000
43486.00   0.081061   0.028552  -0.2771957    0.121000    0.035000   -0.2766000
43487.00   0.078120   0.026806  -0.2804311    0.117000    0.033000   -0.2797000
43488.00   0.075273   0.025137  -0.2836161    0.113000    0.032000   -0.2829000
43489.00   0.072525   0.023559  -0.2867999    0.109000    0.030000   -0.2861000
43490.00   0.069874   0.022086  -0.2900354    0.105000    0.029000   -0.2893000
43491.00   0.067317   0.020731  -0.2933573    0.101000    0.028000   -0.2925000
43492.00   0.064853   0.019504  -0.2967677    0.096000    0.026000   -0.2957000
43493.00   0.062474   0.018405  -0.3002377    0.092000    0.025000   -0.2989000
43494.00   0.060173   0.017429  -0.3037211    0.088000    0.024000   -0.3021000
43495.00   0.057942   0.016575  -0.3071703    0.084000    0.023000   -0.3053000
43496.00   0.055757   0.015844  -0.3105474    0.080000    0.022000   -0.3086000
43497.00   0.053585   0.015243  -0.3138279    0.075000    0.021000   -0.3118000
43498.00   0.051390   0.014776  -0.3170006    0.071000    0.020000   -0.3151000
43499.00   0.049138   0.014450  -0.3200671    0.067000    0.019000   -0.3183000
43500.00   0.046792   0.014270  -0.3230414    0.063000    0.018000   -0.3215000
43501.00   0.044321   0.014241  -0.3259482    0.058000    0.018000   -0.3248000
43502.00   0.041712   0.014360  -0.3288195    0.054000    0.017000   -0.3280000
43503.00   0.038970   0.014618  -0.3316910    0.049000    0.017000   -0.3313000
43504.00   0.036101   0.015005  -0.3345972    0.045000    0.016000   -0.3345000
43505.00   0.033110   0.015512  -0.3375686    0.041000    0.016000   -0.3377000
43506.00   0.030003   0.016128  -0.3406283    0.036000    0.016000   -0.3410000
43507.00   0.026786   0.016844  -0.3437893    0.032000    0.015000   -0.3442000
43508.00   0.023463   0.017651  -0.3470520    0.027000    0.015000   -0.3475000
43509.00   0.020040   0.018540   0.6495968    0.023000    0.015000    0.6493000
43510.00   0.016522   0.019499   0.6461826    0.019000    0.015000    0.6461000
43511.00   0.012916   0.020520   0.6427420    0.015000    0.015000    0.6429000
43512.00   0.009227   0.021594   0.6393177    0.011000    0.015000    0.6398000
43513.00   0.005460   0.022710   0.6359491    0.007000    0.015000    0.6366000
43514.00   0.001620   0.023858   0.6326596    0.003000    0.015000    0.6334000
43515.00  -0.002286   0.025031   0.6294446   -0.001000    0.016000    0.6303000
43516.00  -0.006254   0.026216   0.6262694   -0.005000    0.016000    0.6271000
43517.00  -0.010278   0.027406   0.6230813   -0.008000    0.017000    0.6240000
43518.00  -0.014352   0.028591   0.6198327   -0.012000    0.017000    0.6208000
43519.00  -0.018472   0.029769   0.6165018   -0.016000    0.018000    0.6177000
43520.00  -0.022634   0.030938   0.6131041   -0.020000    0.019000    0.6146000
43521.00  -0.026834   0.032100   0.6096852   -0.024000    0.020000    0.6115000
43522.00  -0.031067   0.033253   0.6063026   -0.027000    0.021000    0.6083000
43523.00  -0.035329   0.034397   0.6030057   -0.031000    0.022000    0.6052000
43524.00  -0.039617   0.035533   0.5998260   -0.035000    0.023000    0.6021000
43525.00  -0.043925   0.036659   0.5967754   -0.039000    0.024000    0.5990000
43526.00  -0.048250   0.037777   0.5938494   -0.042000    0.026000    0.5960000
43527.00  -0.052587   0.038885   0.5910312   -0.046000    0.027000    0.5929000
43528.00  -0.056933   0.039983   0.5882930   -0.049000    0.029000    0.5899000
43529.00  -0.061283   0.041071   0.5855990   -0.053000    0.030000    0.5868000
43530.00  -0.065632   0.042149   0.5829089   -0.057000    0.032000    0.5838000
43531.00  -0.069978   0.043217   0.5801827   -0.060000    0.033000    0.5807000
43532.00  -0.074314   0.044276   0.5773848   -0.064000    0.035000    0.5777000
43533.00  -0.078629   0.045329   0.5744866   -0.067000    0.036000    0.5746000
43534.00  -0.082914   0.046382   0.5714703   -0.071000    0.038000    0.5716000
43535.00  -0.087156   0.047440   0.5683313   -0.075000    0.040000    0.5685000
43536.00  -0.091345   0.048508   0.5650802   -0.079000    0.042000    0.5654000
43537.00  -0.095469   0.049592   0.5617421   -0.082000    0.045000    0.5623000
43538.00  -0.099518   0.050695   0.5583520   -0.086000    0.047000    0.5592000
43539.00  -0.103479   0.051823   0.5549479   -0.090000    0.049000    0.5561000
43540.00  -0.107343   0.052982   0.5515624   -0.094000    0.051000    0.5529000
43541.00  -0.111101   0.054176   0.5482159   -0.097000    0.054000    0.5497000
43542.00  -0.114749   0.055410   0.5449082   -0.101000    0.056000    0.5465000
43543.00  -0.118282   0.056689   0.5416135   -0.104000    0.059000    0.5433000
43544.00  -0.121695   0.058017   0.5382847   -0.108000    0.061000    0.5401000
43545.00  -0.124985   0.059400   0.5348688   -0.111000    0.063000    0.5367000
43546.00  -0.128145   0.060842   0.5313286   -0.114000    0.066000    0.5333000
43547.00  -0.131173   0.062348   0.5276610   -0.118000    0.068000    0.5300000
43548.00  -0.134063   0.063923   0.5239011   -0.121000    0.071000    0.5266000
43549.00  -0.136811   0.065571   0.5201109   -0.124000    0.073000    0.5232000
43550.00  -0.139412   0.067299   0.5163583   -0.127000    0.076000    0.5197000
43551.00  -0.141862   0.069109   0.5126973   -0.130000    0.078000    0.5162000
43552.00  -0.144157   0.071007   0.5091584   -0.133000    0.081000    0.5128000
43553.00  -0.146306   0.072987   0.5057484   -0.136000    0.083000    0.5093000
43554.00  -0.148325   0.075040   0.5024562   -0.139000    0.086000    0.5058000
43555.00  -0.150229   0.077157   0.4992585   -0.142000    0.089000    0.5023000
43556.00  -0.152032   0.079328   0.4961223   -0.145000    0.091000    0.4988000
43557.00  -0.153750   0.081544   0.4930084   -0.148000    0.094000    0.4952000
43558.00  -0.155398   0.083795   0.4898759   -0.151000    0.096000    0.4917000
43559.00  -0.156991   0.086073   0.4866864   -0.154000    0.099000    0.4882000
43560.00  -0.158545   0.088367   0.4834090   -0.157000    0.102000    0.4847000
43561.00  -0.160073   0.090673   0.4800234   -0.160000    0.104000    0.4812000
43562.00  -0.161591   0.092993   0.4765236   -0.162000    0.107000    0.4776000
43563.00  -0.163112   0.095331   0.4729200   -0.165000    0.109000    0.4741000
43564.00  -0.164649   0.097691   0.4692407   -0.168000    0.112000    0.4706000
43565.00  -0.166217   0.100078   0.4655291   -0.171000    0.115000    0.4671000
43566.00  -0.167826   0.102497   0.4618338   -0.174000    0.118000    0.4636000
43567.00  -0.169483   0.104958   0.4581963   -0.176000    0.120000    0.4602000
43568.00  -0.171196   0.107469   0.4546412   -0.179000    0.123000    0.4567000
43569.00  -0.172969   0.110041   0.4511691   -0.182000    0.126000    0.4532000
43570.00  -0.174810   0.112681   0.4477555   -0.185000    0.129000    0.4498000
43571.00  -0.176725   0.115401   0.4443550   -0.187000    0.132000    0.4464000
43572.00  -0.178721   0.118208   0.4409123   -0.190000    0.136000    0.4429000
43573.00  -0.180803   0.121112   0.4373785   -0.192000    0.139000    0.4395000
43574.00  -0.182979   0.124123   0.4337276   -0.195000    0.142000    0.4361000
43575.00  -0.185247   0.127245   0.4299692   -0.197000    0.146000    0.4328000
43576.00  -0.187587   0.130475   0.4261477   -0.199000    0.149000    0.4294000
43577.00  -0.189978   0.133808   0.4223286   -0.202000    0.153000    0.4261000
43578.00  -0.192398   0.137237   0.4185771   -0.204000    0.156000    0.4227000
43579.00  -0.194826   0.140760   0.4149412   -0.206000    0.160000    0.4194000
43580.00  -0.197240   0.144369   0.4114441   -0.208000    0.164000    0.4161000
43581.00  -0.199617   0.148061   0.4080856   -0.210000    0.168000    0.4128000
43582.00  -0.201929   0.151830   0.4048488   -0.212000    0.172000    0.4096000
43583.00  -0.204152   0.155670   0.4017049   -0.214000    0.176000    0.4063000
43584.00  -0.206260   0.159578   0.3986177   -0.216000    0.180000    0.4030000
43585.00  -0.208229   0.163547   0.3955460   -0.218000    0.184000    0.3997000
43586.00  -0.210050   0.167578   0.3924463   -0.220000    0.188000    0.3964000
43587.00  -0.211723   0.171670   0.3892796   -0.222000    0.192000    0.3930000
43588.00  -0.213243   0.175824   0.3860160   -0.224000    0.196000    0.3897000
43589.00  -0.214610   0.180039   0.3826376   -0.226000    0.200000    0.3864000
43590.00  -0.215820   0.184315   0.3791411   -0.228000    0.204000    0.3830000
43591.00  -0.216879   0.188649   0.3755424   -0.229000    0.208000    0.3796000
43592.00  -0.217801   0.193031   0.3718781   -0.231000    0.212000    0.3762000
43593.00  -0.218600   0.197451   0.3681999   -0.232000    0.216000    0.3728000
43594.00  -0.219292   0.201898   0.3645615   -0.234000    0.220000    0.3694000
43595.00  -0.219892   0.206364   0.3610038   -0.235000    0.224000    0.3660000
43596.00  -0.220414   0.210837   0.3575414   -0.236000    0.228000    0.3625000
43597.00  -0.220871   0.215307   0.3541595   -0.238000    0.232000    0.3591000
43598.00  -0.221278   0.219764   0.3508197   -0.239000    0.236000    0.3556000
43599.00  -0.221646   0.224195   0.3474716   -0.240000    0.240000    0.3522000
43600.00  -0.221987   0.228597   0.3440670   -0.241000    0.244000    0.3487000
43601.00  -0.222313   0.232972   0.3405726   -0.242000    0.248000    0.3452000
43602.00  -0.222636   0.237325   0.3369818   -0.242000    0.253000    0.3416000
43603.00  -0.222965   0.241659   0.3333181   -0.243000    0.257000    0.3381000
43604.00  -0.223290   0.245977   0.3296311   -0.244000    0.261000    0.3346000
43605.00  -0.223596   0.250283   0.3259824   -0.245000    0.265000    0.3311000
43606.00  -0.223867   0.254578   0.3224283   -0.245000    0.269000    0.3276000
43607.00  -0.224091   0.258862   0.3190052   -0.246000    0.274000    0.3240000
43608.00  -0.224257   0.263134   0.3157250   -0.246000    0.278000    0.3205000
43609.00  -0.224355   0.267391   0.3125785   -0.247000    0.282000    0.3170000
43610.00  -0.224376   0.271631   0.3095413   -0.247000    0.286000    0.3135000
43611.00  -0.224308   0.275854   0.3065796   -0.247000    0.290000    0.3101000
43612.00  -0.224149   0.280058   0.3036531   -0.248000    0.293000    0.3066000
43613.00  -0.223913   0.284249   0.3007180   -0.248000    0.297000    0.3032000
43614.00  -0.223616   0.288433   0.2977329   -0.248000    0.301000    0.2997000
43615.00  -0.223270   0.292613   0.2946647   -0.248000    0.305000    0.2964000
43616.00  -0.222878   0.296791   0.2914932   -0.248000    0.309000    0.2930000
43617.00  -0.222440   0.300969   0.2882108   -0.247000    0.313000    0.2897000
43618.00  -0.221956   0.305144   0.2848250   -0.247000    0.317000    0.2863000
43619.00  -0.221413   0.309310   0.2813607   -0.247000    0.321000    0.2830000
43620.00  -0.220797   0.313452   0.2778616   -0.246000    0.325000    0.2798000
43621.00  -0.220093   0.317558   0.2743831   -0.246000    0.328000    0.2765000
43622.00  -0.219285   0.321617   0.2709789   -0.245000    0.332000    0.2733000
43623.00  -0.218367   0.325616   0.2676812   -0.245000    0.335000    0.2700000
43624.00  -0.217331   0.329543   0.2644895   -0.244000    0.339000    0.2668000
43625.00  -0.216175   0.333387   0.2613712   -0.243000    0.342000    0.2636000
43626.00  -0.214891   0.337134   0.2582750   -0.242000    0.346000    0.2605000
43627.00  -0.213476   0.340775   0.2551491   -0.241000    0.349000    0.2573000
43628.00  -0.211925   0.344296   0.2519580   -0.240000    0.353000    0.2542000
43629.00  -0.210242   0.347698   0.2486897   -0.239000    0.356000    0.2510000
43630.00  -0.208441   0.350988   0.2453578   -0.238000    0.359000    0.2478000
43631.00  -0.206533   0.354173   0.2419965   -0.237000    0.363000    0.2446000
43632.00  -0.204531   0.357260   0.2386522   -0.235000    0.366000    0.2415000
43633.00  -0.202448   0.360257   0.2353720   -0.234000    0.370000    0.2383000
43634.00  -0.200298   0.363172   0.2321928   -0.233000    0.373000    0.2351000
43635.00  -0.198095   0.366014   0.2291324   -0.232000    0.376000    0.2319000
43636.00  -0.195857   0.368795   0.2261885   -0.230000    0.380000    0.2287000
43637.00  -0.193599   0.371523   0.2233411   -0.229000    0.383000    0.2256000
43638.00  -0.191337   0.374210   0.2205588   -0.227000    0.387000    0.2224000
43639.00  -0.189077   0.376868   0.2178060   -0.226000    0.390000    0.2192000
43640.00  -0.186824   0.379510   0.2150448   -0.224000    0.393000    0.2160000
43641.00  -0.184585   0.382150   0.2122382   -0.222000    0.396000    0.2128000
43642.00  -0.182362   0.384800   0.2093543   -0.220000    0.399000    0.2095000
43643.00  -0.180143   0.387471   0.2063708   -0.218000    0.402000    0.2063000
43644.00  -0.177914   0.390173   0.2032768   -0.216000    0.405000    0.2031000
43645.00  -0.175657   0.392915   0.2000735   -0.214000    0.408000    0.2000000
43646.00  -0.173361   0.395700   0.1967754   -0.212000    0.410000    0.1969000
43647.00  -0.171014   0.398527   0.1934123   -0.210000    0.413000    0.1937000
43648.00  -0.168606   0.401396   0.1900291   -0.208000    0.415000    0.1906000
43649.00  -0.166125   0.404308   0.1866781   -0.206000    0.418000    0.1875000
43650.00  -0.163564   0.407259   0.1834043   -0.203000    0.420000    0.1845000
43651.00  -0.160919   0.410238   0.1802282   -0.201000    0.422000    0.1815000
43652.00  -0.158192   0.413233   0.1771364   -0.198000    0.425000    0.1786000
43653.00  -0.155381   0.416231   0.1740874   -0.196000    0.427000    0.1756000
43654.00  -0.152485   0.419219   0.1710302   -0.193000    0.429000    0.1726000
43655.00  -0.149505   0.422184   0.1679265   -0.190000    0.431000    0.1697000
43656.00  -0.146444   0.425115   0.1647655   -0.187000    0.433000    0.1669000
43657.00  -0.143321   0.428001   0.1615647   -0.185000    0.435000    0.1640000
43658.00  -0.140155   0.430832   0.1583622   -0.182000    0.437000    0.1612000
43659.00  -0.136967   0.433598   0.1552040   -0.179000    0.439000    0.1583000
43660.00  -0.133776   0.436289   0.1521349   -0.176000    0.440000    0.1556000
43661.00  -0.130589   0.438906   0.1491926   -0.173000    0.442000    0.1530000
43662.00  -0.127415   0.441447   0.1464011   -0.170000    0.443000    0.1503000
43663.00  -0.124258   0.443914   0.1437676   -0.167000    0.445000    0.1477000
43664.00  -0.121127   0.446307   0.1412826   -0.164000    0.446000    0.1450000
43665.00  -0.118027   0.448625   0.1389238   -0.161000    0.448000    0.1424000
43666.00  -0.114966   0.450871   0.1366611   -0.158000    0.450000    0.1399000
43667.00  -0.111946   0.453043   0.1344602   -0.154000    0.451000    0.1373000
43668.00  -0.108962   0.455143   0.1322833   -0.151000    0.453000    0.1348000
43669.00  -0.106002   0.457171   0.1300956   -0.148000    0.455000    0.1322000
43670.00  -0.103056   0.459126   0.1278696   -0.144000    0.457000    0.1298000
43671.00  -0.100114   0.461011   0.1255884   -0.141000    0.458000    0.1274000
43672.00  -0.097167   0.462824   0.1232466   -0.137000    0.460000    0.1250000
43673.00  -0.094212   0.464567   0.1208500   -0.134000    0.461000    0.1226000
43674.00  -0.091255   0.466241   0.1184157   -0.130000    0.463000    0.1202000
43675.00  -0.088300   0.467846   0.1159719   -0.126000    0.464000    0.1179000
43676.00  -0.085345   0.469387   0.1135555   -0.122000    0.466000    0.1156000
43677.00  -0.082389   0.470867   0.1112044   -0.118000    0.467000    0.1134000
43678.00  -0.079428   0.472291   0.1089430   -0.114000    0.469000    0.1111000
43679.00  -0.076459   0.473663   0.1067689   -0.110000    0.470000    0.1088000
43680.00  -0.073480   0.474988   0.1046477   -0.106000    0.471000    0.1066000
43681.00  -0.070485   0.476267   0.1025246   -0.102000    0.473000    0.1044000
43682.00  -0.067473   0.477504   0.1003467   -0.098000    0.474000    0.1023000
43683.00  -0.064438   0.478702   0.0980864   -0.094000    0.476000    0.1001000
43684.00  -0.061377   0.479862   0.0957528   -0.090000    0.477000    0.0979000
43685.00  -0.058285   0.480987   0.0933861   -0.086000    0.478000    0.0958000
43686.00  -0.055159   0.482079   0.0910414   -0.082000    0.479000    0.0937000
43687.00  -0.051996   0.483137   0.0887710   -0.077000    0.480000    0.0916000
43688.00  -0.048792   0.484159   0.0866126   -0.073000    0.481000    0.0895000
43689.00  -0.045544   0.485142   0.0845858   -0.069000    0.482000    0.0874000
43690.00  -0.042250   0.486085   0.0826924   -0.065000    0.483000    0.0854000
43691.00  -0.038905   0.486984   0.0809192   -0.061000    0.484000    0.0834000
43692.00  -0.035507   0.487837   0.0792409   -0.056000    0.484000    0.0814000
43693.00  -0.032052   0.488642   0.0776234   -0.052000    0.485000    0.0794000
43694.00  -0.028535   0.489396   0.0760289   -0.048000    0.486000    0.0774000
43695.00  -0.024953   0.490096   0.0744199   -0.044000    0.486000    0.0755000
43696.00  -0.021301   0.490739   0.0727630   -0.039000    0.486000    0.0736000
43697.00  -0.017575   0.491319   0.0710331   -0.035000    0.487000    0.0718000
43698.00  -0.013772   0.491827   0.0692151   -0.030000    0.487000    0.0699000
43699.00  -0.009888   0.492256   0.0673059   -0.026000    0.487000    0.0680000
43700.00  -0.005928   0.492599   0.0653151   -0.022000    0.487000    0.0662000
43701.00  -0.001900   0.492850   0.0632630   -0.017000    0.487000    0.0644000
43702.00   0.002188   0.493007   0.0611786   -0.013000    0.487000    0.0626000
43703.00   0.006322   0.493071   0.0590949   -0.008000    0.487000    0.0608000
43704.00   0.010492   0.493048   0.0570456   -0.004000    0.487000    0.0590000
43705.00   0.014681   0.492942   0.0550569    0.000000    0.487000    0.0572000
43706.00   0.018873   0.492757   0.0531365    0.005000    0.487000    0.0554000
43707.00   0.023046   0.492495   0.0512652    0.009000    0.486000    0.0537000
43708.00   0.027181   0.492160   0.0493981    0.014000    0.486000    0.0519000
43709.00   0.031258   0.491754   0.0474797    0.018000    0.486000    0.0501000
43710.00   0.035262   0.491279   0.0454676    0.022000    0.485000    0.0483000
43711.00   0.039190   0.490733   0.0433524    0.027000    0.485000    0.0465000
43712.00   0.043039   0.490114   0.0411655    0.031000    0.484000    0.0447000
43713.00   0.046808   0.489419   0.0389671    0.036000    0.484000    0.0429000
43714.00   0.050496   0.488646   0.0368240    0.040000    0.483000    0.0411000
43715.00   0.054113   0.487792   0.0347876    0.044000    0.482000    0.0392000
43716.00   0.057670   0.486857   0.0328847    0.049000    0.482000    0.0374000
43717.00   0.061179   0.485838   0.0311179    0.053000    0.481000    0.0355000
43718.00   0.064651   0.484736   0.0294711    0.058000    0.481000    0.0337000
43719.00   0.068101   0.483559   0.0279158    0.062000    0.480000    0.0318000
43720.00   0.071536   0.482311   0.0264152    0.066000    0.479000    0.0298000
43721.00   0.074958   0.481001   0.0249285    0.071000    0.478000    0.0278000
43722.00   0.078364   0.479640   0.0234147    0.075000    0.477000    0.0259000
43723.00   0.081753   0.478236   0.0218367    0.080000    0.476000    0.0239000
43724.00   0.085123   0.476798   0.0201654    0.084000    0.475000    0.0219000
43725.00   0.088473   0.475336   0.0183812    0.088000    0.474000    0.0197000
43726.00   0.091802   0.473857   0.0164758    0.092000    0.472000    0.0175000
43727.00   0.095104   0.472363   0.0144542    0.097000    0.471000    0.0154000
43728.00   0.098376   0.470854   0.0123337    0.101000    0.469000    0.0132000
43729.00   0.101614   0.469331   0.0101418    0.105000    0.468000    0.0110000
43730.00   0.104814   0.467794   0.0079106    0.109000    0.466000    0.0087000
43731.00   0.107971   0.466245   0.0056707    0.113000    0.465000    0.0063000
43732.00   0.111084   0.464682   0.0034456    0.116000    0.463000    0.0040000
43733.00   0.114151   0.463104   0.0012434    0.120000    0.462000    0.0016000
43734.00   0.117171   0.461510  -0.0009488    0.124000    0.460000   -0.0007000
43735.00   0.120145   0.459899  -0.0031673    0.127000    0.458000   -0.0031000
43736.00   0.123077   0.458278  -0.0054643    0.131000    0.457000   -0.0055000
43737.00   0.125976   0.456650  -0.0078913    0.134000    0.455000   -0.0080000
43738.00   0.128849   0.455022  -0.0104762    0.138000    0.454000   -0.0104000
43739.00   0.131701   0.453397  -0.0132074    0.141000    0.452000   -0.0128000
43740.00   0.134538   0.451778  -0.0160330    0.144000    0.450000   -0.0153000
43741.00   0.137366   0.450165  -0.0188762    0.147000    0.448000   -0.0178000
43742.00   0.140189   0.448559  -0.0216605    0.151000    0.447000   -0.0202000
43743.00   0.143012   0.446960  -0.0243301    0.154000    0.445000   -0.0227000
43744.00   0.145841   0.445366  -0.0268586    0.157000    0.443000   -0.0252000
43745.00   0.148680   0.443773  -0.0292468    0.160000    0.441000   -0.0277000
43746.00   0.151531   0.442177  -0.0315147    0.163000    0.439000   -0.0302000
43747.00   0.154396   0.440571  -0.0336935    0.166000    0.437000   -0.0326000
43748.00   0.157271   0.438948  -0.0358210    0.169000    0.435000   -0.0351000
43749.00   0.160151   0.437299  -0.0379363    0.172000    0.433000   -0.0376000
43750.00   0.163031   0.435617  -0.0400759    0.175000    0.431000   -0.0401000
43751.00   0.165899   0.433894  -0.0422703    0.177000    0.428000   -0.0426000
43752.00   0.168737   0.432123  -0.0445405    0.180000    0.426000   -0.0452000
43753.00   0.171528   0.430297  -0.0468958    0.182000    0.423000   -0.0477000
43754.00   0.174256   0.428408  -0.0493332    0.185000    0.421000   -0.0502000
43755.00   0.176908   0.426457  -0.0518383    0.188000    0.419000   -0.0527000
43756.00   0.179473   0.424449  -0.0543860    0.191000    0.417000   -0.0552000
43757.00   0.181941   0.422390  -0.0569425    0.193000    0.414000   -0.0577000
43758.00   0.184304   0.420286  -0.0594734    0.196000    0.412000   -0.0602000
43759.00   0.186550   0.418143  -0.0619536    0.199000    0.410000   -0.0627000
43760.00   0.188684   0.415963  -0.0643739    0.202000    0.408000   -0.0652000
43761.00   0.190718   0.413744  -0.0667459    0.205000    0.406000   -0.0677000
43762.00   0.192669   0.411482  -0.0691035    0.207000    0.403000   -0.0703000
43763.00   0.194550   0.409169  -0.0714977    0.210000    0.401000   -0.0728000
43764.00   0.196378   0.406797  -0.0739843    0.213000    0.399000   -0.0753000
43765.00   0.198163   0.404359  -0.0766076    0.216000    0.397000   -0.0779000
43766.00   0.199903   0.401853  -0.0793833    0.218000    0.394000   -0.0805000
43767.00   0.201596   0.399274  -0.0822877    0.221000    0.392000   -0.0831000
43768.00   0.203239   0.396620  -0.0852623    0.223000    0.389000   -0.0857000
43769.00   0.204826   0.393892  -0.0882315    0.226000    0.387000   -0.0883000
43770.00   0.206351   0.391093  -0.0911272    0.228000    0.384000   -0.0910000
43771.00   0.207809   0.388224  -0.0939069    0.230000    0.382000   -0.0937000
43772.00   0.209195   0.385287  -0.0965604    0.233000    0.379000   -0.0964000
43773.00   0.210502   0.382285  -0.0991042    0.235000    0.377000   -0.0991000
43774.00   0.211732   0.379220  -0.1015708    0.237000    0.374000   -0.1018000
43775.00   0.212889   0.376092  -0.1040003    0.239000    0.371000   -0.1046000
43776.00   0.213980   0.372904  -0.1064361    0.241000    0.369000   -0.1074000
43777.00   0.215010   0.369658  -0.1089203    0.243000    0.366000   -0.1101000
43778.00   0.215989   0.366356  -0.1114893    0.245000    0.364000   -0.1129000
43779.00   0.216932   0.363006  -0.1141692    0.247000    0.361000   -0.1157000
43780.00   0.217853   0.359612  -0.1169746    0.249000    0.358000   -0.1186000
43781.00   0.218767   0.356179  -0.1199073    0.250000    0.356000   -0.1214000
43782.00   0.219684   0.352717  -0.1229554    0.252000    0.353000   -0.1243000
43783.00   0.220609   0.349234  -0.1260928    0.253000    0.351000   -0.1271000
43784.00   0.221550   0.345743  -0.1292806    0.255000    0.348000   -0.1300000
43785.00   0.222509   0.342253  -0.1324730    0.256000    0.345000   -0.1329000
43786.00   0.223491   0.338774  -0.1356278    0.257000    0.342000   -0.1359000
43787.00   0.224485   0.335309  -0.1387186    0.259000    0.340000   -0.1388000
43788.00   0.225478   0.331858  -0.1417440    0.260000    0.337000   -0.1418000
43789.00   0.226457   0.328422  -0.1447283    0.261000    0.334000   -0.1447000
43790.00   0.227409   0.325001  -0.1477144    0.262000    0.331000   -0.1477000
43791.00   0.228323   0.321596  -0.1507530    0.263000    0.328000   -0.1507000
43792.00   0.229191   0.318206  -0.1538881    0.263000    0.324000   -0.1536000
43793.00   0.230008   0.314828  -0.1571436    0.264000    0.321000   -0.1566000
43794.00   0.230768   0.311463  -0.1605123    0.265000    0.318000   -0.1596000
43795.00   0.231468   0.308107  -0.1639545    0.265000    0.315000   -0.1626000
43796.00   0.232115   0.304757  -0.1674075    0.266000    0.311000   -0.1656000
43797.00   0.232718   0.301409  -0.1708012    0.266000    0.308000   -0.1687000
43798.00   0.233283   0.298057  -0.1740780    0.267000    0.304000   -0.1717000
43799.00   0.233814   0.294691  -0.1772045    0.267000    0.301000   -0.1747000
43800.00   0.234310   0.291299  -0.1801762    0.267000    0.297000   -0.1778000
43801.00   0.234773   0.287874  -0.1830117    0.267000    0.294000   -0.1809000
43802.00   0.235200   0.284417  -0.1857462    0.268000    0.290000   -0.1839000
43803.00   0.235586   0.280934  -0.1884211    0.268000    0.287000   -0.1870000
43804.00   0.235928   0.277428  -0.1910785    0.268000    0.283000   -0.1901000
43805.00   0.236222   0.273904  -0.1937577    0.268000    0.279000   -0.1932000
43806.00   0.236463   0.270369  -0.1964924    0.268000    0.276000   -0.1963000
43807.00   0.236650   0.266835  -0.1993084    0.267000    0.272000   -0.1994000
43808.00   0.236778   0.263312  -0.2022192    0.267000    0.269000   -0.2025000
43809.00   0.236845   0.259814  -0.2052260    0.267000    0.265000   -0.2056000
43810.00   0.236847   0.256349  -0.2083172    0.267000    0.261000   -0.2087000
43811.00   0.236778   0.252925  -0.2114663    0.266000    0.258000   -0.2118000
43812.00   0.236632   0.249544  -0.2146351    0.266000    0.254000   -0.2149000
43813.00   0.236404   0.246213  -0.2177810    0.265000    0.251000   -0.2180000
43814.00   0.236086   0.242932  -0.2208692    0.265000    0.247000   -0.2211000
43815.00   0.235680   0.239702  -0.2238856    0.264000    0.243000   -0.2243000
43816.00   0.235182   0.236519  -0.2268452    0.264000    0.240000   -0.2274000
43817.00   0.234594   0.233379  -0.2297885    0.263000    0.236000   -0.2306000
43818.00   0.233914   0.230281  -0.2327680    0.263000    0.233000   -0.2337000
43819.00   0.233142   0.227222  -0.2358311    0.262000    0.229000   -0.2369000
43820.00   0.232276   0.224198  -0.2390052    0.261000    0.225000   -0.2401000
43821.00   0.231317   0.221208  -0.2422912    0.260000    0.222000   -0.2432000
43822.00   0.230263   0.218247  -0.2456624    0.259000    0.218000   -0.2464000
43823.00   0.229114   0.215313  -0.2490712    0.258000    0.215000   -0.2495000
43824.00   0.227870   0.212404  -0.2524596    0.257000    0.211000   -0.2527000
43825.00   0.226529   0.209516  -0.2557732    0.256000    0.207000   -0.2559000
43826.00   0.225095   0.206646  -0.2589735    0.255000    0.204000   -0.2590000
43827.00   0.223575   0.203788  -0.2620454    0.253000    0.200000   -0.2622000
43828.00   0.221976   0.200937  -0.2649981    0.252000    0.197000   -0.2653000
43829.00   0.220303   0.198088  -0.2678583    0.251000    0.193000   -0.2685000
43830.00   0.218564   0.195236  -0.2706623    0.249000    0.190000   -0.2716000
43831.00   0.216764   0.192375  -0.2734491    0.248000    0.186000   -0.2748000
43832.00   0.214912   0.189501  -0.2762562    0.246000    0.183000   -0.2779000
43833.00   0.213012   0.186609  -0.2791156    0.245000    0.179000   -0.2811000
43834.00   0.211071   0.183701  -0.2820508    0.243000    0.176000   -0.2842000
43835.00   0.209093   0.180776  -0.2850740    0.241000    0.173000   -0.2873000
43836.00   0.207082   0.177839  -0.2881851    0.239000    0.169000   -0.2904000
43837.00   0.205044   0.174892  -0.2913729    0.238000    0.166000   -0.2936000
43838.00   0.202984   0.171935  -0.2946162    0.236000    0.162000   -0.2967000
43839.00   0.200905   0.168972  -0.2978839    0.234000    0.159000   -0.2998000
43840.00   0.198815   0.166005  -0.3011377    0.232000    0.156000   -0.3029000
43841.00   0.196725   0.163037  -0.3043399    0.230000    0.153000   -0.3060000
43842.00   0.194646   0.160071  -0.3074654    0.228000    0.149000   -0.3091000
43843.00   0.192590   0.157112  -0.3105135    0.226000    0.146000   -0.3122000
43844.00   0.190570   0.154161  -0.3135135    0.224000    0.143000   -0.3153000
43845.00   0.188596   0.151222  -0.3165158    0.222000    0.140000   -0.3184000
43846.00   0.186681   0.148300  -0.3195721    0.220000    0.137000   -0.3214000
43847.00   0.184837   0.145396  -0.3227160    0.217000    0.134000   -0.3245000
43848.00   0.183075   0.142515  -0.3259501    0.215000    0.131000   -0.3275000
43849.00   0.181394   0.139662  -0.3292471    0.213000    0.128000   -0.3306000
43850.00   0.179786   0.136842  -0.3325594    0.211000    0.125000   -0.3336000
43851.00   0.178245   0.134062  -0.3358331    0.209000    0.122000   -0.3366000
43852.00   0.176763   0.131326  -0.3390196    0.206000    0.120000   -0.3397000
43853.00   0.175333   0.128642  -0.3420848    0.204000    0.117000   -0.3427000
43854.00   0.173948   0.126014  -0.3450138    0.202000    0.114000   -0.3457000
43855.00   0.172598   0.123448  -0.3478125    0.200000    0.112000   -0.3487000
43856.00   0.171269   0.120945  -0.3505033    0.198000    0.109000   -0.3517000
43857.00   0.169949   0.118509  -0.3531192    0.195000    0.107000   -0.3547000
43858.00   0.168623   0.116141  -0.3556976    0.193000    0.104000   -0.3577000
43859.00   0.167280   0.113846  -0.3582751    0.191000    0.102000   -0.3607000
43860.00   0.165906   0.111626  -0.3608843    0.189000    0.100000   -0.3637000
43861.00   0.164489   0.109482  -0.3635510    0.187000    0.098000   -0.3667000
43862.00   0.163023   0.107410  -0.3662935    0.184000    0.096000   -0.3696000
43863.00   0.161506   0.105405  -0.3691193    0.182000    0.094000   -0.3726000
43864.00   0.159933   0.103460  -0.3720247    0.180000    0.092000   -0.3756000
43865.00   0.158303   0.101569  -0.3749969    0.178000    0.090000   -0.3786000
43866.00   0.156610   0.099725  -0.3780160    0.176000    0.088000   -0.3815000
43867.00   0.154854   0.097924  -0.3810565    0.173000    0.087000   -0.3845000
43868.00   0.153029   0.096158  -0.3840898    0.171000    0.085000   -0.3874000
43869.00   0.151133   0.094422  -0.3870918    0.169000    0.083000   -0.3904000
43870.00   0.149163   0.092709  -0.3900537    0.167000    0.082000   -0.3933000
43871.00   0.147115   0.091014  -0.3929930    0.164000    0.080000   -0.3962000
43872.00   0.144987   0.089332  -0.3959529    0.162000    0.079000   -0.3992000
43873.00   0.142776   0.087666  -0.3989868    0.159000    0.077000   -0.4021000
43874.00   0.140480   0.086025   0.5978633    0.157000    0.076000    0.5950000
43875.00   0.138099   0.084414   0.5945863    0.155000    0.075000    0.5921000
43876.00   0.135629   0.082840   0.5912098    0.152000    0.074000    0.5892000
43877.00   0.133069   0.081309   0.5877910    0.150000    0.072000    0.5863000
43878.00   0.130417   0.079829   0.5843976    0.147000    0.071000    0.5834000
43879.00   0.127672   0.078406   0.5810892    0.145000    0.070000    0.5805000
43880.00   0.124831   0.077047   0.5779048    0.143000    0.069000    0.5776000
43881.00   0.121894   0.075758   0.5748607    0.140000    0.068000    0.5747000
43882.00   0.118858   0.074545   0.5719519    0.138000    0.067000    0.5719000
43883.00   0.115732   0.073408   0.5691563    0.135000    0.066000    0.5690000
43884.00   0.112525   0.072343   0.5664409    0.133000    0.065000    0.5661000
43885.00   0.109250   0.071345   0.5637676    0.131000    0.064000    0.5632000
43886.00   0.105917   0.070411   0.5610988    0.128000    0.063000    0.5604000
43887.00   0.102538   0.069537   0.5584014    0.126000    0.063000    0.5575000
43888.00   0.099123   0.068719   0.5556491    0.123000    0.062000    0.5547000
43889.00   0.095684   0.067954   0.5528245    0.121000    0.061000    0.5518000
43890.00   0.092231   0.067237   0.5499209    0.118000    0.060000    0.5489000
43891.00   0.088776   0.066565   0.5469430    0.116000    0.060000    0.5461000
43892.00   0.085330   0.065933   0.5439059    0.113000    0.059000    0.5432000
43893.00   0.081903   0.065338   0.5408321    0.111000    0.059000    0.5404000
43894.00   0.078507   0.064776   0.5377474    0.108000    0.058000    0.5375000
43895.00   0.075153   0.064243   0.5346777    0.105000    0.057000    0.5346000
43896.00   0.071853   0.063735   0.5316455    0.102000    0.057000    0.5318000
43897.00   0.068616   0.063248   0.5286629    0.100000    0.056000    0.5289000
43898.00   0.065446   0.062784   0.5257234    0.097000    0.056000    0.5261000
43899.00   0.062342   0.062344   0.5227957    0.094000    0.055000    0.5232000
43900.00   0.059301   0.061935   0.5198283    0.091000    0.055000    0.5203000
43901.00   0.056322   0.061559   0.5167664    0.088000    0.054000    0.5175000
43902.00   0.053402   0.061220   0.5135772    0.085000    0.054000    0.5146000
43903.00   0.050539   0.060923   0.5102684    0.082000    0.053000    0.5118000
43904.00   0.047732   0.060670   0.5068909    0.079000    0.053000    0.5089000
43905.00   0.044977   0.060467   0.5035221    0.076000    0.053000    0.5060000
43906.00   0.042272   0.060316   0.5002411    0.073000    0.053000    0.5031000
43907.00   0.039616   0.060220   0.4971054    0.070000    0.052000    0.5003000
43908.00   0.037003   0.060177   0.4941406    0.067000    0.052000    0.4974000
43909.00   0.034431   0.060183   0.4913431    0.064000    0.052000    0.4945000
43910.00   0.031894   0.060235   0.4886884    0.061000    0.052000    0.4916000
43911.00   0.029391   0.060324   0.4861395    0.058000    0.053000    0.4887000
43912.00   0.026917   0.060443   0.4836543    0.054000    0.053000    0.4859000
43913.00   0.024464   0.060590   0.4811906    0.051000    0.054000    0.4830000
43914.00   0.022021   0.060766   0.4787103    0.048000    0.054000    0.4801000
43915.00   0.019579   0.060969   0.4761830    0.044000    0.055000    0.4772000
43916.00   0.017129   0.061199   0.4735876    0.041000    0.055000    0.4743000
43917.00   0.014664   0.061456   0.4709136    0.037000    0.056000    0.4714000
43918.00   0.012186   0.061739   0.4681619    0.034000    0.056000    0.4685000
43919.00   0.009695   0.062047   0.4653447    0.030000    0.057000    0.4656000
43920.00   0.007190   0.062380   0.4624842    0.026000    0.058000    0.4627000
43921.00   0.004672   0.062736   0.4596078    0.023000    0.058000    0.4598000
43922.00   0.002142   0.063115   0.4567426    0.019000    0.059000    0.4569000
43923.00  -0.000401   0.063517   0.4539100    0.016000    0.059000    0.4540000
43924.00  -0.002956   0.063940   0.4511200    0.012000    0.060000    0.4511000
43925.00  -0.005524   0.064384   0.4483673    0.008000    0.061000    0.4482000
43926.00  -0.008108   0.064848   0.4456269    0.005000    0.062000    0.4453000
43927.00  -0.010711   0.065332   0.4428528    0.001000    0.062000    0.4423000
43928.00  -0.013336   0.065834   0.4399875   -0.002000    0.063000    0.4394000
43929.00  -0.015987   0.066356   0.4369807   -0.006000    0.064000    0.4365000
43930.00  -0.018666   0.066895   0.4338127   -0.010000    0.065000    0.4336000
43931.00  -0.021378   0.067451   0.4305092   -0.014000    0.066000    0.4306000
43932.00  -0.024122   0.068028   0.4271378   -0.017000    0.068000    0.4277000
43933.00  -0.026899   0.068637   0.4237864   -0.021000    0.069000    0.4247000
43934.00  -0.029706   0.069293   0.4205356   -0.025000    0.070000    0.4218000
43935.00  -0.032543   0.070009   0.4174369   -0.029000    0.072000    0.4189000
43936.00  -0.035406   0.070797   0.4145046   -0.032000    0.073000    0.4159000
43937.00  -0.038296   0.071672   0.4117220   -0.036000    0.075000    0.4130000
43938.00  -0.041208   0.072647   0.4090524   -0.039000    0.076000    0.4100000
43939.00  -0.044139   0.073730   0.4064513   -0.043000    0.078000    0.4071000
43940.00  -0.047081   0.074925   0.4038728   -0.046000    0.080000    0.4041000
43941.00  -0.050025   0.076239   0.4012742   -0.050000    0.082000    0.4012000
43942.00  -0.052969   0.077670   0.3986191   -0.053000    0.083000    0.3982000
43943.00  -0.055911   0.079210   0.3958803   -0.057000    0.085000    0.3953000
43944.00  -0.058854   0.080847   0.3930421   -0.060000    0.087000    0.3923000
43945.00  -0.061800   0.082570   0.3901010   -0.063000    0.089000    0.3893000
43946.00  -0.064750   0.084368   0.3870650   -0.066000    0.091000    0.3863000
43947.00  -0.067704   0.086231   0.3839535   -0.070000    0.093000    0.3834000
43948.00  -0.070664   0.088147   0.3807956   -0.073000    0.095000    0.3804000
43949.00  -0.073618   0.090106   0.3776271   -0.076000    0.097000    0.3774000
43950.00  -0.076549   0.092098   0.3744811   -0.079000    0.099000    0.3744000
43951.00  -0.079444   0.094114   0.3713788   -0.082000    0.101000    0.3714000
43952.00  -0.082286   0.096143   0.3683230   -0.084000    0.104000    0.3683000
43953.00  -0.085059   0.098177   0.3652961   -0.087000    0.106000    0.3653000
43954.00  -0.087749   0.100204   0.3622606   -0.090000    0.108000    0.3623000
43955.00  -0.090350   0.102221   0.3591650   -0.093000    0.110000    0.3592000
43956.00  -0.092865   0.104229   0.3559556   -0.096000    0.113000    0.3562000
43957.00  -0.095296   0.106231   0.3525963   -0.098000    0.115000    0.3531000
43958.00  -0.097642   0.108233   0.3490860   -0.101000    0.118000    0.3501000
43959.00  -0.099898   0.110239   0.3454675   -0.104000    0.120000    0.3470000
43960.00  -0.102064   0.112255   0.3418196   -0.106000    0.123000    0.3439000
43961.00  -0.104136   0.114286   0.3382344   -0.109000    0.125000    0.3409000
43962.00  -0.106120   0.116336   0.3347871   -0.111000    0.128000    0.3378000
43963.00  -0.108024   0.118409   0.3315186   -0.114000    0.130000    0.3348000
43964.00  -0.109856   0.120506   0.3284323   -0.116000    0.133000    0.3317000
43965.00  -0.111624   0.122632   0.3255016   -0.118000    0.136000    0.3286000
43966.00  -0.113335   0.124790   0.3226839   -0.120000    0.139000    0.3255000
43967.00  -0.114998   0.126982   0.3199310   -0.123000    0.141000    0.3223000
43968.00  -0.116619   0.129213   0.3171962   -0.125000    0.144000    0.3192000
43969.00  -0.118202   0.131482   0.3144374   -0.127000    0.147000    0.3161000
43970.00  -0.119746   0.133788   0.3116208   -0.129000    0.150000    0.3130000
43971.00  -0.121251   0.136129   0.3087243   -0.131000    0.153000    0.3099000
43972.00  -0.122714   0.138504   0.3057383   -0.133000    0.155000    0.3068000
43973.00  -0.124135   0.140910   0.3026656   -0.135000    0.158000    0.3037000
43974.00  -0.125512   0.143345   0.2995202   -0.137000    0.161000    0.3006000
43975.00  -0.126849   0.145809   0.2963268   -0.139000    0.164000    0.2975000
43976.00  -0.128150   0.148298   0.2931183   -0.141000    0.166000    0.2943000
43977.00  -0.129419   0.150811   0.2899290   -0.142000    0.169000    0.2912000
43978.00  -0.130661   0.153347   0.2867850   -0.144000    0.171000    0.2880000
43979.00  -0.131882   0.155903   0.2836958   -0.146000    0.174000    0.2849000
43980.00  -0.133085   0.158477   0.2806490   -0.148000    0.177000    0.2818000
43981.00  -0.134274   0.161067   0.2776110   -0.149000    0.179000    0.2787000
43982.00  -0.135449   0.163669   0.2745349   -0.151000    0.182000    0.2755000
43983.00  -0.136606   0.166279   0.2713707   -0.152000    0.184000    0.2724000
43984.00  -0.137741   0.168891   0.2680793   -0.154000    0.187000    0.2693000
43985.00  -0.138853   0.171502   0.2646455   -0.155000    0.190000    0.2662000
43986.00  -0.139941   0.174110   0.2610886   -0.157000    0.192000    0.2631000
43987.00  -0.141004   0.176715   0.2574631   -0.158000    0.195000    0.2601000
43988.00  -0.142046   0.179318   0.2538475   -0.160000    0.197000    0.2570000
43989.00  -0.143074   0.181927   0.2503237   -0.161000    0.200000    0.2539000
43990.00  -0.144092   0.184548   0.2469541   -0.162000    0.203000    0.2506000
43991.00  -0.145100   0.187182   0.2437655   -0.163000    0.205000    0.2473000
43992.00  -0.146089   0.189825   0.2407493   -0.164000    0.208000    0.2440000
43993.00  -0.147054   0.192477   0.2378725   -0.165000    0.210000    0.2407000
43994.00  -0.147988   0.195134   0.2350903   -0.142000    0.213000    0.2374000
43995.00  -0.148886   0.197796   0.2323562   -0.143000    0.215000    0.2344000
43996.00  -0.149745   0.200461   0.2296276   -0.143000    0.218000    0.2314000
43997.00  -0.150564   0.203128   0.2268695   -0.144000    0.220000    0.2283000
43998.00  -0.151339   0.205796   0.2240570   -0.144000    0.223000    0.2253000
43999.00  -0.152070   0.208464   0.2211782   -0.145000    0.225000    0.2223000
44000.00  -0.152753   0.211131   0.2182336   -0.145000    0.227000    0.2194000
44001.00  -0.153387   0.213797   0.2152346   -0.146000    0.230000    0.2164000
44002.00  -0.153973   0.216460   0.2122023   -0.146000    0.232000    0.2135000
44003.00  -0.154510   0.219120   0.2091655   -0.147000    0.235000    0.2105000
44004.00  -0.154999   0.221774   0.2061571   -0.147000    0.237000    0.2076000
44005.00  -0.155442   0.224422   0.2032085   -0.147000    0.239000    0.2047000
44006.00  -0.155839   0.227063   0.2003390   -0.148000    0.242000    0.2019000
44007.00  -0.156190   0.229696   0.1975461   -0.148000    0.244000    0.1990000
44008.00  -0.156498   0.232317   0.1948025   -0.149000    0.247000    0.1962000
44009.00  -0.156760   0.234922   0.1920627   -0.149000    0.249000    0.1933000
44010.00  -0.156979   0.237507   0.1892751   -0.149000    0.251000    0.1905000
44011.00  -0.157154   0.240066   0.1863978   -0.149000    0.253000    0.1878000
44012.00  -0.157284   0.242593   0.1834122   -0.149000    0.256000    0.1850000
44013.00  -0.157372   0.245080   0.1803290   -0.149000    0.258000    0.1823000
44014.00  -0.157415   0.247523   0.1771873   -0.149000    0.260000    0.1795000
44015.00  -0.157410   0.249924   0.1740488   -0.149000    0.262000    0.1768000
44016.00  -0.157353   0.252291   0.1709837   -0.149000    0.264000    0.1742000
44017.00  -0.157240   0.254629   0.1680538   -0.149000    0.267000    0.1715000
44018.00  -0.157071   0.256943   0.1652975   -0.149000    0.269000    0.1689000
44019.00  -0.156842   0.259234   0.1627230   -0.149000    0.271000    0.1662000
44020.00  -0.156555   0.261507   0.1603115   -0.149000    0.273000    0.1637000
44021.00  -0.156206   0.263765   0.1580270   -0.149000    0.275000    0.1611000
44022.00  -0.155797   0.266011   0.1558269   -0.148000    0.278000    0.1586000
44023.00  -0.155330   0.268245   0.1536684   -0.148000    0.280000    0.1560000
44024.00  -0.154810   0.270470   0.1515140   -0.148000    0.282000    0.1535000
44025.00  -0.154242   0.272685   0.1493351   -0.147000    0.284000    0.1511000
44026.00  -0.153628   0.274892   0.1471131   -0.147000    0.286000    0.1486000
44027.00  -0.152969   0.277094   0.1448408   -0.146000    0.289000    0.1462000
44028.00  -0.152263   0.279291   0.1425226   -0.146000    0.291000    0.1437000
44029.00  -0.151511   0.281486   0.1401719   -0.145000    0.293000    0.1413000
44030.00  -0.150712   0.283680   0.1378086   -0.144000    0.295000    0.1389000
44031.00  -0.149866   0.285876   0.1354564   -0.143000    0.298000    0.1365000
44032.00  -0.148972   0.288076   0.1331408   -0.142000    0.300000    0.1341000
44033.00  -0.148031   0.290280   0.1308829   -0.141000    0.303000    0.1317000
44034.00  -0.147047   0.292494   0.1286901   -0.140000    0.305000    0.1293000
44035.00  -0.146027   0.294720   0.1265461   -0.139000    0.307000    0.1270000
44036.00  -0.144979   0.296961   0.1244090   -0.138000    0.310000    0.1246000
44037.00  -0.143907   0.299222   0.1222235   -0.137000    0.312000    0.1223000
44038.00  -0.142819   0.301505   0.1199394   -0.136000    0.315000    0.1199000
44039.00  -0.141721   0.303814   0.1175309   -0.135000    0.317000    0.1176000
44040.00  -0.140619   0.306150   0.1150055   -0.134000    0.319000    0.1154000
44041.00  -0.139515   0.308510   0.1124028   -0.133000    0.321000    0.1131000
44042.00  -0.138413   0.310891   0.1097815   -0.132000    0.324000    0.1109000
44043.00  -0.137315   0.313290   0.1072050   -0.131000    0.326000    0.1086000
44044.00  -0.136226   0.315703   0.1047273   -0.130000    0.328000    0.1064000
44045.00  -0.135149   0.318127   0.1023839   -0.129000    0.330000    0.1042000
44046.00  -0.134082   0.320558   0.1001851   -0.128000    0.332000    0.1020000
44047.00  -0.133023   0.322987   0.0981170   -0.126000    0.335000    0.0997000
44048.00  -0.131967   0.325406   0.0961475   -0.125000    0.337000    0.0975000
44049.00  -0.130909   0.327807   0.0942354   -0.124000    0.339000    0.0953000
44050.00  -0.129846   0.330183   0.0923394   -0.123000    0.341000    0.0932000
44051.00  -0.128778   0.332535   0.0904232   -0.122000    0.343000    0.0910000
44052.00  -0.127706   0.334862   0.0884588   -0.120000    0.345000    0.0889000
44053.00  -0.126628   0.337163   0.0864284   -0.119000    0.347000    0.0867000
44054.00  -0.125542   0.339439   0.0843264   -0.118000    0.349000    0.0846000
44055.00  -0.124442   0.341688   0.0821596   -0.117000    0.351000    0.0825000
44056.00  -0.123326   0.343909   0.0799453   -0.116000    0.353000    0.0805000
44057.00  -0.122188   0.346100   0.0777069   -0.114000    0.355000    0.0784000
44058.00  -0.121023   0.348261   0.0754707   -0.113000    0.357000    0.0764000
44059.00  -0.119823   0.350392   0.0732628   -0.112000    0.359000    0.0743000
44060.00  -0.118580   0.352492   0.0711070   -0.111000    0.361000    0.0723000
44061.00  -0.117286   0.354562   0.0690175   -0.109000    0.363000    0.0703000
44062.00  -0.115933   0.356601   0.0669908   -0.108000    0.364000    0.0684000
44063.00  -0.114514   0.358609   0.0649984   -0.106000    0.366000    0.0664000
44064.00  -0.113023   0.360584   0.0629905   -0.105000    0.368000    0.0644000
44065.00  -0.111458   0.362525   0.0609115   -0.103000    0.370000    0.0624000
44066.00  -0.109817   0.364427   0.0587243   -0.101000    0.371000    0.0605000
44067.00  -0.108098   0.366288   0.0564281   -0.100000    0.373000    0.0585000
44068.00  -0.106300   0.368105   0.0540628   -0.098000    0.374000    0.0566000
44069.00  -0.104419   0.369877   0.0516943   -0.096000    0.376000    0.0546000
44070.00  -0.102454   0.371605   0.0493954   -0.094000    0.377000    0.0527000
44071.00  -0.100404   0.373287   0.0472259   -0.092000    0.379000    0.0507000
44072.00  -0.098267   0.374923   0.0452206   -0.090000    0.380000    0.0488000
44073.00  -0.096040   0.376514   0.0433866   -0.088000    0.382000    0.0468000
44074.00  -0.093725   0.378060   0.0417069   -0.086000    0.383000    0.0449000
44075.00  -0.091327   0.379565   0.0401465   -0.084000    0.384000    0.0430000
44076.00  -0.088856   0.381037   0.0386609   -0.081000    0.386000    0.0410000
44077.00  -0.086321   0.382482   0.0372045   -0.079000    0.387000    0.0391000
44078.00  -0.083733   0.383905   0.0357367   -0.075990    0.389000    0.0371000
44079.00  -0.081101   0.385315   0.0342253   -0.074000    0.390000    0.0352000
44080.00  -0.078433   0.386717   0.0326479   -0.071000    0.391000    0.0333000
44081.00  -0.075739   0.388117   0.0309929   -0.069000    0.392000    0.0313990
44082.00  -0.073026   0.389522   0.0292595   -0.066000    0.394000    0.0294000
44083.00  -0.070302   0.390939   0.0274579   -0.064000    0.395000    0.0275000
44084.00  -0.067573   0.392373   0.0256065   -0.061000    0.396000    0.0256000
44085.00  -0.064847   0.393830   0.0237269   -0.058000    0.397000    0.0236000
44086.00  -0.062126   0.395308   0.0218404   -0.055000    0.398000    0.0216000
44087.00  -0.059411   0.396802   0.0199639   -0.053000    0.400000    0.0197000
44088.00  -0.056703   0.398306   0.0181066   -0.050000    0.401000    0.0177000
44089.00  -0.054003   0.399814   0.0162656   -0.047000    0.402000    0.0156990
44090.00  -0.051312   0.401319   0.0144201   -0.044000    0.403000    0.0137000
44091.00  -0.048629   0.402812   0.0125271   -0.041000    0.404000    0.0117000
44092.00  -0.045956   0.404284   0.0105286   -0.039000    0.405000    0.0096000
44093.00  -0.043291   0.405727   0.0083720   -0.035990    0.406000    0.0076000
44094.00  -0.040636   0.407132   0.0060328   -0.033000    0.407000    0.0056000
44095.00  -0.037989   0.408492   0.0035321   -0.030000    0.408000    0.0035000
44096.00  -0.035345   0.409799   0.0009371   -0.027000    0.409000    0.0015000
44097.00  -0.032689   0.411047  -0.0016589   -0.025000    0.409000   -0.0006000
44098.00  -0.030008   0.412228  -0.0041672   -0.022000    0.410000   -0.0026000
44099.00  -0.027287   0.413337  -0.0065267   -0.018990    0.411000   -0.0047000
44100.00  -0.024514   0.414367  -0.0087132   -0.016000    0.412000   -0.0068000
44101.00  -0.021675   0.415312  -0.0107356   -0.013000    0.413000   -0.0089000
44102.00  -0.018775   0.416172  -0.0126275   -0.011000    0.413000   -0.0110000
44103.00  -0.015826   0.416953  -0.0144346   -0.008000    0.414000   -0.0131000
44104.00  -0.012839   0.417659  -0.0162036   -0.005000    0.415000   -0.0152000
44105.00  -0.009828   0.418293  -0.0179767   -0.002000    0.416000   -0.0173000
44106.00  -0.006804   0.418860  -0.0197865    0.000000    0.416000   -0.0194000
44107.00  -0.003779   0.419365  -0.0216552    0.003000    0.417000   -0.0215000
44108.00  -0.000767   0.419812  -0.0235931    0.005000    0.417000   -0.0236000
44109.00   0.002222   0.420205  -0.0255994    0.008000    0.418000   -0.0257000
44110.00   0.005175   0.420548  -0.0276627    0.011000    0.418000   -0.0278000
44111.00   0.008079   0.420847  -0.0297624    0.013000    0.419000   -0.0300000
44112.00   0.010923   0.421105  -0.0318720    0.016000    0.419000   -0.0321000
44113.00   0.013703   0.421323  -0.0339667    0.017990    0.420000   -0.0343000
44114.00   0.016420   0.421501  -0.0360279    0.021000    0.420000   -0.0364000
44115.00   0.019077   0.421639  -0.0380466    0.024000    0.420000   -0.0386000
44116.00   0.021674   0.421735  -0.0400268    0.026000    0.420000   -0.0407000
44117.00   0.024215   0.421790  -0.0419887    0.029000    0.420000   -0.0429000
44118.00   0.026700   0.421802  -0.0439715    0.031000    0.420000   -0.0450000
44119.00   0.029132   0.421771  -0.0460322    0.034000    0.420000   -0.0472000
44120.00   0.031511   0.421697  -0.0482331    0.037000    0.420000   -0.0494000
44121.00   0.033842   0.421579  -0.0506223    0.039000    0.420000   -0.0516000
44122.00   0.036124   0.421415  -0.0532098    0.042000    0.419000   -0.0539000
44123.00   0.038362   0.421208  -0.0559546    0.044000    0.419000   -0.0561000
44124.00   0.040559   0.420956  -0.0587727    0.047000    0.419000   -0.0583000
44125.00   0.042720   0.420659  -0.0615625    0.049000    0.419000   -0.0606000
44126.00   0.044847   0.420319  -0.0642366    0.052000    0.419000   -0.0627990
44127.00   0.046946   0.419936  -0.0667455    0.054000    0.418000   -0.0651000
44128.00   0.049019   0.419508  -0.0690829    0.057000    0.418000   -0.0673000
44129.00   0.051074   0.419032  -0.0712768    0.059000    0.418000   -0.0696000
44130.00   0.053117   0.418502  -0.0733744    0.061000    0.418000   -0.0720000
44131.00   0.055153   0.417912  -0.0754270    0.063000    0.418000   -0.0743000
44132.00   0.057180   0.417258  -0.0774808    0.066000    0.417000   -0.0767000
44133.00   0.059199   0.416536  -0.0795726    0.068000    0.417000   -0.0790000
44134.00   0.061206   0.415743  -0.0817274    0.070000    0.417000   -0.0814000
44135.00   0.063200   0.414878  -0.0839581    0.071990    0.416000   -0.0838000
44136.00   0.065176   0.413944  -0.0862669    0.074000    0.416000   -0.0863000
44137.00   0.067126   0.412949  -0.0886452    0.075990    0.415000   -0.0887000
44138.00   0.069047   0.411900  -0.0910757    0.078000    0.415000   -0.0912000
44139.00   0.070931   0.410806  -0.0935341    0.080000    0.414000   -0.0936000
44140.00   0.072773   0.409675  -0.0959929    0.082000    0.413000   -0.0961000
44141.00   0.074567   0.408515  -0.0984269    0.083000    0.412000   -0.0987000
44142.00   0.076307   0.407335  -0.1008215    0.085000    0.412000   -0.1012000
44143.00   0.077989   0.406142  -0.1031763    0.086000    0.411000   -0.1038000
44144.00   0.079608   0.404944  -0.1055084    0.088000    0.410000   -0.1063000
44145.00   0.081169   0.403754  -0.1078519    0.089000    0.409000   -0.1089000
44146.00   0.082675   0.402580  -0.1102558    0.091000    0.408000   -0.1116000
44147.00   0.084132   0.401428  -0.1127779    0.092000    0.408000   -0.1142000
44148.00   0.085546   0.400303  -0.1154722    0.094000    0.407000   -0.1169000
44149.00   0.086922   0.399210  -0.1183698    0.095000    0.406000   -0.1195000
44150.00   0.088261   0.398147  -0.1214611    0.096000    0.405000   -0.1222000
44151.00   0.089562   0.397110  -0.1246893    0.097000    0.404000   -0.1249000
44152.00   0.090826   0.396094  -0.1279624    0.098000    0.404000   -0.1275000
44153.00   0.092056   0.395093  -0.1311808    0.099000    0.403000   -0.1302000
44154.00   0.093254   0.394100  -0.1342675    0.100000    0.402000   -0.1329000
44155.00   0.094421   0.393111  -0.1371874    0.101000    0.401000   -0.1356000
44156.00   0.095564   0.392119  -0.1399479    0.102000    0.400000   -0.1383000
44157.00   0.096691   0.391120  -0.1425862    0.103000    0.400000   -0.1409000
44158.00   0.097813   0.390111  -0.1451529    0.104000    0.399000   -0.1436000
44159.00   0.098939   0.389088  -0.1476981    0.105000    0.398000   -0.1463000
44160.00   0.100079   0.388046  -0.1502641    0.106000    0.397000   -0.1490000
44161.00   0.101241   0.386981  -0.1528811    0.107000    0.396000   -0.1517000
44162.00   0.102432   0.385888  -0.1555665    0.108000    0.395000   -0.1545000
44163.00   0.103656   0.384759  -0.1583234    0.109000    0.394000   -0.1572000
44164.00   0.104919   0.383589  -0.1611426    0.110000    0.393000   -0.1599000
44165.00   0.106230   0.382375  -0.1640036    0.111000    0.392000   -0.1626000
44166.00   0.107594   0.381114  -0.1668783    0.112000    0.391000   -0.1653000
44167.00   0.109010   0.379805  -0.1697354    0.113000    0.389000   -0.1681000
44168.00   0.110472   0.378448  -0.1725428    0.114000    0.388000   -0.1708000
44169.00   0.111973   0.377043  -0.1752734    0.115000    0.387000   -0.1735000
44170.00   0.113508   0.375592  -0.1779123    0.116000    0.386000   -0.1762000
44171.00   0.115071   0.374096  -0.1804638    0.117000    0.385000   -0.1790000
44172.00   0.116658   0.372558  -0.1829532    0.117000    0.383000   -0.1817000
44173.00   0.118264   0.370981  -0.1854237    0.118000    0.382000   -0.1845000
44174.00   0.119881   0.369370  -0.1879304    0.119000    0.381000   -0.1872000
44175.00   0.121499   0.367730  -0.1905278    0.120000    0.380000   -0.1899000
44176.00   0.123110   0.366067  -0.1932557    0.121000    0.378000   -0.1927000
44177.00   0.124704   0.364386  -0.1961259    0.121000    0.377000   -0.1954000
44178.00   0.126267   0.362696  -0.1991127    0.122000    0.375000   -0.1982000
44179.00   0.127786   0.361002  -0.2021533    0.123000    0.374000   -0.2009000
44180.00   0.129247   0.359310  -0.2051622    0.124000    0.372000   -0.2036000
44181.00   0.130640   0.357627  -0.2080566    0.125000    0.370000   -0.2063000
44182.00   0.131952   0.355957  -0.2107808    0.126000    0.369000   -0.2090000
44183.00   0.133174   0.354305  -0.2133200    0.127000    0.367000   -0.2117000
44184.00   0.134298   0.352671  -0.2156970    0.128000    0.365000   -0.2144000
44185.00   0.135323   0.351057  -0.2179589    0.128990    0.363000   -0.2170000
44186.00   0.136248   0.349458  -0.2201601    0.130000    0.361000   -0.2197000
44187.00   0.137075   0.347869  -0.2223508    0.131000    0.358000   -0.2223000
44188.00   0.137808   0.346286  -0.2245710    0.132000    0.356000   -0.2250000
44189.00   0.138446   0.344704  -0.2268483    0.133000    0.354000   -0.2276000
44190.00   0.138994   0.343119  -0.2291972    0.134000    0.352000   -0.2302000
44191.00   0.139451   0.341524  -0.2316187    0.135000    0.350000   -0.2328000
44192.00   0.139821   0.339914  -0.2341023    0.135000    0.347000   -0.2355000
44193.00   0.140103   0.338282  -0.2366291    0.136000    0.345000   -0.2381000
44194.00   0.140302   0.336622  -0.2391737    0.136990    0.343000   -0.2407000
44195.00   0.140426   0.334928  -0.2417079    0.138000    0.341000   -0.2433000
44196.00   0.140482   0.333196  -0.2442046    0.138000    0.339000   -0.2459000
44197.00   0.140477   0.331420  -0.2466437    0.139000    0.336000   -0.2485000
44198.00   0.140419   0.329595  -0.2490207    0.139000    0.334000   -0.2511000
44199.00   0.140318   0.327721  -0.2513531    0.140000    0.332000   -0.2536990
44200.00   0.140180   0.325795  -0.2536803    0.140000    0.330000   -0.2563000
44201.00   0.140012   0.323818  -0.2560557    0.140000    0.328000   -0.2588990
44202.00   0.139821   0.321787  -0.2585334    0.141000    0.324990   -0.2615000
44203.00   0.139611   0.319701  -0.2611536    0.141000    0.323000   -0.2641000
44204.00   0.139390   0.317562  -0.2639311    0.141000    0.321000   -0.2667000
44205.00   0.139167   0.315386  -0.2668483    0.141000    0.319000   -0.2693000
44206.00   0.138953   0.313192  -0.2698572    0.141000    0.316000   -0.2718000
44207.00   0.138753   0.310995  -0.2728880    0.141000    0.314000   -0.2744000
44208.00   0.138573   0.308809  -0.2758646    0.141000    0.310990   -0.2769000
44209.00   0.138418   0.306639  -0.2787243    0.141000    0.308990   -0.2795000
44210.00   0.138289   0.304489  -0.2814329    0.141000    0.307000   -0.2821000
44211.00   0.138190   0.302360  -0.2839919    0.141000    0.305000   -0.2846000
44212.00   0.138124   0.300255  -0.2864315    0.140000    0.303000   -0.2872000
44213.00   0.138091   0.298174  -0.2887981    0.140000    0.301000   -0.2897000
44214.00   0.138089   0.296114  -0.2911396    0.140000    0.299000   -0.2923000
44215.00   0.138117   0.294075  -0.2934961    0.140000    0.297000   -0.2949000
44216.00   0.138168   0.292058  -0.2958970    0.140000    0.294990   -0.2974000
44217.00   0.138238   0.290066  -0.2983595    0.139000    0.293000   -0.3000000
44218.00   0.138320   0.288099  -0.3008881    0.139000    0.291000   -0.3025000
44219.00   0.138410   0.286159  -0.3034748    0.139000    0.289000   -0.3051000
44220.00   0.138505   0.284248  -0.3061010    0.139000    0.287000   -0.3076000
44221.00   0.138603   0.282368  -0.3087421    0.138000    0.285000   -0.3102000
44222.00   0.138703   0.280516  -0.3113708    0.138000    0.283000   -0.3127000
44223.00   0.138805   0.278690  -0.3139607    0.136990    0.280990   -0.3153000
44224.00   0.138909   0.276887  -0.3164895    0.136990    0.279000   -0.3178000
44225.00   0.139014   0.275106  -0.3189447    0.136990    0.277000   -0.3203000
44226.00   0.139120   0.273342  -0.3213305    0.136000    0.275000   -0.3229000
44227.00   0.139225   0.271595  -0.3236743    0.136000    0.273990   -0.3254000
44228.00   0.139326   0.269861  -0.3260234    0.135000    0.272000   -0.3280000
44229.00   0.139418   0.268135  -0.3284335    0.135000    0.270000   -0.3305000
44230.00   0.139498   0.266416  -0.3309502    0.134000    0.268000   -0.3330000
44231.00   0.139560   0.264700  -0.3335935    0.134000    0.266000   -0.3355000
44232.00   0.139603   0.262986  -0.3363494    0.133000    0.264000   -0.3380000
44233.00   0.139621   0.261273  -0.3391744    0.133000    0.262000   -0.3405000
44234.00   0.139611   0.259557  -0.3420076    0.132000    0.260000   -0.3430000
44235.00   0.139569   0.257838  -0.3447863    0.131000    0.257990   -0.3455000
44236.00   0.139492   0.256114  -0.3474594    0.131000    0.256000   -0.3480000
44237.00   0.139373   0.254387  -0.3499978    0.130000    0.255000   -0.3506000
44238.00   0.139205   0.252659  -0.3524007    0.130000    0.253000   -0.3531000
44239.00   0.138980   0.250935   0.6453058    0.128990    0.250990    0.6444000
44240.00   0.138693   0.249216   0.6430784    0.128000    0.249000    0.6419000
44241.00   0.138335   0.247506   0.6408691    0.127000    0.247000    0.6394000
44242.00   0.137902   0.245807   0.6386352    0.127000    0.246000    0.6368000
44243.00   0.137395   0.244120   0.6363457    0.126000    0.244000    0.6343000
44244.00   0.136811   0.242446   0.6339818    0.125000    0.242000    0.6318000
44245.00   0.136151   0.240786   0.6315374    0.124000    0.240000    0.6293000
44246.00   0.135413   0.239142   0.6290184    0.123000    0.239000    0.6267000
44247.00   0.134598   0.237513   0.6264412    0.122000    0.237000    0.6242000
44248.00   0.133709   0.235902   0.6238294    0.121000    0.236000    0.6216000
44249.00   0.132757   0.234310   0.6212086    0.120000    0.234000    0.6191000
44250.00   0.131748   0.232740   0.6186020    0.119000    0.232000    0.6166000
44251.00   0.130692   0.231191   0.6160289    0.118000    0.231000    0.6141000
44252.00   0.129593   0.229665   0.6135018    0.116000    0.229000    0.6115000
44253.00   0.128457   0.228159   0.6110210    0.115000    0.228000    0.6090000
44254.00   0.127290   0.226672   0.6085683    0.114000    0.226000    0.6065000
44255.00   0.126096   0.225205   0.6061039    0.113000    0.224000    0.6040000
44256.00   0.124881   0.223755   0.6035730    0.111000    0.223000    0.6015000
44257.00   0.123646   0.222321   0.6009239    0.110000    0.221000    0.5989000
44258.00   0.122392   0.220902   0.5981297    0.108000    0.220000    0.5964000
44259.00   0.121118   0.219496   0.5952043    0.107000    0.218000    0.5939000
44260.00   0.119821   0.218103   0.5922023    0.106000    0.216000    0.5914000
44261.00   0.118501   0.216720   0.5892033    0.104000    0.215000    0.5889000
44262.00   0.117150   0.215348   0.5862886    0.103000    0.213000    0.5863000
44263.00   0.115758   0.213987   0.5835214    0.101000    0.212000    0.5838000
44264.00   0.114323   0.212638   0.5809352    0.100000    0.210000    0.5813000
44265.00   0.112841   0.211304   0.5785319    0.099000    0.209000    0.5788000
44266.00   0.111310   0.209984   0.5762861    0.097000    0.207000    0.5764000
44267.00   0.109728   0.208682   0.5741545    0.096000    0.206000    0.5739000
44268.00   0.108092   0.207398   0.5720865    0.094000    0.204000    0.5715000
44269.00   0.106402   0.206132   0.5700354    0.093000    0.203000    0.5690000
44270.00   0.104655   0.204884   0.5679641    0.092000    0.202000    0.5665000
44271.00   0.102851   0.203651   0.5658492    0.090000    0.201000    0.5641000
44272.00   0.100993   0.202433   0.5636796    0.089000    0.199000    0.5616000
44273.00   0.099091   0.201231   0.5614565    0.087000    0.198000    0.5592000
44274.00   0.097155   0.200045   0.5591909    0.086000    0.197000    0.5567000
44275.00   0.095195   0.198875   0.5569018    0.085000    0.196000    0.5543000
44276.00   0.093226   0.197723   0.5546116    0.084000    0.195000    0.5519000
44277.00   0.091266   0.196591   0.5523411    0.083000    0.193000    0.5494000
44278.00   0.089333   0.195479   0.5501051    0.082000    0.192000    0.5470000
44279.00   0.087446   0.194388   0.5479092    0.081000    0.191000    0.5446000
44280.00   0.085620   0.193319   0.5457478    0.080000    0.190000    0.5422000
44281.00   0.083873   0.192271   0.5436007    0.079000    0.189000    0.5397000
44282.00   0.082218   0.191244   0.5414283    0.079000    0.188000    0.5373000
44283.00   0.080651   0.190240   0.5391704    0.078000    0.187000    0.5348000
44284.00   0.079166   0.189260   0.5367591    0.077000    0.186000    0.5324000
44285.00   0.077756   0.188305   0.5341446    0.075990    0.185000    0.5300000
44286.00   0.076414   0.187376   0.5313165    0.075000    0.184000    0.5276000
44287.00   0.075131   0.186474   0.5283146    0.075000    0.184000    0.5251000
44288.00   0.073900   0.185601   0.5252221    0.074000    0.183000    0.5227000
44289.00   0.072715   0.184756   0.5221418    0.073000    0.182000    0.5202990
44290.00   0.071567   0.183944   0.5191657    0.071990    0.181000    0.5179000
44291.00   0.070449   0.183165   0.5163523    0.071000    0.180000    0.5155000
44292.00   0.069354   0.182425   0.5137186    0.071000    0.180000    0.5130000
44293.00   0.068273   0.181726   0.5112459    0.070000    0.179000    0.5105990
44294.00   0.067199   0.181072   0.5088943    0.069000    0.178000    0.5082000
44295.00   0.066122   0.180469   0.5066145    0.068000    0.177000    0.5058000
44296.00   0.065033   0.179919   0.5043588    0.067000    0.177000    0.5034000
44297.00   0.063923   0.179427   0.5020888    0.067000    0.176000    0.5010000
44298.00   0.062782   0.178993   0.4997791    0.066000    0.176000    0.4986000
44299.00   0.061603   0.178619   0.4974185    0.065000    0.175000    0.4962000
44300.00   0.060380   0.178307   0.4950075    0.064000    0.175000    0.4938000
44301.00   0.059110   0.178054   0.4925570    0.063000    0.175000    0.4913000
44302.00   0.057789   0.177863   0.4900871    0.062000    0.175000    0.4889000
44303.00   0.056416   0.177730   0.4876240    0.061000    0.175000    0.4864000
44304.00   0.054990   0.177653   0.4851957    0.060000    0.175000    0.4840000
44305.00   0.053512   0.177625   0.4828251    0.059000    0.175000    0.4815000
44306.00   0.051987   0.177643   0.4805241    0.057000    0.175000    0.4790000
44307.00   0.050421   0.177702   0.4782909    0.056000    0.176000    0.4766000
44308.00   0.048818   0.177795   0.4761094    0.054000    0.176000    0.4741000
44309.00   0.047184   0.177919   0.4739461    0.053000    0.176000    0.4716000
44310.00   0.045521   0.178073   0.4717485    0.052000    0.176000    0.4691000
44311.00   0.043833   0.178255   0.4694499    0.050000    0.177000    0.4666000
44312.00   0.042121   0.178468   0.4669834    0.049000    0.177000    0.4641000
44313.00   0.040391   0.178710   0.4643042    0.047000    0.178000    0.4616000
44314.00   0.038646   0.178983   0.4614115    0.046000    0.178000    0.4591000
44315.00   0.036890   0.179286   0.4583594    0.044000    0.179000    0.4566000
44316.00   0.035126   0.179618   0.4552437    0.042000    0.179000    0.4541000
44317.00   0.033358   0.179979   0.4521716    0.041000    0.180000    0.4515000
44318.00   0.031588   0.180365   0.4492286    0.039000    0.180000    0.4490000
44319.00   0.029816   0.180776   0.4464563    0.037000    0.181000    0.4465000
44320.00   0.028044   0.181209   0.4438491    0.035000    0.182000    0.4439000
44321.00   0.026277   0.181661   0.4413673    0.033000    0.182000    0.4413000
44322.00   0.024517   0.182131   0.4389552    0.032000    0.183000    0.4388000
44323.00   0.022769   0.182616   0.4365571    0.030000    0.183000    0.4362000
44324.00   0.021032   0.183114   0.4341277    0.028000    0.184000    0.4336000
44325.00   0.019308   0.183625   0.4316361    0.026000    0.185000    0.4310000
44326.00   0.017596   0.184149   0.4290667    0.024000    0.186000    0.4284000
44327.00   0.015900   0.184683   0.4264192    0.021000    0.186000    0.4258000
44328.00   0.014225   0.185227   0.4237058    0.018990    0.187000    0.4232000
44329.00   0.012573   0.185779   0.4209487    0.017000    0.188000    0.4206000
44330.00   0.010942   0.186341   0.4181764    0.014000    0.189000    0.4180000
44331.00   0.009330   0.186913   0.4154210    0.012000    0.190000    0.4154000
44332.00   0.007732   0.187499   0.4127132    0.008990    0.191000    0.4127000
44333.00   0.006145   0.188098   0.4100757    0.007000    0.192000    0.4101000
44334.00   0.004564   0.188713   0.4075181    0.004000    0.193000    0.4075000
44335.00   0.002985   0.189344   0.4050339    0.002000    0.194000    0.4049000
44336.00   0.001404   0.189993   0.4025986    0.000000    0.195000    0.4022000
44337.00  -0.000184   0.190657   0.4001715   -0.003000    0.196000    0.3996000
44338.00  -0.001784   0.191338   0.3976986   -0.005000    0.197000    0.3969000
44339.00  -0.003399   0.192036   0.3951184   -0.007000    0.198000    0.3943000
44340.00  -0.005035   0.192749   0.3923766   -0.008990    0.199000    0.3916000
44341.00  -0.006693   0.193480   0.3894468   -0.011000    0.200000    0.3889000
44342.00  -0.008371   0.194228   0.3863481   -0.012000    0.202000    0.3863000
44343.00  -0.010064   0.194996   0.3831491   -0.014000    0.203000    0.3836000
44344.00  -0.011767   0.195783   0.3799519   -0.016000    0.204000    0.3809000
44345.00  -0.013473   0.196591   0.3768602   -0.017990    0.205000    0.3782000
44346.00  -0.015173   0.197424   0.3739470   -0.018990    0.206000    0.3756000
44347.00  -0.016861   0.198283   0.3712357   -0.021000    0.208000    0.3729000
44348.00  -0.018531   0.199172   0.3687020   -0.022000    0.209000    0.3703000
44349.00  -0.020180   0.200093   0.3662917   -0.024000    0.210000    0.3676000
44350.00  -0.021803   0.201050   0.3639420   -0.025000    0.211000    0.3650000
44351.00  -0.023391   0.202038   0.3615979   -0.027000    0.213000    0.3623000
44352.00  -0.024933   0.203054   0.3592189   -0.028000    0.214000    0.3597000
44353.00  -0.026421   0.204098   0.3567803   -0.030000    0.216000    0.3570000
44354.00  -0.027852   0.205166   0.3542727   -0.031000    0.217000    0.3544000
44355.00  -0.029222   0.206260   0.3517004   -0.032000    0.218000    0.3518000
44356.00  -0.030530   0.207376   0.3490794   -0.033000    0.220000    0.3492000
44357.00  -0.031780   0.208512   0.3464344   -0.035000    0.221000    0.3465000
44358.00  -0.032974   0.209662   0.3437946   -0.035990    0.223000    0.3439000
44359.00  -0.034117   0.210823   0.3411890   -0.037000    0.224000    0.3413000
44360.00  -0.035211   0.211990   0.3386427   -0.037990    0.225000    0.3387000
44361.00  -0.036260   0.213160   0.3361710   -0.039000    0.226000    0.3362000
44362.00  -0.037268   0.214328   0.3337745   -0.040000    0.228000    0.3336000
44363.00  -0.038237   0.215493   0.3314354   -0.041000    0.229000    0.3311000
44364.00  -0.039170   0.216651   0.3291184   -0.042000    0.230000    0.3285000
44365.00  -0.040070   0.217799   0.3267747   -0.043000    0.231000    0.3260000
44366.00  -0.040940   0.218938   0.3243499   -0.044000    0.232000    0.3235000
44367.00  -0.041786   0.220064   0.3217946   -0.044000    0.234000    0.3210000
44368.00  -0.042610   0.221179   0.3190770   -0.045000    0.235000    0.3185000
44369.00  -0.043412   0.222281   0.3161979   -0.046000    0.236000    0.3160000
44370.00  -0.044191   0.223371   0.3131995   -0.047000    0.237000    0.3135000
44371.00  -0.044944   0.224447   0.3101614   -0.047000    0.238000    0.3111000
44372.00  -0.045667   0.225511   0.3071817   -0.048000    0.240000    0.3086000
44373.00  -0.046356   0.226563   0.3043487   -0.048000    0.241000    0.3062000
44374.00  -0.047008   0.227603   0.3017146   -0.049000    0.242000    0.3037000
44375.00  -0.047627   0.228634   0.2992833   -0.050000    0.243000    0.3014000
44376.00  -0.048213   0.229657   0.2970177   -0.050000    0.244000    0.2990000
44377.00  -0.048768   0.230674   0.2948597   -0.051000    0.245000    0.2967000
44378.00  -0.049291   0.231685   0.2927505   -0.051000    0.246000    0.2943000
44379.00  -0.049783   0.232689   0.2906432   -0.052000    0.247000    0.2920000
44380.00  -0.050242   0.233687   0.2885074   -0.052000    0.248000    0.2897000
44381.00  -0.050670   0.234679   0.2863292   -0.052000    0.249000    0.2874000
44382.00  -0.051071   0.235667   0.2841089   -0.053000    0.250000    0.2852000
44383.00  -0.051448   0.236653   0.2818591   -0.053000    0.250990    0.2829000
44384.00  -0.051806   0.237638   0.2796014   -0.053000    0.252000    0.2806000
44385.00  -0.052152   0.238627   0.2773624   -0.053000    0.253000    0.2784000
44386.00  -0.052492   0.239621   0.2751687   -0.053000    0.254000    0.2762000
44387.00  -0.052829   0.240622   0.2730435   -0.054000    0.255000    0.2741000
44388.00  -0.053166   0.241634   0.2710025   -0.054000    0.256000    0.2719000
44389.00  -0.053503   0.242657   0.2690501   -0.054000    0.257000    0.2697000
44390.00  -0.053835   0.243694   0.2671735   -0.054000    0.257990    0.2676000
44391.00  -0.054155   0.244745   0.2653405   -0.054000    0.259000    0.2655000
44392.00  -0.054454   0.245810   0.2635027   -0.054000    0.260000    0.2634000
44393.00  -0.054729   0.246888   0.2616043   -0.054000    0.261000    0.2613000
44394.00  -0.054978   0.247978   0.2595953   -0.054000    0.262000    0.2592000
44395.00  -0.055198   0.249076   0.2574431   -0.054000    0.263000    0.2572000
44396.00  -0.055390   0.250181   0.2551422   -0.054000    0.264000    0.2551000
44397.00  -0.055555   0.251291   0.2527187   -0.054000    0.264000    0.2531000
44398.00  -0.055697   0.252403   0.2502291   -0.054000    0.264990    0.2509990
44399.00  -0.055819   0.253518   0.2477506   -0.054000    0.266000    0.2490000
44400.00  -0.055929   0.254635   0.2453624   -0.054000    0.266990    0.2470000
44401.00  -0.056030   0.255754   0.2431236   -0.054000    0.268000    0.2451000
44402.00  -0.056121   0.256876   0.2410578   -0.053000    0.268000    0.2431000
44403.00  -0.056197   0.258000   0.2391486   -0.053000    0.269000    0.2412000
44404.00  -0.056252   0.259130   0.2373506   -0.053000    0.270000    0.2392000
44405.00  -0.056283   0.260267   0.2356071   -0.053000    0.271000    0.2373000
44406.00  -0.056288   0.261414   0.2338680   -0.053000    0.271000    0.2355000
44407.00  -0.056263   0.262575   0.2320990   -0.052000    0.272000    0.2336000
44408.00  -0.056206   0.263751   0.2302829   -0.052000    0.272000    0.2318000
44409.00  -0.056120   0.264944   0.2284177   -0.052000    0.273000    0.2299000
44410.00  -0.056007   0.266154   0.2265144   -0.051000    0.273990    0.2281000
44411.00  -0.055869   0.267379   0.2245938   -0.051000    0.273990    0.2263000
44412.00  -0.055710   0.268620   0.2226833   -0.050000    0.275000    0.2245000
44413.00  -0.055531   0.269874   0.2208110   -0.050000    0.275000    0.2227000
44414.00  -0.055334   0.271140   0.2190006   -0.049000    0.276000    0.2209000
44415.00  -0.055118   0.272416   0.2172690   -0.048000    0.277000    0.2192000
44416.00  -0.054881   0.273700   0.2156238   -0.048000    0.277000    0.2175000
44417.00  -0.054612   0.274989   0.2140596   -0.047000    0.278000    0.2157000
44418.00  -0.054299   0.276282   0.2125530   -0.047000    0.278000    0.2140000
44419.00  -0.053930   0.277574   0.2110616   -0.046000    0.279000    0.2123000
44420.00  -0.053497   0.278865   0.2095287   -0.045000    0.280000    0.2106000
44421.00  -0.052996   0.280150   0.2078977   -0.044000    0.280000    0.2089000
44422.00  -0.052422   0.281429   0.2061299   -0.044000    0.280990    0.2073000
44423.00  -0.051780   0.282702   0.2042170   -0.043000    0.280990    0.2056000
44424.00  -0.051095   0.283971   0.2021850   -0.042000    0.282000    0.2039000
44425.00  -0.050384   0.285238   0.2000888   -0.041000    0.283000    0.2022000
44426.00  -0.049652   0.286501   0.1980003   -0.041000    0.283000    0.2006000
44427.00  -0.048902   0.287755   0.1959907   -0.040000    0.284000    0.1989000
44428.00  -0.048137   0.288998   0.1941150   -0.040000    0.284000    0.1973000
44429.00  -0.047357   0.290226   0.1924001   -0.039000    0.285000    0.1956000
44430.00  -0.046564   0.291435   0.1908393   -0.037990    0.286000    0.1939000
44431.00  -0.045762   0.292623   0.1893957   -0.037990    0.287000    0.1923000
44432.00  -0.044962   0.293793   0.1880149   -0.037000    0.287000    0.1906000
44433.00  -0.044175   0.294946   0.1866427   -0.037000    0.287990    0.1890000
44434.00  -0.043412   0.296085   0.1852377   -0.035990    0.289000    0.1873000
44435.00  -0.042680   0.297212   0.1837753   -0.035000    0.290000    0.1857000
44436.00  -0.041982   0.298330   0.1822469   -0.035000    0.291000    0.1841000
44437.00  -0.041317   0.299440   0.1806576   -0.034000    0.291000    0.1824000
44438.00  -0.040682   0.300543   0.1790231   -0.034000    0.292000    0.1808000
44439.00  -0.040070   0.301639   0.1773670   -0.033000    0.293000    0.1792000
44440.00  -0.039481   0.302728   0.1757154   -0.032000    0.294000    0.1776000
44441.00  -0.038915   0.303805   0.1740930   -0.032000    0.294000    0.1760000
44442.00  -0.038378   0.304868   0.1725194   -0.031000    0.294990    0.1743000
44443.00  -0.037876   0.305911   0.1710052   -0.031000    0.294990    0.1727000
44444.00  -0.037416   0.306930   0.1695499   -0.030000    0.296000    0.1711000
44445.00  -0.037005   0.307918   0.1681384   -0.030000    0.297000    0.1695000
44446.00  -0.036652   0.308869   0.1667384   -0.029000    0.297000    0.1679000
44447.00  -0.036373   0.309774   0.1653007   -0.029000    0.298000    0.1662000
44448.00  -0.036176   0.310620   0.1637689   -0.028000    0.298000    0.1646000
44449.00  -0.036043   0.311387   0.1620941   -0.028000    0.299000    0.1630000
44450.00  -0.035959   0.312081   0.1602557   -0.028000    0.299000    0.1614000
44451.00  -0.035911   0.312715   0.1582745   -0.027000    0.300000    0.1598000
44452.00  -0.035885   0.313299   0.1562108   -0.027000    0.300000    0.1581000
44453.00  -0.035873   0.313843   0.1541461   -0.026000    0.301000    0.1565000
44454.00  -0.035866   0.314353   0.1521605   -0.026000    0.301000    0.1549000
44455.00  -0.035856   0.314838   0.1503126   -0.026000    0.301990    0.1533000
44456.00  -0.035834   0.315303   0.1486280   -0.025000    0.301990    0.1517000
44457.00  -0.035796   0.315753   0.1470977   -0.025000    0.303000    0.1500000
44458.00  -0.035736   0.316194   0.1456845   -0.024000    0.303000    0.1484000
44459.00  -0.035652   0.316631   0.1443340   -0.024000    0.303990    0.1468000
44460.00  -0.035543   0.317071   0.1429894   -0.024000    0.305000    0.1451000
44461.00  -0.035410   0.317518   0.1416036   -0.023000    0.305000    0.1435000
44462.00  -0.035258   0.317974   0.1401463   -0.023000    0.306000    0.1418000
44463.00  -0.035091   0.318443   0.1386056   -0.022000    0.306000    0.1402000
44464.00  -0.034914   0.318927   0.1369849   -0.022000    0.307000    0.1385000
44465.00  -0.034730   0.319428   0.1352991   -0.022000    0.308000    0.1368000
44466.00  -0.034545   0.319948   0.1335716   -0.021000    0.308000    0.1351000
44467.00  -0.034361   0.320488   0.1318295   -0.021000    0.308990    0.1333000
44468.00  -0.034185   0.321048   0.1300996   -0.020000    0.308990    0.1316000
44469.00  -0.034021   0.321629   0.1284021   -0.020000    0.310000    0.1298990
44470.00  -0.033876   0.322231   0.1267463   -0.020000    0.310990    0.1280990
44471.00  -0.033753   0.322852   0.1251295   -0.020000    0.310990    0.1263000
44472.00  -0.033655   0.323491   0.1235369   -0.018990    0.312000    0.1244000
44473.00  -0.033585   0.324146   0.1219387   -0.018990    0.312000    0.1226000
44474.00  -0.033544   0.324811   0.1202889   -0.018990    0.313000    0.1208000
44475.00  -0.033532   0.325482   0.1185273   -0.018990    0.313000    0.1189000
44476.00  -0.033545   0.326154   0.1165928   -0.018990    0.314000    0.1170000
44477.00  -0.033575   0.326823   0.1144442   -0.017990    0.314000    0.1151000
44478.00  -0.033616   0.327484   0.1120823   -0.017990    0.315000    0.1132000
44479.00  -0.033658   0.328135   0.1095587   -0.017990    0.315000    0.1113000
44480.00  -0.033692   0.328774   0.1069650   -0.017990    0.315000    0.1093000
44481.00  -0.033706   0.329403   0.1044053   -0.017990    0.316000    0.1073000
44482.00  -0.033692   0.330022   0.1019650   -0.017000    0.316000    0.1052000
44483.00  -0.033648   0.330632   0.0996895   -0.017000    0.317000    0.1032000
44484.00  -0.033568   0.331235   0.0975787   -0.017000    0.317000    0.1012000
44485.00  -0.033449   0.331832   0.0955965   -0.017000    0.317990    0.0991000
44486.00  -0.033291   0.332424   0.0936871   -0.016000    0.317990    0.0969000
44487.00  -0.033093   0.333013   0.0917909   -0.016000    0.319000    0.0948000
44488.00  -0.032856   0.333598   0.0898578   -0.015000    0.319000    0.0926000
44489.00  -0.032585   0.334183   0.0878542   -0.015000    0.320000    0.0905000
44490.00  -0.032281   0.334766   0.0857654   -0.015000    0.321000    0.0883000
44491.00  -0.031950   0.335350   0.0835940   -0.014000    0.321000    0.0861000
44492.00  -0.031593   0.335936   0.0813562   -0.014000    0.322000    0.0838000
44493.00  -0.031215   0.336526   0.0790771   -0.013000    0.322000    0.0816000
44494.00  -0.030818   0.337119   0.0767870   -0.013000    0.323000    0.0794000
44495.00  -0.030404   0.337719   0.0745165   -0.013000    0.324000    0.0771000
44496.00  -0.029974   0.338327   0.0722922   -0.012000    0.324000    0.0748000
44497.00  -0.029527   0.338943   0.0701300   -0.012000    0.324990    0.0724000
44498.00  -0.029065   0.339567   0.0680318   -0.011000    0.324990    0.0701000
44499.00  -0.028584   0.340199   0.0659849   -0.011000    0.326000    0.0678000
44500.00  -0.028086   0.340837   0.0639626   -0.011000    0.327000    0.0653990
44501.00  -0.027570   0.341480   0.0619229   -0.010000    0.327000    0.0630000
44502.00  -0.027034   0.342124   0.0598094   -0.010000    0.328000    0.0607000
44503.00  -0.026481   0.342766   0.0575568   -0.008990    0.328000    0.0583000
44504.00  -0.025918   0.343399   0.0551051   -0.008990    0.329000    0.0559000
44505.00  -0.025350   0.344019   0.0524227   -0.008990    0.330000    0.0534000
44506.00  -0.024784   0.344617   0.0495267   -0.008000    0.331000    0.0510000
44507.00  -0.024228   0.345183   0.0464885   -0.008000    0.332000    0.0485000
44508.00  -0.023692   0.345704   0.0434152   -0.007000    0.333000    0.0461000
44509.00  -0.023185   0.346167   0.0404165   -0.007000    0.334000    0.0436000
44510.00  -0.022722   0.346558   0.0375738   -0.007000    0.335000    0.0411000
44511.00  -0.022320   0.346877   0.0349343   -0.007000    0.336000    0.0385000
44512.00  -0.021988   0.347173   0.0324995   -0.006000    0.337000    0.0360000
44513.00  -0.021717   0.347498   0.0302196   -0.006000    0.338000    0.0334000
44514.00  -0.021472   0.347867   0.0280224   -0.006000    0.339000    0.0309000
44515.00  -0.021217   0.348281   0.0258395   -0.006000    0.340000    0.0283000
44516.00  -0.020922   0.348738   0.0236201   -0.006000    0.341000    0.0258000
44517.00  -0.020573   0.349238   0.0213366   -0.005000    0.341000    0.0232000
44518.00  -0.020162   0.349784   0.0189812   -0.005000    0.342000    0.0207000
44519.00  -0.019683   0.350378   0.0165613   -0.005000    0.343000    0.0181000
44520.00  -0.019138   0.351018   0.0140960   -0.005000    0.344000    0.0155000
44521.00  -0.018535   0.351705   0.0116109   -0.005000    0.345000    0.0129000
44522.00  -0.017881   0.352436   0.0091350   -0.004000    0.345000    0.0103000
44523.00  -0.017190   0.353206   0.0066954   -0.004000    0.346000    0.0077000
44524.00  -0.016473   0.354013   0.0043126   -0.004000    0.347000    0.0051000
44525.00  -0.015748   0.354848   0.0019960   -0.004000    0.348000    0.0025000
44526.00  -0.015032   0.355706  -0.0002604   -0.004000    0.349000   -0.0002000
44527.00  -0.014340   0.356578  -0.0024781   -0.004000    0.349000   -0.0028000
44528.00  -0.013690   0.357455  -0.0046917   -0.004000    0.350000   -0.0055000
44529.00  -0.013099   0.358326  -0.0069477   -0.004000    0.351000   -0.0081000
44530.00  -0.012591   0.359173  -0.0093009   -0.004000    0.352000   -0.0108000
44531.00  -0.012196   0.359957  -0.0118060   -0.004000    0.353000   -0.0135000
44532.00  -0.011860   0.360634  -0.0145143   -0.004000    0.353000   -0.0161000
44533.00  -0.011534   0.361203  -0.0174444   -0.004000    0.354000   -0.0188000
44534.00  -0.011167   0.361676  -0.0205670   -0.004000    0.355000   -0.0215000
44535.00  -0.010731   0.362085  -0.0237945   -0.004000    0.356000   -0.0242000
44536.00  -0.010254   0.362467  -0.0270050   -0.004000    0.357000   -0.0268000
44537.00  -0.009746   0.362830  -0.0300888   -0.005000    0.358000   -0.0295000
44538.00  -0.009207   0.363175  -0.0329788   -0.005000    0.359000   -0.0321000
44539.00  -0.008637   0.363503  -0.0356645   -0.005000    0.360000   -0.0348000
44540.00  -0.008038   0.363816  -0.0381850   -0.005000    0.361000   -0.0375000
44541.00  -0.007413   0.364115  -0.0406058   -0.006000    0.362000   -0.0402000
44542.00  -0.006765   0.364402  -0.0429935   -0.006000    0.363000   -0.0428000
44543.00  -0.006092   0.364677  -0.0453991   -0.007000    0.364000   -0.0455000
44544.00  -0.005390   0.364943  -0.0478520   -0.007000    0.365000   -0.0482000
44545.00  -0.004658   0.365200  -0.0503616   -0.007000    0.366000   -0.0508000
44546.00  -0.003896   0.365451  -0.0529205   -0.007000    0.366000   -0.0534000
44547.00  -0.003106   0.365698  -0.0555091   -0.006000    0.367000   -0.0560000
44548.00  -0.002287   0.365945  -0.0581001   -0.006000    0.367000   -0.0586000
44549.00  -0.001437   0.366193  -0.0606628   -0.006000    0.368000   -0.0612000
44550.00  -0.000553   0.366443  -0.0631675   -0.006000    0.369000   -0.0638000
44551.00   0.000371   0.366696  -0.0655907   -0.005000    0.369000   -0.0664000
44552.00   0.001340   0.366953  -0.0679193   -0.005000    0.370000   -0.0689000
44553.00   0.002361   0.367214  -0.0701540   -0.004000    0.370000   -0.0715000
44554.00   0.003438   0.367480  -0.0723119   -0.004000    0.371000   -0.0741000
44555.00   0.004576   0.367750  -0.0744269   -0.003000    0.371000   -0.0767000
44556.00   0.005773   0.368025  -0.0765465   -0.002000    0.372000   -0.0792000
44557.00   0.007027   0.368305  -0.0787259   -0.002000    0.372000   -0.0818000
44558.00   0.008338   0.368590  -0.0810214   -0.001000    0.373000   -0.0843000
44559.00   0.009704   0.368879  -0.0834809    0.000000    0.373000   -0.0869000
44560.00   0.011124   0.369171  -0.0861313    0.001000    0.373000   -0.0894000
44561.00   0.012595   0.369466  -0.0889644    0.002000    0.374000   -0.0919000
44562.00   0.014116   0.369758  -0.0919282    0.004000    0.374000   -0.0945000
44563.00   0.015682   0.370042  -0.0949346    0.005000    0.375000   -0.0970000
44564.00   0.017292   0.370316  -0.0978809    0.006000    0.375000   -0.0995000
44565.00   0.018944   0.370574  -0.1006828    0.007000    0.375000   -0.1020000
44566.00   0.020631   0.370816  -0.1033006    0.008000    0.376000   -0.1045000
44567.00   0.022349   0.371039  -0.1057468    0.010000    0.376000   -0.1069000
44568.00   0.024091   0.371242  -0.1080740    0.011000    0.377000   -0.1094000
44569.00   0.025851   0.371423  -0.1103500    0.012000    0.377000   -0.1119000
44570.00   0.027614   0.371580  -0.1126341    0.013000    0.377000   -0.1143000
44571.00   0.029368   0.371712  -0.1149645    0.014000    0.377000   -0.1168000
44572.00   0.031095   0.371818  -0.1173563    0.016000    0.378000   -0.1192000
44573.00   0.032776   0.371896  -0.1198056    0.017000    0.378000   -0.1217000
44574.00   0.034394   0.371947  -0.1222956    0.018000    0.378000   -0.1241000
44575.00   0.035930   0.371968  -0.1248005    0.019000    0.378000   -0.1265000
44576.00   0.037371   0.371959  -0.1272907    0.021000    0.378000   -0.1289000
44577.00   0.038728   0.371917  -0.1297379    0.022000    0.377000   -0.1314000
44578.00   0.040017   0.371841  -0.1321190    0.024000    0.377000   -0.1338000
44579.00   0.041254   0.371728  -0.1344185    0.025000    0.377000   -0.1362000
44580.00   0.042454   0.371577  -0.1366321    0.026000    0.377000   -0.1386000
44581.00   0.043634   0.371385  -0.1387701    0.028000    0.376000   -0.1410000
44582.00   0.044806   0.371153  -0.1408587    0.029000    0.376000   -0.1434000
44583.00   0.045978   0.370882  -0.1429387    0.031000    0.375000   -0.1458000
44584.00   0.047160   0.370575  -0.1450613    0.032000    0.375000   -0.1482000
44585.00   0.048360   0.370233  -0.1472792    0.033000    0.374000   -0.1506000
44586.00   0.049583   0.369860  -0.1496355    0.034000    0.374000   -0.1530000
44587.00   0.050829   0.369458  -0.1521542    0.036000    0.373000   -0.1553000
44588.00   0.052094   0.369033  -0.1548320    0.037000    0.373000   -0.1577000
44589.00   0.053373   0.368587  -0.1576339    0.038000    0.372000   -0.1601000
44590.00   0.054663   0.368127  -0.1604947    0.039000    0.371000   -0.1625000
44591.00   0.055958   0.367656  -0.1633315    0.040000    0.371000   -0.1649000
44592.00   0.057255   0.367181  -0.1660643    0.042000    0.370000   -0.1672000
44593.00   0.058546   0.366708  -0.1686409    0.043000    0.370000   -0.1696000
44594.00   0.059819   0.366243  -0.1710521    0.044000    0.369000   -0.1720000
44595.00   0.061068   0.365777  -0.1733318    0.045000    0.368000   -0.1744000
44596.00   0.062292   0.365303  -0.1755406    0.046000    0.368000   -0.1768000
44597.00   0.063487   0.364811  -0.1777423    0.048000    0.367000   -0.1791000
44598.00   0.064652   0.364297  -0.1799847    0.049000    0.367000   -0.1815000
44599.00   0.065782   0.363758  -0.1822914    0.050000    0.366000   -0.1839000
44600.00   0.066876   0.363194  -0.1846637    0.051000    0.365000   -0.1863000
44601.00   0.067929   0.362608  -0.1870873    0.052000    0.364000   -0.1886000
44602.00   0.068940   0.362000  -0.1895385    0.053000    0.364000   -0.1910000
44603.00   0.069905   0.361371  -0.1919885    0.054000    0.363000   -0.1933000
44604.00   0.070820   0.360722  -0.1944082    0.055000    0.362000   -0.1957000
44605.00   0.071683   0.360054  -0.1967724    0.056000    0.361000   -0.1981000
44606.00   0.072490   0.359365  -0.1990643    0.057000    0.360000   -0.2004000
44607.00   0.073235   0.358658  -0.2012778    0.057000    0.360000   -0.2028000
44608.00   0.073915   0.357930  -0.2034193    0.058000    0.359000   -0.2051000
44609.00   0.074525   0.357183  -0.2055098    0.059000    0.358000   -0.2075000
44610.00   0.075064   0.356414  -0.2075860    0.060000    0.357000   -0.2099000
44611.00   0.075536   0.355623  -0.2096986    0.060000    0.356000   -0.2122000
44612.00   0.075945   0.354805  -0.2119034    0.061000    0.355000   -0.2146000
44613.00   0.076296   0.353958  -0.2142488    0.061000    0.354000   -0.2169000
44614.00   0.076594   0.353079  -0.2167605    0.062000    0.353000   -0.2193000
44615.00   0.076842   0.352166  -0.2194331    0.062000    0.352000   -0.2216000
44616.00   0.077049   0.351219  -0.2222276    0.063000    0.351000   -0.2239000
44617.00   0.077220   0.350241  -0.2250792    0.063000    0.350000   -0.2263000
44618.00   0.077364   0.349233  -0.2279115    0.064000    0.349000   -0.2286000
44619.00   0.077487   0.348200  -0.2306522    0.064000    0.348000   -0.2309000
44620.00   0.077597   0.347144  -0.2332501    0.064000    0.347000   -0.2332000
44621.00   0.077698   0.346074  -0.2356873    0.065000    0.346000   -0.2355000
44622.00   0.077796   0.345000  -0.2379834    0.065000    0.346000   -0.2379000
44623.00   0.077897   0.343929  -0.2401875    0.066000    0.345000   -0.2402000
44624.00   0.078006   0.342872  -0.2423598    0.066000    0.344000   -0.2425000
44625.00   0.078128   0.341837  -0.2445519    0.066000    0.343000   -0.2448000
44626.00   0.078270   0.340832  -0.2467935    0.067000    0.342000   -0.2471000
44627.00   0.078438   0.339867  -0.2490897    0.067000    0.342000   -0.2493000
44628.00   0.078639   0.338947  -0.2514260    0.068000    0.341000   -0.2516000
44629.00   0.078874   0.338070  -0.2537780    0.068000    0.340000   -0.2539000
44630.00   0.079143   0.337230  -0.2561161    0.068000    0.339000   -0.2562000
44631.00   0.079447   0.336422  -0.2584095    0.069000    0.339000   -0.2584000
44632.00   0.079787   0.335641  -0.2606311    0.069000    0.338000   -0.2607000
44633.00   0.080160   0.334884  -0.2627623    0.070000    0.338000   -0.2629000
44634.00   0.080567   0.334149  -0.2647967    0.070000    0.337000   -0.2652000
44635.00   0.081002   0.333433  -0.2667414    0.070000    0.336000   -0.2674000
44636.00   0.081459   0.332735  -0.2686169    0.071000    0.335000   -0.2697000
44637.00   0.081926   0.332049  -0.2704577    0.071000    0.335000   -0.2719000
44638.00   0.082394   0.331372  -0.2723128    0.072000    0.334000   -0.2742000
44639.00   0.082853   0.330701  -0.2742421    0.072000    0.333000   -0.2764000
44640.00   0.083296   0.330031  -0.2763049    0.073000    0.332000   -0.2787000
44641.00   0.083721   0.329357  -0.2785419    0.073000    0.331000   -0.2810000
44642.00   0.084131   0.328675  -0.2809579    0.074000    0.330000   -0.2833000
44643.00   0.084534   0.327978  -0.2835154    0.074000    0.329000   -0.2856000
44644.00   0.084935   0.327264  -0.2861427    0.075000    0.328000   -0.2879000
44645.00   0.085339   0.326526  -0.2887526    0.076000    0.327000   -0.2902000
44646.00   0.085753   0.325761  -0.2912661    0.076000    0.326000   -0.2925000
44647.00   0.086171   0.324966  -0.2936321    0.077000    0.325000   -0.2949000
44648.00   0.086582   0.324142  -0.2958376    0.077000    0.324000   -0.2972000
44649.00   0.086975   0.323288  -0.2979063    0.078000    0.323000   -0.2995000
44650.00   0.087342   0.322406  -0.2998904    0.079000    0.322000   -0.3019000
44651.00   0.087683   0.321500  -0.3018556    0.079000    0.321000   -0.3043000
44652.00   0.087995   0.320574  -0.3038641    0.080000    0.320000   -0.3066000
44653.00   0.088275   0.319631  -0.3059601    0.080000    0.319000   -0.3090000
44654.00   0.088523   0.318674  -0.3081632    0.081000    0.318000   -0.3114000
44655.00   0.088735   0.317707  -0.3104694    0.082000    0.317000   -0.3138000
44656.00   0.088911   0.316734  -0.3128585    0.082000    0.316000   -0.3162000
44657.00   0.089055   0.315759  -0.3153014    0.083000    0.315000   -0.3187000
44658.00   0.089169   0.314787  -0.3177663    0.083000    0.314000   -0.3211000
44659.00   0.089258   0.313822  -0.3202234    0.084000    0.313000   -0.3235000
44660.00   0.089324   0.312869  -0.3226500    0.084000    0.312000   -0.3260000
44661.00   0.089374   0.311931  -0.3250343    0.085000    0.311000   -0.3285000
44662.00   0.089414   0.311013  -0.3273788    0.085000    0.311000   -0.3309000
44663.00   0.089444   0.310118  -0.3297000    0.086000    0.310000   -0.3334000
44664.00   0.089465   0.309250  -0.3320271    0.086000    0.309000   -0.3359000
44665.00   0.089485   0.308410  -0.3343997    0.086000    0.308000   -0.3384000
44666.00   0.089511   0.307600  -0.3368684    0.087000    0.307000   -0.3410000
44667.00   0.089556   0.306819  -0.3394912    0.087000    0.307000   -0.3435000
44668.00   0.089628   0.306068  -0.3423190    0.088000    0.306000   -0.3461000
44669.00   0.089735   0.305347  -0.3453741    0.088000    0.305000   -0.3486000
44670.00   0.089884   0.304656  -0.3486333    0.088000    0.304000   -0.3512000
44671.00   0.090081   0.303995  -0.3520246    0.088000    0.303000   -0.3537000
44672.00   0.090330   0.303357  -0.3554424    0.089000    0.303000   -0.3563000
44673.00   0.090635   0.302736  -0.3587773    0.089000    0.302000   -0.3588000
44674.00   0.090999   0.302126  -0.3619463    0.089000    0.301000   -0.3614000
44675.00   0.091420   0.301521  -0.3649125    0.089000    0.300000   -0.3640000
44676.00   0.091892   0.300917  -0.3676865    0.089000    0.299000   -0.3666000
44677.00   0.092409   0.300309  -0.3703147    0.089000    0.299000   -0.3691000
44678.00   0.092963   0.299696  -0.3728610    0.089000    0.298000   -0.3717000
44679.00   0.093548   0.299077  -0.3753878    0.089000    0.297000   -0.3743000
44680.00   0.094158   0.298450  -0.3779422    0.089000    0.296000   -0.3769000
44681.00   0.094786   0.297814  -0.3805484    0.089000    0.296000   -0.3795000
44682.00   0.095427   0.297169  -0.3832082    0.089000    0.295000   -0.3821000
44683.00   0.096077   0.296513  -0.3859045    0.089000    0.295000   -0.3847000
44684.00   0.096730   0.295846  -0.3886086    0.089000    0.294000   -0.3873000
44685.00   0.097382   0.295168  -0.3912862    0.089000    0.293000   -0.3899000
44686.00   0.098029   0.294476  -0.3939040    0.089000    0.292000   -0.3926000
44687.00   0.098666   0.293764  -0.3964337    0.089000    0.292000   -0.3952000
44688.00   0.099288   0.293029  -0.3988580    0.089000    0.291000   -0.3979000
44689.00   0.099892   0.292266  -0.4011740    0.089000    0.290000   -0.4005000
44690.00   0.100472   0.291472  -0.4033956    0.089000    0.289000   -0.4031000
44691.00   0.101022   0.290643  -0.4055526    0.089000    0.288000   -0.4058000
44692.00   0.101536   0.289778  -0.4076876    0.088000    0.288000   -0.4084000
44693.00   0.102008   0.288877  -0.4098543    0.088000    0.287000   -0.4111000
44694.00   0.102433   0.287939  -0.4121152    0.088000    0.286000   -0.4137000
44695.00   0.102804   0.286963  -0.4145355    0.088000    0.285000   -0.4164000
44696.00   0.103118   0.285951  -0.4171670    0.088000    0.284000   -0.4191000
44697.00   0.103374   0.284904  -0.4200277    0.087000    0.283000   -0.4217000
44698.00   0.103570   0.283826  -0.4230844    0.087000    0.282000   -0.4244000
44699.00   0.103706   0.282720  -0.4262527    0.087000    0.281000   -0.4271000
44700.00   0.103787   0.281591  -0.4294194    0.087000    0.280000   -0.4298000
44701.00   0.103815   0.280444  -0.4324794    0.087000    0.279000   -0.4326000
44702.00   0.103796   0.279284  -0.4353684    0.087000    0.279000   -0.4353000
44703.00   0.103731   0.278118  -0.4380784    0.087000    0.278000   -0.4381000
44704.00   0.103622   0.276950  -0.4406514    0.087000    0.277000   -0.4408000
44705.00   0.103472   0.275789  -0.4431571    0.087000    0.276000   -0.4435000
44706.00   0.103281   0.274641  -0.4456681    0.087000    0.276000   -0.4462000
44707.00   0.103048   0.273513  -0.4482414    0.087000    0.275000   -0.4490000
44708.00   0.102772   0.272412  -0.4509090    0.087000    0.275000   -0.4517000
44709.00   0.102451   0.271342  -0.4536782    0.087000    0.274000   -0.4544000
44710.00   0.102084   0.270310  -0.4565359    0.087000    0.273000   -0.4571000
44711.00   0.101671   0.269319  -0.4594538    0.087000    0.273000   -0.4598000
44712.00   0.101215   0.268373  -0.4623949    0.087000    0.272000   -0.4626000
44713.00   0.100723   0.267472  -0.4653187    0.087000    0.272000   -0.4653000
44714.00   0.100204   0.266611  -0.4681860    0.087000    0.271000   -0.4680000
44715.00   0.099670   0.265784  -0.4709654    0.087000    0.270000   -0.4707000
44716.00   0.099132   0.264986  -0.4736384    0.087000    0.270000   -0.4734000
44717.00   0.098598   0.264212  -0.4762027    0.087000    0.269000   -0.4761000
44718.00   0.098078   0.263458  -0.4786745    0.087000    0.269000   -0.4788000
44719.00   0.097577   0.262721  -0.4810851    0.087000    0.268000   -0.4815000
44720.00   0.097098   0.262000  -0.4834781    0.087000    0.267000   -0.4841000
44721.00   0.096643   0.261292  -0.4859053    0.087000    0.266000   -0.4868000
44722.00   0.096213   0.260597  -0.4884219    0.087000    0.266000   -0.4894000
44723.00   0.095810   0.259912  -0.4910793    0.087000    0.265000   -0.4921000
44724.00   0.095437   0.259235  -0.4939106    0.087000    0.264000   -0.4947000
44725.00   0.095099   0.258566  -0.4969117    0.087000    0.263000   -0.4973000
44726.00   0.094796   0.257901  -0.5000299    0.087000    0.263000   -0.4999000
44727.00   0.094526   0.257240  -0.5031687    0.086000    0.262000   -0.5025000
44728.00   0.094287   0.256579  -0.5062135    0.086000    0.262000   -0.5051000
44729.00   0.094077   0.255917  -0.5090697    0.086000    0.261000   -0.5077000
44730.00   0.093897   0.255250  -0.5116939    0.086000    0.260000   -0.5102000
44731.00   0.093746   0.254576  -0.5141026    0.086000    0.259000   -0.5127000
44732.00   0.093621   0.253891  -0.5163592    0.086000    0.259000   -0.5153000
44733.00   0.093517   0.253193  -0.5185444    0.086000    0.258000   -0.5178000
44734.00   0.093428   0.252480  -0.5207305    0.086000    0.257000   -0.5203000
44735.00   0.093349   0.251752  -0.5229648    0.086000    0.256000   -0.5227000
44736.00   0.093274   0.251007  -0.5252670    0.086000    0.255000   -0.5251000
44737.00   0.093197   0.250245  -0.5276341    0.086000    0.255000   -0.5276000
44738.00   0.093113   0.249466  -0.5300478    0.086000    0.254000   -0.5300000
44739.00   0.093014   0.248669  -0.5324811    0.086000    0.253000   -0.5324000
44740.00   0.092896   0.247853  -0.5349032    0.086000    0.252000   -0.5348000
44741.00   0.092753   0.247018  -0.5372836    0.086000    0.251000   -0.5371000
44742.00   0.092580   0.246162  -0.5395967    0.086000    0.251000   -0.5395000
44743.00   0.092374   0.245286  -0.5418269    0.086000    0.250000   -0.5418000
44744.00   0.092128   0.244389  -0.5439719    0.086000    0.249000   -0.5442000
44745.00   0.091841   0.243473  -0.5460448    0.086000    0.248000   -0.5465000
44746.00   0.091507   0.242539  -0.5480747    0.086000    0.247000   -0.5488000
44747.00   0.091128   0.241590  -0.5501027    0.086000    0.246000   -0.5511000
44748.00   0.090703   0.240630  -0.5521769    0.086000    0.245000   -0.5534000
44749.00   0.090233   0.239660  -0.5543473    0.086000    0.244000   -0.5557000
44750.00   0.089719   0.238686  -0.5566596    0.086000    0.243000   -0.5580000
44751.00   0.089165   0.237709  -0.5591475    0.086000    0.242000   -0.5602000
44752.00   0.088574   0.236737  -0.5618204    0.085000    0.241000   -0.5625000
44753.00   0.087953   0.235775  -0.5646512    0.085000    0.240000   -0.5647000
44754.00   0.087307   0.234829  -0.5675712    0.085000    0.239000   -0.5670000
44755.00   0.086642   0.233906  -0.5704801    0.085000    0.238000   -0.5692000
44756.00   0.085963   0.233012  -0.5732731    0.085000    0.237000   -0.5713000
44757.00   0.085277   0.232152  -0.5758756    0.085000    0.236000   -0.5735000
44758.00   0.084589   0.231328  -0.5782669    0.085000    0.235000   -0.5756000
44759.00   0.083908   0.230536  -0.5804817    0.085000    0.234000   -0.5778000
44760.00   0.083242   0.229771  -0.5825897    0.085000    0.233000   -0.5799000
44761.00   0.082595   0.229030  -0.5846656    0.085000    0.232000   -0.5819000
44762.00   0.081969   0.228306  -0.5867638    0.084000    0.232000   -0.5840000
44763.00   0.081359   0.227593  -0.5889077    0.084000    0.231000   -0.5860000
44764.00   0.080762   0.226886  -0.5910926    0.084000    0.230000   -0.5881000
44765.00   0.080177   0.226178  -0.5932950    0.084000    0.229000   -0.5900000
44766.00   0.079601   0.225466  -0.5954823    0.083000    0.228000   -0.5920000
44767.00   0.079033   0.224744  -0.5976188    0.083000    0.227000   -0.5939000
44768.00   0.078473   0.224009  -0.5996709    0.082000    0.226000   -0.5959000
44769.00   0.077923   0.223258  -0.6016105    0.082000    0.225000   -0.5978000
44770.00   0.077383   0.222489  -0.6034192    0.082000    0.224000   -0.5996000
44771.00   0.076854   0.221699  -0.6050920    0.081000    0.223000   -0.6014000
44772.00   0.076331   0.220890  -0.6066392    0.081000    0.223000   -0.6033000
44773.00   0.075810   0.220065  -0.6080868    0.080000    0.222000   -0.6051000
44774.00   0.075287   0.219227  -0.6094747    0.080000    0.221000   -0.6069000
44775.00   0.074760   0.218381  -0.6108528    0.080000    0.220000   -0.6086000
44776.00   0.074228   0.217529  -0.6122734    0.079000    0.219000   -0.6103000
44777.00   0.073692   0.216671  -0.6137833    0.079000    0.218000   -0.6120000
44778.00   0.073151   0.215806  -0.6154147    0.078000    0.217000   -0.6137000
44779.00   0.072607   0.214934  -0.6171786    0.078000    0.216000   -0.6154000
44780.00   0.072064   0.214053  -0.6190588    0.078000    0.215000   -0.6170000
44781.00   0.071529   0.213163  -0.6210088    0.077000    0.214000   -0.6186000
44782.00   0.071005   0.212264  -0.6229551    0.077000    0.213000   -0.6201000
44783.00   0.070500   0.211356  -0.6248128    0.076000    0.212000   -0.6217000
44784.00   0.070017   0.210444  -0.6265089    0.076000    0.211000   -0.6233000
44785.00   0.069562   0.209527  -0.6280070    0.076000    0.210000   -0.6248000
44786.00   0.069135   0.208610   0.3706787    0.075000    0.209000    0.3738000
44787.00   0.068727   0.207692   0.3694899    0.075000    0.208000    0.3723000
44788.00   0.068327   0.206774   0.3683480    0.074000    0.207000    0.3709000
44789.00   0.067935   0.205857   0.3671843    0.074000    0.206000    0.3694000
44790.00   0.067552   0.204942   0.3659587    0.073000    0.205000    0.3680000
44791.00   0.067176   0.204031   0.3646653    0.073000    0.204000    0.3666000
44792.00   0.066808   0.203123   0.3633237    0.072000    0.204000    0.3651000
44793.00   0.066442   0.202222   0.3619672    0.072000    0.203000    0.3637000
44794.00   0.066073   0.201328   0.3606327    0.071000    0.202000    0.3623000
44795.00   0.065696   0.200444   0.3593538    0.070000    0.201000    0.3609000
44796.00   0.065302   0.199571   0.3581575    0.069000    0.200000    0.3596000
44797.00   0.064885   0.198710   0.3570599    0.069000    0.200000    0.3582000
44798.00   0.064440   0.197866   0.3560642    0.068000    0.199000    0.3569000
44799.00   0.063959   0.197041   0.3551590    0.067000    0.198000    0.3555000
44800.00   0.063435   0.196238   0.3543187    0.066000    0.197000    0.3542000
44801.00   0.062865   0.195458   0.3535035    0.065000    0.196000    0.3529000
44802.00   0.062243   0.194704   0.3526621    0.064000    0.196000    0.3515000
44803.00   0.061567   0.193973   0.3517366    0.063000    0.195000    0.3502000
44804.00   0.060837   0.193262   0.3506726    0.062000    0.194000    0.3489000
44805.00   0.060054   0.192568   0.3494308    0.061000    0.193000    0.3476000
44806.00   0.059219   0.191888   0.3479970    0.060000    0.193000    0.3462000
44807.00   0.058334   0.191218   0.3463884    0.059000    0.192000    0.3449000
44808.00   0.057398   0.190553   0.3446521    0.058000    0.192000    0.3435000
44809.00   0.056412   0.189891   0.3428561    0.057000    0.191000    0.3422000
44810.00   0.055375   0.189230   0.3410767    0.056000    0.190000    0.3408000
44811.00   0.054287   0.188569   0.3393814    0.055000    0.190000    0.3394000
44812.00   0.053147   0.187908   0.3378102    0.054000    0.189000    0.3380000
44813.00   0.051952   0.187248   0.3363637    0.053000    0.189000    0.3366000
44814.00   0.050703   0.186592   0.3350022    0.052000    0.188000    0.3352000
44815.00   0.049399   0.185946   0.3336592    0.051000    0.187000    0.3337000
44816.00   0.048043   0.185316   0.3322658    0.050000    0.187000    0.3323000
44817.00   0.046639   0.184711   0.3307738    0.049000    0.186000    0.3308000
44818.00   0.045190   0.184134   0.3291684    0.048000    0.186000    0.3294000
44819.00   0.043700   0.183590   0.3274667    0.047000    0.185000    0.3279000
44820.00   0.042171   0.183082   0.3257067    0.046000    0.185000    0.3264000
44821.00   0.040604   0.182613   0.3239344    0.045000    0.184000    0.3250000
44822.00   0.039001   0.182187   0.3221940    0.043000    0.184000    0.3235000
44823.00   0.037364   0.181810   0.3205223    0.042000    0.183000    0.3221000
44824.00   0.035693   0.181488   0.3189449    0.041000    0.183000    0.3206000
44825.00   0.033992   0.181224   0.3174735    0.040000    0.183000    0.3191000
44826.00   0.032265   0.181021   0.3161045    0.038000    0.183000    0.3176000
44827.00   0.030516   0.180881   0.3148191    0.037000    0.182000    0.3161000
44828.00   0.028750   0.180802   0.3135857    0.035000    0.182000    0.3146000
44829.00   0.026974   0.180777   0.3123613    0.034000    0.182000    0.3131000
44830.00   0.025195   0.180800   0.3110942    0.033000    0.182000    0.3116000
44831.00   0.023416   0.180862   0.3097288    0.031000    0.182000    0.3100000
44832.00   0.021640   0.180959   0.3082181    0.030000    0.181000    0.3085000
44833.00   0.019869   0.181085   0.3065392    0.028000    0.181000    0.3069000
44834.00   0.018106   0.181235   0.3047050    0.027000    0.181000    0.3054000
44835.00   0.016361   0.181406   0.3027657    0.025000    0.181000    0.3038000
44836.00   0.014640   0.181598   0.3007986    0.024000    0.181000    0.3022000
44837.00   0.012948   0.181808   0.2988884    0.022000    0.181000    0.3006000
44838.00   0.011288   0.182037   0.2971055    0.021000    0.181000    0.2990000
44839.00   0.009661   0.182284   0.2954891    0.019000    0.181000    0.2974000
44840.00   0.008067   0.182551   0.2940387    0.017000    0.181000    0.2958000
44841.00   0.006502   0.182837   0.2927164    0.016000    0.181000    0.2941000
44842.00   0.004967   0.183144   0.2914576    0.014000    0.182000    0.2925000
44843.00   0.003459   0.183472   0.2901894    0.013000    0.182000    0.2908000
44844.00   0.001971   0.183822   0.2888507    0.011000    0.182000    0.2892000
44845.00   0.000498   0.184192   0.2874083    0.009000    0.182000    0.2875000
44846.00  -0.000964   0.184580   0.2858615    0.008000    0.182000    0.2858000
44847.00  -0.002421   0.184983   0.2842370    0.006000    0.183000    0.2841000
44848.00  -0.003878   0.185399   0.2825765    0.005000    0.183000    0.2824000
44849.00  -0.005341   0.185825   0.2809244    0.003000    0.183000    0.2807000
44850.00  -0.006820   0.186262   0.2793189    0.001000    0.183000    0.2789000
44851.00  -0.008321   0.186711   0.2777869    0.000000    0.184000    0.2771000
44852.00  -0.009847   0.187177   0.2763411   -0.002000    0.184000    0.2754000
44853.00  -0.011401   0.187664   0.2749774   -0.003000    0.185000    0.2736000
44854.00  -0.012986   0.188175   0.2736749   -0.005000    0.185000    0.2718000
44855.00  -0.014601   0.188708   0.2723988   -0.007000    0.186000    0.2699000
44856.00  -0.016248   0.189263   0.2711036   -0.008000    0.186000    0.2681000
44857.00  -0.017925   0.189838   0.2697354   -0.010000    0.187000    0.2662000
44858.00  -0.019633   0.190433   0.2682354   -0.011000    0.187000    0.2644000
44859.00  -0.021374   0.191049   0.2665468   -0.013000    0.188000    0.2625000
44860.00  -0.023145   0.191686   0.2646284   -0.015000    0.189000    0.2606000
44861.00  -0.024947   0.192346   0.2624718   -0.016000    0.190000    0.2586000
44862.00  -0.026777   0.193028   0.2601132   -0.018000    0.191000    0.2567000
44863.00  -0.028635   0.193735   0.2576309   -0.019000    0.192000    0.2547000
44864.00  -0.030519   0.194466   0.2551270   -0.021000    0.193000    0.2528000
44865.00  -0.032426   0.195223   0.2526969   -0.023000    0.194000    0.2508000
44866.00  -0.034352   0.196006   0.2504021   -0.024000    0.195000    0.2488000
44867.00  -0.036297   0.196814   0.2482567   -0.026000    0.197000    0.2467000
44868.00  -0.038258   0.197645   0.2462289   -0.027000    0.198000    0.2447000
44869.00  -0.040233   0.198500   0.2442564   -0.029000    0.199000    0.2427000
44870.00  -0.042219   0.199377   0.2422674   -0.031000    0.200000    0.2406000
44871.00  -0.044215   0.200276   0.2402008   -0.033000    0.201000    0.2385000
44872.00  -0.046217   0.201196   0.2380198   -0.034000    0.203000    0.2365000
44873.00  -0.048222   0.202137   0.2357184   -0.036000    0.204000    0.2344000
44874.00  -0.050225   0.203100   0.2333195   -0.038000    0.205000    0.2323000
44875.00  -0.052222   0.204084   0.2308657   -0.040000    0.206000    0.2301000
44876.00  -0.054203   0.205092   0.2284081   -0.042000    0.207000    0.2279000
44877.00  -0.056160   0.206123   0.2259958   -0.043000    0.209000    0.2258000
44878.00  -0.058084   0.207180   0.2236689   -0.045000    0.210000    0.2236000
44879.00  -0.059970   0.208266   0.2214526   -0.047000    0.211000    0.2214000
44880.00  -0.061812   0.209382   0.2193548   -0.049000    0.212000    0.2192000
44881.00  -0.063603   0.210532   0.2173644   -0.050000    0.213000    0.2169000
44882.00  -0.065341   0.211718   0.2154516   -0.052000    0.215000    0.2147000
44883.00  -0.067020   0.212941   0.2135733   -0.053000    0.216000    0.2124000
44884.00  -0.068636   0.214202   0.2116786   -0.055000    0.217000    0.2102000
44885.00  -0.070186   0.215504   0.2097112   -0.056000    0.218000    0.2079000
44886.00  -0.071670   0.216846   0.2076132   -0.058000    0.219000    0.2056000
44887.00  -0.073087   0.218228   0.2053325   -0.059000    0.221000    0.2032000
44888.00  -0.074442   0.219649   0.2028375   -0.061000    0.222000    0.2009000
44889.00  -0.075740   0.221105   0.2001341   -0.062000    0.223000    0.1986000
44890.00  -0.076987   0.222593   0.1972769   -0.063000    0.224000    0.1962000
44891.00  -0.078189   0.224110   0.1943629   -0.064000    0.226000    0.1939000
44892.00  -0.079350   0.225653   0.1915051   -0.066000    0.227000    0.1915000
44893.00  -0.080477   0.227218   0.1887956   -0.067000    0.229000    0.1892000
44894.00  -0.081573   0.228801   0.1862774   -0.068000    0.230000    0.1868000
44895.00  -0.082642   0.230398   0.1839350   -0.069000    0.231000    0.1844000
44896.00  -0.083687   0.232006   0.1817077   -0.070000    0.233000    0.1820000
44897.00  -0.084709   0.233618   0.1795157   -0.072000    0.234000    0.1797000
44898.00  -0.085710   0.235233   0.1772865   -0.073000    0.236000    0.1773000
44899.00  -0.086693   0.236845   0.1749720   -0.074000    0.237000    0.1749000
44900.00  -0.087659   0.238452   0.1725556   -0.075000    0.239000    0.1725000
44901.00  -0.088611   0.240050   0.1700496   -0.076000    0.240000    0.1700000
44902.00  -0.089553   0.241637   0.1674868   -0.078000    0.242000    0.1676000
44903.00  -0.090490   0.243214   0.1649119   -0.079000    0.243000    0.1651000
44904.00  -0.091427   0.244778   0.1623716   -0.080000    0.245000    0.1627000
44905.00  -0.092366   0.246330   0.1599077   -0.081000    0.247000    0.1603000
44906.00  -0.093305   0.247871   0.1575515   -0.082000    0.248000    0.1579000
44907.00  -0.094240   0.249406   0.1553197   -0.083000    0.250000    0.1554000
44908.00  -0.095166   0.250935   0.1532109   -0.084000    0.251000    0.1530000
44909.00  -0.096079   0.252462   0.1512050   -0.085000    0.253000    0.1506000
44910.00  -0.096977   0.253991   0.1492653   -0.086000    0.255000    0.1482000
44911.00  -0.097855   0.255525   0.1473445   -0.087000    0.257000    0.1459000
44912.00  -0.098712   0.257066   0.1453902   -0.087000    0.258000    0.1435000
44913.00  -0.099541   0.258616   0.1433488   -0.088000    0.260000    0.1412000
44914.00  -0.100337   0.260174   0.1411696   -0.089000    0.262000    0.1388000
44915.00  -0.101093   0.261743   0.1388120   -0.090000    0.264000    0.1365000
44916.00  -0.101804   0.263326   0.1362590   -0.090000    0.266000    0.1342000
44917.00  -0.102468   0.264926   0.1335327   -0.091000    0.268000    0.1319000
44918.00  -0.103083   0.266547   0.1307020   -0.091000    0.270000    0.1296000
44919.00  -0.103648   0.268194   0.1278706   -0.092000    0.272000    0.1273000
44920.00  -0.104163   0.269872   0.1251477   -0.093000    0.274000    0.1250000
44921.00  -0.104631   0.271582   0.1226108   -0.093000    0.276000    0.1228000
44922.00  -0.105057   0.273331   0.1202790   -0.094000    0.278000    0.1205000
44923.00  -0.105442   0.275117   0.1181126   -0.094000    0.280000    0.1183000
44924.00  -0.105788   0.276940   0.1160345   -0.095000    0.282000    0.1160000
44925.00  -0.106093   0.278798   0.1139627   -0.096000    0.284000    0.1138000
44926.00  -0.106359   0.280687   0.1118375   -0.096000    0.286000    0.1115000
44927.00  -0.106590   0.282607   0.1096341   -0.097000    0.288000    0.1093000
44928.00  -0.106792   0.284556   0.1073603   -0.097000    0.290000    0.1070000
44929.00  -0.106971   0.286533   0.1050456   -0.098000    0.292000    0.1048000
44930.00  -0.107133   0.288535   0.1027286   -0.099000    0.294000    0.1026000
44931.00  -0.107280   0.290560   0.1004497   -0.099000    0.296000    0.1004000
44932.00  -0.107416   0.292608   0.0982459   -0.100000    0.299000    0.0982000
44933.00  -0.107540   0.294677   0.0961454   -0.100000    0.301000    0.0960000
44934.00  -0.107648   0.296764   0.0941645   -0.101000    0.303000    0.0938000
44935.00  -0.107733   0.298869   0.0923040   -0.101000    0.305000    0.0916000
44936.00  -0.107791   0.300991   0.0905479   -0.102000    0.307000    0.0894000
44937.00  -0.107815   0.303127   0.0888633   -0.102000    0.310000    0.0872000
44938.00  -0.107800   0.305278   0.0872040   -0.103000    0.312000    0.0850000
44939.00  -0.107740   0.307440   0.0855165   -0.103000    0.314000    0.0828000
44940.00  -0.107632   0.309614   0.0837467   -0.103000    0.314000    0.0806000
44941.00  -0.107476   0.311800   0.0818456   -0.103000    0.314000    0.0785000
44942.00  -0.107274   0.314001   0.0797734   -0.104000    0.314000    0.0763000
44943.00  -0.107030   0.316218   0.0775061   -0.104000    0.314000    0.0742000
44944.00  -0.106757   0.318450   0.0750458   -0.104000    0.314000    0.0720000
44945.00  -0.106473   0.320697   0.0724298   -0.104000    0.318000    0.0699000
44946.00  -0.106199   0.322958   0.0697333   -0.104000    0.323000    0.0677000
44947.00  -0.105953   0.325231   0.0670535   -0.104000    0.327000    0.0656000
44948.00  -0.105744   0.327514   0.0644823   -0.104000    0.332000    0.0634000
44949.00  -0.105574   0.329807   0.0620725   -0.104000    0.336000    0.0613000
44950.00  -0.105442   0.332106   0.0598174   -0.104000    0.338000    0.0592000
44951.00  -0.105335   0.334407   0.0576587   -0.104000    0.340000    0.0570000
44952.00  -0.105240   0.336708   0.0555139   -0.103000    0.342000    0.0549000
44953.00  -0.105141   0.339004   0.0533108   -0.103000    0.344000    0.0527000
44954.00  -0.105022   0.341291   0.0510120   -0.103000    0.346000    0.0506000
44955.00  -0.104869   0.343568   0.0486201   -0.102000    0.348000    0.0485000
44956.00  -0.104667   0.345832   0.0461677   -0.102000    0.350000    0.0463000
44957.00  -0.104404   0.348081   0.0437014   -0.101000    0.352000    0.0442000
44958.00  -0.104069   0.350313   0.0412683   -0.101000    0.354000    0.0420000
44959.00  -0.103653   0.352526   0.0389087   -0.100000    0.356000    0.0399000
44960.00  -0.103155   0.354720   0.0366522   -0.099000    0.358000    0.0378000
44961.00  -0.102571   0.356893   0.0345166   -0.099000    0.360000    0.0357000
44962.00  -0.101899   0.359045   0.0325064   -0.098000    0.362000    0.0335000
44963.00  -0.101139   0.361177   0.0306103   -0.098000    0.364000    0.0314000
44964.00  -0.100290   0.363287   0.0288017   -0.097000    0.366000    0.0293000
44965.00  -0.099351   0.365377   0.0270397   -0.096000    0.368000    0.0271000
44966.00  -0.098323   0.367444   0.0252743   -0.095000    0.370000    0.0249000
44967.00  -0.097204   0.369491   0.0234518   -0.094000    0.372000    0.0228000
44968.00  -0.095993   0.371516   0.0215243   -0.093000    0.374000    0.0206000
44969.00  -0.094684   0.373520   0.0194563   -0.092000    0.376000    0.0184000
44970.00  -0.093270   0.375504   0.0172296   -0.091000    0.378000    0.0163000
44971.00  -0.091756   0.377467   0.0148474   -0.090000    0.380000    0.0141000
44972.00  -0.090151   0.379406   0.0123377   -0.089000    0.382000    0.0120000
44973.00  -0.088467   0.381320   0.0097557   -0.088000    0.384000    0.0098000
44974.00  -0.086713   0.383207   0.0071781   -0.087000    0.386000    0.0077000
44975.00  -0.084900   0.385064   0.0046864   -0.086000    0.388000    0.0052000
44976.00  -0.083037   0.386892   0.0023421   -0.085000    0.390000    0.0028000
44977.00  -0.081135   0.388691   0.0001620   -0.084000    0.391000    0.0003000
44978.00  -0.079203   0.390460  -0.0018896   -0.083000    0.393000   -0.0021000
44979.00  -0.077248   0.392198  -0.0038869   -0.082000    0.395000   -0.0046000
44980.00  -0.075276   0.393905  -0.0059126   -0.081000    0.396000   -0.0071000
44981.00  -0.073292   0.395579  -0.0080250   -0.080000    0.398000   -0.0096000
44982.00  -0.071301   0.397219  -0.0102397   -0.078000    0.399000   -0.0121000
44983.00  -0.069308   0.398823  -0.0125318   -0.077000    0.401000   -0.0146000
44984.00  -0.067313   0.400393  -0.0148514   -0.076000    0.402000   -0.0171000
44985.00  -0.065316   0.401928  -0.0171431   -0.074000    0.403000   -0.0192000
44986.00  -0.063321   0.403428  -0.0193587   -0.073000    0.404000   -0.0213000
44987.00  -0.061331   0.404895  -0.0214634   -0.071000    0.406000   -0.0235000
44988.00  -0.059352   0.406328  -0.0234369   -0.070000    0.407000   -0.0256000
44989.00  -0.057388   0.407730  -0.0252742   -0.068000    0.408000   -0.0277000
44990.00  -0.055443   0.409100  -0.0269851   -0.066000    0.409000   -0.0289000
44991.00  -0.053521   0.410441  -0.0285942   -0.064000    0.410000   -0.0301000
44992.00  -0.051625   0.411754  -0.0301393   -0.062000    0.412000   -0.0313000
44993.00  -0.049757   0.413040  -0.0316687   -0.060000    0.413000   -0.0325000
44994.00  -0.047923   0.414302  -0.0332374   -0.058000    0.414000   -0.0337000
44995.00  -0.046124   0.415539  -0.0348993   -0.056000    0.415000   -0.0357000
44996.00  -0.044360   0.416754  -0.0366974   -0.054000    0.416000   -0.0378000
44997.00  -0.042622   0.417944  -0.0386546   -0.051000    0.417000   -0.0398000
44998.00  -0.040900   0.419110  -0.0407674   -0.049000    0.418000   -0.0419000
44999.00  -0.039185   0.420248  -0.0430055   -0.047000    0.419000   -0.0439000
45000.00  -0.037469   0.421359  -0.0453154   -0.045000    0.420000   -0.0462000
45001.00  -0.035743   0.422440  -0.0476297   -0.043000    0.421000   -0.0485000
45002.00  -0.033998   0.423491  -0.0498798   -0.040000    0.422000   -0.0507000
45003.00  -0.032228   0.424510  -0.0520130   -0.038000    0.423000   -0.0530000
45004.00  -0.030426   0.425498  -0.0540096   -0.036000    0.424000   -0.0553000
45005.00  -0.028587   0.426453  -0.0558938   -0.034000    0.425000   -0.0574000
45006.00  -0.026708   0.427377  -0.0577298   -0.032000    0.426000   -0.0596000
45007.00  -0.024782   0.428269  -0.0596014   -0.029000    0.426000   -0.0617000
45008.00  -0.022809   0.429130  -0.0615825   -0.027000    0.427000   -0.0639000
45009.00  -0.020783   0.429960  -0.0637115   -0.025000    0.428000   -0.0660000
45010.00  -0.018701   0.430758  -0.0659818   -0.023000    0.429000   -0.0686000
45011.00  -0.016564   0.431527  -0.0683497   -0.021000    0.430000   -0.0711000
45012.00  -0.014371   0.432269  -0.0707537   -0.018000    0.430000   -0.0737000
45013.00  -0.012124   0.432987  -0.0731338   -0.016000    0.431000   -0.0762000
45014.00  -0.009825   0.433684  -0.0754433   -0.014000    0.432000   -0.0788000
45015.00  -0.007476   0.434361  -0.0776534   -0.012000    0.433000   -0.0809000
45016.00  -0.005079   0.435019  -0.0797529   -0.010000    0.433000   -0.0830000
45017.00  -0.002636   0.435659  -0.0817487   -0.007000    0.434000   -0.0852000
45018.00  -0.000144   0.436282  -0.0836642   -0.005000    0.434000   -0.0873000
45019.00   0.002399   0.436885  -0.0855371   -0.003000    0.435000   -0.0894000
45020.00   0.004994   0.437468  -0.0874157   -0.001000    0.435000   -0.0915000
45021.00   0.007642   0.438026  -0.0893546    0.001000    0.436000   -0.0935000
45022.00   0.010346   0.438557  -0.0914086    0.004000    0.436000   -0.0956000
45023.00   0.013106   0.439060  -0.0936249    0.006000    0.437000   -0.0976000
45024.00   0.015915   0.439529  -0.0960319    0.008000    0.437000   -0.0997000
45025.00   0.018763   0.439959  -0.0986291    0.010000    0.437000   -0.1023000
45026.00   0.021638   0.440346  -0.1013812    0.012000    0.438000   -0.1049000
45027.00   0.024531   0.440682  -0.1042217    0.015000    0.438000   -0.1075000
45028.00   0.027431   0.440966  -0.1070648    0.017000    0.439000   -0.1101000
45029.00   0.030329   0.441192  -0.1098255    0.019000    0.439000   -0.1127000
45030.00   0.033215   0.441358  -0.1124409    0.021000    0.439000   -0.1149000
45031.00   0.036080   0.441461  -0.1148853    0.023000    0.439000   -0.1170000
45032.00   0.038915   0.441502  -0.1171751    0.026000    0.440000   -0.1192000
45033.00   0.041713   0.441483  -0.1193640    0.028000    0.440000   -0.1213000
45034.00   0.044468   0.441406  -0.1215290    0.030000    0.440000   -0.1235000
45035.00   0.047179   0.441276  -0.1237490    0.024000    0.446000   -0.1259000
45036.00   0.049845   0.441095  -0.1260787    0.026000    0.445000   -0.1282000
45037.00   0.052468   0.440866  -0.1285333    0.028000    0.445000   -0.1306000
45038.00   0.055050   0.440593  -0.1310860    0.030000    0.445000   -0.1329000
45039.00   0.057596   0.440277  -0.1336814    0.042000    0.440000   -0.1353000
45040.00   0.060110   0.439922  -0.1362541    0.045000    0.440000   -0.1376000
45041.00   0.062597   0.439531  -0.1387466    0.047000    0.440000   -0.1399000
45042.00   0.065059   0.439108  -0.1411186    0.050000    0.439000   -0.1423000
45043.00   0.067495   0.438656  -0.1433509    0.052000    0.439000   -0.1446000
45044.00   0.069900   0.438180  -0.1454461    0.055000    0.439000   -0.1469000
45045.00   0.072266   0.437682  -0.1474266    0.057000    0.439000   -0.1489000
45046.00   0.074588   0.437168  -0.1493315    0.060000    0.438000   -0.1509000
45047.00   0.076865   0.436637  -0.1512116    0.062000    0.438000   -0.1529000
45048.00   0.079099   0.436091  -0.1531232    0.065000    0.437000   -0.1549000
45049.00   0.081299   0.435531  -0.1551240    0.067000    0.437000   -0.1569000
45050.00   0.083474   0.434956  -0.1572687    0.069000    0.437000   -0.1595000
45051.00   0.085634   0.434365  -0.1596019    0.072000    0.436000   -0.1621000
45052.00   0.087787   0.433758  -0.1621463    0.074000    0.436000   -0.1646000
45053.00   0.089939   0.433136  -0.1648898    0.077000    0.435000   -0.1672000
45054.00   0.092088   0.432499  -0.1677794    0.079000    0.435000   -0.1698000
45055.00   0.094233   0.431849  -0.1707293    0.081000    0.434000   -0.1725000
45056.00   0.096372   0.431186  -0.1736428    0.084000    0.434000   -0.1752000
45057.00   0.098502   0.430514  -0.1764405    0.086000    0.433000   -0.1778000
45058.00   0.100624   0.429830  -0.1790828    0.089000    0.433000   -0.1805000
45059.00   0.102737   0.429134  -0.1815781    0.091000    0.432000   -0.1832000
45060.00   0.104842   0.428425  -0.1839775    0.093000    0.431000   -0.1857000
45061.00   0.106941   0.427702  -0.1863567    0.096000    0.430000   -0.1881000
45062.00   0.109031   0.426961  -0.1887936    0.098000    0.430000   -0.1906000
45063.00   0.111112   0.426199  -0.1913466    0.101000    0.429000   -0.1930000
45064.00   0.113181   0.425415  -0.1940409    0.103000    0.428000   -0.1955000
45065.00   0.115237   0.424605  -0.1968630    0.105000    0.427000   -0.1981000
45066.00   0.117279   0.423766  -0.1997669    0.107000    0.426000   -0.2009000
45067.00   0.119306   0.422896  -0.2026883    0.110000    0.426000   -0.2038000
45068.00   0.121322   0.421994  -0.2055617    0.112000    0.425000   -0.2066000
45069.00   0.123331   0.421059  -0.2083333    0.114000    0.424000   -0.2093000
45070.00   0.125337   0.420090  -0.2109687    0.116000    0.423000   -0.2118000
45071.00   0.127343   0.419085  -0.2134548    0.118000    0.422000   -0.2143000
45072.00   0.129354   0.418044  -0.2158001    0.121000    0.422000   -0.2165000
45073.00   0.131372   0.416966  -0.2180335    0.123000    0.421000   -0.2187000
45074.00   0.133400   0.415850  -0.2202005    0.125000    0.420000   -0.2209000
45075.00   0.135437   0.414696  -0.2223560    0.127000    0.419000   -0.2230000
45076.00   0.137486   0.413503  -0.2245576    0.130000    0.418000   -0.2252000
45077.00   0.139544   0.412274  -0.2268617    0.132000    0.416000   -0.2274000
45078.00   0.141609   0.411007  -0.2293184    0.135000    0.415000   -0.2299000
45079.00   0.143679   0.409704  -0.2319647    0.137000    0.414000   -0.2325000
45080.00   0.145750   0.408365  -0.2348120    0.139000    0.413000   -0.2353000
45081.00   0.147821   0.406989  -0.2378327    0.141000    0.411000   -0.2383000
45082.00   0.149889   0.405577  -0.2409566    0.143000    0.410000   -0.2415000
45083.00   0.151952   0.404127  -0.2440824    0.145000    0.408000   -0.2446000
45084.00   0.154008   0.402641  -0.2471068    0.147000    0.407000   -0.2476000
45085.00   0.156054   0.401118  -0.2499578    0.149000    0.406000   -0.2504000
45086.00   0.158087   0.399556  -0.2526180    0.151000    0.404000   -0.2531000
45087.00   0.160102   0.397954  -0.2551261    0.153000    0.403000   -0.2556000
45088.00   0.162096   0.396311  -0.2575582    0.155000    0.401000   -0.2580000
45089.00   0.164065   0.394625  -0.2599978    0.157000    0.400000   -0.2604000
45090.00   0.166004   0.392896  -0.2625100    0.159000    0.398000   -0.2628000
45091.00   0.167910   0.391120  -0.2651262    0.161000    0.397000   -0.2653000
45092.00   0.169780   0.389297  -0.2678408    0.163000    0.395000   -0.2680000
45093.00   0.171613   0.387425  -0.2706173    0.165000    0.394000   -0.2706000
45094.00   0.173407   0.385501  -0.2733995    0.167000    0.392000   -0.2733000
45095.00   0.175159   0.383526  -0.2761253    0.169000    0.390000   -0.2759000
45096.00   0.176870   0.381499  -0.2787385    0.171000    0.388000   -0.2784000
45097.00   0.178538   0.379421  -0.2811970    0.173000    0.387000   -0.2807000
45098.00   0.180164   0.377297  -0.2834795    0.175000    0.385000   -0.2829000
45099.00   0.181745   0.375131  -0.2855857    0.177000    0.383000   -0.2849000
45100.00   0.183283   0.372928  -0.2875363    0.179000    0.381000   -0.2868000
45101.00   0.184779   0.370692  -0.2893706    0.181000    0.379000   -0.2885000
45102.00   0.186242   0.368423  -0.2911426    0.183000    0.377000   -0.2901000
45103.00   0.187678   0.366121  -0.2929113    0.185000    0.375000   -0.2918000
45104.00   0.189092   0.363786  -0.2947347    0.187000    0.373000   -0.2936000
45105.00   0.190487   0.361416  -0.2966654    0.189000    0.371000   -0.2954000
45106.00   0.191868   0.359012  -0.2987462    0.191000    0.369000   -0.2975000
45107.00   0.193238   0.356574  -0.3010038    0.192000    0.366000   -0.2997000
45108.00   0.194605   0.354105  -0.3034383    0.194000    0.364000   -0.3021000
45109.00   0.195973   0.351604  -0.3060123    0.196000    0.362000   -0.3046000
45110.00   0.197343   0.349077  -0.3086493    0.198000    0.360000   -0.3072000
45111.00   0.198718   0.346526  -0.3112500    0.200000    0.357000   -0.3098000
45112.00   0.200099   0.343956  -0.3137251    0.201000    0.355000   -0.3121000
45113.00   0.201486   0.341371  -0.3160281    0.203000    0.352000   -0.3144000
45114.00   0.202880   0.338771  -0.3181723    0.205000    0.350000   -0.3164000
45115.00   0.204280   0.336160  -0.3202241    0.206000    0.348000   -0.3184000
45116.00   0.205687   0.333541  -0.3222740    0.208000    0.345000   -0.3204000
45117.00   0.207099   0.330914  -0.3244012    0.209000    0.343000   -0.3225000
45118.00   0.208516   0.328282  -0.3266486    0.211000    0.340000   -0.3247000
45119.00   0.209939   0.325647  -0.3290153    0.212000    0.338000   -0.3270000
45120.00   0.211368   0.323011  -0.3314653    0.213000    0.335000   -0.3294000
45121.00   0.212803   0.320375  -0.3339430    0.214000    0.332000   -0.3318000
45122.00   0.214243   0.317740  -0.3363887    0.216000    0.330000   -0.3342000
45123.00   0.215683   0.315108  -0.3387481    0.217000    0.327000   -0.3365000
45124.00   0.217119   0.312481  -0.3409797    0.218000    0.324000   -0.3387000
45125.00   0.218546   0.309859  -0.3430580    0.219000    0.321000   -0.3408000
45126.00   0.219954   0.307245  -0.3449760    0.220000    0.318000   -0.3427000
45127.00   0.221334   0.304638  -0.3467460    0.221000    0.315000   -0.3445000
45128.00   0.222672   0.302037  -0.3483989    0.222000    0.312000   -0.3461000
45129.00   0.223952   0.299440  -0.3499803    0.223000    0.309000   -0.3477000
45130.00   0.225160   0.296844  -0.3515439    0.224000    0.306000   -0.3492000
45131.00   0.226281   0.294244  -0.3531437    0.225000    0.303000   -0.3507000
45132.00   0.227300   0.291637  -0.3548271    0.225000    0.300000   -0.3523000
45133.00   0.228203   0.289017  -0.3566297    0.226000    0.297000   -0.3541000
45134.00   0.228977   0.286377  -0.3585730    0.227000    0.294000   -0.3559000
45135.00   0.229609   0.283712  -0.3606600    0.227000    0.291000   -0.3579000
45136.00   0.230087   0.281016  -0.3628686    0.228000    0.288000   -0.3600000
45137.00   0.230396   0.278281  -0.3651449    0.228000    0.284000   -0.3620000
45138.00   0.230535   0.275502  -0.3674097    0.229000    0.281000   -0.3642000
45139.00   0.230552   0.272663  -0.3695846    0.229000    0.278000   -0.3663000
45140.00   0.230505   0.269756  -0.3716098    0.229000    0.275000   -0.3682000
45141.00   0.230433   0.266803  -0.3734581    0.230000    0.272000   -0.3699000
45142.00   0.230327   0.263830  -0.3751547    0.230000    0.268000   -0.3716000
45143.00   0.230183   0.260847  -0.3767764    0.231000    0.265000   -0.3732000
45144.00   0.230002   0.257860  -0.3784170    0.231000    0.262000   -0.3748000
45145.00   0.229786   0.254873  -0.3801438    0.231000    0.259000   -0.3766000
45146.00   0.229539   0.251890  -0.3819751    0.231000    0.255000   -0.3784000
45147.00   0.229263   0.248915  -0.3838827    0.231000    0.252000   -0.3804000
45148.00   0.228962   0.245950  -0.3858102    0.231000    0.248000   -0.3824000
45149.00   0.228635   0.242994  -0.3876947    0.231000    0.245000   -0.3843000
45150.00   0.228282   0.240048  -0.3894825    0.231000    0.242000   -0.3860000
45151.00   0.227903   0.237109   0.6088635    0.231000    0.239000    0.6123000
45152.00   0.227500   0.234178   0.6073635    0.230000    0.235000    0.6110000
45153.00   0.227071   0.231255   0.6060205    0.230000    0.232000    0.6097000
45154.00   0.226617   0.228339   0.6048210    0.230000    0.229000    0.6085000
45155.00   0.226138   0.225430   0.6037356    0.230000    0.226000    0.6074000
45156.00   0.225636   0.222527   0.6027209    0.229000    0.223000    0.6063000
45157.00   0.225110   0.219631   0.6017239    0.229000    0.220000    0.6053000
45158.00   0.224558   0.216742   0.6006889    0.228000    0.217000    0.6042000
45159.00   0.223980   0.213861   0.5995655    0.228000    0.214000    0.6031000
45160.00   0.223370   0.210992   0.5983163    0.227000    0.211000    0.6018000
45161.00   0.222726   0.208136   0.5969212    0.227000    0.208000    0.6003000
45162.00   0.222040   0.205296   0.5953796    0.226000    0.206000    0.5988000
45163.00   0.221308   0.202475   0.5937112    0.226000    0.203000    0.5971000
45164.00   0.220525   0.199677   0.5919581    0.225000    0.200000    0.5953000
45165.00   0.219686   0.196902   0.5901832    0.224000    0.197000    0.5934000
45166.00   0.218788   0.194154   0.5884624    0.223000    0.194000    0.5917000
45167.00   0.217832   0.191432   0.5868650    0.223000    0.192000    0.5900000
45168.00   0.216819   0.188738   0.5854280    0.222000    0.189000    0.5885000
45169.00   0.215754   0.186071   0.5841359    0.221000    0.186000    0.5872000
45170.00   0.214638   0.183431   0.5829209    0.220000    0.183000    0.5859000
45171.00   0.213479   0.180819   0.5816866    0.219000    0.181000    0.5846000
45172.00   0.212281   0.178235   0.5803469    0.219000    0.178000    0.5833000
45173.00   0.211046   0.175677   0.5788593    0.218000    0.176000    0.5817000
45174.00   0.209779   0.173145   0.5772372    0.217000    0.173000    0.5801000
45175.00   0.208482   0.170639   0.5755388    0.216000    0.170000    0.5783000
45176.00   0.207157   0.168158   0.5738419    0.215000    0.168000    0.5765000
45177.00   0.205807   0.165701   0.5722188    0.213000    0.165000    0.5749000
45178.00   0.204434   0.163268   0.5707209    0.212000    0.163000    0.5733000
45179.00   0.203041   0.160858   0.5693752    0.211000    0.160000    0.5719000
45180.00   0.201628   0.158467   0.5681868    0.210000    0.157000    0.5706000
45181.00   0.200198   0.156095   0.5671419    0.209000    0.155000    0.5695000
45182.00   0.198750   0.153738   0.5662108    0.207000    0.152000    0.5685000
45183.00   0.197283   0.151396   0.5653507    0.206000    0.150000    0.5675000
45184.00   0.195796   0.149065   0.5645097    0.205000    0.147000    0.5666000
45185.00   0.194287   0.146746   0.5636315    0.203000    0.145000    0.5656000
45186.00   0.192753   0.144436   0.5626608    0.202000    0.142000    0.5646000
45187.00   0.191188   0.142138   0.5615525    0.200000    0.140000    0.5634000
45188.00   0.189587   0.139850   0.5602790    0.199000    0.137000    0.5620000
45189.00   0.187942   0.137574   0.5588353    0.197000    0.135000    0.5605000
45190.00   0.186248   0.135311   0.5572413    0.195000    0.133000    0.5589000
45191.00   0.184499   0.133061   0.5555391    0.193000    0.130000    0.5572000
45192.00   0.182691   0.130826   0.5537867    0.191000    0.128000    0.5556000
45193.00   0.180820   0.128606   0.5520488    0.189000    0.125000    0.5538000
45194.00   0.178885   0.126404   0.5503848    0.187000    0.123000    0.5522000
45195.00   0.176885   0.124221   0.5488306    0.185000    0.121000    0.5506000
45196.00   0.174821   0.122061   0.5473828    0.182000    0.119000    0.5492000
45197.00   0.172698   0.119925   0.5459912    0.180000    0.116000    0.5479000
45198.00   0.170519   0.117816   0.5445700    0.177000    0.114000    0.5464000
45199.00   0.168290   0.115737   0.5430252    0.175000    0.112000    0.5448000
45200.00   0.166012   0.113689   0.5412908    0.172000    0.110000    0.5430000
45201.00   0.163690   0.111677   0.5393529    0.169000    0.108000    0.5409000
45202.00   0.161328   0.109701   0.5372528    0.167000    0.106000    0.5386000
45203.00   0.158931   0.107765   0.5350698    0.164000    0.104000    0.5363000
45204.00   0.156504   0.105868   0.5328919    0.161000    0.102000    0.5340000
45205.00   0.154050   0.104013   0.5307914    0.158000    0.100000    0.5318000
45206.00   0.151574   0.102200   0.5288123    0.155000    0.098000    0.5297000
45207.00   0.149075   0.100430   0.5269696    0.153000    0.097000    0.5277000
45208.00   0.146556   0.098701   0.5252541    0.150000    0.095000    0.5259000
45209.00   0.144019   0.097016   0.5236373    0.147000    0.093000    0.5243000
45210.00   0.141467   0.095372   0.5220765    0.144000    0.091000    0.5228000
45211.00   0.138905   0.093769   0.5205198    0.141000    0.090000    0.5213000
45212.00   0.136334   0.092209   0.5189112    0.139000    0.088000    0.5198000
45213.00   0.133756   0.090691   0.5171961    0.136000    0.087000    0.5182000
45214.00   0.131172   0.089216   0.5153275    0.133000    0.085000    0.5165000
45215.00   0.128584   0.087785   0.5132734    0.130000    0.083000    0.5145000
45216.00   0.125988   0.086396   0.5110245    0.127000    0.082000    0.5124000
45217.00   0.123382   0.085050   0.5086007    0.124000    0.080000    0.5101000
45218.00   0.120758   0.083746   0.5060521    0.121000    0.079000    0.5077000
45219.00   0.118109   0.082484   0.5034506    0.118000    0.077000    0.5052000
45220.00   0.115426   0.081262   0.5008748    0.115000    0.076000    0.5027000
45221.00   0.112698   0.080080   0.4983934    0.112000    0.074000    0.5003000
45222.00   0.109909   0.078941   0.4960501    0.108000    0.073000    0.4980000
45223.00   0.107038   0.077844   0.4938502    0.105000    0.071000    0.4959000
45224.00   0.104060   0.076792   0.4917594    0.102000    0.070000    0.4939000
45225.00   0.100941   0.075789   0.4897097    0.099000    0.069000    0.4919000
45226.00   0.097653   0.074836   0.4876187    0.095000    0.068000    0.4899000
45227.00   0.094171   0.073937   0.4854146    0.092000    0.067000    0.4877000
45228.00   0.090519   0.073093   0.4830529    0.088000    0.066000    0.4854000
45229.00   0.086735   0.072309   0.4805389    0.085000    0.065000    0.4828000
45230.00   0.082848   0.071586   0.4779277    0.082000    0.064000    0.4802000
45231.00   0.078886   0.070926   0.4753023    0.078000    0.064000    0.4775000
45232.00   0.074873   0.070329   0.4727448    0.075000    0.063000    0.4750000
45233.00   0.070826   0.069797   0.4703178    0.071000    0.063000    0.4725000
45234.00   0.066765   0.069330   0.4680526    0.068000    0.062000    0.4702000
45235.00   0.062704   0.068926   0.4659500    0.064000    0.062000    0.4680000
45236.00   0.058656   0.068587   0.4639867    0.061000    0.062000    0.4660000
45237.00   0.054630   0.068310   0.4621210    0.057000    0.061000    0.4640000
45238.00   0.050631   0.068095   0.4603001    0.054000    0.061000    0.4622000
45239.00   0.046665   0.067940   0.4584668    0.050000    0.061000    0.4602000
45240.00   0.042735   0.067845   0.4565644    0.046000    0.061000    0.4583000
45241.00   0.038844   0.067806   0.4545431    0.043000    0.061000    0.4562000
45242.00   0.034995   0.067825   0.4523646    0.039000    0.060000    0.4539000
45243.00   0.031186   0.067899   0.4500084    0.036000    0.060000    0.4514000
45244.00   0.027414   0.068028   0.4474796    0.032000    0.060000    0.4488000
45245.00   0.023680   0.068212   0.4448154    0.028000    0.060000    0.4461000
45246.00   0.019981   0.068449   0.4420846    0.025000    0.060000    0.4433000
45247.00   0.016317   0.068737   0.4393739    0.021000    0.061000    0.4406000
45248.00   0.012688   0.069075   0.4367670    0.018000    0.061000    0.4379000
45249.00   0.009093   0.069459   0.4343200    0.014000    0.061000    0.4354000
45250.00   0.005535   0.069887   0.4320443    0.010000    0.062000    0.4331000
45251.00   0.002014   0.070356   0.4299041    0.007000    0.062000    0.4310000
45252.00  -0.001469   0.070862   0.4278270    0.003000    0.063000    0.4288000
45253.00  -0.004914   0.071405   0.4257247    0.000000    0.063000    0.4267000
45254.00  -0.008321   0.071980   0.4235175   -0.004000    0.064000    0.4245000
45255.00  -0.011694   0.072585   0.4211563   -0.008000    0.065000    0.4221000
45256.00  -0.015035   0.073219   0.4186360   -0.011000    0.066000    0.4196000
45257.00  -0.018348   0.073880   0.4159972   -0.015000    0.067000    0.4169000
45258.00  -0.021639   0.074564   0.4133142   -0.018000    0.068000    0.4142000
45259.00  -0.024914   0.075271   0.4106733   -0.022000    0.069000    0.4115000
45260.00  -0.028185   0.076001   0.4081512   -0.025000    0.070000    0.4089000
45261.00  -0.031465   0.076753   0.4057997   -0.029000    0.072000    0.4065000
45262.00  -0.034762   0.077527   0.4036387   -0.032000    0.073000    0.4042000
45263.00  -0.038074   0.078327   0.4016561   -0.036000    0.075000    0.4022000
45264.00  -0.041396   0.079157   0.3998154   -0.039000    0.076000    0.4002000
45265.00  -0.044721   0.080019   0.3980639   -0.042000    0.078000    0.3984000
45266.00  -0.048047   0.080921   0.3963395   -0.046000    0.079000    0.3965000
45267.00  -0.051372   0.081867   0.3945793   -0.049000    0.081000    0.3947000
45268.00  -0.054691   0.082863   0.3927267   -0.053000    0.082000    0.3927000
45269.00  -0.058002   0.083912   0.3907363   -0.056000    0.084000    0.3906000
45270.00  -0.061300   0.085016   0.3885770   -0.059000    0.086000    0.3884000
45271.00  -0.064579   0.086176   0.3862366   -0.063000    0.088000    0.3860000
45272.00  -0.067838   0.087394   0.3837292   -0.066000    0.090000    0.3834000
45273.00  -0.071075   0.088669   0.3811019   -0.070000    0.092000    0.3807000
45274.00  -0.074288   0.090002   0.3784328   -0.073000    0.094000    0.3780000
45275.00  -0.077476   0.091392   0.3758140   -0.076000    0.096000    0.3754000
45276.00  -0.080641   0.092837   0.3733233   -0.080000    0.097000    0.3729000
45277.00  -0.083781   0.094337   0.3709964   -0.083000    0.099000    0.3706000
45278.00  -0.086897   0.095891   0.3688131   -0.087000    0.100000    0.3685000
45279.00  -0.089988   0.097496   0.3667045   -0.090000    0.102000    0.3663000
45280.00  -0.093053   0.099153   0.3645773   -0.093000    0.104000    0.3642000
45281.00  -0.096090   0.100860   0.3623449   -0.097000    0.105000    0.3619000
45282.00  -0.099097   0.102619   0.3599507   -0.100000    0.107000    0.3594000
45283.00  -0.102073   0.104429   0.3573813   -0.104000    0.108000    0.3568000
45284.00  -0.105017   0.106290   0.3546666   -0.107000    0.110000    0.3541000
45285.00  -0.107930   0.108203   0.3518680   -0.110000    0.112000    0.3513000
45286.00  -0.110814   0.110166   0.3490618   -0.114000    0.114000    0.3485000
45287.00  -0.113671   0.112177   0.3463220   -0.117000    0.116000    0.3457000
45288.00  -0.116507   0.114233   0.3437057   -0.121000    0.118000    0.3431000
45289.00  -0.119327   0.116329   0.3412446   -0.124000    0.120000    0.3407000
45290.00  -0.122137   0.118463   0.3389427   -0.127000    0.122000    0.3384000
45291.00  -0.124937   0.120632   0.3367799   -0.130000    0.124000    0.3362000
45292.00  -0.127729   0.122834   0.3347163   -0.134000    0.126000    0.3342000
45293.00  -0.130510   0.125067   0.3326984   -0.137000    0.128000    0.3322000
45294.00  -0.133273   0.127330   0.3306678   -0.140000    0.130000    0.3302000
45295.00  -0.136016   0.129623   0.3285691   -0.143000    0.132000    0.3281000
45296.00  -0.138730   0.131948   0.3263564   -0.146000    0.135000    0.3259000
45297.00  -0.141410   0.134311   0.3239977   -0.150000    0.137000    0.3236000
45298.00  -0.144048   0.136713   0.3214765   -0.153000    0.140000    0.3211000
45299.00  -0.146643   0.139159   0.3187951   -0.156000    0.142000    0.3184000
45300.00  -0.149194   0.141652   0.3159804   -0.159000    0.144000    0.3156000
45301.00  -0.151702   0.144196   0.3130895   -0.162000    0.147000    0.3128000
45302.00  -0.154167   0.146794   0.3102055   -0.165000    0.149000    0.3099000
45303.00  -0.156589   0.149450   0.3074182   -0.168000    0.152000    0.3071000
45304.00  -0.158966   0.152166   0.3047930   -0.171000    0.154000    0.3045000
45305.00  -0.161296   0.154943   0.3023427   -0.173000    0.157000    0.3021000
45306.00  -0.163575   0.157781   0.3000190   -0.175000    0.159000    0.2997000
45307.00  -0.165800   0.160681   0.2977304   -0.177000    0.162000    0.2974000
45308.00  -0.167968   0.163642   0.2953770   -0.179000    0.164000    0.2950000
45309.00  -0.170080   0.166663   0.2928865   -0.181000    0.167000    0.2925000
45310.00  -0.172133   0.169742   0.2902369   -0.183000    0.170000    0.2899000
45311.00  -0.174126   0.172880   0.2874545   -0.185000    0.173000    0.2872000
45312.00  -0.176059   0.176075   0.2845995   -0.186000    0.175000    0.2844000
45313.00  -0.177931   0.179324   0.2817447   -0.188000    0.178000    0.2816000
45314.00  -0.179743   0.182626   0.2789577   -0.190000    0.181000    0.2789000
45315.00  -0.181493   0.185976   0.2762903   -0.191000    0.184000    0.2764000
45316.00  -0.183181   0.189370   0.2737720   -0.193000    0.187000    0.2740000
45317.00  -0.184801   0.192806   0.2714093   -0.194000    0.190000    0.2719000
45318.00  -0.186349   0.196277   0.2691863   -0.196000    0.193000    0.2698000
45319.00  -0.187819   0.199780   0.2670684   -0.197000    0.196000    0.2678000
45320.00  -0.189206   0.203308   0.2650073   -0.198000    0.199000    0.2658000
45321.00  -0.190511   0.206851   0.2629497   -0.199000    0.202000    0.2638000
45322.00  -0.191733   0.210394   0.2608427   -0.201000    0.205000    0.2617000
45323.00  -0.192882   0.213927   0.2586404   -0.202000    0.208000    0.2596000
45324.00  -0.193966   0.217450   0.2563087   -0.203000    0.211000    0.2572000
45325.00  -0.194995   0.220960   0.2538298   -0.204000    0.214000    0.2547000
45326.00  -0.195974   0.224458   0.2512028   -0.205000    0.218000    0.2521000
45327.00  -0.196909   0.227945   0.2484449   -0.206000    0.221000    0.2493000
45328.00  -0.197805   0.231421   0.2455952   -0.207000    0.225000    0.2464000
45329.00  -0.198664   0.234887   0.2427162   -0.208000    0.228000    0.2434000
45330.00  -0.199490   0.238344   0.2398866   -0.209000    0.231000    0.2404000
45331.00  -0.200286   0.241793   0.2371797   -0.209000    0.235000    0.2376000
45332.00  -0.201053   0.245236   0.2346342   -0.210000    0.238000    0.2347000
45333.00  -0.201797   0.248673   0.2322319   -0.210000    0.242000    0.2321000
45334.00  -0.202517   0.252106   0.2298981   -0.211000    0.245000    0.2295000
45335.00  -0.203212   0.255534   0.2275282   -0.211000    0.249000    0.2269000
45336.00  -0.203881   0.258959   0.2250294   -0.212000    0.252000    0.2242000
45337.00  -0.204519   0.262381   0.2223567   -0.212000    0.256000    0.2222000
45338.00  -0.205125   0.265800   0.2195252   -0.213000    0.259000    0.2194000
45339.00  -0.205695   0.269217   0.2165984   -0.213000    0.263000    0.2150000
45340.00  -0.206227   0.272632   0.2136601   -0.213000    0.267000    0.2120000
45341.00  -0.206714   0.276045   0.2107876   -0.213000    0.271000    0.2092000
45342.00  -0.207150   0.279453   0.2080355   -0.212000    0.275000    0.2068000
45343.00  -0.207528   0.282860   0.2054302   -0.212000    0.279000    0.2044000
45344.00  -0.207840   0.286269   0.2029718   -0.212000    0.283000    0.2021000
45345.00  -0.208081   0.289686   0.2006395   -0.212000    0.287000    0.2000000
45346.00  -0.208244   0.293116   0.1983961   -0.212000    0.291000    0.1980000
45347.00  -0.208322   0.296563   0.1961929   -0.211000    0.295000    0.1962000
45348.00  -0.208311   0.300030   0.1939732   -0.211000    0.299000    0.1943000
45349.00  -0.208208   0.303518   0.1916788   -0.211000    0.303000    0.1923000
45350.00  -0.208010   0.307029   0.1892581   -0.210000    0.307000    0.1901000
45351.00  -0.207718   0.310562   0.1866722   -0.210000    0.311000    0.1879000
45352.00  -0.207328   0.314118   0.1839011   -0.209000    0.315000    0.1855000
45353.00  -0.206842   0.317697   0.1809453   -0.209000    0.319000    0.1829000
45354.00  -0.206262   0.321296   0.1778254   -0.208000    0.323000    0.1800000
45355.00  -0.205593   0.324915   0.1745799   -0.207000    0.327000    0.1771000
45356.00  -0.204842   0.328552   0.1712638   -0.207000    0.331000    0.1740000
45357.00  -0.204017   0.332205   0.1679448   -0.206000    0.335000    0.1710000
45358.00  -0.203126   0.335874   0.1646928   -0.206000    0.339000    0.1679000
45359.00  -0.202180   0.339560   0.1615602   -0.205000    0.343000    0.1649000
45360.00  -0.201190   0.343261   0.1585570   -0.204000    0.347000    0.1619000
45361.00  -0.200166   0.346978   0.1556373   -0.204000    0.351000    0.1589000
45362.00  -0.199118   0.350711   0.1527105   -0.203000    0.354000    0.1558000
45363.00  -0.198059   0.354459   0.1496744   -0.203000    0.358000    0.1526000
45364.00  -0.196995   0.358220   0.1464584   -0.202000    0.362000    0.1491000
45365.00  -0.195926   0.361986   0.1430533   -0.201000    0.366000    0.1455000
45366.00  -0.194851   0.365751   0.1395149   -0.200000    0.369000    0.1416000
45367.00  -0.193771   0.369508   0.1359409   -0.199000    0.373000    0.1374000
45368.00  -0.192684   0.373250   0.1324362   -0.198000    0.376000    0.1335000
45369.00  -0.191588   0.376969   0.1290835   -0.197000    0.380000    0.1298000
45370.00  -0.190484   0.380659   0.1259296   -0.196000    0.383000    0.1264000
45371.00  -0.189367   0.384312   0.1229869   -0.195000    0.386000    0.1233000
45372.00  -0.188234   0.387921   0.1202404   -0.193000    0.390000    0.1205000
45373.00  -0.187082   0.391479   0.1176558   -0.192000    0.393000    0.1178000
45374.00  -0.185908   0.394981   0.1151858   -0.191000    0.396000    0.1152000
45375.00  -0.184713   0.398433   0.1127737   -0.190000    0.399000    0.1127000
45376.00  -0.183498   0.401844   0.1103595   -0.188000    0.402000    0.1103000
45377.00  -0.182269   0.405222   0.1078857   -0.187000    0.406000    0.1079000
45378.00  -0.181029   0.408577   0.1053057   -0.185000    0.409000    0.1053000
45379.00  -0.179780   0.411914   0.1025905   -0.184000    0.412000    0.1025000
45380.00  -0.178518   0.415234   0.0997325   -0.182000    0.415000    0.0996000
45381.00  -0.177241   0.418537   0.0967476   -0.181000    0.418000    0.0965000
45382.00  -0.175944   0.421823   0.0936712   -0.179000    0.421000    0.0934000
45383.00  -0.174625   0.425092   0.0905532   -0.178000    0.424000    0.0902000
45384.00  -0.173282   0.428344   0.0874499   -0.176000    0.427000    0.0870000
45385.00  -0.171913   0.431577   0.0844157   -0.174000    0.430000    0.0840000
45386.00  -0.170518   0.434794   0.0814906   -0.172000    0.433000    0.0810000
45387.00  -0.169096   0.437994   0.0786836   -0.171000    0.436000    0.0782000
45388.00  -0.167646   0.441179   0.0759597   -0.169000    0.439000    0.0755000
45389.00  -0.166167   0.444350   0.0732408   -0.167000    0.442000    0.0728000
45390.00  -0.164660   0.447507   0.0704274   -0.165000    0.445000    0.0700000
45391.00  -0.163125   0.450652   0.0674296   -0.163000    0.448000    0.0670000
45392.00  -0.161563   0.453782   0.0642052   -0.162000    0.451000    0.0637000
45393.00  -0.159973   0.456896   0.0607805   -0.160000    0.454000    0.0603000
45394.00  -0.158356   0.459991   0.0572429   -0.158000    0.457000    0.0567000
45395.00  -0.156711   0.463065   0.0537102   -0.156000    0.460000    0.0531000
45396.00  -0.155027   0.466114   0.0502915   -0.154000    0.463000    0.0496000
45397.00  -0.153292   0.469131   0.0470614   -0.152000    0.466000    0.0462000
45398.00  -0.151495   0.472111   0.0440498   -0.150000    0.469000    0.0431000
45399.00  -0.149620   0.475047   0.0412480   -0.148000    0.472000    0.0403000
45400.00  -0.147661   0.477937   0.0386193   -0.146000    0.475000    0.0376000
45401.00  -0.145613   0.480781   0.0361107   -0.144000    0.478000    0.0351000
45402.00  -0.143471   0.483580   0.0336612   -0.141000    0.481000    0.0326000
45403.00  -0.141231   0.486336   0.0312083   -0.139000    0.484000    0.0302000
45404.00  -0.138889   0.489050   0.0286930   -0.137000    0.487000    0.0277000
45405.00  -0.136442   0.491725   0.0260663   -0.134000    0.490000    0.0251000
45406.00  -0.133885   0.494364   0.0232944   -0.132000    0.493000    0.0224000
45407.00  -0.131210   0.496969   0.0203649   -0.129000    0.496000    0.0197000
45408.00  -0.128410   0.499543   0.0172904   -0.127000    0.499000    0.0167000
45409.00  -0.125478   0.502086   0.0141085   -0.124000    0.502000    0.0136000
45410.00  -0.122418   0.504602   0.0108778   -0.121000    0.505000    0.0104000
45411.00  -0.119235   0.507091   0.0076674   -0.118000    0.507000    0.0073000
45412.00  -0.115937   0.509555   0.0045425   -0.115000    0.510000    0.0043000
45413.00  -0.112530   0.511993   0.0015490   -0.112000    0.512000    0.0014000
45414.00  -0.109022   0.514404  -0.0012990   -0.109000    0.515000   -0.0014000
45415.00  -0.105420   0.516789  -0.0040274   -0.106000    0.517000   -0.0041000
45416.00  -0.101731   0.519147  -0.0067025   -0.102000    0.519000   -0.0068000
45417.00  -0.097962   0.521477  -0.0094192   -0.099000    0.522000   -0.0095000
45418.00  -0.094119   0.523776  -0.0122760   -0.095000    0.524000   -0.0124000
45419.00  -0.090209   0.526043  -0.0153433   -0.092000    0.526000   -0.0154000
45420.00  -0.086237   0.528276  -0.0186359   -0.088000    0.528000   -0.0187000
45421.00  -0.082209   0.530471  -0.0221034   -0.084000    0.530000   -0.0222000
45422.00  -0.078130   0.532621  -0.0256461   -0.081000    0.532000   -0.0257000
45423.00  -0.074009   0.534721  -0.0291468   -0.077000    0.534000   -0.0292000
45424.00  -0.069850   0.536763  -0.0325059   -0.073000    0.536000   -0.0326000
45425.00  -0.065659   0.538743  -0.0356630   -0.069000    0.538000   -0.0358000
45426.00  -0.061440   0.540657  -0.0386029   -0.065000    0.539000   -0.0387000
45427.00  -0.057195   0.542501  -0.0413476   -0.060000    0.541000   -0.0415000
45428.00  -0.052928   0.544268  -0.0439429   -0.056000    0.542000   -0.0441000
45429.00  -0.048642   0.545956  -0.0464476   -0.052000    0.544000   -0.0466000
45430.00  -0.044341   0.547559  -0.0489244   -0.048000    0.545000   -0.0491000
45431.00  -0.040027   0.549075  -0.0514330   -0.044000    0.547000   -0.0516000
45432.00  -0.035702   0.550499  -0.0540247   -0.040000    0.548000   -0.0542000
45433.00  -0.031369   0.551829  -0.0567364   -0.036000    0.550000   -0.0568000
45434.00  -0.027031   0.553065  -0.0595887   -0.032000    0.551000   -0.0596000
45435.00  -0.022693   0.554205  -0.0625809   -0.028000    0.552000   -0.0625000
45436.00  -0.018358   0.555249  -0.0656872   -0.024000    0.553000   -0.0656000
45437.00  -0.014034   0.556197  -0.0688558   -0.020000    0.555000   -0.0686000
45438.00  -0.009727   0.557050  -0.0720153   -0.016000    0.556000   -0.0716000
45439.00  -0.005446   0.557808  -0.0750885   -0.012000    0.557000   -0.0746000
45440.00  -0.001195   0.558473  -0.0780126   -0.008000    0.558000   -0.0774000
45441.00   0.003020   0.559045  -0.0807588   -0.004000    0.559000   -0.0800000
45442.00   0.007198   0.559527  -0.0833430    0.001000    0.559000   -0.0825000
45443.00   0.011338   0.559922  -0.0858234    0.005000    0.560000   -0.0849000
45444.00   0.015440   0.560231  -0.0882865    0.009000    0.561000   -0.0873000
45445.00   0.019503   0.560459  -0.0908251    0.013000    0.561000   -0.0897000
45446.00   0.023529   0.560610  -0.0935121    0.017000    0.562000   -0.0924000
45447.00   0.027520   0.560689  -0.0963788    0.022000    0.562000   -0.0952000
45448.00   0.031477   0.560698  -0.0994022    0.026000    0.563000   -0.0982000
45449.00   0.035403   0.560642  -0.1025100    0.030000    0.563000   -0.1013000
45450.00   0.039300   0.560525  -0.1056022    0.034000    0.563000   -0.1044000
45451.00   0.043172   0.560348  -0.1085773    0.038000    0.563000   -0.1074000
45452.00   0.047021   0.560116  -0.1113600    0.043000    0.564000   -0.1102000
45453.00   0.050854   0.559830  -0.1139153    0.047000    0.564000   -0.1128000
45454.00   0.054675   0.559493  -0.1162496    0.051000    0.564000   -0.1153000
45455.00   0.058491   0.559106  -0.1184020    0.055000    0.564000   -0.1175000
45456.00   0.062309   0.558672  -0.1204319    0.059000    0.564000   -0.1197000
45457.00   0.066136   0.558194  -0.1224077    0.064000    0.564000   -0.1219000
45458.00   0.069979   0.557674  -0.1243973    0.068000    0.564000   -0.1240000
45459.00   0.073844   0.557115  -0.1264606    0.072000    0.564000   -0.1262000
45460.00   0.077738   0.556519  -0.1286443    0.076000    0.563000   -0.1285000
45461.00   0.081669   0.555888  -0.1309783    0.080000    0.563000   -0.1310000
45462.00   0.085642   0.555220  -0.1334714    0.085000    0.562000   -0.1336000
45463.00   0.089658   0.554509  -0.1361100    0.089000    0.562000   -0.1363000
45464.00   0.093715   0.553751  -0.1388562    0.093000    0.561000   -0.1392000
45465.00   0.097812   0.552942  -0.1416479    0.097000    0.560000   -0.1421000
45466.00   0.101946   0.552078  -0.1444055    0.101000    0.559000   -0.1450000
45467.00   0.106112   0.551155  -0.1470507    0.105000    0.559000   -0.1478000
45468.00   0.110302   0.550170  -0.1495316    0.109000    0.558000   -0.1504000
45469.00   0.114509   0.549120  -0.1518442    0.113000    0.557000   -0.1528000
45470.00   0.118726   0.547998  -0.1540358    0.117000    0.556000   -0.1551000
45471.00   0.122945   0.546802  -0.1561922    0.121000    0.555000   -0.1573000
45472.00   0.127159   0.545527  -0.1584097    0.125000    0.554000   -0.1597000
45473.00   0.131360   0.544168  -0.1607653    0.129000    0.553000   -0.1621000
45474.00   0.135539   0.542719  -0.1632953    0.133000    0.552000   -0.1647000
45475.00   0.139689   0.541175  -0.1659860    0.137000    0.551000   -0.1675000
45476.00   0.143801   0.539534  -0.1687803    0.141000    0.549000   -0.1704000
45477.00   0.147867   0.537793  -0.1715926    0.144000    0.548000   -0.1733000
45478.00   0.151878   0.535950  -0.1743313    0.148000    0.546000   -0.1760000
45479.00   0.155826   0.534004  -0.1769185    0.152000    0.545000   -0.1787000
45480.00   0.159706   0.531958  -0.1793060    0.156000    0.543000   -0.1811000
45481.00   0.163513   0.529815  -0.1814826    0.159000    0.541000   -0.1833000
45482.00   0.167243   0.527577  -0.1834712    0.163000    0.540000   -0.1852000
45483.00   0.170895   0.525249  -0.1853193    0.166000    0.538000   -0.1871000
45484.00   0.174469   0.522836  -0.1870888    0.170000    0.536000   -0.1889000
45485.00   0.177966   0.520342  -0.1888461    0.174000    0.534000   -0.1906000
45486.00   0.181388   0.517771  -0.1906526    0.177000    0.532000   -0.1924000
45487.00   0.184737   0.515127  -0.1925570    0.181000    0.529000   -0.1942000
45488.00   0.188016   0.512417  -0.1945898    0.184000    0.527000   -0.1962000
45489.00   0.191228   0.509648  -0.1967628    0.188000    0.525000   -0.1984000
45490.00   0.194379   0.506829  -0.1990697    0.191000    0.522000   -0.2007000
45491.00   0.197476   0.503969  -0.2014855    0.195000    0.520000   -0.2032000
45492.00   0.200525   0.501077  -0.2039651    0.198000    0.517000   -0.2058000
45493.00   0.203534   0.498163  -0.2064431    0.202000    0.515000   -0.2083000
45494.00   0.206511   0.495238  -0.2088431    0.205000    0.512000   -0.2107000
45495.00   0.209463   0.492312  -0.2110986    0.208000    0.509000   -0.2129000
45496.00   0.212398   0.489397  -0.2131805    0.212000    0.506000   -0.2150000
45497.00   0.215316   0.486502  -0.2151148    0.215000    0.503000   -0.2169000
45498.00   0.218216   0.483639  -0.2169799    0.219000    0.500000   -0.2188000
45499.00   0.221098   0.480815  -0.2188808    0.222000    0.497000   -0.2206000
45500.00   0.223959   0.478037  -0.2209105    0.225000    0.494000   -0.2226000
45501.00   0.226807   0.475297  -0.2231172    0.228000    0.490000   -0.2247000
45502.00   0.229649   0.472583  -0.2254904    0.232000    0.487000   -0.2270000
45503.00   0.232469   0.469865  -0.2279672    0.235000    0.483000   -0.2294000
45504.00   0.235245   0.467113  -0.2304555    0.238000    0.480000   -0.2318000
45505.00   0.237965   0.464296  -0.2328591    0.241000    0.476000   -0.2340000
45506.00   0.240656   0.461383  -0.2350984    0.244000    0.473000   -0.2361000
45507.00   0.243352   0.458346  -0.2371218    0.246000    0.469000   -0.2380000
45508.00   0.246079   0.455162  -0.2389102    0.249000    0.466000   -0.2397000
45509.00   0.248790   0.451851  -0.2404772    0.252000    0.462000   -0.2411000
45510.00   0.251403   0.448455  -0.2418619    0.255000    0.458000   -0.2424000
45511.00   0.253904   0.444994  -0.2431196    0.257000    0.455000   -0.2435000
45512.00   0.256323   0.441473  -0.2443137    0.260000    0.451000   -0.2446000
45513.00   0.258689   0.437896  -0.2455067    0.262000    0.448000   -0.2458000
45514.00   0.261034   0.434269  -0.2467514    0.265000    0.444000   -0.2470000
45515.00   0.263368   0.430601  -0.2480856    0.267000    0.440000   -0.2483000
45516.00   0.265685   0.426907   0.7504719    0.269000    0.436000    0.7503000
45517.00   0.267977   0.423195   0.7489233    0.272000    0.433000    0.7487000
45518.00   0.270239   0.419450   0.7472900    0.274000    0.429000    0.7470000
45519.00   0.272465   0.415657   0.7456089    0.276000    0.425000    0.7453000
45520.00   0.274650   0.411797   0.7439316    0.278000    0.421000    0.7436000
45521.00   0.276789   0.407855   0.7423215    0.280000    0.417000    0.7419000
45522.00   0.278877   0.403817   0.7408431    0.283000    0.413000    0.7403000
45523.00   0.280924   0.399698   0.7395374    0.285000    0.409000    0.7389000
45524.00   0.282943   0.395528   0.7383994    0.287000    0.405000    0.7376000
45525.00   0.284950   0.391334   0.7373669    0.289000    0.401000    0.7365000
45526.00   0.286959   0.387145   0.7363329    0.291000    0.397000    0.7353000
45527.00   0.288985   0.382991   0.7351809    0.294000    0.392000    0.7340000
45528.00   0.291042   0.378900   0.7338288    0.296000    0.388000    0.7325000
45529.00   0.293139   0.374884   0.7322570    0.298000    0.384000    0.7309000
45530.00   0.295275   0.370936   0.7305113    0.300000    0.380000    0.7290000
45531.00   0.297449   0.367044   0.7286812    0.302000    0.376000    0.7271000
45532.00   0.299642   0.363202   0.7268689    0.305000    0.371000    0.7253000
45533.00   0.301814   0.359408   0.7251607    0.307000    0.367000    0.7236000
45534.00   0.303922   0.355660   0.7236072    0.309000    0.363000    0.7221000
45535.00   0.305929   0.351954   0.7222224    0.311000    0.359000    0.7208000
45536.00   0.307817   0.348280   0.7209944    0.313000    0.354000    0.7197000
45537.00   0.309571   0.344626   0.7198906    0.315000    0.350000    0.7188000
45538.00   0.311184   0.340978   0.7188644    0.317000    0.345000    0.7179000
45539.00   0.312662   0.337319   0.7178588    0.319000    0.341000    0.7171000
45540.00   0.314018   0.333629   0.7168157    0.320000    0.337000    0.7163000
45541.00   0.315265   0.329890   0.7156832    0.322000    0.332000    0.7153000
45542.00   0.316426   0.326094   0.7144231    0.323000    0.328000    0.7143000
45543.00   0.317524   0.322234   0.7130171    0.325000    0.323000    0.7131000
45544.00   0.318573   0.318298   0.7114668    0.326000    0.319000    0.7117000
45545.00   0.319575   0.314267   0.7097910    0.327000    0.315000    0.7101000
45546.00   0.320531   0.310123   0.7080234    0.328000    0.311000    0.7085000
45547.00   0.321434   0.305872   0.7062103    0.328000    0.306000    0.7067000
45548.00   0.322273   0.301533   0.7044070    0.329000    0.302000    0.7050000
45549.00   0.323036   0.297129   0.7026705    0.330000    0.298000    0.7033000
45550.00   0.323703   0.292676   0.7010479    0.331000    0.294000    0.7017000
45551.00   0.324245   0.288185   0.6995577    0.331000    0.290000    0.7003000
45552.00   0.324630   0.283662   0.6981705    0.332000    0.285000    0.6989000
45553.00   0.324867   0.279123   0.6968051    0.332000    0.281000    0.6975000
45554.00   0.325008   0.274583   0.6953489    0.333000    0.277000    0.6960000
45555.00   0.325109   0.270061   0.6936998    0.333000    0.273000    0.6943000
45556.00   0.325220   0.265574   0.6918090    0.333000    0.269000    0.6923000
45557.00   0.325345   0.261129   0.6897026    0.333000    0.264000    0.6901000
45558.00   0.325442   0.256722   0.6874726    0.333000    0.260000    0.6878000
45559.00   0.325463   0.252350   0.6852440    0.333000    0.256000    0.6854000
45560.00   0.325347   0.248012   0.6831328    0.333000    0.252000    0.6832000
45561.00   0.325027   0.243710   0.6812146    0.332000    0.248000    0.6812000
45562.00   0.324439   0.239444   0.6795146    0.332000    0.243000    0.6794000
45563.00   0.323570   0.235203   0.6780156    0.331000    0.239000    0.6778000
45564.00   0.322552   0.230949   0.6766742    0.331000    0.235000    0.6764000
45565.00   0.321508   0.226648   0.6754331    0.330000    0.231000    0.6751000
45566.00   0.320461   0.222306   0.6742298    0.330000    0.227000    0.6739000
45567.00   0.319418   0.217934   0.6730031    0.329000    0.222000    0.6726000
45568.00   0.318373   0.213545   0.6716981    0.329000    0.218000    0.6713000
45569.00   0.317312   0.209152   0.6702728    0.328000    0.214000    0.6698000
45570.00   0.316217   0.204768   0.6687035    0.327000    0.210000    0.6682000
45571.00   0.315057   0.200403   0.6669878    0.326000    0.206000    0.6665000
45572.00   0.313769   0.196072   0.6651441    0.324000    0.201000    0.6646000
45573.00   0.312292   0.191785   0.6632099    0.323000    0.197000    0.6627000
45574.00   0.310611   0.187543   0.6612365    0.322000    0.193000    0.6608000
45575.00   0.308761   0.183334   0.6592822    0.320000    0.189000    0.6590000
45576.00   0.306780   0.179145   0.6574024    0.319000    0.185000    0.6572000
45577.00   0.304707   0.174963   0.6556410    0.317000    0.180000    0.6556000
45578.00   0.302568   0.170795   0.6540182    0.316000    0.176000    0.6541000
45579.00   0.300382   0.166667   0.6525168    0.314000    0.172000    0.6528000
45580.00   0.298158   0.162606   0.6510751    0.312000    0.168000    0.6514000
45581.00   0.295874   0.158623   0.6495919    0.310000    0.164000    0.6501000
45582.00   0.293495   0.154721   0.6479549    0.308000    0.159000    0.6486000
45583.00   0.290991   0.150908   0.6460815    0.306000    0.155000    0.6468000
45584.00   0.288340   0.147183   0.6439545    0.304000    0.151000    0.6448000
45585.00   0.285620   0.143517   0.6416305    0.302000    0.147000    0.6425000
45586.00   0.282932   0.139868   0.6392241    0.300000    0.143000    0.6402000
45587.00   0.280329   0.136199   0.6368703    0.297000    0.139000    0.6380000
45588.00   0.277835   0.132485   0.6346791    0.295000    0.135000    0.6359000
45589.00   0.275415   0.128738   0.6327116    0.293000    0.131000    0.6340000
45590.00   0.273024   0.124983   0.6309726    0.290000    0.127000    0.6323000
45591.00   0.270614   0.121243   0.6294242    0.288000    0.123000    0.6308000
45592.00   0.268140   0.117541   0.6280058    0.285000    0.120000    0.6295000
45593.00   0.265569   0.113896   0.6266502    0.283000    0.116000    0.6282000
45594.00   0.262872   0.110324   0.6252925    0.280000    0.112000    0.6268000
45595.00   0.260033   0.106829   0.6238741    0.277000    0.109000    0.6254000
45596.00   0.257047   0.103408   0.6223466    0.274000    0.105000    0.6238000
45597.00   0.253908   0.100056   0.6206790    0.271000    0.102000    0.6221000
45598.00   0.250619   0.096769   0.6188601    0.268000    0.098000    0.6202000
45599.00   0.247218   0.093546   0.6169004    0.265000    0.095000    0.6181000
45600.00   0.243752   0.090388   0.6148318    0.262000    0.092000    0.6159000
45601.00   0.240255   0.087290   0.6127044    0.259000    0.089000    0.6136000
45602.00   0.236747   0.084238   0.6105772    0.255000    0.086000    0.6112000
45603.00   0.233246   0.081217   0.6085069    0.252000    0.083000    0.6090000
45604.00   0.229770   0.078212   0.6065357    0.249000    0.080000    0.6069000
45605.00   0.226324   0.075212   0.6046808    0.245000    0.077000    0.6049000
45606.00   0.222887   0.072205   0.6029261    0.242000    0.074000    0.6031000
45607.00   0.219443   0.069196   0.6012183    0.238000    0.072000    0.6012000
45608.00   0.215995   0.066215   0.5994726    0.235000    0.069000    0.5995000
45609.00   0.212552   0.063299   0.5975868    0.231000    0.066000    0.5976000
45610.00   0.209116   0.060476   0.5954696    0.227000    0.064000    0.5955000
45611.00   0.205677   0.057756   0.5930760    0.223000    0.061000    0.5931000
45612.00   0.202226   0.055143   0.5904304    0.219000    0.059000    0.5905000
45613.00   0.198751   0.052641   0.5876271    0.215000    0.056000    0.5878000
45614.00   0.195241   0.050236   0.5848052    0.211000    0.054000    0.5851000
45615.00   0.191681   0.047915   0.5821044    0.207000    0.052000    0.5825000
45616.00   0.188069   0.045677   0.5796249    0.202000    0.050000    0.5800000
45617.00   0.184406   0.043530   0.5774064    0.198000    0.047000    0.5779000
45618.00   0.180694   0.041484   0.5754327    0.193000    0.045000    0.5760000
45619.00   0.176934   0.039547   0.5736494    0.189000    0.043000    0.5742000
45620.00   0.173127   0.037715   0.5719840    0.185000    0.041000    0.5726000
45621.00   0.169272   0.035973   0.5703624    0.180000    0.039000    0.5710000
45622.00   0.165367   0.034308   0.5687185    0.176000    0.038000    0.5693000
45623.00   0.161397   0.032717   0.5669967    0.171000    0.036000    0.5675000
45624.00   0.157343   0.031201   0.5651578    0.167000    0.034000    0.5656000
45625.00   0.153187   0.029760   0.5631825    0.163000    0.033000    0.5635000
45626.00   0.148934   0.028382   0.5610699    0.158000    0.031000    0.5612000
45627.00   0.144606   0.027048   0.5588385    0.154000    0.030000    0.5588000
45628.00   0.140224   0.025746   0.5565266    0.149000    0.028000    0.5563000
45629.00   0.135800   0.024495   0.5541889    0.145000    0.027000    0.5537000
45630.00   0.131340   0.023320   0.5518854    0.141000    0.026000    0.5513000
45631.00   0.126852   0.022244   0.5496675    0.136000    0.025000    0.5489000
45632.00   0.122332   0.021273   0.5475627    0.132000    0.024000    0.5467000
45633.00   0.117777   0.020411   0.5455610    0.127000    0.023000    0.5447000
45634.00   0.113183   0.019661   0.5436110    0.123000    0.022000    0.5427000
45635.00   0.108558   0.019010   0.5416323    0.118000    0.021000    0.5407000
45636.00   0.103917   0.018434   0.5395291    0.114000    0.020000    0.5386000
45637.00   0.099285   0.017915   0.5372094    0.109000    0.020000    0.5364000
45638.00   0.094682   0.017444   0.5346166    0.105000    0.019000    0.5339000
45639.00   0.090127   0.017010   0.5317491    0.100000    0.018000    0.5311000
45640.00   0.085635   0.016605   0.5286668    0.095000    0.018000    0.5282000
45641.00   0.081180   0.016226   0.5254822    0.091000    0.018000    0.5252000
45642.00   0.076707   0.015875   0.5223304    0.086000    0.017000    0.5222000
45643.00   0.072188   0.015555   0.5193312    0.082000    0.017000    0.5194000
45644.00   0.067650   0.015274   0.5165611    0.077000    0.017000    0.5167000
45645.00   0.063133   0.015041   0.5140408    0.073000    0.017000    0.5143000
45646.00   0.058673   0.014863   0.5117429    0.068000    0.017000    0.5121000
45647.00   0.054298   0.014750   0.5096069    0.064000    0.018000    0.5099000
45648.00   0.050016   0.014711   0.5075559    0.059000    0.018000    0.5079000
45649.00   0.045825   0.014760   0.5055162    0.055000    0.018000    0.5058000
45650.00   0.041690   0.014919   0.5034252    0.051000    0.018000    0.5037000
45651.00   0.037570   0.015212   0.5012379    0.046000    0.018000    0.5015000
45652.00   0.033436   0.015651   0.4989301    0.042000    0.019000    0.4991000
45653.00   0.029287   0.016216   0.4964974    0.037000    0.019000    0.4966000
45654.00   0.025129   0.016880   0.4939555    0.033000    0.019000    0.4940000
45655.00   0.020959   0.017618   0.4913389    0.029000    0.020000    0.4913000
45656.00   0.016746   0.018418   0.4887009    0.025000    0.020000    0.4887000
45657.00   0.012470   0.019266   0.4861057    0.020000    0.021000    0.4861000
45658.00   0.008132   0.020152   0.4836202    0.016000    0.021000    0.4836000
45659.00   0.003743   0.021065   0.4812962    0.012000    0.022000    0.4812000
45660.00  -0.000682   0.021994   0.4791497    0.008000    0.023000    0.4790000
45661.00  -0.005128   0.022932   0.4771491    0.004000    0.024000    0.4770000
45662.00  -0.009563   0.023887   0.4752188   -0.001000    0.024000    0.4749000
45663.00  -0.013953   0.024877   0.4732586   -0.005000    0.025000    0.4729000
45664.00  -0.018277   0.025911   0.4711735   -0.009000    0.026000    0.4707000
45665.00  -0.022529   0.026991   0.4689010   -0.013000    0.027000    0.4684000
45666.00  -0.026704   0.028118   0.4664286   -0.017000    0.028000    0.4659000
45667.00  -0.030799   0.029291   0.4637977   -0.021000    0.030000    0.4633000
45668.00  -0.034830   0.030504   0.4610947   -0.025000    0.031000    0.4606000
45669.00  -0.038822   0.031742   0.4584273   -0.029000    0.032000    0.4579000
45670.00  -0.042803   0.032994   0.4558981   -0.033000    0.033000    0.4554000
45671.00  -0.046774   0.034259   0.4535817   -0.036000    0.035000    0.4531000
45672.00  -0.050719   0.035547   0.4515093   -0.040000    0.036000    0.4511000
45673.00  -0.054619   0.036867   0.4496656   -0.043000    0.038000    0.4493000
45674.00  -0.058443   0.038228   0.4479977   -0.047000    0.039000    0.4476000
45675.00  -0.062153   0.039638   0.4464330   -0.050000    0.041000    0.4461000
45676.00  -0.065717   0.041105   0.4448954   -0.054000    0.042000    0.4446000
45677.00  -0.069128   0.042651   0.4433152   -0.057000    0.044000    0.4431000
45678.00  -0.072386   0.044297   0.4416385   -0.061000    0.045000    0.4414000
45679.00  -0.075499   0.046056   0.4398322   -0.064000    0.047000    0.4395000
45680.00  -0.078500   0.047907   0.4378858   -0.067000    0.049000    0.4375000
45681.00  -0.081426   0.049824   0.4358100   -0.070000    0.051000    0.4354000
45682.00  -0.084310   0.051784   0.4336338   -0.074000    0.052000    0.4331000
45683.00  -0.087163   0.053773   0.4313994   -0.077000    0.054000    0.4307000
45684.00  -0.089984   0.055779   0.4291600   -0.080000    0.056000    0.4284000
45685.00  -0.092784   0.057796   0.4269767   -0.083000    0.058000    0.4261000
45686.00  -0.095588   0.059831   0.4249091   -0.086000    0.060000    0.4240000
45687.00  -0.098428   0.061893   0.4229931   -0.089000    0.062000    0.4219000
45688.00  -0.101331   0.063991   0.4212216   -0.092000    0.064000    0.4201000
45689.00  -0.104285   0.066120   0.4195351   -0.095000    0.066000    0.4183000
45690.00  -0.107234   0.068258   0.4178346   -0.098000    0.068000    0.4165000
45691.00  -0.110135   0.070392   0.4160138   -0.101000    0.070000    0.4147000
45692.00  -0.112977   0.072525   0.4139933   -0.103000    0.072000    0.4125000
45693.00  -0.115751   0.074659   0.4117490   -0.106000    0.074000    0.4102000
45694.00  -0.118457   0.076816   0.4093198   -0.109000    0.076000    0.4078000
45695.00  -0.121102   0.079021   0.4067917   -0.112000    0.078000    0.4053000
45696.00  -0.123689   0.081302   0.4042707   -0.114000    0.080000    0.4029000
45697.00  -0.126226   0.083687   0.4018558   -0.117000    0.083000    0.4005000
45698.00  -0.128720   0.086194   0.3996181   -0.119000    0.085000    0.3984000
45699.00  -0.131198   0.088822   0.3975912   -0.122000    0.087000    0.3966000
45700.00  -0.133693   0.091556   0.3957700   -0.125000    0.089000    0.3950000
45701.00  -0.136248   0.094364   0.3941189   -0.127000    0.092000    0.3937000
45702.00  -0.138908   0.097214   0.3925820   -0.130000    0.091000    0.3928000
45703.00  -0.141713   0.100076   0.3910960   -0.132000    0.094000    0.3908000
45704.00  -0.144634   0.102933   0.3896011   -0.135000    0.099000    0.3900000
45705.00  -0.147567   0.105787   0.3880487   -0.137000    0.102000    0.3886000
45706.00  -0.150445   0.108641   0.3864062   -0.140000    0.104000    0.3871000
45707.00  -0.153237   0.111497   0.3846611   -0.142000    0.107000    0.3854000
45708.00  -0.155921   0.114358   0.3828226   -0.145000    0.110000    0.3836000
45709.00  -0.158475   0.117229   0.3809185   -0.147000    0.113000    0.3816000
45710.00  -0.160879   0.120116   0.3789884   -0.150000    0.116000    0.3797000
45711.00  -0.163135   0.123034   0.3770820   -0.152000    0.119000    0.3777000
45712.00  -0.165270   0.125996   0.3752552   -0.154000    0.122000    0.3757000
45713.00  -0.167340   0.128998   0.3735584   -0.157000    0.125000    0.3739000
45714.00  -0.169412   0.132027   0.3720280   -0.159000    0.128000    0.3722000
45715.00  -0.171529   0.135077   0.3706685   -0.161000    0.131000    0.3707000
45716.00  -0.173696   0.138154   0.3694355   -0.164000    0.134000    0.3693000
45717.00  -0.175913   0.141261   0.3682349   -0.166000    0.138000    0.3679000
45718.00  -0.178181   0.144398   0.3669465   -0.168000    0.141000    0.3664000
45719.00  -0.180499   0.147546   0.3654672   -0.171000    0.144000    0.3648000
45720.00  -0.182868   0.150678   0.3637489   -0.173000    0.147000    0.3629000
45721.00  -0.185285   0.153776   0.3618180   -0.175000    0.150000    0.3609000
45722.00  -0.187747   0.156841   0.3597665   -0.177000    0.153000    0.3589000
45723.00  -0.190250   0.159874   0.3577188   -0.180000    0.157000    0.3567000
45724.00  -0.192791   0.162876   0.3557903   -0.182000    0.160000    0.3548000
45725.00  -0.195341   0.165856   0.3540603   -0.184000    0.163000    0.3530000
45726.00  -0.197857   0.168829   0.3525635   -0.186000    0.166000    0.3515000
45727.00  -0.200310   0.171811   0.3512901   -0.189000    0.169000    0.3501000
45728.00  -0.202689   0.174810   0.3501969   -0.191000    0.173000    0.3490000
45729.00  -0.204988   0.177835   0.3492225   -0.193000    0.176000    0.3481000
45730.00  -0.207201   0.180895   0.3482974   -0.195000    0.179000    0.3472000
45731.00  -0.209302   0.184010   0.3473493   -0.197000    0.183000    0.3464000
45732.00  -0.211263   0.187209   0.3463147   -0.200000    0.186000    0.3457000
45733.00  -0.213058   0.190510   0.3451465   -0.202000    0.189000    0.3446000
45734.00  -0.214671   0.193897   0.3438190   -0.204000    0.193000    0.3434000
45735.00  -0.216102   0.197345   0.3423294   -0.206000    0.196000    0.3420000
45736.00  -0.217398   0.200842   0.3407013   -0.208000    0.200000    0.3404000
45737.00  -0.218614   0.204396   0.3389802   -0.210000    0.203000    0.3387000
45738.00  -0.219801   0.208015   0.3372199   -0.212000    0.207000    0.3370000
45739.00  -0.221010   0.211703   0.3354758   -0.214000    0.210000    0.3354000
45740.00  -0.222283   0.215418   0.3338026   -0.216000    0.214000    0.3337000
45741.00  -0.223623   0.219088   0.3322386   -0.217000    0.217000    0.3322000
45742.00  -0.225009   0.222662   0.3307985   -0.219000    0.221000    0.3307000
45743.00  -0.226395   0.226137   0.3294628   -0.221000    0.225000    0.3294000
45744.00  -0.227735   0.229512   0.3281652   -0.223000    0.228000    0.3281000
45745.00  -0.228996   0.232798   0.3267982   -0.224000    0.232000    0.3268000
45746.00  -0.230184   0.236043   0.3252405   -0.226000    0.236000    0.3252000
45747.00  -0.231313   0.239301   0.3234042   -0.227000    0.239000    0.3234000
45748.00  -0.232399   0.242625   0.3212741   -0.229000    0.243000    0.3213000
45749.00  -0.233470   0.246041   0.3189226   -0.230000    0.247000    0.3190000
45750.00  -0.234563   0.249561   0.3164862   -0.231000    0.250000    0.3167000
45751.00  -0.235703   0.253172   0.3141195   -0.233000    0.254000    0.3144000
45752.00  -0.236884   0.256861   0.3119521   -0.234000    0.258000    0.3123000
45753.00  -0.238091   0.260612   0.3100573   -0.235000    0.261000    0.3105000
45754.00  -0.239304   0.264417   0.3084469   -0.236000    0.265000    0.3089000
45755.00  -0.240498   0.268293   0.3070853   -0.237000    0.269000    0.3075000
45756.00  -0.241649   0.272247   0.3058959   -0.238000    0.273000    0.3063000
45757.00  -0.242735   0.276271   0.3047850   -0.238000    0.277000    0.3051000
45758.00  -0.243735   0.280348   0.3036583   -0.239000    0.280000    0.3039000
45759.00  -0.244627   0.284464   0.3024328   -0.240000    0.284000    0.3026000
45760.00  -0.245397   0.288604   0.3010452   -0.241000    0.288000    0.3011000
45761.00  -0.246066   0.292756   0.2994704   -0.241000    0.292000    0.2996000
45762.00  -0.246663   0.296911   0.2977127   -0.241000    0.296000    0.2978000
45763.00  -0.247186   0.301065   0.2957984   -0.242000    0.300000    0.2959000
45764.00  -0.247564   0.305215   0.2937702   -0.242000    0.304000    0.2939000
45765.00  -0.247740   0.309367   0.2916832   -0.242000    0.308000    0.2919000
45766.00  -0.247738   0.313525   0.2895946   -0.242000    0.312000    0.2899000
45767.00  -0.247545   0.317689   0.2875612   -0.242000    0.316000    0.2880000
45768.00  -0.247117   0.321851   0.2856316   -0.241000    0.320000    0.2861000
45769.00  -0.246412   0.326007   0.2838347   -0.241000    0.324000    0.2844000
45770.00  -0.245453   0.330153   0.2821681   -0.240000    0.328000    0.2827000
45771.00  -0.244301   0.334287   0.2805828   -0.240000    0.332000    0.2811000
45772.00  -0.243017   0.338411   0.2789864   -0.239000    0.336000    0.2795000
45773.00  -0.241646   0.342540   0.2772601   -0.239000    0.340000    0.2777000
45774.00  -0.240224   0.346696   0.2752929   -0.238000    0.344000    0.2757000
45775.00  -0.238804   0.350899   0.2730242   -0.237000    0.347000    0.2733000
45776.00  -0.237426   0.355140   0.2704742   -0.236000    0.351000    0.2706000
45777.00  -0.236099   0.359395   0.2677449   -0.235000    0.355000    0.2677000
45778.00  -0.234833   0.363640   0.2649881   -0.234000    0.359000    0.2649000
45779.00  -0.233638   0.367852   0.2623533   -0.233000    0.363000    0.2621000
45780.00  -0.232516   0.372008   0.2599421   -0.231000    0.367000    0.2596000
45781.00  -0.231434   0.376092   0.2577934   -0.230000    0.371000    0.2574000
45782.00  -0.230332   0.380098   0.2558878   -0.228000    0.375000    0.2554000
45783.00  -0.229142   0.384027   0.2541670   -0.227000    0.379000    0.2536000
45784.00  -0.227828   0.387876   0.2525587   -0.225000    0.383000    0.2520000
45785.00  -0.226424   0.391632   0.2509899   -0.223000    0.387000    0.2503000
45786.00  -0.224943   0.395303   0.2493888   -0.221000    0.390000    0.2487000
45787.00  -0.223387   0.398901   0.2476965   -0.219000    0.394000    0.2469000
45788.00  -0.221753   0.402445   0.2458792   -0.218000    0.398000    0.2450000
45789.00  -0.220027   0.405961   0.2439299   -0.216000    0.402000    0.2430000
45790.00  -0.218203   0.409467   0.2418646   -0.213000    0.406000    0.2409000
45791.00  -0.216277   0.412970   0.2397213   -0.211000    0.410000    0.2386000
45792.00  -0.214248   0.416473   0.2375544   -0.209000    0.414000    0.2363000
45793.00  -0.212116   0.419980   0.2354255   -0.206000    0.417000    0.2341000
45794.00  -0.209885   0.423499   0.2333936   -0.204000    0.421000    0.2320000
45795.00  -0.207558   0.427047   0.2315025   -0.202000    0.425000    0.2301000
45796.00  -0.205116   0.430657   0.2297717   -0.199000    0.428000    0.2283000
45797.00  -0.202564   0.434329   0.2281875   -0.197000    0.432000    0.2268000
45798.00  -0.199927   0.438042   0.2267002   -0.195000    0.436000    0.2252000
45799.00  -0.197234   0.441776   0.2252257   -0.192000    0.439000    0.2238000
45800.00  -0.194512   0.445521   0.2236558   -0.190000    0.443000    0.2222000
45801.00  -0.191747   0.449274   0.2218794   -0.187000    0.446000    0.2204000
45802.00  -0.188910   0.453024   0.2198122   -0.185000    0.450000    0.2184000
45803.00  -0.186018   0.456733   0.2174328   -0.182000    0.453000    0.2161000
45804.00  -0.183103   0.460348   0.2148017   -0.179000    0.457000    0.2136000
45805.00  -0.180195   0.463824   0.2120503   -0.177000    0.460000    0.2109000
45806.00  -0.177307   0.467156   0.2093423   -0.174000    0.463000    0.2084000
45807.00  -0.174447   0.470354   0.2068199   -0.171000    0.466000    0.2061000
45808.00  -0.171620   0.473431   0.2045618   -0.168000    0.469000    0.2039000
45809.00  -0.168823   0.476398   0.2025697   -0.165000    0.473000    0.2020000
45810.00  -0.166061   0.479278   0.2007854   -0.162000    0.475000    0.2003000
45811.00  -0.163372   0.482112   0.1991292   -0.159000    0.479000    0.1987000
45812.00  -0.160723   0.484922   0.1975172   -0.156000    0.481000    0.1970000
45813.00  -0.158061   0.487723   0.1958781   -0.153000    0.484000    0.1953000
45814.00  -0.155331   0.490533   0.1941616   -0.150000    0.488000    0.1936000
45815.00  -0.152483   0.493366   0.1923383   -0.146000    0.490000    0.1917000
45816.00  -0.149499   0.496226   0.1903968   -0.143000    0.493000    0.1898000
45817.00  -0.146378   0.499108   0.1883442   -0.140000    0.496000    0.1876000
45818.00  -0.143112   0.502004   0.1862065   -0.136000    0.499000    0.1854000
45819.00  -0.139694   0.504907   0.1840258   -0.133000    0.501000    0.1832000
45820.00  -0.136117   0.507802   0.1818567   -0.129000    0.504000    0.1810000
45821.00  -0.132404   0.510670   0.1797638   -0.126000    0.506000    0.1788000
45822.00  -0.128584   0.513487   0.1778052   -0.122000    0.509000    0.1767000
45823.00  -0.124685   0.516235   0.1760190   -0.119000    0.511000    0.1749000
45824.00  -0.120721   0.518909   0.1744128   -0.115000    0.514000    0.1732000
45825.00  -0.116696   0.521516   0.1729556   -0.112000    0.516000    0.1717000
45826.00  -0.112618   0.524062   0.1715775   -0.108000    0.518000    0.1703000
45827.00  -0.108541   0.526540   0.1701798   -0.104000    0.521000    0.1689000
45828.00  -0.104534   0.528942   0.1686564   -0.101000    0.523000    0.1673000
45829.00  -0.100665   0.531257   0.1669190   -0.097000    0.525000    0.1655000
45830.00  -0.096980   0.533468   0.1649239   -0.094000    0.527000    0.1635000
45831.00  -0.093484   0.535562   0.1626958   -0.090000    0.529000    0.1612000
45832.00  -0.090126   0.537536   0.1603279   -0.086000    0.531000    0.1587000
45833.00  -0.086832   0.539392   0.1579581   -0.083000    0.533000    0.1563000
45834.00  -0.083528   0.541130   0.1557314   -0.079000    0.535000    0.1541000
45835.00  -0.080144   0.542753   0.1537564   -0.075000    0.537000    0.1521000
45836.00  -0.076659   0.544280   0.1520742   -0.071000    0.538000    0.1504000
45837.00  -0.073068   0.545737   0.1506565   -0.067000    0.540000    0.1490000
45838.00  -0.069372   0.547148   0.1494269   -0.064000    0.542000    0.1477000
45839.00  -0.065593   0.548539   0.1482916   -0.060000    0.544000    0.1466000
45840.00  -0.061753   0.549930   0.1471636   -0.056000    0.545000    0.1454000
45841.00  -0.057842   0.551303   0.1459754   -0.052000    0.546000    0.1442000
45842.00  -0.053862   0.552630   0.1446855   -0.048000    0.548000    0.1429000
45843.00  -0.049830   0.553883   0.1432785   -0.044000    0.549000    0.1416000
45844.00  -0.045764   0.555039   0.1417625   -0.040000    0.550000    0.1401000
45845.00  -0.041679   0.556087   0.1401662   -0.036000    0.552000    0.1385000
45846.00  -0.037550   0.557031   0.1385293   -0.032000    0.553000    0.1368000
45847.00  -0.033346   0.557886   0.1368996   -0.028000    0.554000    0.1352000
45848.00  -0.029063   0.558661   0.1353285   -0.024000    0.555000    0.1337000
45849.00  -0.024702   0.559368   0.1338643   -0.020000    0.556000    0.1322000
45850.00  -0.020261   0.560019   0.1325442   -0.016000    0.557000    0.1310000
45851.00  -0.015736   0.560616   0.1313877   -0.012000    0.557000    0.1299000
45852.00  -0.011164   0.561137   0.1303775   -0.007000    0.558000    0.1289000
45853.00  -0.006584   0.561557   0.1294549   -0.003000    0.559000    0.1280000
45854.00  -0.002004   0.561867   0.1285322    0.001000    0.559000    0.1272000
45855.00   0.002574   0.562062   0.1275139    0.005000    0.560000    0.1262000
45856.00   0.007150   0.562137   0.1263199    0.009000    0.560000    0.1250000
45857.00   0.011713   0.562095   0.1249107    0.014000    0.560000    0.1236000
45858.00   0.016250   0.561940   0.1233020    0.018000    0.560000    0.1220000
45859.00   0.020744   0.561678   0.1215661    0.022000    0.560000    0.1203000
45860.00   0.025167   0.561321   0.1198165    0.026000    0.560000    0.1185000
45861.00   0.029479   0.560886   0.1181750    0.030000    0.560000    0.1169000
45862.00   0.033651   0.560392   0.1167397    0.035000    0.560000    0.1154000
45863.00   0.037698   0.559870   0.1155606    0.039000    0.560000    0.1142000
45864.00   0.041648   0.559352   0.1146282    0.043000    0.560000    0.1132000
45865.00   0.045528   0.558866   0.1138831    0.047000    0.559000    0.1125000
45866.00   0.049374   0.558416   0.1132413    0.052000    0.559000    0.1118000
45867.00   0.053228   0.557996   0.1126155    0.056000    0.558000    0.1112000
45868.00   0.057118   0.557597   0.1119315    0.060000    0.558000    0.1105000
45869.00   0.061049   0.557210   0.1111373    0.064000    0.557000    0.1097000
45870.00   0.065011   0.556822   0.1102061    0.069000    0.556000    0.1088000
45871.00   0.068961   0.556410   0.1091371    0.073000    0.555000    0.1077000
45872.00   0.072888   0.555944   0.1079499    0.077000    0.555000    0.1066000
45873.00   0.076789   0.555397   0.1066807    0.081000    0.554000    0.1053000
45874.00   0.080672   0.554742   0.1053753    0.086000    0.553000    0.1041000
45875.00   0.084588   0.553970   0.1040846    0.090000    0.552000    0.1029000
45876.00   0.088574   0.553073   0.1028675    0.094000    0.551000    0.1017000
45877.00   0.092657   0.552046   0.1017801    0.098000    0.549000    0.1006000
45878.00   0.096871   0.550896   0.1008610    0.102000    0.548000    0.0998000
45879.00   0.101258   0.549641   0.1001166    0.107000    0.547000    0.0991000
45880.00   0.105838   0.548297   0.0995091    0.111000    0.546000    0.0986000
45881.00   0.110541   0.546878   0.0989598    0.115000    0.544000    0.0981000
45882.00   0.115262   0.545401   0.0983676    0.119000    0.543000    0.0975000
45883.00   0.119923   0.543875   0.0976423    0.123000    0.541000    0.0967000
45884.00   0.124503   0.542301   0.0967379    0.128000    0.540000    0.0957000
45885.00   0.128981   0.540676   0.0956692    0.132000    0.538000    0.0946000
45886.00   0.133340   0.538990   0.0944962    0.136000    0.536000    0.0932000
45887.00   0.137574   0.537225   0.0933116    0.140000    0.535000    0.0919000
45888.00   0.141680   0.535361   0.0922166    0.145000    0.533000    0.0907000
45889.00   0.145664   0.533389   0.0912929    0.149000    0.531000    0.0897000
45890.00   0.149545   0.531308   0.0905856    0.153000    0.529000    0.0889000
45891.00   0.153348   0.529131   0.0900997    0.157000    0.527000    0.0884000
45892.00   0.157110   0.526879   0.0897970    0.161000    0.525000    0.0881000
45893.00   0.160862   0.524579   0.0896094    0.165000    0.523000    0.0880000
45894.00   0.164632   0.522263   0.0894579    0.169000    0.521000    0.0878000
45895.00   0.168441   0.519958   0.0892686    0.173000    0.518000    0.0877000
45896.00   0.172283   0.517656   0.0889796    0.177000    0.516000    0.0874000
45897.00   0.176152   0.515337   0.0885517    0.181000    0.514000    0.0870000
45898.00   0.180041   0.512981   0.0879727    0.185000    0.511000    0.0865000
45899.00   0.183948   0.510566   0.0872532    0.189000    0.509000    0.0858000
45900.00   0.187878   0.508072   0.0864211    0.193000    0.507000    0.0850000
45901.00   0.191806   0.505497   0.0855229    0.197000    0.504000    0.0842000
45902.00   0.195733   0.502847   0.0846132    0.201000    0.502000    0.0834000
45903.00   0.199670   0.500128   0.0837447    0.204000    0.499000    0.0826000
45904.00   0.203624   0.497351   0.0829616    0.208000    0.496000    0.0819000
45905.00   0.207573   0.494543   0.0822899    0.212000    0.494000    0.0813000
45906.00   0.211481   0.491731   0.0817349    0.215000    0.491000    0.0808000
45907.00   0.215311   0.488936   0.0812672    0.219000    0.488000    0.0804000
45908.00   0.219051   0.486154   0.0808141    0.223000    0.485000    0.0801000
45909.00   0.222688   0.483378   0.0802680    0.226000    0.483000    0.0796000
45910.00   0.226221   0.480603   0.0795154    0.230000    0.479000    0.0789000
45911.00   0.229681   0.477813   0.0784771    0.233000    0.476000    0.0780000
45912.00   0.233082   0.474988   0.0771460    0.236000    0.473000    0.0768000
45913.00   0.236413   0.472105   0.0755994    0.240000    0.470000    0.0753000
45914.00   0.239692   0.469146   0.0739710    0.243000    0.467000    0.0737000
45915.00   0.242944   0.466103   0.0724111    0.246000    0.464000    0.0722000
45916.00   0.246165   0.462984   0.0710446    0.249000    0.461000    0.0708000
45917.00   0.249335   0.459789   0.0699438    0.252000    0.458000    0.0695000
45918.00   0.252427   0.456515   0.0691185    0.255000    0.454000    0.0686000
45919.00   0.255424   0.453164   0.0685157    0.258000    0.451000    0.0679000
45920.00   0.258353   0.449761   0.0680443    0.261000    0.448000    0.0674000
45921.00   0.261229   0.446324   0.0676057    0.264000    0.444000    0.0669000
45922.00   0.264070   0.442875   0.0671077    0.266000    0.441000    0.0666000
45923.00   0.266901   0.439437   0.0664755    0.269000    0.438000    0.0660000
45924.00   0.269751   0.436036   0.0656580    0.272000    0.434000    0.0652000
45925.00   0.272629   0.432674   0.0646337    0.274000    0.431000    0.0642000
45926.00   0.275486   0.429332   0.0634174    0.276000    0.427000    0.0631000
45927.00   0.278259   0.425990   0.0620488    0.279000    0.424000    0.0619000
45928.00   0.280889   0.422626   0.0605835    0.281000    0.420000    0.0605000
45929.00   0.283325   0.419206   0.0590876    0.283000    0.417000    0.0591000
45930.00   0.285528   0.415699   0.0576264    0.285000    0.413000    0.0578000
45931.00   0.287484   0.412093   0.0562564    0.287000    0.410000    0.0565000
45932.00   0.289188   0.408397   0.0550201    0.289000    0.406000    0.0552000
45933.00   0.290636   0.404617   0.0539412    0.291000    0.403000    0.0541000
45934.00   0.291826   0.400762   0.0530166    0.293000    0.399000    0.0531000
45935.00   0.292763   0.396846   0.0522015    0.295000    0.395000    0.0521000
45936.00   0.293494   0.392898   0.0513881    0.297000    0.392000    0.0511000
45937.00   0.294091   0.388946   0.0504355    0.298000    0.388000    0.0499000
45938.00   0.294653   0.385010   0.0492161    0.300000    0.384000    0.0485000
45939.00   0.295269   0.381094   0.0476622    0.301000    0.380000    0.0468000
45940.00   0.295999   0.377203   0.0457925    0.303000    0.377000    0.0448000
45941.00   0.296808   0.373365   0.0437138    0.304000    0.373000    0.0426000
45942.00   0.297631   0.369631   0.0415824    0.305000    0.369000    0.0404000
45943.00   0.298357   0.366043   0.0395489    0.307000    0.365000    0.0384000
45944.00   0.298912   0.362592   0.0377174    0.308000    0.362000    0.0367000
45945.00   0.299411   0.359180   0.0361407    0.309000    0.358000    0.0353000
45946.00   0.299981   0.355697   0.0348172    0.310000    0.354000    0.0341000
45947.00   0.300693   0.352060   0.0337007    0.311000    0.350000    0.0330000
45948.00   0.301537   0.348292   0.0327062    0.312000    0.346000    0.0321000
45949.00   0.302483   0.344438   0.0317496    0.313000    0.342000    0.0312000
45950.00   0.303491   0.340541   0.0307616    0.313000    0.338000    0.0302000
45951.00   0.304482   0.336627   0.0296857    0.314000    0.334000    0.0291000
45952.00   0.305408   0.332703   0.0284850    0.314000    0.331000    0.0279000
45953.00   0.306254   0.328765   0.0271466    0.315000    0.327000    0.0266000
45954.00   0.307012   0.324806   0.0256802    0.315000    0.323000    0.0251000
45955.00   0.307671   0.320822   0.0241161    0.316000    0.319000    0.0236000
45956.00   0.308251   0.316811   0.0225070    0.316000    0.315000    0.0220000
45957.00   0.308790   0.312776   0.0209113    0.316000    0.311000    0.0206000
45958.00   0.309318   0.308721   0.0193787    0.317000    0.307000    0.0192000
45959.00   0.309831   0.304651   0.0179451    0.317000    0.303000    0.0179000
45960.00   0.310317   0.300575   0.0166281    0.317000    0.299000    0.0168000
45961.00   0.310782   0.296516   0.0154253    0.317000    0.295000    0.0157000
45962.00   0.311226   0.292500   0.0143055    0.317000    0.291000    0.0147000
45963.00   0.311631   0.288546   0.0132022    0.317000    0.288000    0.0137000
45964.00   0.311986   0.284672   0.0120182    0.317000    0.284000    0.0126000
45965.00   0.312306   0.280886   0.0106403    0.317000    0.280000    0.0112000
45966.00   0.312596   0.277175   0.0089703    0.317000    0.276000    0.0095000
45967.00   0.312847   0.273513   0.0069740    0.317000    0.272000    0.0075000
45968.00   0.313046   0.269870   0.0047065    0.316000    0.268000    0.0052000
45969.00   0.313180   0.266215   0.0022988    0.316000    0.265000    0.0028000
45970.00   0.313234   0.262524  -0.0000854    0.315000    0.261000    0.0004000
45971.00   0.313173   0.258798  -0.0022935    0.315000    0.257000   -0.0017000
45972.00   0.312953   0.255048  -0.0042383    0.314000    0.253000   -0.0037000
45973.00   0.312541   0.251287  -0.0059163    0.314000    0.249000   -0.0052000
45974.00   0.311931   0.247524  -0.0073872    0.313000    0.246000   -0.0066000
45975.00   0.311122   0.243769  -0.0087419    0.312000    0.242000   -0.0079000
45976.00   0.310139   0.240020  -0.0100752    0.311000    0.238000   -0.0091000
45977.00   0.309014   0.236272  -0.0114658    0.311000    0.234000   -0.0105000
45978.00   0.307765   0.232514  -0.0129651    0.310000    0.231000   -0.0119000
45979.00   0.306411   0.228737  -0.0145974    0.309000    0.227000   -0.0135000
45980.00   0.304973   0.224926  -0.0163618    0.308000    0.223000   -0.0152000
45981.00   0.303439   0.221082  -0.0182367    0.307000    0.219000   -0.0170000
45982.00   0.301786   0.217214  -0.0201825    0.305000    0.216000   -0.0189000
45983.00   0.300011   0.213339  -0.0221498    0.304000    0.212000   -0.0208000
45984.00   0.298118   0.209481  -0.0240852    0.303000    0.209000   -0.0227000
45985.00   0.296138   0.205665  -0.0259385    0.302000    0.205000   -0.0245000
45986.00   0.294132   0.201920  -0.0276638    0.300000    0.201000   -0.0261000
45987.00   0.292159   0.198270  -0.0292338    0.299000    0.198000   -0.0276000
45988.00   0.290281   0.194738  -0.0306484    0.298000    0.194000   -0.0290000
45989.00   0.288571   0.191344  -0.0319410    0.296000    0.191000   -0.0303000
45990.00   0.287079   0.188101  -0.0331759    0.294000    0.187000   -0.0316000
45991.00   0.285717   0.184988  -0.0344489    0.293000    0.184000   -0.0329000
45992.00   0.284400   0.181961  -0.0358756    0.291000    0.180000   -0.0343000
45993.00   0.283074   0.178971  -0.0375672    0.290000    0.177000   -0.0361000
45994.00   0.281715   0.175971  -0.0395921    0.288000    0.174000   -0.0381000
45995.00   0.280336   0.172924  -0.0419415    0.286000    0.170000   -0.0405000
45996.00   0.278889   0.169829  -0.0445100    0.284000    0.167000   -0.0431000
45997.00   0.277303   0.166697  -0.0471278    0.282000    0.164000   -0.0457000
45998.00   0.275547   0.163527  -0.0496179    0.280000    0.160000   -0.0482000
45999.00   0.273605   0.160317  -0.0518502    0.279000    0.157000   -0.0504000
46000.00   0.271474   0.157067  -0.0537756    0.277000    0.154000   -0.0524000
46001.00   0.269197   0.153794  -0.0554279    0.274000    0.151000   -0.0541000
46002.00   0.266819   0.150514  -0.0568970    0.272000    0.148000   -0.0557000
46003.00   0.264389   0.147245  -0.0582891    0.270000    0.145000   -0.0571000
46004.00   0.261986   0.144010  -0.0596984    0.268000    0.142000   -0.0586000
46005.00   0.259695   0.140827  -0.0611907    0.266000    0.139000   -0.0602000
46006.00   0.257508   0.137697  -0.0628018    0.264000    0.136000   -0.0619000
46007.00   0.255389   0.134606  -0.0645409    0.261000    0.133000   -0.0638000
46008.00   0.253304   0.131541  -0.0663943    0.259000    0.130000   -0.0657000
46009.00   0.251214   0.128501  -0.0683312    0.257000    0.127000   -0.0678000
46010.00   0.249079   0.125494  -0.0703066    0.254000    0.124000   -0.0698000
46011.00   0.246833   0.122520  -0.0722578    0.252000    0.121000   -0.0719000
46012.00   0.244423   0.119576  -0.0741189    0.249000    0.119000   -0.0738000
46013.00   0.241881   0.116679  -0.0758335    0.246000    0.116000   -0.0756000
46014.00   0.239258   0.113852  -0.0773639    0.244000    0.113000   -0.0771000
46015.00   0.236613   0.111116  -0.0787022    0.241000    0.110000   -0.0786000
46016.00   0.233977   0.108480  -0.0798857    0.238000    0.108000   -0.0798000
46017.00   0.231360   0.105945  -0.0809883    0.235000    0.105000   -0.0810000
46018.00   0.228770   0.103517  -0.0821065    0.233000    0.103000   -0.0822000
46019.00   0.226210   0.101208  -0.0833444    0.230000    0.100000   -0.0835000
46020.00   0.223677   0.099029  -0.0847991    0.227000    0.098000   -0.0850000
46021.00   0.221139   0.096966  -0.0865409    0.224000    0.095000   -0.0868000
46022.00   0.218568   0.094989  -0.0885838    0.221000    0.092000   -0.0888000
46023.00   0.215938   0.093066  -0.0908741    0.218000    0.090000   -0.0911000
46024.00   0.213225   0.091166  -0.0932968    0.215000    0.088000   -0.0934000
46025.00   0.210406   0.089264  -0.0957003    0.211000    0.085000   -0.0957000
46026.00   0.207423   0.087336  -0.0979370    0.208000    0.083000   -0.0978000
46027.00   0.204236   0.085360  -0.0999119    0.205000    0.081000   -0.0996000
46028.00   0.200873   0.083317  -0.1016052    0.202000    0.078000   -0.1012000
46029.00   0.197372   0.081189  -0.1030670    0.198000    0.076000   -0.1026000
46030.00   0.193765   0.078961  -0.1043881    0.195000    0.074000   -0.1039000
46031.00   0.190075   0.076633  -0.1056759    0.192000    0.072000   -0.1052000
46032.00   0.186314   0.074211  -0.1070185    0.188000    0.069000   -0.1066000
46033.00   0.182505   0.071705  -0.1084686    0.185000    0.067000   -0.1081000
46034.00   0.178719   0.069134  -0.1100477    0.181000    0.065000   -0.1098000
46035.00   0.175026   0.066518  -0.1117507    0.178000    0.063000   -0.1117000
46036.00   0.171408   0.063884  -0.1135490    0.174000    0.061000   -0.1136000
46037.00   0.167834   0.061277  -0.1153998    0.170000    0.059000   -0.1156000
46038.00   0.164269   0.058741  -0.1172522    0.166000    0.057000   -0.1176000
46039.00   0.160686   0.056322  -0.1190543    0.163000    0.055000   -0.1194000
46040.00   0.157068   0.054065  -0.1207603    0.159000    0.053000   -0.1211000
46041.00   0.153378   0.051970  -0.1223307    0.155000    0.051000   -0.1227000
46042.00   0.149571   0.050022  -0.1237441    0.151000    0.050000   -0.1241000
46043.00   0.145616   0.048212  -0.1250117    0.147000    0.048000   -0.1253000
46044.00   0.141486   0.046529  -0.1261785    0.143000    0.046000   -0.1265000
46045.00   0.137154   0.044964  -0.1273183    0.139000    0.045000   -0.1276000
46046.00   0.132626   0.043500  -0.1285200    0.135000    0.043000   -0.1287000
46047.00   0.127941   0.042103  -0.1298686    0.131000    0.042000   -0.1300000
46048.00   0.123137   0.040739  -0.1314199    0.126000    0.040000   -0.1315000
46049.00   0.118217   0.039369  -0.1331843    0.122000    0.039000   -0.1333000
46050.00   0.113171   0.037956  -0.1351183    0.118000    0.037000   -0.1352000
46051.00   0.108005   0.036506  -0.1371294    0.114000    0.036000   -0.1372000
46052.00   0.102735   0.035042  -0.1390966    0.110000    0.035000   -0.1392000
46053.00   0.097379   0.033587  -0.1408996    0.106000    0.034000   -0.1410000
46054.00   0.091986   0.032161  -0.1424543    0.102000    0.033000   -0.1426000
46055.00   0.086657   0.030775  -0.1437381    0.097000    0.032000   -0.1439000
46056.00   0.081481   0.029451  -0.1447949    0.093000    0.031000   -0.1449000
46057.00   0.076553   0.028198  -0.1457150    0.089000    0.030000   -0.1458000
46058.00   0.071971   0.027005  -0.1466072    0.085000    0.029000   -0.1468000
46059.00   0.067706   0.025917  -0.1475790    0.081000    0.028000   -0.1478000
46060.00   0.063659   0.024995  -0.1487065    0.076000    0.028000   -0.1489000
46061.00   0.059795   0.024242  -0.1500226    0.072000    0.027000   -0.1503000
46062.00   0.056087   0.023657  -0.1515275    0.068000    0.026000   -0.1517000
46063.00   0.052510   0.023235  -0.1531963    0.064000    0.026000   -0.1533000
46064.00   0.049040   0.022967  -0.1549845    0.060000    0.025000   -0.1550000
46065.00   0.045647   0.022839  -0.1568370    0.055000    0.025000   -0.1568000
46066.00   0.042277   0.022841  -0.1586909    0.051000    0.025000   -0.1585000
46067.00   0.038867   0.022960  -0.1604870    0.047000    0.025000   -0.1601000
46068.00   0.035355   0.023183  -0.1621783    0.043000    0.025000   -0.1617000
46069.00   0.031690   0.023492  -0.1637360    0.039000    0.025000   -0.1631000
46070.00   0.027848   0.023864  -0.1651577    0.035000    0.025000   -0.1645000
46071.00   0.023839   0.024297  -0.1664779    0.030000    0.025000   -0.1657000
46072.00   0.019696   0.024802  -0.1677671    0.026000    0.025000   -0.1670000
46073.00   0.015499   0.025390  -0.1691195    0.022000    0.025000   -0.1683000
46074.00   0.011336   0.026070  -0.1706301    0.018000    0.025000   -0.1699000
46075.00   0.007290   0.026845  -0.1723661    0.014000    0.026000   -0.1716000
46076.00   0.003381   0.027703  -0.1743467    0.010000    0.027000   -0.1736000
46077.00  -0.000400   0.028635  -0.1765293    0.006000    0.027000   -0.1758000
46078.00  -0.004039   0.029631  -0.1788167    0.003000    0.028000   -0.1781000
46079.00  -0.007510   0.030685  -0.1810844   -0.001000    0.029000   -0.1804000
46080.00  -0.010793   0.031794  -0.1832128   -0.005000    0.029000   -0.1825000
46081.00  -0.013922   0.032971  -0.1851106   -0.009000    0.030000   -0.1844000
46082.00  -0.016965   0.034224  -0.1867379   -0.013000    0.031000   -0.1861000
46083.00  -0.019994   0.035558  -0.1881139   -0.016000    0.032000   -0.1875000
46084.00  -0.023076   0.036972  -0.1893057   -0.020000    0.033000   -0.1888000
46085.00  -0.026261   0.038429  -0.1904083   -0.024000    0.034000   -0.1900000
46086.00  -0.029573   0.039922  -0.1915209   -0.027000    0.035000   -0.1912000
46087.00  -0.033034   0.041461  -0.1927203   -0.031000    0.036000   -0.1925000
46088.00  -0.036654   0.043045  -0.1940474   -0.034000    0.037000   -0.1939000
46089.00  -0.040417   0.044650  -0.1955065   -0.037000    0.039000   -0.1955000
46090.00  -0.044273   0.046244  -0.1970727   -0.041000    0.040000   -0.1971000
46091.00  -0.048135   0.047808  -0.1987025   -0.044000    0.041000   -0.1987000
46092.00  -0.051928   0.049331  -0.2003427   -0.047000    0.043000   -0.2003000
46093.00  -0.055578   0.050805  -0.2019384   -0.050000    0.044000   -0.2018000
46094.00  -0.059013   0.052219  -0.2034409   -0.053000    0.046000   -0.2032000
46095.00  -0.062163   0.053572  -0.2048137   -0.056000    0.048000   -0.2044000
46096.00  -0.065008   0.054912  -0.2060277   -0.060000    0.049000   -0.2055000
46097.00  -0.067595   0.056280  -0.2070748   -0.063000    0.051000   -0.2064000
46098.00  -0.069992   0.057704  -0.2079760   -0.066000    0.053000   -0.2072000
46099.00  -0.072265   0.059200  -0.2087876   -0.068000    0.055000   -0.2080000
46100.00  -0.074472   0.060763  -0.2096027   -0.072000    0.057000   -0.2089000
46101.00  -0.076633   0.062402  -0.2105400   -0.075000    0.059000   -0.2101000
46102.00  -0.078755   0.064139  -0.2117058   -0.078000    0.061000   -0.2115000
46103.00  -0.080874   0.066000  -0.2131574   -0.082000    0.063000   -0.2132000
46104.00  -0.083041   0.068013  -0.2148787   -0.085000    0.065000   -0.2151000
46105.00  -0.085300   0.070194  -0.2167819   -0.088000    0.067000   -0.2172000
46106.00  -0.087660   0.072510  -0.2187311   -0.091000    0.069000   -0.2193000
46107.00  -0.090126   0.074917  -0.2205888   -0.094000    0.071000   -0.2212000
46108.00  -0.092701   0.077370  -0.2222578   -0.097000    0.073000   -0.2230000
46109.00  -0.095382   0.079814  -0.2237016   -0.100000    0.075000   -0.2244000
46110.00  -0.098160   0.082196  -0.2249468   -0.103000    0.077000   -0.2258000
46111.00  -0.101037   0.084501  -0.2260661   -0.106000    0.080000   -0.2269000
46112.00  -0.104051   0.086729  -0.2271542   -0.109000    0.082000   -0.2280000
46113.00  -0.107245   0.088881  -0.2283057   -0.112000    0.084000   -0.2291000
46114.00  -0.110647   0.090957  -0.2295951   -0.114000    0.086000   -0.2304000
46115.00  -0.114250   0.092963  -0.2310654   -0.117000    0.088000   -0.2316000
46116.00  -0.118004   0.094931  -0.2327217   -0.119000    0.091000   -0.2331000
46117.00  -0.121853   0.096905  -0.2345343   -0.122000    0.093000   -0.2347000
46118.00  -0.125726   0.098912  -0.2364516   -0.125000    0.096000   -0.2364000
46119.00  -0.129547   0.100973  -0.2384076   -0.127000    0.098000   -0.2382000
46120.00  -0.133243   0.103110  -0.2403331   -0.130000    0.101000   -0.2400000
46121.00  -0.136777   0.105344  -0.2421679   -0.132000    0.103000   -0.2418000
46122.00  -0.140144   0.107701  -0.2438655   -0.135000    0.106000   -0.2435000
46123.00  -0.143341   0.110196  -0.2453988   -0.138000    0.109000   -0.2450000
46124.00  -0.146379   0.112815  -0.2467622   -0.140000    0.111000   -0.2464000
46125.00  -0.149266   0.115542  -0.2479762   -0.143000    0.114000   -0.2477000
46126.00  -0.152035   0.118359  -0.2490984   -0.145000    0.117000   -0.2489000
46127.00  -0.154732   0.121245  -0.2502217   -0.148000    0.119000   -0.2501000
46128.00  -0.157401   0.124178  -0.2514646   -0.150000    0.122000   -0.2514000
46129.00  -0.160087   0.127139  -0.2529506   -0.153000    0.125000   -0.2530000
46130.00  -0.162838   0.130105  -0.2547729   -0.155000    0.128000   -0.2549000
46131.00  -0.165701   0.133042  -0.2569614   -0.158000    0.131000   -0.2572000
46132.00  -0.168632   0.135964  -0.2594436   -0.160000    0.134000   -0.2597000
46133.00  -0.171568   0.138910  -0.2620707   -0.162000    0.137000   -0.2623000
46134.00  -0.174442   0.141921  -0.2646679   -0.164000    0.141000   -0.2649000
46135.00  -0.177192   0.145035  -0.2670902   -0.166000    0.144000   -0.2673000
46136.00  -0.179774   0.148284  -0.2692583   -0.168000    0.147000   -0.2693000
46137.00  -0.182174   0.151687  -0.2711697   -0.170000    0.150000   -0.2712000
46138.00  -0.184390   0.155262  -0.2728870   -0.172000    0.154000   -0.2728000
46139.00  -0.186475   0.159014  -0.2745066   -0.174000    0.157000   -0.2743000
46140.00  -0.188489   0.162944  -0.2761266   -0.176000    0.161000   -0.2759000
46141.00  -0.190425   0.167016  -0.2778277   -0.178000    0.164000   -0.2775000
46142.00  -0.192241   0.171174  -0.2796601   -0.179000    0.168000   -0.2793000
46143.00  -0.193893   0.175364  -0.2816404   -0.181000    0.171000   -0.2813000
46144.00  -0.195330   0.179529  -0.2837540   -0.182000    0.175000   -0.2834000
46145.00  -0.196459   0.183619  -0.2859606   -0.184000    0.178000   -0.2856000
46146.00  -0.197257   0.187641  -0.2882065   -0.185000    0.182000   -0.2879000
46147.00  -0.197770   0.191620  -0.2904336   -0.187000    0.186000   -0.2901000
46148.00  -0.198078   0.195575  -0.2925881   -0.188000    0.189000   -0.2923000
46149.00  -0.198263   0.199521  -0.2946278   -0.189000    0.193000   -0.2944000
46150.00  -0.198402   0.203478  -0.2965273   -0.190000    0.197000   -0.2963000
46151.00  -0.198546   0.207460  -0.2982722   -0.192000    0.200000   -0.2980000
46152.00  -0.198758   0.211475  -0.2998687   -0.192000    0.204000   -0.2996000
46153.00  -0.199088   0.215521  -0.3013471   -0.193000    0.208000   -0.3011000
46154.00  -0.199546   0.219579  -0.3027625   -0.194000    0.212000   -0.3026000
46155.00  -0.200125   0.223631  -0.3041967   -0.195000    0.216000   -0.3041000
46156.00  -0.200799   0.227676  -0.3057583   -0.196000    0.220000   -0.3057000
46157.00  -0.201506   0.231711  -0.3075487   -0.197000    0.223000   -0.3077000
46158.00  -0.202157   0.235725  -0.3096280   -0.197000    0.227000   -0.3099000
46159.00  -0.202656   0.239703  -0.3119810   -0.198000    0.231000   -0.3124000
46160.00  -0.202894   0.243632  -0.3145091   -0.198000    0.235000   -0.3151000
46161.00  -0.202887   0.247510  -0.3170467   -0.198000    0.239000   -0.3177000
46162.00  -0.202694   0.251352  -0.3194193   -0.198000    0.243000   -0.3202000
46163.00  -0.202363   0.255174  -0.3215064   -0.198000    0.247000   -0.3224000
46164.00  -0.201945   0.258993  -0.3232768   -0.198000    0.251000   -0.3242000
46165.00  -0.201479   0.262823  -0.3247880   -0.198000    0.255000   -0.3258000
46166.00  -0.200979   0.266659  -0.3261551   -0.198000    0.259000   -0.3272000
46167.00  -0.200452   0.270482  -0.3275061   -0.198000    0.263000   -0.3286000
46168.00  -0.199907   0.274270  -0.3289482   -0.198000    0.267000   -0.3300000
46169.00  -0.199368   0.277987  -0.3305500   -0.198000    0.271000   -0.3316000
46170.00  -0.198855   0.281599  -0.3323403   -0.198000    0.275000   -0.3333000
46171.00  -0.198376   0.285115  -0.3343101   -0.198000    0.279000   -0.3352000
46172.00  -0.197935   0.288574  -0.3364221   -0.197000    0.283000   -0.3372000
46173.00  -0.197529   0.292023  -0.3386206   -0.197000    0.286000   -0.3393000
46174.00  -0.197147   0.295507  -0.3408390   -0.197000    0.290000   -0.3414000
46175.00  -0.196748   0.299057  -0.3430114   -0.196000    0.294000   -0.3434000
46176.00  -0.196341   0.302665  -0.3450778   -0.196000    0.298000   -0.3454000
46177.00  -0.195970   0.306310  -0.3469911   -0.195000    0.302000   -0.3472000
46178.00  -0.195653   0.309964  -0.3487283   -0.194000    0.305000   -0.3489000
46179.00  -0.195403   0.313600  -0.3502938   -0.193000    0.309000   -0.3504000
46180.00  -0.195218   0.317194  -0.3517206   -0.193000    0.313000   -0.3518000
46181.00  -0.195070   0.320749  -0.3530704   -0.192000    0.316000   -0.3532000
46182.00  -0.194934   0.324277  -0.3544233   -0.191000    0.320000   -0.3546000
46183.00  -0.194754   0.327794  -0.3558732   -0.190000    0.324000   -0.3561000
46184.00  -0.194430   0.331318  -0.3575151   -0.189000    0.327000   -0.3578000
46185.00  -0.193875   0.334866  -0.3594226   -0.188000    0.331000   -0.3599000
46186.00  -0.193064   0.338446  -0.3616246   -0.187000    0.335000   -0.3622000
46187.00  -0.192022   0.342059  -0.3640725   -0.185000    0.338000   -0.3648000
46188.00  -0.190796   0.345705  -0.3666421   -0.184000    0.342000   -0.3675000
46189.00  -0.189423   0.349371  -0.3691694   -0.183000    0.345000   -0.3702000
46190.00  -0.187921   0.353018  -0.3715021   -0.181000    0.349000   -0.3725000
46191.00  -0.186343   0.356639  -0.3735395   -0.180000    0.352000   -0.3745000
46192.00  -0.184758   0.360244  -0.3752701   -0.178000    0.355000   -0.3761000
46193.00  -0.183180   0.363836  -0.3767639   -0.177000    0.359000   -0.3775000
46194.00  -0.181540   0.367403  -0.3781335   -0.175000    0.362000   -0.3788000
46195.00  -0.179759   0.370913  -0.3794931   -0.174000    0.365000   -0.3801000
46196.00  -0.177855   0.374344  -0.3809154   -0.172000    0.369000   -0.3815000
46197.00  -0.175860   0.377706  -0.3824452   -0.170000    0.372000   -0.3830000
46198.00  -0.173806   0.381008  -0.3840934   -0.169000    0.375000   -0.3847000
46199.00  -0.171735   0.384244  -0.3858435   -0.167000    0.378000   -0.3864000
46200.00  -0.169684   0.387395  -0.3876593   -0.165000    0.382000   -0.3883000
46201.00  -0.167665   0.390431  -0.3894825   -0.163000    0.385000   -0.3901000
46202.00  -0.165657   0.393334  -0.3912474   -0.161000    0.388000   -0.3918000
46203.00  -0.163573   0.396137  -0.3928999   -0.159000    0.391000   -0.3935000
46204.00  -0.161262   0.398882  -0.3943990   -0.157000    0.394000   -0.3950000
46205.00  -0.158584   0.401605  -0.3957248   -0.155000    0.397000   -0.3964000
46206.00  -0.155578   0.404325  -0.3968812   -0.153000    0.400000   -0.3975000
46207.00  -0.152367   0.407057  -0.3978971   -0.151000    0.403000   -0.3986000
46208.00  -0.149070   0.409800  -0.3988270   -0.149000    0.406000   -0.3995000
46209.00  -0.145811   0.412542  -0.3997466   -0.147000    0.409000   -0.4005000
46210.00  -0.142687   0.415266  -0.4007451   -0.144000    0.412000   -0.4015000
46211.00  -0.139715   0.417959  -0.4019197   -0.142000    0.415000   -0.4027000
46212.00  -0.136898   0.420617  -0.4033516   -0.140000    0.418000   -0.4042000
46213.00  -0.134239   0.423234  -0.4050843   -0.137000    0.420000   -0.4059000
46214.00  -0.131710   0.425794  -0.4071018   -0.135000    0.423000   -0.4079000
46215.00  -0.129268   0.428277  -0.4093187   -0.132000    0.426000   -0.4100000
46216.00  -0.126862   0.430697  -0.4115847   -0.130000    0.429000   -0.4122000
46217.00  -0.124466   0.433064  -0.4137295   -0.127000    0.431000   -0.4142000
46218.00  -0.122062   0.435383  -0.4156205   -0.125000    0.434000   -0.4159000
46219.00  -0.119627   0.437662  -0.4172008   -0.122000    0.436000   -0.4174000
46220.00  -0.117138   0.439906  -0.4185018   -0.119000    0.439000   -0.4186000
46221.00  -0.114629   0.442113  -0.4196298   -0.117000    0.441000   -0.4198000
46222.00  -0.112156   0.444281  -0.4207131   -0.114000    0.443000   -0.4209000
46223.00  -0.109765   0.446419  -0.4218551   -0.112000    0.445000   -0.4221000
46224.00  -0.107492   0.448543  -0.4231118   -0.109000    0.447000   -0.4234000
46225.00  -0.105357   0.450662  -0.4244918   -0.106000    0.449000   -0.4248000
46226.00  -0.103325   0.452758  -0.4259725   -0.104000    0.451000   -0.4263000
46227.00  -0.101352   0.454805  -0.4275097   -0.101000    0.453000   -0.4279000
46228.00  -0.099393   0.456780  -0.4290493   -0.098000    0.455000   -0.4295000
46229.00  -0.097404   0.458668  -0.4305347   -0.095000    0.456000   -0.4310000
46230.00  -0.095335   0.460461  -0.4319136   -0.093000    0.458000   -0.4324000
46231.00  -0.093149   0.462163  -0.4331459   -0.090000    0.460000   -0.4337000
46232.00  -0.090825   0.463779  -0.4342128   -0.087000    0.462000   -0.4348000
46233.00  -0.088349   0.465312  -0.4351203   -0.084000    0.464000   -0.4358000
46234.00  -0.085711   0.466761  -0.4359015   -0.082000    0.465000   -0.4365000
46235.00  -0.082936   0.468118  -0.4366149   -0.079000    0.467000   -0.4372000
46236.00  -0.080122   0.469408  -0.4373028   -0.076000    0.468000   -0.4378000
46237.00  -0.077361   0.470667  -0.4380153   -0.073000    0.470000   -0.4385000
46238.00  -0.074610   0.471903  -0.4388551   -0.070000    0.471000   -0.4393000
46239.00  -0.071793   0.473116  -0.4399191   -0.067000    0.473000   -0.4403000
46240.00  -0.068839   0.474303  -0.4412630   -0.064000    0.474000   -0.4416000
46241.00  -0.065753   0.475472  -0.4428618   -0.062000    0.475000   -0.4431000
46242.00  -0.062576   0.476631  -0.4446257   -0.058000    0.477000   -0.4447000
46243.00  -0.059354   0.477788  -0.4464248   -0.056000    0.478000   -0.4463000
46244.00  -0.056153   0.478938  -0.4481124   -0.053000    0.479000   -0.4478000
46245.00  -0.053034   0.480065  -0.4495582   -0.050000    0.480000   -0.4491000
46246.00  -0.050009   0.481156  -0.4506836   -0.047000    0.481000   -0.4501000
46247.00  -0.047069   0.482203   0.5485152   -0.044000    0.483000    0.5492000
46248.00  -0.044201   0.483202   0.5479681   -0.041000    0.484000    0.5486000
46249.00  -0.041392   0.484143   0.5475631   -0.038000    0.484000    0.5482000
46250.00  -0.038612   0.485025   0.5471829   -0.034000    0.485000    0.5477000
46251.00  -0.035784   0.485851   0.5467352   -0.031000    0.486000    0.5472000
46252.00  -0.032827   0.486625   0.5461737   -0.028000    0.487000    0.5465000
46253.00  -0.029687   0.487346   0.5455003   -0.025000    0.488000    0.5458000
46254.00  -0.026333   0.488016   0.5447512   -0.022000    0.489000    0.5449000
46255.00  -0.022800   0.488669   0.5439789   -0.019000    0.489000    0.5440000
46256.00  -0.019130   0.489314   0.5432315   -0.016000    0.490000    0.5431000
46257.00  -0.015371   0.489951   0.5425526   -0.013000    0.490000    0.5423000
46258.00  -0.011572   0.490575   0.5419778   -0.010000    0.491000    0.5416000
46259.00  -0.007792   0.491171   0.5415318   -0.006000    0.492000    0.5411000
46260.00  -0.004082   0.491721   0.5412161   -0.003000    0.492000    0.5408000
46261.00  -0.000464   0.492239   0.5410125    0.000000    0.493000    0.5405000
46262.00   0.003063   0.492745   0.5408855    0.003000    0.493000    0.5404000
46263.00   0.006507   0.493256   0.5407766    0.006000    0.493000    0.5403000
46264.00   0.009872   0.493788   0.5406063    0.010000    0.494000    0.5401000
46265.00   0.013176   0.494340   0.5402860    0.013000    0.494000    0.5398000
46266.00   0.016429   0.494873   0.5397323    0.016000    0.494000    0.5393000
46267.00   0.019647   0.495332   0.5389012    0.019000    0.495000    0.5386000
46268.00   0.022886   0.495665   0.5378134    0.023000    0.495000    0.5375000
46269.00   0.026158   0.495886   0.5365587    0.026000    0.495000    0.5363000
46270.00   0.029459   0.496025   0.5352637    0.029000    0.495000    0.5351000
46271.00   0.032763   0.496114   0.5340619    0.033000    0.495000    0.5339000
46272.00   0.036041   0.496176   0.5330642    0.036000    0.495000    0.5329000
46273.00   0.039272   0.496233   0.5323336    0.039000    0.495000    0.5321000
46274.00   0.042463   0.496285   0.5318666    0.043000    0.495000    0.5316000
46275.00   0.045629   0.496323   0.5315935    0.046000    0.495000    0.5313000
46276.00   0.048765   0.496335   0.5313965    0.049000    0.495000    0.5310000
46277.00   0.051872   0.496310   0.5311553    0.053000    0.495000    0.5307000
46278.00   0.054974   0.496231   0.5307762    0.056000    0.495000    0.5303000
46279.00   0.058100   0.496081   0.5302084    0.059000    0.495000    0.5297000
46280.00   0.061323   0.495838   0.5294499    0.063000    0.494000    0.5289000
46281.00   0.064658   0.495523   0.5285432    0.066000    0.494000    0.5280000
46282.00   0.068084   0.495159   0.5275565    0.069000    0.494000    0.5271000
46283.00   0.071580   0.494755   0.5265648    0.073000    0.493000    0.5261000
46284.00   0.075122   0.494320   0.5256392    0.076000    0.493000    0.5252000
46285.00   0.078697   0.493855   0.5248374    0.080000    0.493000    0.5244000
46286.00   0.082279   0.493336   0.5241943    0.083000    0.492000    0.5237000
46287.00   0.085829   0.492728   0.5237231    0.086000    0.492000    0.5232000
46288.00   0.089317   0.491994   0.5234146    0.090000    0.491000    0.5229000
46289.00   0.092722   0.491108   0.5232339    0.093000    0.491000    0.5226000
46290.00   0.096012   0.490110   0.5231072    0.096000    0.490000    0.5224000
46291.00   0.099202   0.489066   0.5229433    0.099000    0.489000    0.5222000
46292.00   0.102330   0.488030   0.5226398    0.103000    0.488000    0.5219000
46293.00   0.105445   0.487036   0.5220976    0.106000    0.488000    0.5213000
46294.00   0.108604   0.486110   0.5212499    0.109000    0.487000    0.5205000
46295.00   0.111863   0.485251   0.5200893    0.112000    0.486000    0.5194000
46296.00   0.115192   0.484438   0.5186855    0.115000    0.485000    0.5180000
46297.00   0.118524   0.483639   0.5171687    0.118000    0.484000    0.5166000
46298.00   0.121791   0.482814   0.5156920    0.121000    0.483000    0.5152000
46299.00   0.124926   0.481908   0.5143879    0.124000    0.482000    0.5140000
46300.00   0.127884   0.480877   0.5133339    0.127000    0.481000    0.5130000
46301.00   0.130691   0.479741   0.5125465    0.130000    0.479000    0.5123000
46302.00   0.133380   0.478546   0.5119814    0.133000    0.478000    0.5117000
46303.00   0.136005   0.477310   0.5115435    0.136000    0.477000    0.5113000
46304.00   0.138660   0.475975   0.5111038    0.139000    0.476000    0.5108000
46305.00   0.141430   0.474480   0.5105460    0.142000    0.474000    0.5102000
46306.00   0.144270   0.472834   0.5098009    0.145000    0.473000    0.5094000
46307.00   0.147121   0.471079   0.5088480    0.148000    0.471000    0.5084000
46308.00   0.149942   0.469255   0.5077043    0.150000    0.470000    0.5072000
46309.00   0.152721   0.467398   0.5064174    0.153000    0.468000    0.5060000
46310.00   0.155498   0.465536   0.5050530    0.156000    0.467000    0.5047000
46311.00   0.158276   0.463694   0.5036912    0.159000    0.465000    0.5035000
46312.00   0.161038   0.461899   0.5024070    0.161000    0.464000    0.5023000
46313.00   0.163789   0.460177   0.5012528    0.164000    0.462000    0.5013000
46314.00   0.166536   0.458544   0.5002573    0.166000    0.460000    0.5005000
46315.00   0.169227   0.456971   0.4994287    0.169000    0.458000    0.4997000
46316.00   0.171822   0.455409   0.4987417    0.171000    0.456000    0.4991000
46317.00   0.174282   0.453812   0.4981437    0.174000    0.455000    0.4985000
46318.00   0.176573   0.452131   0.4975589    0.176000    0.453000    0.4979000
46319.00   0.178677   0.450315   0.4968903    0.178000    0.451000    0.4971000
46320.00   0.180611   0.448316   0.4960317    0.181000    0.449000    0.4962000
46321.00   0.182398   0.446159   0.4948855    0.183000    0.447000    0.4949000
46322.00   0.184053   0.443888   0.4934018    0.185000    0.445000    0.4934000
46323.00   0.185592   0.441539   0.4916065    0.187000    0.442000    0.4915000
46324.00   0.187053   0.439148   0.4896077    0.189000    0.440000    0.4894000
46325.00   0.188508   0.436747   0.4875697    0.191000    0.438000    0.4873000
46326.00   0.189998   0.434355   0.4856603    0.193000    0.436000    0.4854000
46327.00   0.191546   0.431996   0.4839986    0.195000    0.434000    0.4837000
46328.00   0.193176   0.429680   0.4826222    0.197000    0.431000    0.4823000
46329.00   0.194912   0.427417   0.4814891    0.199000    0.429000    0.4812000
46330.00   0.196776   0.425207   0.4805008    0.200000    0.427000    0.4802000
46331.00   0.198726   0.423023   0.4795289    0.202000    0.424000    0.4791000
46332.00   0.200685   0.420838   0.4784586    0.204000    0.422000    0.4780000
46333.00   0.202577   0.418621   0.4772123    0.205000    0.419000    0.4767000
46334.00   0.204362   0.416327   0.4757559    0.207000    0.417000    0.4752000
46335.00   0.206018   0.413909   0.4740976    0.208000    0.414000    0.4736000
46336.00   0.207522   0.411358   0.4722834    0.210000    0.412000    0.4718000
46337.00   0.208873   0.408682   0.4703842    0.211000    0.409000    0.4699000
46338.00   0.210079   0.405896   0.4684802    0.212000    0.406000    0.4681000
46339.00   0.211149   0.403012   0.4666470    0.214000    0.404000    0.4663000
46340.00   0.212122   0.400053   0.4649418    0.215000    0.401000    0.4646000
46341.00   0.213067   0.397048   0.4633893    0.216000    0.398000    0.4631000
46342.00   0.214036   0.394029   0.4619896    0.217000    0.395000    0.4617000
46343.00   0.215075   0.391019   0.4607163    0.219000    0.392000    0.4604000
46344.00   0.216228   0.388042   0.4595225    0.220000    0.390000    0.4592000
46345.00   0.217527   0.385111   0.4583458    0.220000    0.387000    0.4580000
46346.00   0.218911   0.382221   0.4571011    0.221000    0.384000    0.4568000
46347.00   0.220280   0.379362   0.4556925    0.222000    0.381000    0.4554000
46348.00   0.221542   0.376513   0.4540317    0.223000    0.378000    0.4538000
46349.00   0.222619   0.373620   0.4520607    0.224000    0.375000    0.4518000
46350.00   0.223455   0.370637   0.4497784    0.225000    0.372000    0.4496000
46351.00   0.224080   0.367587   0.4472576    0.226000    0.369000    0.4471000
46352.00   0.224562   0.364512   0.4446451    0.226000    0.366000    0.4444000
46353.00   0.224966   0.361454   0.4421210    0.227000    0.363000    0.4419000
46354.00   0.225359   0.358452   0.4398379    0.228000    0.360000    0.4396000
46355.00   0.225798   0.355520   0.4378696    0.228000    0.358000    0.4376000
46356.00   0.226285   0.352648   0.4361921    0.229000    0.355000    0.4359000
46357.00   0.226795   0.349824   0.4347040    0.229000    0.352000    0.4344000
46358.00   0.227307   0.347014   0.4332664    0.230000    0.349000    0.4329000
46359.00   0.227800   0.344182   0.4317540    0.230000    0.346000    0.4314000
46360.00   0.228257   0.341300   0.4300833    0.231000    0.343000    0.4297000
46361.00   0.228671   0.338380   0.4282195    0.231000    0.340000    0.4279000
46362.00   0.229030   0.335455   0.4261722    0.231000    0.337000    0.4258000
46363.00   0.229326   0.332557   0.4239808    0.232000    0.334000    0.4237000
46364.00   0.229560   0.329701   0.4217036    0.232000    0.331000    0.4215000
46365.00   0.229736   0.326901   0.4194097    0.232000    0.328000    0.4192000
46366.00   0.229840   0.324156   0.4171761    0.232000    0.326000    0.4171000
46367.00   0.229859   0.321447   0.4150728    0.232000    0.323000    0.4150000
46368.00   0.229785   0.318755   0.4131510    0.233000    0.320000    0.4132000
46369.00   0.229620   0.316060   0.4114356    0.233000    0.317000    0.4115000
46370.00   0.229408   0.313351   0.4099157    0.233000    0.314000    0.4100000
46371.00   0.229171   0.310637   0.4085510    0.233000    0.312000    0.4086000
46372.00   0.228924   0.307937   0.4072826    0.233000    0.309000    0.4073000
46373.00   0.228693   0.305271   0.4060380    0.233000    0.306000    0.4060000
46374.00   0.228504   0.302658   0.4047364    0.232000    0.303000    0.4046000
46375.00   0.228386   0.300114   0.4032939    0.232000    0.301000    0.4030000
46376.00   0.228334   0.297638   0.4016286    0.232000    0.298000    0.4012000
46377.00   0.228320   0.295220   0.3996907    0.232000    0.295000    0.3990000
46378.00   0.228317   0.292843   0.3974904    0.232000    0.293000    0.3967000
46379.00   0.228298   0.290458   0.3951109    0.232000    0.290000    0.3942000
46380.00   0.228247   0.288015   0.3926938    0.231000    0.288000    0.3917000
46381.00   0.228135   0.285484   0.3904061    0.231000    0.285000    0.3893000
46382.00   0.227954   0.282861   0.3883798    0.231000    0.282000    0.3873000
46383.00   0.227722   0.280152   0.3866578    0.230000    0.280000    0.3855000
46384.00   0.227464   0.277366   0.3851853    0.230000    0.277000    0.3841000
46385.00   0.227247   0.274515   0.3838348    0.230000    0.275000    0.3827000
46386.00   0.227107   0.271641   0.3824592    0.229000    0.272000    0.3814000
46387.00   0.227067   0.268788   0.3809433    0.229000    0.270000    0.3799000
46388.00   0.227161   0.265981   0.3792292    0.229000    0.267000    0.3783000
46389.00   0.227422   0.263244   0.3773162    0.228000    0.265000    0.3765000
46390.00   0.227857   0.260599   0.3752469    0.228000    0.262000    0.3746000
46391.00   0.228289   0.258093   0.3731068    0.227000    0.260000    0.3726000
46392.00   0.228513   0.255777   0.3709919    0.227000    0.257000    0.3705000
46393.00   0.228522   0.253611   0.3689618    0.226000    0.255000    0.3686000
46394.00   0.228351   0.251535   0.3670608    0.226000    0.252000    0.3667000
46395.00   0.228034   0.249492   0.3653185    0.225000    0.250000    0.3650000
46396.00   0.227578   0.247438   0.3637506    0.225000    0.247000    0.3635000
46397.00   0.226974   0.245348   0.3623496    0.224000    0.245000    0.3622000
46398.00   0.226214   0.243204   0.3610822    0.224000    0.243000    0.3609000
46399.00   0.225289   0.240987   0.3598928    0.223000    0.240000    0.3598000
46400.00   0.224203   0.238690   0.3587090    0.222000    0.238000    0.3586000
46401.00   0.222985   0.236330   0.3574534    0.222000    0.235000    0.3574000
46402.00   0.221664   0.233938   0.3560531    0.221000    0.233000    0.3560000
46403.00   0.220295   0.231542   0.3544448    0.220000    0.231000    0.3544000
46404.00   0.218965   0.229164   0.3525858    0.219000    0.228000    0.3526000
46405.00   0.217750   0.226823   0.3504737    0.219000    0.226000    0.3505000
46406.00   0.216636   0.224519   0.3481682    0.218000    0.224000    0.3482000
46407.00   0.215563   0.222242   0.3457903    0.217000    0.221000    0.3459000
46408.00   0.214475   0.219989   0.3434927    0.216000    0.219000    0.3436000
46409.00   0.213331   0.217755   0.3414142    0.215000    0.217000    0.3416000
46410.00   0.212100   0.215538   0.3396322    0.215000    0.215000    0.3398000
46411.00   0.210811   0.213345   0.3381405    0.214000    0.213000    0.3383000
46412.00   0.209523   0.211181   0.3368527    0.212000    0.211000    0.3371000
46413.00   0.208303   0.209052   0.3356368    0.211000    0.208000    0.3358000
46414.00   0.207217   0.206963   0.3343657    0.210000    0.206000    0.3345000
46415.00   0.206324   0.204913   0.3329571    0.209000    0.204000    0.3331000
46416.00   0.205587   0.202891   0.3313867    0.208000    0.202000    0.3315000
46417.00   0.204918   0.200878   0.3296829    0.207000    0.200000    0.3297000
46418.00   0.204245   0.198834   0.3279056    0.206000    0.198000    0.3279000
46419.00   0.203505   0.196704   0.3261229    0.205000    0.196000    0.3261000
46420.00   0.202651   0.194441   0.3243953    0.203000    0.194000    0.3244000
46421.00   0.201682   0.192067   0.3227800    0.202000    0.192000    0.3228000
46422.00   0.200599   0.189640   0.3213244    0.201000    0.190000    0.3213000
46423.00   0.199401   0.187217   0.3200557    0.199000    0.188000    0.3201000
46424.00   0.198074   0.184830   0.3189776    0.198000    0.186000    0.3191000
46425.00   0.196602   0.182503   0.3180691    0.196000    0.184000    0.3182000
46426.00   0.194969   0.180259   0.3172844    0.195000    0.182000    0.3174000
46427.00   0.193183   0.178098   0.3165573    0.193000    0.180000    0.3167000
46428.00   0.191268   0.176008   0.3158105    0.192000    0.178000    0.3159000
46429.00   0.189274   0.173979   0.3149682    0.190000    0.176000    0.3150000
46430.00   0.187278   0.172001   0.3139669    0.188000    0.174000    0.3139000
46431.00   0.185312   0.170079   0.3127601    0.187000    0.172000    0.3126000
46432.00   0.183379   0.168223   0.3113387    0.185000    0.170000    0.3111000
46433.00   0.181454   0.166418   0.3097389    0.183000    0.169000    0.3094000
46434.00   0.179503   0.164642   0.3080397    0.181000    0.167000    0.3076000
46435.00   0.177500   0.162872   0.3063498    0.179000    0.165000    0.3058000
46436.00   0.175449   0.161098   0.3047858    0.177000    0.163000    0.3042000
46437.00   0.173353   0.159317   0.3034362    0.175000    0.161000    0.3028000
46438.00   0.171218   0.157523   0.3023221    0.173000    0.159000    0.3017000
46439.00   0.169057   0.155692   0.3013826    0.171000    0.157000    0.3008000
46440.00   0.166891   0.153788   0.3004973    0.169000    0.155000    0.2999000
46441.00   0.164758   0.151817   0.2995308    0.168000    0.153000    0.2990000
46442.00   0.162690   0.149796   0.2983744    0.165000    0.151000    0.2979000
46443.00   0.160722   0.147740   0.2969782    0.164000    0.149000    0.2966000
46444.00   0.158878   0.145663   0.2953575    0.161000    0.147000    0.2950000
46445.00   0.157141   0.143587   0.2935775    0.159000    0.145000    0.2933000
46446.00   0.155372   0.141583   0.2917394    0.157000    0.144000    0.2916000
46447.00   0.153408   0.139731   0.2899452    0.155000    0.142000    0.2898000
46448.00   0.151200   0.138054   0.2882630    0.153000    0.141000    0.2882000
46449.00   0.148727   0.136557   0.2867365    0.150000    0.139000    0.2867000
46450.00   0.145986   0.135246   0.2853861    0.148000    0.137000    0.2853000
46451.00   0.143091   0.134110   0.2842001    0.145000    0.136000    0.2842000
46452.00   0.140167   0.133107   0.2831507    0.142000    0.135000    0.2831000
46453.00   0.137314   0.132188   0.2821915    0.140000    0.133000    0.2822000
46454.00   0.134567   0.131298   0.2812568    0.137000    0.132000    0.2813000
46455.00   0.131939   0.130388   0.2802680    0.134000    0.131000    0.2803000
46456.00   0.129401   0.129446   0.2791405    0.131000    0.130000    0.2793000
46457.00   0.126889   0.128481   0.2777997    0.128000    0.128000    0.2780000
46458.00   0.124344   0.127502   0.2761995    0.125000    0.127000    0.2764000
46459.00   0.121701   0.126519   0.2743377    0.122000    0.126000    0.2747000
46460.00   0.118895   0.125549   0.2722597    0.119000    0.125000    0.2727000
46461.00   0.115908   0.124658   0.2700604    0.116000    0.124000    0.2707000
46462.00   0.112821   0.123850   0.2678653    0.113000    0.124000    0.2686000
46463.00   0.109714   0.123099   0.2657978    0.111000    0.123000    0.2668000
46464.00   0.106661   0.122378   0.2639515    0.108000    0.122000    0.2651000
46465.00   0.103734   0.121667   0.2623630    0.105000    0.122000    0.2636000
46466.00   0.100944   0.121002   0.2609992    0.103000    0.121000    0.2624000
46467.00   0.098291   0.120373   0.2597681    0.100000    0.121000    0.2612000
46468.00   0.095777   0.119754   0.2585474    0.098000    0.120000    0.2600000
46469.00   0.093387   0.119115   0.2572194    0.095000    0.120000    0.2587000
46470.00   0.091103   0.118430   0.2557082    0.093000    0.120000    0.2571000
46471.00   0.088893   0.117719   0.2539971    0.091000    0.119000    0.2554000
46472.00   0.086712   0.117033   0.2521272    0.088000    0.119000    0.2535000
46473.00   0.084518   0.116424   0.2501744    0.086000    0.119000    0.2515000
46474.00   0.082279   0.115931   0.2482237    0.084000    0.119000    0.2495000
46475.00   0.080014   0.115531   0.2463535    0.081000    0.119000    0.2477000
46476.00   0.077728   0.115215   0.2446300    0.079000    0.118000    0.2459000
46477.00   0.075396   0.114980   0.2431000    0.076000    0.118000    0.2443000
46478.00   0.072972   0.114814   0.2417861    0.074000    0.118000    0.2430000
46479.00   0.070407   0.114705   0.2406830    0.072000    0.118000    0.2417000
46480.00   0.067671   0.114639   0.2397571    0.069000    0.118000    0.2406000
46481.00   0.064784   0.114612   0.2389393    0.066000    0.118000    0.2395000
46482.00   0.061769   0.114632   0.2381421    0.063000    0.118000    0.2385000
46483.00   0.058642   0.114705   0.2372709    0.060000    0.118000    0.2373000
46484.00   0.055401   0.114826   0.2362378    0.057000    0.118000    0.2360000
46485.00   0.052054   0.114988   0.2349740    0.054000    0.118000    0.2346000
46486.00   0.048662   0.115180   0.2334475    0.051000    0.118000    0.2330000
46487.00   0.045283   0.115387   0.2316829    0.048000    0.118000    0.2312000
46488.00   0.041965   0.115589   0.2297646    0.045000    0.118000    0.2292000
46489.00   0.038757   0.115766   0.2278141    0.042000    0.118000    0.2273000
46490.00   0.035706   0.115906   0.2259578    0.039000    0.118000    0.2255000
46491.00   0.032791   0.116044   0.2243030    0.036000    0.118000    0.2239000
46492.00   0.029953   0.116217   0.2229021    0.032000    0.118000    0.2226000
46493.00   0.027128   0.116443   0.2217315    0.029000    0.118000    0.2216000
46494.00   0.024253   0.116739   0.2207104    0.026000    0.118000    0.2206000
46495.00   0.021283   0.117115   0.2197275    0.023000    0.119000    0.2197000
46496.00   0.018245   0.117561   0.2186638    0.020000    0.119000    0.2187000
46497.00   0.015184   0.118063   0.2174311    0.017000    0.119000    0.2175000
46498.00   0.012129   0.118590   0.2159936    0.015000    0.119000    0.2161000
46499.00   0.009097   0.119104   0.2143741    0.012000    0.120000    0.2145000
46500.00   0.006107   0.119568   0.2126434    0.009000    0.120000    0.2128000
46501.00   0.003162   0.119982   0.2109038    0.006000    0.121000    0.2111000
46502.00   0.000266   0.120366   0.2092616    0.004000    0.121000    0.2095000
46503.00  -0.002553   0.120732   0.2078046    0.001000    0.121000    0.2081000
46504.00  -0.005233   0.121082   0.2065820   -0.002000    0.122000    0.2068000
46505.00  -0.007745   0.121426   0.2055882   -0.004000    0.123000    0.2057000
46506.00  -0.010088   0.121808   0.2047961   -0.007000    0.123000    0.2048000
46507.00  -0.012282   0.122274   0.2041610   -0.009000    0.124000    0.2041000
46508.00  -0.014357   0.122843   0.2036164   -0.011000    0.124000    0.2034000
46509.00  -0.016346   0.123521   0.2030807   -0.014000    0.125000    0.2028000
46510.00  -0.018278   0.124312   0.2024589   -0.016000    0.126000    0.2021000
46511.00  -0.020183   0.125208   0.2016446   -0.018000    0.127000    0.2012000
46512.00  -0.022093   0.126208   0.2005405   -0.021000    0.128000    0.2001000
46513.00  -0.024062   0.127293   0.1990832   -0.023000    0.129000    0.1987000
46514.00  -0.026177   0.128425   0.1972693   -0.025000    0.130000    0.1970000
46515.00  -0.028501   0.129563   0.1951654   -0.027000    0.131000    0.1950000
46516.00  -0.030986   0.130692   0.1929143   -0.030000    0.132000    0.1930000
46517.00  -0.033545   0.131826   0.1906985   -0.032000    0.134000    0.1910000
46518.00  -0.036090   0.132981   0.1886785   -0.034000    0.135000    0.1892000
46519.00  -0.038555   0.134187   0.1869491   -0.036000    0.136000    0.1878000
46520.00  -0.040914   0.135472   0.1855148   -0.039000    0.137000    0.1865000
46521.00  -0.043172   0.136853   0.1842927   -0.041000    0.139000    0.1854000
46522.00  -0.045336   0.138344   0.1831580   -0.043000    0.140000    0.1844000
46523.00  -0.047454   0.139934   0.1819794   -0.045000    0.141000    0.1832000
46524.00  -0.049568   0.141566   0.1806466   -0.047000    0.143000    0.1819000
46525.00  -0.051700   0.143185   0.1790974   -0.049000    0.145000    0.1803000
46526.00  -0.053825   0.144820   0.1773314   -0.051000    0.146000    0.1785000
46527.00  -0.055874   0.146521   0.1754022   -0.053000    0.148000    0.1766000
46528.00  -0.057773   0.148339   0.1733924   -0.055000    0.150000    0.1745000
46529.00  -0.059477   0.150309   0.1713959   -0.057000    0.152000    0.1725000
46530.00  -0.060969   0.152445   0.1694985   -0.059000    0.154000    0.1705000
46531.00  -0.062290   0.154704   0.1677555   -0.060000    0.155000    0.1687000
46532.00  -0.063503   0.157021   0.1661917   -0.062000    0.157000    0.1671000
46533.00  -0.064673   0.159335   0.1648015   -0.064000    0.159000    0.1656000
46534.00  -0.065863   0.161602   0.1635526   -0.065000    0.161000    0.1643000
46535.00  -0.067116   0.163798   0.1623914   -0.067000    0.163000    0.1631000
46536.00  -0.068423   0.165915   0.1612565   -0.068000    0.165000    0.1619000
46537.00  -0.069777   0.167954   0.1600837   -0.070000    0.167000    0.1607000
46538.00  -0.071187   0.169929   0.1588076   -0.071000    0.169000    0.1594000
46539.00  -0.072663   0.171851   0.1573670   -0.072000    0.171000    0.1579000
46540.00  -0.074202   0.173729   0.1557132   -0.074000    0.173000    0.1562000
46541.00  -0.075759   0.175573   0.1538128   -0.075000    0.175000    0.1541000
46542.00  -0.077279   0.177399   0.1516836   -0.077000    0.177000    0.1519000
46543.00  -0.078707   0.179220   0.1494123   -0.078000    0.179000    0.1495000
46544.00  -0.080012   0.181058   0.1471433   -0.079000    0.181000    0.1471000
46545.00  -0.081171   0.182934   0.1450321   -0.081000    0.183000    0.1449000
46546.00  -0.082168   0.184865   0.1431903   -0.082000    0.185000    0.1430000
46547.00  -0.083015   0.186866   0.1416451   -0.083000    0.187000    0.1414000
46548.00  -0.083728   0.188951   0.1403312   -0.084000    0.189000    0.1400000
46549.00  -0.084328   0.191137   0.1391180   -0.085000    0.191000    0.1388000
46550.00  -0.084841   0.193434   0.1378587   -0.086000    0.193000    0.1376000
46551.00  -0.085302   0.195807   0.1364402   -0.087000    0.195000    0.1362000
46552.00  -0.085766   0.198188   0.1348073   -0.088000    0.197000    0.1346000
46553.00  -0.086310   0.200499   0.1329628   -0.089000    0.199000    0.1328000
46554.00  -0.087006   0.202681   0.1309539   -0.090000    0.201000    0.1309000
46555.00  -0.087865   0.204743   0.1288565   -0.090000    0.203000    0.1289000
46556.00  -0.088838   0.206708   0.1267570   -0.091000    0.205000    0.1268000
46557.00  -0.089873   0.208598   0.1247376   -0.092000    0.207000    0.1248000
46558.00  -0.090917   0.210433   0.1228653   -0.092000    0.210000    0.1230000
46559.00  -0.091923   0.212232   0.1211815   -0.093000    0.212000    0.1214000
46560.00  -0.092849   0.214013   0.1196996   -0.094000    0.214000    0.1199000
46561.00  -0.093688   0.215808   0.1184135   -0.094000    0.216000    0.1187000
46562.00  -0.094451   0.217648   0.1172924   -0.095000    0.218000    0.1176000
46563.00  -0.095149   0.219567   0.1162853   -0.095000    0.221000    0.1167000
46564.00  -0.095796   0.221597   0.1153295   -0.096000    0.223000    0.1157000
46565.00  -0.096430   0.223764   0.1143641   -0.096000    0.225000    0.1147000
46566.00  -0.097129   0.226072   0.1133334   -0.097000    0.227000    0.1135000
46567.00  -0.097864   0.228443   0.1121536   -0.097000    0.229000    0.1122000
46568.00  -0.098581   0.230775   0.1107561   -0.098000    0.232000    0.1107000
46569.00  -0.099267   0.233012   0.1091256   -0.098000    0.234000    0.1089000
46570.00  -0.099946   0.235158   0.1073146   -0.099000    0.236000    0.1070000
46571.00  -0.100619   0.237225   0.1054365   -0.099000    0.238000    0.1051000
46572.00  -0.101277   0.239225   0.1036423   -0.100000    0.240000    0.1033000
46573.00  -0.101901   0.241178   0.1020719   -0.100000    0.242000    0.1018000
46574.00  -0.102451   0.243121   0.1008047   -0.100000    0.244000    0.1006000
46575.00  -0.102876   0.245094   0.0998261   -0.101000    0.246000    0.0997000
46576.00  -0.103160   0.247103   0.0990329   -0.102000    0.248000    0.0990000
46577.00  -0.103325   0.249134   0.0982836   -0.102000    0.250000    0.0983000
46578.00  -0.103399   0.251173   0.0974527   -0.103000    0.252000    0.0976000
46579.00  -0.103404   0.253206   0.0964718   -0.103000    0.253000    0.0967000
46580.00  -0.103346   0.255218   0.0953424   -0.103000    0.255000    0.0956000
46581.00  -0.103243   0.257218   0.0941066   -0.104000    0.257000    0.0944000
46582.00  -0.103123   0.259234   0.0928334   -0.104000    0.259000    0.0932000
46583.00  -0.103011   0.261304   0.0915998   -0.104000    0.261000    0.0919000
46584.00  -0.102934   0.263462   0.0904755   -0.104000    0.263000    0.0908000
46585.00  -0.102910   0.265735   0.0895140   -0.104000    0.265000    0.0899000
46586.00  -0.102914   0.268094   0.0887517   -0.104000    0.267000    0.0891000
46587.00  -0.102903   0.270487   0.0882035   -0.103000    0.269000    0.0885000
46588.00  -0.102833   0.272860   0.0878589   -0.103000    0.271000    0.0881000
46589.00  -0.102660   0.275152   0.0876797   -0.102000    0.274000    0.0879000
46590.00  -0.102342   0.277314   0.0876058   -0.101000    0.276000    0.0878000
46591.00  -0.101845   0.279349   0.0875678   -0.100000    0.278000    0.0877000
46592.00  -0.101155   0.281292   0.0874923   -0.100000    0.280000    0.0875000
46593.00  -0.100277   0.283176   0.0873049   -0.099000    0.282000    0.0872000
46594.00  -0.099225   0.285031   0.0869416   -0.098000    0.284000    0.0867000
46595.00  -0.098024   0.286885   0.0863563   -0.096000    0.287000    0.0859000
46596.00  -0.096693   0.288773   0.0855339   -0.095000    0.289000    0.0850000
46597.00  -0.095276   0.290712   0.0844919   -0.094000    0.291000    0.0838000
46598.00  -0.093812   0.292705   0.0832929   -0.093000    0.293000    0.0826000
46599.00  -0.092335   0.294749   0.0820471   -0.092000    0.296000    0.0814000
46600.00  -0.090889   0.296847   0.0808817   -0.090000    0.298000    0.0803000
46601.00  -0.089542   0.299006   0.0799154   -0.089000    0.300000    0.0794000
46602.00  -0.088276   0.301210   0.0791929   -0.088000    0.303000    0.0788000
46603.00  -0.087034   0.303439   0.0786670   -0.087000    0.305000    0.0784000
46604.00  -0.085751   0.305684   0.0782238   -0.085000    0.307000    0.0781000
46605.00  -0.084370   0.307936   0.0777276   -0.084000    0.309000    0.0777000
46606.00  -0.082897   0.310196   0.0770662   -0.083000    0.311000    0.0771000
46607.00  -0.081352   0.312466   0.0761962   -0.081000    0.313000    0.0762000
46608.00  -0.079745   0.314743   0.0751471   -0.080000    0.316000    0.0752000
46609.00  -0.078095   0.317015   0.0739938   -0.079000    0.318000    0.0740000
46610.00  -0.076437   0.319251   0.0728272   -0.077000    0.320000    0.0728000
46611.00  -0.074819   0.321453   0.0717335   -0.076000    0.322000    0.0717000
46612.00  -0.073288   0.323644   0.0707726   -0.075000    0.324000    0.0707000
46613.00  -0.071864   0.325834   0.0699821   -0.073000    0.326000    0.0699000
46614.00  -0.070558   0.328031   0.0693782   -0.072000    0.328000    0.0693000
46615.00  -0.069363   0.330236   0.0689524   -0.070000    0.330000    0.0689000
46616.00  -0.068207   0.332442   0.0686737   -0.069000    0.332000    0.0686000
46617.00  -0.067004   0.334648   0.0684897   -0.067000    0.334000    0.0684000
46618.00  -0.065692   0.336846   0.0683299   -0.066000    0.336000    0.0683000
46619.00  -0.064318   0.339016   0.0681120   -0.064000    0.338000    0.0681000
46620.00  -0.062954   0.341131   0.0677608   -0.063000    0.340000    0.0677000
46621.00  -0.061644   0.343144   0.0672256   -0.061000    0.342000    0.0672000
46622.00  -0.060394   0.344996   0.0664822   -0.060000    0.344000    0.0665000
46623.00  -0.059201   0.346626   0.0655386   -0.058000    0.346000    0.0656000
46624.00  -0.057992   0.348012   0.0644446   -0.056000    0.348000    0.0645000
46625.00  -0.056638   0.349195   0.0632836   -0.054000    0.350000    0.0633000
46626.00  -0.055124   0.350248   0.0621501   -0.053000    0.351000    0.0622000
46627.00  -0.053477   0.351247   0.0611486   -0.051000    0.353000    0.0611000
46628.00  -0.051711   0.352262   0.0603652   -0.049000    0.354000    0.0602000
46629.00  -0.049825   0.353364   0.0598363   -0.047000    0.356000    0.0597000
46630.00  -0.047823   0.354603   0.0595248   -0.045000    0.358000    0.0593000
46631.00  -0.045742   0.355959   0.0593177   -0.043000    0.359000    0.0591000
46632.00  -0.043634   0.357389   0.0590660   -0.042000    0.360000    0.0588000
46633.00  -0.041552   0.358849   0.0586337   -0.040000    0.362000    0.0584000
46634.00  -0.039560   0.360304   0.0579461   -0.038000    0.363000    0.0577000
46635.00  -0.037728   0.361725   0.0570104   -0.036000    0.364000    0.0568000
46636.00  -0.036067   0.363091   0.0559092   -0.034000    0.365000    0.0558000
46637.00  -0.034531   0.364382   0.0547645   -0.033000    0.367000    0.0547000
46638.00  -0.033067   0.365577   0.0536947   -0.031000    0.368000    0.0536000
46639.00  -0.031637   0.366669   0.0527888   -0.029000    0.368000    0.0527000
46640.00  -0.030274   0.367690   0.0520890   -0.028000    0.369000    0.0520000
46641.00  -0.028996   0.368666   0.0516086   -0.026000    0.370000    0.0515000
46642.00  -0.027795   0.369619   0.0513373   -0.025000    0.371000    0.0511000
46643.00  -0.026634   0.370570   0.0512372   -0.024000    0.372000    0.0509000
46644.00  -0.025468   0.371543   0.0512451   -0.022000    0.372000    0.0509000
46645.00  -0.024242   0.372545   0.0512849   -0.021000    0.373000    0.0509000
46646.00  -0.022891   0.373498   0.0512841   -0.020000    0.374000    0.0508000
46647.00  -0.021434   0.374402   0.0511452   -0.019000    0.375000    0.0506000
46648.00  -0.019918   0.375285   0.0507817   -0.018000    0.376000    0.0502000
46649.00  -0.018396   0.376154   0.0501389   -0.017000    0.377000    0.0496000
46650.00  -0.016918   0.377001   0.0492042   -0.016000    0.378000    0.0487000
46651.00  -0.015510   0.377825   0.0480271   -0.014000    0.379000    0.0476000
46652.00  -0.014168   0.378641   0.0467073   -0.013000    0.380000    0.0464000
46653.00  -0.012882   0.379462   0.0453699   -0.012000    0.381000    0.0452000
46654.00  -0.011640   0.380306   0.0441420   -0.011000    0.382000    0.0440000
46655.00  -0.010403   0.381186   0.0431236   -0.009000    0.383000    0.0430000
46656.00  -0.009141   0.382083   0.0423668   -0.008000    0.384000    0.0423000
46657.00  -0.007839   0.382970   0.0418592   -0.007000    0.385000    0.0419000
46658.00  -0.006482   0.383837   0.0415167   -0.005000    0.386000    0.0415000
46659.00  -0.005055   0.384681   0.0412078   -0.004000    0.387000    0.0412000
46660.00  -0.003544   0.385493   0.0407924   -0.002000    0.388000    0.0407000
46661.00  -0.001936   0.386285   0.0401629    0.000000    0.389000    0.0401000
46662.00  -0.000222   0.387076   0.0392789    0.001000    0.390000    0.0391000
46663.00   0.001602   0.387884   0.0381772    0.003000    0.391000    0.0380000
46664.00   0.003514   0.388702   0.0369529    0.005000    0.391000    0.0368000
46665.00   0.005484   0.389514   0.0357240    0.006000    0.392000    0.0355000
46666.00   0.007473   0.390301   0.0345931    0.008000    0.393000    0.0344000
46667.00   0.009457   0.391054   0.0336291    0.010000    0.394000    0.0334000
46668.00   0.011415   0.391764   0.0328618    0.011000    0.394000    0.0327000
46669.00   0.013324   0.392421   0.0322875    0.013000    0.395000    0.0321000
46670.00   0.015140   0.393021   0.0318770    0.015000    0.395000    0.0317000
46671.00   0.016870   0.393579   0.0315836    0.016000    0.396000    0.0314000
46672.00   0.018538   0.394122   0.0313464    0.018000    0.396000    0.0312000
46673.00   0.020155   0.394677   0.0310971    0.020000    0.397000    0.0310000
46674.00   0.021728   0.395271   0.0307690    0.021000    0.397000    0.0306000
46675.00   0.023265   0.395918   0.0302994    0.023000    0.397000    0.0301000
46676.00   0.024777   0.396582   0.0296206    0.025000    0.398000    0.0293000
46677.00   0.026280   0.397211   0.0286889    0.026000    0.398000    0.0283000
46678.00   0.027776   0.397750   0.0275048    0.028000    0.398000    0.0270000
46679.00   0.029242   0.398137   0.0261182    0.030000    0.398000    0.0256000
46680.00   0.030660   0.398317   0.0246201    0.031000    0.399000    0.0240000
46681.00   0.032040   0.398304   0.0231308    0.033000    0.399000    0.0226000
46682.00   0.033398   0.398165   0.0217642    0.034000    0.399000    0.0213000
46683.00   0.034748   0.397969   0.0205972    0.036000    0.399000    0.0202000
46684.00   0.036109   0.397793   0.0196517    0.037000    0.399000    0.0194000
46685.00   0.037511   0.397718   0.0188843    0.038000    0.399000    0.0186000
46686.00   0.038937   0.397755   0.0181818    0.040000    0.399000    0.0180000
46687.00   0.040369   0.397869   0.0174055    0.041000    0.399000    0.0172000
46688.00   0.041792   0.398011   0.0164323    0.043000    0.399000    0.0161000
46689.00   0.043195   0.398133   0.0151853    0.044000    0.399000    0.0149000
46690.00   0.044565   0.398189   0.0136551    0.045000    0.399000    0.0133000
46691.00   0.045892   0.398157   0.0119068    0.046000    0.399000    0.0115000
46692.00   0.047175   0.398031   0.0100508    0.048000    0.399000    0.0097000
46693.00   0.048412   0.397812   0.0082069    0.049000    0.399000    0.0079000
46694.00   0.049596   0.397519   0.0064771    0.050000    0.399000    0.0062000
46695.00   0.050721   0.397166   0.0049286    0.051000    0.399000    0.0047000
46696.00   0.051787   0.396760   0.0035841    0.052000    0.398000    0.0034000
46697.00   0.052821   0.396311   0.0024267    0.054000    0.398000    0.0022000
46698.00   0.053854   0.395831   0.0014112    0.055000    0.398000    0.0012000
46699.00   0.054917   0.395336   0.0004703    0.056000    0.398000    0.0003000
46700.00   0.056028   0.394854  -0.0004763    0.057000    0.397000   -0.0007000
46701.00   0.057188   0.394417  -0.0015092    0.058000    0.397000   -0.0017000
46702.00   0.058390   0.394051  -0.0027028    0.060000    0.396000   -0.0029000
46703.00   0.059614   0.393782  -0.0041178    0.061000    0.396000   -0.0043000
46704.00   0.060833   0.393642  -0.0057892    0.062000    0.395000   -0.0060000
46705.00   0.062023   0.393644  -0.0077152    0.063000    0.395000   -0.0080000
46706.00   0.063183   0.393743  -0.0098497    0.064000    0.395000   -0.0101000
46707.00   0.064319   0.393870  -0.0120944    0.066000    0.394000   -0.0124000
46708.00   0.065439   0.393967  -0.0143128    0.067000    0.394000   -0.0146000
46709.00   0.066561   0.393983  -0.0163691    0.068000    0.393000   -0.0167000
46710.00   0.067700   0.393877  -0.0181709    0.069000    0.393000   -0.0184000
46711.00   0.068857   0.393644  -0.0196953    0.071000    0.392000   -0.0200000
46712.00   0.070031   0.393309  -0.0209933    0.072000    0.392000   -0.0212000
46713.00   0.071220   0.392901  -0.0221744    0.073000    0.392000   -0.0224000
46714.00   0.072432   0.392455  -0.0233677    0.074000    0.391000   -0.0237000
46715.00   0.073692   0.392017  -0.0246816    0.076000    0.391000   -0.0251000
46716.00   0.075028   0.391609  -0.0261924    0.077000    0.391000   -0.0267000
46717.00   0.076466   0.391242  -0.0279202    0.078000    0.391000   -0.0285000
46718.00   0.078018   0.390927  -0.0298285    0.079000    0.390000   -0.0305000
46719.00   0.079677   0.390666  -0.0318410    0.081000    0.390000   -0.0326000
46720.00   0.081418   0.390457  -0.0338647    0.082000    0.390000   -0.0347000
46721.00   0.083132   0.390277  -0.0358018    0.083000    0.389000   -0.0367000
46722.00   0.084741   0.390107  -0.0375854    0.085000    0.389000   -0.0384000
46723.00   0.086193   0.389931  -0.0391847    0.086000    0.389000   -0.0400000
46724.00   0.087450   0.389740  -0.0406038    0.087000    0.388000   -0.0413000
46725.00   0.088503   0.389529  -0.0418764    0.088000    0.388000   -0.0425000
46726.00   0.089430   0.389295  -0.0430563    0.090000    0.388000   -0.0435000
46727.00   0.090340   0.389034  -0.0442099    0.091000    0.387000   -0.0445000
46728.00   0.091325   0.388742  -0.0454034    0.092000    0.387000   -0.0455000
46729.00   0.092387   0.388414  -0.0466797    0.094000    0.387000   -0.0467000
46730.00   0.093479   0.388037  -0.0480733    0.095000    0.387000   -0.0480000
46731.00   0.094579   0.387595  -0.0496329    0.096000    0.386000   -0.0495000
46732.00   0.095684   0.387071  -0.0513921    0.097000    0.386000   -0.0512000
46733.00   0.096822   0.386457  -0.0533440    0.099000    0.385000   -0.0532000
46734.00   0.098035   0.385746  -0.0554304    0.100000    0.385000   -0.0553000
46735.00   0.099348   0.384936  -0.0575419    0.101000    0.385000   -0.0574000
46736.00   0.100727   0.384042  -0.0595353    0.103000    0.384000   -0.0594000
46737.00   0.102130   0.383079  -0.0612828    0.104000    0.383000   -0.0612000
46738.00   0.103520   0.382064  -0.0627206    0.105000    0.383000   -0.0627000
46739.00   0.104920   0.381025  -0.0638732    0.106000    0.382000   -0.0638000
46740.00   0.106443   0.380021  -0.0648435    0.108000    0.382000   -0.0648000
46741.00   0.108160   0.379146  -0.0657776    0.109000    0.381000   -0.0659000
46742.00   0.110029   0.378363  -0.0668165    0.111000    0.380000   -0.0670000
46743.00   0.111974   0.377602  -0.0680527    0.113000    0.379000   -0.0683000
46744.00   0.113883   0.376827  -0.0695212    0.114000    0.378000   -0.0698000
46745.00   0.115670   0.376009  -0.0711957    0.116000    0.377000   -0.0716000
46746.00   0.117284   0.375126  -0.0730039    0.117000    0.376000   -0.0734000
46747.00   0.118681   0.374161  -0.0748528    0.118000    0.374000   -0.0753000
46748.00   0.119822   0.373111  -0.0766462    0.119000    0.373000   -0.0770000
46749.00   0.120675   0.371975  -0.0783024    0.120000    0.372000   -0.0786000
46750.00   0.121222   0.370755  -0.0797678    0.121000    0.371000   -0.0800000
46751.00   0.121525   0.369473  -0.0810249    0.121000    0.370000   -0.0813000
46752.00   0.121669   0.368161  -0.0820903    0.122000    0.368000   -0.0823000
46753.00   0.121731   0.366845  -0.0830098    0.122000    0.367000   -0.0832000
46754.00   0.121735   0.365532  -0.0838496    0.123000    0.366000   -0.0840000
46755.00   0.121695   0.364223  -0.0846851    0.123000    0.365000   -0.0848000
46756.00   0.121645   0.362924  -0.0855930    0.123000    0.364000   -0.0857000
46757.00   0.121615   0.361638  -0.0866396    0.124000    0.362000   -0.0868000
46758.00   0.121636   0.360361  -0.0878742    0.124000    0.361000   -0.0881000
46759.00   0.121737   0.359088  -0.0893248    0.124000    0.360000   -0.0895000
46760.00   0.121951   0.357817  -0.0909912    0.125000    0.359000   -0.0912000
46761.00   0.122300   0.356546  -0.0928325    0.125000    0.358000   -0.0931000
46762.00   0.122802   0.355271  -0.0947608    0.126000    0.356000   -0.0950000
46763.00   0.123482   0.353996  -0.0966481    0.126000    0.355000   -0.0969000
46764.00   0.124368   0.352720  -0.0983574    0.127000    0.354000   -0.0986000
46765.00   0.125479   0.351444  -0.0997919    0.127000    0.352000   -0.1001000
46766.00   0.126780   0.350165  -0.1009402    0.128000    0.351000   -0.1012000
46767.00   0.128205   0.348882  -0.1018824    0.129000    0.350000   -0.1022000
46768.00   0.129688   0.347592  -0.1027627    0.130000    0.348000   -0.1031000
46769.00   0.131165   0.346274  -0.1037358    0.131000    0.347000   -0.1041000
46770.00   0.132580   0.344903  -0.1049099    0.132000    0.346000   -0.1052000
46771.00   0.133924   0.343466  -0.1063124    0.133000    0.344000   -0.1066000
46772.00   0.135176   0.341972  -0.1079059    0.134000    0.343000   -0.1082000
46773.00   0.136306   0.340435  -0.1096072    0.135000    0.341000   -0.1099000
46774.00   0.137286   0.338871  -0.1113158    0.136000    0.340000   -0.1115000
46775.00   0.138103   0.337292  -0.1129402    0.137000    0.339000   -0.1131000
46776.00   0.138777   0.335713  -0.1144085    0.138000    0.337000   -0.1146000
46777.00   0.139334   0.334158  -0.1156739    0.138000    0.336000   -0.1158000
46778.00   0.139803   0.332651  -0.1167165    0.139000    0.335000   -0.1168000
46779.00   0.140216   0.331220  -0.1175448    0.140000    0.334000   -0.1177000
46780.00   0.140605   0.329888  -0.1182030    0.140000    0.332000   -0.1184000
46781.00   0.140997   0.328664  -0.1187732    0.141000    0.331000   -0.1191000
46782.00   0.141411   0.327549  -0.1193512    0.141000    0.330000   -0.1197000
46783.00   0.141868   0.326542  -0.1200310    0.142000    0.329000   -0.1204000
46784.00   0.142385   0.325615  -0.1208896    0.142000    0.328000   -0.1213000
46785.00   0.142978   0.324735  -0.1219795    0.142000    0.327000   -0.1223000
46786.00   0.143609   0.323868  -0.1233149    0.143000    0.326000   -0.1236000
46787.00   0.144204   0.322977  -0.1248792    0.143000    0.325000   -0.1251000
46788.00   0.144684   0.322025  -0.1266263    0.144000    0.325000   -0.1267000
46789.00   0.145013   0.321001  -0.1284839    0.144000    0.323000   -0.1285000
46790.00   0.145222   0.319917  -0.1303569    0.144000    0.322000   -0.1303000
46791.00   0.145351   0.318788  -0.1321329    0.145000    0.321000   -0.1321000
46792.00   0.145443   0.317630  -0.1337127    0.145000    0.320000   -0.1336000
46793.00   0.145537   0.316458  -0.1350465    0.145000    0.319000   -0.1349000
46794.00   0.145675   0.315287  -0.1361608    0.145000    0.317000   -0.1360000
46795.00   0.145891   0.314129  -0.1371607    0.146000    0.316000   -0.1369000
46796.00   0.146164   0.312978  -0.1381993    0.146000    0.315000   -0.1379000
46797.00   0.146446   0.311819  -0.1394157    0.146000    0.314000   -0.1391000
46798.00   0.146692   0.310639  -0.1408817    0.146000    0.312000   -0.1406000
46799.00   0.146854   0.309420  -0.1425808    0.146000    0.311000   -0.1423000
46800.00   0.146890   0.308156  -0.1444251    0.146000    0.309000   -0.1441000
46801.00   0.146762   0.306858  -0.1462932    0.146000    0.308000   -0.1460000
46802.00   0.146447   0.305532  -0.1480683    0.145000    0.307000   -0.1478000
46803.00   0.145930   0.304171  -0.1496648    0.145000    0.305000   -0.1493000
46804.00   0.145216   0.302764  -0.1510340    0.145000    0.304000   -0.1507000
46805.00   0.144363   0.301309  -0.1521611    0.144000    0.303000   -0.1518000
46806.00   0.143461   0.299808  -0.1530660    0.144000    0.302000   -0.1528000
46807.00   0.142592   0.298270  -0.1537942    0.143000    0.300000   -0.1535000
46808.00   0.141826   0.296709  -0.1544114    0.143000    0.299000   -0.1542000
46809.00   0.141231   0.295141  -0.1549984    0.142000    0.297000   -0.1548000
46810.00   0.140855   0.293585  -0.1556391    0.141000    0.296000   -0.1555000
46811.00   0.140624   0.292056  -0.1564038    0.141000    0.295000   -0.1563000
46812.00   0.140450   0.290534  -0.1573502    0.140000    0.293000   -0.1573000
46813.00   0.140262   0.289004  -0.1585097    0.140000    0.292000   -0.1585000
46814.00   0.139989   0.287471  -0.1598827    0.139000    0.290000   -0.1598000
46815.00   0.139575   0.285944  -0.1614379    0.138000    0.289000   -0.1614000
46816.00   0.139026   0.284463  -0.1631089    0.138000    0.288000   -0.1631000
46817.00   0.138418   0.283070  -0.1648016    0.137000    0.286000   -0.1647000
46818.00   0.137857   0.281786  -0.1664139    0.137000    0.285000   -0.1664000
46819.00   0.137431   0.280616  -0.1678506    0.136000    0.284000   -0.1678000
46820.00   0.137166   0.279539  -0.1690519    0.136000    0.282000   -0.1690000
46821.00   0.137038   0.278561  -0.1700244    0.135000    0.281000   -0.1700000
46822.00   0.137011   0.277704  -0.1708510    0.135000    0.280000   -0.1708000
46823.00   0.137001   0.276949  -0.1716741    0.135000    0.279000   -0.1717000
46824.00   0.136835   0.276208  -0.1726509    0.134000    0.277000   -0.1727000
46825.00   0.136335   0.275387  -0.1738984    0.134000    0.276000   -0.1740000
46826.00   0.135381   0.274410  -0.1754526    0.133000    0.275000   -0.1756000
46827.00   0.134106   0.273266  -0.1772565    0.133000    0.274000   -0.1774000
46828.00   0.132707   0.271968  -0.1791915    0.132000    0.273000   -0.1793000
46829.00   0.131373   0.270544  -0.1811235    0.132000    0.271000   -0.1812000
46830.00   0.130288   0.269034  -0.1829432    0.132000    0.270000   -0.1830000
46831.00   0.129572   0.267504  -0.1845796    0.131000    0.269000   -0.1846000
46832.00   0.129204   0.266010  -0.1860049    0.131000    0.268000   -0.1860000
46833.00   0.129075   0.264586  -0.1872302    0.130000    0.267000   -0.1872000
46834.00   0.129034   0.263271  -0.1882929    0.130000    0.266000   -0.1882000
46835.00   0.128903   0.262120  -0.1892463    0.129000    0.265000   -0.1891000
46836.00   0.128587   0.261167  -0.1901571    0.129000    0.264000   -0.1900000
46837.00   0.128150   0.260373  -0.1911065    0.128000    0.263000   -0.1909000
46838.00   0.127667   0.259684  -0.1921723    0.128000    0.262000   -0.1920000
46839.00   0.127184   0.259047  -0.1934137    0.128000    0.262000   -0.1933000
46840.00   0.126747   0.258408  -0.1948653    0.127000    0.261000   -0.1948000
46841.00   0.126370   0.257736  -0.1965376    0.127000    0.260000   -0.1965000
46842.00   0.126024   0.257013  -0.1984046    0.127000    0.259000   -0.1984000
46843.00   0.125673   0.256225  -0.2004034    0.126000    0.258000   -0.2004000
46844.00   0.125290   0.255354  -0.2024439    0.126000    0.257000   -0.2025000
46845.00   0.124857   0.254391  -0.2044244    0.125000    0.256000   -0.2045000
46846.00   0.124399   0.253371  -0.2062584    0.125000    0.255000   -0.2064000
46847.00   0.123945   0.252313  -0.2078958    0.124000    0.254000   -0.2081000
46848.00   0.123508   0.251228  -0.2093397    0.124000    0.253000   -0.2096000
46849.00   0.123087   0.250117  -0.2106572    0.123000    0.252000   -0.2109000
46850.00   0.122661   0.248976  -0.2119707    0.123000    0.251000   -0.2122000
46851.00   0.122246   0.247844  -0.2134289    0.122000    0.250000   -0.2137000
46852.00   0.121872   0.246727  -0.2151634    0.122000    0.249000   -0.2153000
46853.00   0.121495   0.245613  -0.2172400    0.121000    0.247000   -0.2173000
46854.00   0.121053   0.244482  -0.2196369    0.121000    0.246000   -0.2196000
46855.00   0.120474   0.243307  -0.2222510    0.120000    0.245000   -0.2220000
46856.00   0.119739   0.242064  -0.2249249    0.119000    0.243000   -0.2245000
46857.00   0.118859   0.240737  -0.2274987    0.118000    0.242000   -0.2268000
46858.00   0.117846   0.239311  -0.2298512    0.118000    0.240000   -0.2290000
46859.00   0.116699   0.237782  -0.2319140    0.117000    0.239000   -0.2309000
46860.00   0.115417   0.236156  -0.2336699    0.116000    0.237000   -0.2326000
46861.00   0.114084   0.234471  -0.2351542    0.115000    0.236000   -0.2341000
46862.00   0.112799   0.232769  -0.2364341    0.115000    0.235000   -0.2355000
46863.00   0.111657   0.231094  -0.2375923    0.114000    0.234000   -0.2368000
46864.00   0.110751   0.229489  -0.2387201    0.113000    0.233000   -0.2382000
46865.00   0.110161   0.227994  -0.2399098    0.113000    0.231000   -0.2395000
46866.00   0.109870   0.226654  -0.2412443    0.112000    0.230000   -0.2411000
46867.00   0.109779   0.225503  -0.2427787    0.111000    0.229000   -0.2428000
46868.00   0.109810   0.224548  -0.2445374    0.111000    0.228000   -0.2447000
46869.00   0.109899   0.223794  -0.2465079    0.110000    0.227000   -0.2468000
46870.00   0.109988   0.223232  -0.2486381    0.109000    0.226000   -0.2490000
46871.00   0.110020   0.222818  -0.2508431    0.109000    0.225000   -0.2512000
46872.00   0.109928   0.222495  -0.2530193    0.108000    0.224000   -0.2534000
46873.00   0.109637   0.222199  -0.2550668    0.107000    0.223000   -0.2553000
46874.00   0.109055   0.221849  -0.2569179    0.107000    0.223000   -0.2571000
46875.00   0.108093   0.221367  -0.2585563    0.106000    0.222000   -0.2586000
46876.00   0.106728   0.220718  -0.2600186    0.105000    0.221000   -0.2599000
46877.00   0.105080   0.219945  -0.2613939    0.104000    0.220000   -0.2612000
46878.00   0.103299   0.219106  -0.2628015    0.104000    0.219000   -0.2624000
46879.00   0.101537   0.218262  -0.2643567    0.103000    0.218000   -0.2639000
46880.00   0.099933   0.217460  -0.2661370    0.102000    0.217000   -0.2656000
46881.00   0.098585   0.216712  -0.2681613    0.101000    0.216000   -0.2676000
46882.00   0.097540   0.216016  -0.2703756    0.100000    0.215000   -0.2698000
46883.00   0.096745   0.215368  -0.2726712    0.099000    0.215000   -0.2722000
46884.00   0.096120   0.214758  -0.2749188    0.098000    0.214000   -0.2745000
46885.00   0.095597   0.214178  -0.2770051    0.097000    0.213000   -0.2766000
46886.00   0.095139   0.213641  -0.2788608    0.096000    0.212000   -0.2785000
46887.00   0.094713   0.213178  -0.2804693    0.095000    0.211000   -0.2801000
46888.00   0.094270   0.212808  -0.2818591    0.094000    0.211000   -0.2815000
46889.00   0.093722   0.212509  -0.2830897    0.093000    0.210000   -0.2828000
46890.00   0.092988   0.212263  -0.2842360    0.092000    0.210000   -0.2839000
46891.00   0.092064   0.212060  -0.2853731    0.091000    0.209000   -0.2850000
46892.00   0.090975   0.211868  -0.2865731    0.090000    0.209000   -0.2862000
46893.00   0.089743   0.211650  -0.2878977    0.089000    0.209000   -0.2875000
46894.00   0.088394   0.211366  -0.2893924    0.088000    0.208000   -0.2890000
46895.00   0.086971   0.210974  -0.2910801    0.087000    0.208000   -0.2907000
46896.00   0.085500   0.210491  -0.2929587    0.086000    0.208000   -0.2926000
46897.00   0.083991   0.209938  -0.2949955    0.085000    0.207000   -0.2946000
46898.00   0.082464   0.209321  -0.2971198    0.084000    0.207000   -0.2968000
46899.00   0.080935   0.208641  -0.2992297    0.083000    0.206000   -0.2989000
46900.00   0.079424   0.207916  -0.3012155    0.082000    0.206000   -0.3009000
46901.00   0.077952   0.207220  -0.3029897    0.081000    0.206000   -0.3027000
46902.00   0.076542   0.206595  -0.3045084    0.080000    0.206000   -0.3043000
46903.00   0.075219   0.206060  -0.3057977    0.078000    0.205000   -0.3055000
46904.00   0.074010   0.205614  -0.3069486    0.077000    0.205000   -0.3067000
46905.00   0.072932   0.205255  -0.3080894    0.076000    0.205000   -0.3079000
46906.00   0.071990   0.204990  -0.3093493    0.075000    0.204000   -0.3092000
46907.00   0.071179   0.204811  -0.3108178    0.074000    0.204000   -0.3107000
46908.00   0.070473   0.204690  -0.3125279    0.073000    0.204000   -0.3125000
46909.00   0.069810   0.204601  -0.3144718    0.072000    0.203000   -0.3145000
46910.00   0.069116   0.204498  -0.3165887    0.071000    0.203000   -0.3166000
46911.00   0.068329   0.204384  -0.3187598    0.070000    0.203000   -0.3187000
46912.00   0.067396   0.204269  -0.3208546    0.069000    0.202000   -0.3207000
46913.00   0.066290   0.204134  -0.3227685    0.068000    0.202000   -0.3225000
46914.00   0.064990   0.203955  -0.3244426    0.067000    0.202000   -0.3241000
46915.00   0.063489   0.203714  -0.3258673    0.066000    0.202000   -0.3254000
46916.00   0.061855   0.203438  -0.3270799    0.064000    0.201000   -0.3265000
46917.00   0.060205   0.203149  -0.3281429    0.063000    0.201000   -0.3275000
46918.00   0.058669   0.202858  -0.3291293    0.062000    0.201000   -0.3284000
46919.00   0.057350   0.202549  -0.3301078    0.060000    0.201000   -0.3293000
46920.00   0.056318   0.202180  -0.3311396    0.059000    0.201000   -0.3304000
46921.00   0.055534   0.201759  -0.3322852    0.058000    0.200000   -0.3316000
46922.00   0.054880   0.201348  -0.3335849    0.056000    0.200000   -0.3330000
46923.00   0.054226   0.201005  -0.3350588    0.055000    0.200000   -0.3346000
46924.00   0.053433   0.200748  -0.3367160    0.054000    0.200000   -0.3363000
46925.00   0.052428   0.200544  -0.3385294    0.052000    0.199000   -0.3382000
46926.00   0.051219   0.200369  -0.3404133    0.051000    0.199000   -0.3401000
46927.00   0.049840   0.200207  -0.3422469    0.049000    0.199000   -0.3420000
46928.00   0.048329   0.200022  -0.3439092    0.048000    0.198000   -0.3437000
46929.00   0.046729   0.199778  -0.3453195    0.047000    0.198000   -0.3451000
46930.00   0.045091   0.199449  -0.3464683    0.045000    0.198000   -0.3462000
46931.00   0.043468   0.199072  -0.3474324    0.043000    0.197000   -0.3472000
46932.00   0.041909   0.198704  -0.3483486    0.042000    0.197000   -0.3482000
46933.00   0.040463   0.198405  -0.3493633    0.041000    0.197000   -0.3492000
46934.00   0.039181   0.198239  -0.3505857    0.039000    0.197000   -0.3505000
46935.00   0.038100   0.198265  -0.3520593    0.038000    0.196000   -0.3520000
46936.00   0.037168   0.198481  -0.3537602    0.037000    0.196000   -0.3538000
46937.00   0.036280   0.198815  -0.3556124    0.036000    0.196000   -0.3557000
46938.00   0.035329   0.199181  -0.3575135    0.035000    0.196000   -0.3576000
46939.00   0.034223   0.199476  -0.3593644    0.034000    0.195000   -0.3594000
46940.00   0.032936   0.199579  -0.3610880    0.034000    0.195000   -0.3611000
46941.00   0.031586   0.199492  -0.3626238    0.033000    0.195000   -0.3625000
46942.00   0.030268   0.199271  -0.3639418    0.032000    0.195000   -0.3637000
46943.00   0.029042   0.198973  -0.3650490    0.031000    0.195000   -0.3647000
46944.00   0.027961   0.198658  -0.3659816    0.030000    0.195000   -0.3655000
46945.00   0.027069   0.198384  -0.3667955    0.030000    0.195000   -0.3663000
46946.00   0.026356   0.198192  -0.3675670    0.029000    0.195000   -0.3670000
46947.00   0.025775   0.198083  -0.3683667    0.029000    0.195000   -0.3678000
46948.00   0.025279   0.198053  -0.3692478    0.028000    0.195000   -0.3687000
46949.00   0.024820   0.198093  -0.3702416    0.027000    0.195000   -0.3698000
46950.00   0.024353   0.198199  -0.3713598    0.027000    0.195000   -0.3711000
46951.00   0.023855   0.198360  -0.3726176    0.026000    0.195000   -0.3726000
46952.00   0.023324   0.198545  -0.3740154    0.025000    0.196000   -0.3742000
46953.00   0.022759   0.198715  -0.3755227    0.025000    0.196000   -0.3759000
46954.00   0.022130   0.198843  -0.3770620    0.024000    0.196000   -0.3775000
46955.00   0.021384   0.198929  -0.3785134    0.023000    0.197000   -0.3790000
46956.00   0.020463   0.198976  -0.3797706    0.022000    0.197000   -0.3802000
46957.00   0.019334   0.198993  -0.3807825    0.021000    0.198000   -0.3812000
46958.00   0.018054   0.199008  -0.3815793    0.020000    0.198000   -0.3819000
46959.00   0.016708   0.199060  -0.3822681    0.019000    0.199000   -0.3826000
46960.00   0.015382   0.199185  -0.3829938    0.018000    0.199000   -0.3833000
46961.00   0.014115   0.199396  -0.3838894    0.017000    0.200000   -0.3842000
46962.00   0.012925   0.199696  -0.3850249    0.016000    0.200000   -0.3853000
46963.00   0.011828   0.200086  -0.3863871    0.014000    0.201000   -0.3867000
46964.00   0.010807   0.200548  -0.3878939    0.013000    0.201000   -0.3883000
46965.00   0.009827   0.201057  -0.3894316    0.012000    0.202000   -0.3898000
46966.00   0.008835   0.201586  -0.3908886    0.011000    0.202000   -0.3912000
46967.00   0.007817   0.202110  -0.3921712    0.010000    0.203000   -0.3925000
46968.00   0.006773   0.202608  -0.3932229    0.008000    0.203000   -0.3935000
46969.00   0.005702   0.203054  -0.3940250    0.007000    0.204000   -0.3942000
46970.00   0.004581   0.203435  -0.3945922    0.006000    0.205000   -0.3948000
46971.00   0.003328   0.203807  -0.3949640    0.005000    0.205000   -0.3951000
46972.00   0.001879   0.204234  -0.3952013    0.003000    0.206000   -0.3954000
46973.00   0.000318   0.204697  -0.3953915    0.002000    0.206000   -0.3956000
46974.00  -0.001239   0.205162  -0.3956235    0.001000    0.207000   -0.3959000
46975.00  -0.002680   0.205607  -0.3959716    0.000000    0.207000   -0.3963000
46976.00  -0.003968   0.206069  -0.3964826   -0.002000    0.208000   -0.3969000
46977.00  -0.005103   0.206556  -0.3971767   -0.003000    0.209000   -0.3976000
46978.00  -0.006110   0.207053  -0.3980465   -0.004000    0.209000   -0.3985000
46979.00  -0.007044   0.207548  -0.3990551   -0.005000    0.210000   -0.3996000
46980.00  -0.007966   0.208033  -0.4001420   -0.007000    0.210000   -0.4006000
46981.00  -0.008911   0.208509  -0.4012269   -0.008000    0.211000   -0.4017000
46982.00  -0.009909   0.208988  -0.4022166   -0.009000    0.211000   -0.4026000
46983.00  -0.010986   0.209478  -0.4030268   -0.010000    0.212000   -0.4034000
46984.00  -0.012169   0.209989  -0.4036106   -0.012000    0.213000   -0.4039000
46985.00  -0.013472   0.210517  -0.4039816   -0.013000    0.213000   -0.4042000
46986.00  -0.014873   0.211044  -0.4042189   -0.014000    0.214000   -0.4044000
46987.00  -0.016356   0.211553  -0.4044596   -0.016000    0.215000   -0.4046000
46988.00  -0.017869   0.212064  -0.4048559   -0.017000    0.216000   -0.4050000
46989.00  -0.019344   0.212606  -0.4055222   -0.018000    0.216000   -0.4057000
46990.00  -0.020705   0.213196  -0.4064820   -0.019000    0.217000   -0.4066000
46991.00  -0.021913   0.213841  -0.4076496   -0.020000    0.218000   -0.4078000
46992.00  -0.022946   0.214544  -0.4088811   -0.021000    0.219000   -0.4090000
46993.00  -0.023784   0.215306  -0.4100321   -0.022000    0.219000   -0.4101000
46994.00  -0.024434   0.216111  -0.4109970   -0.023000    0.220000   -0.4111000
46995.00  -0.024929   0.216938  -0.4117266   -0.023000    0.221000   -0.4118000
46996.00  -0.025340   0.217783  -0.4122057   -0.024000    0.222000   -0.4123000
46997.00  -0.025680   0.218647  -0.4124557   -0.024000    0.222000   -0.4126000
46998.00  -0.025937   0.219537  -0.4125270   -0.025000    0.223000   -0.4126000
46999.00  -0.026102   0.220452  -0.4124929   -0.025000    0.224000   -0.4126000
47000.00  -0.026180   0.221376  -0.4124338   -0.025000    0.225000   -0.4125000
47001.00  -0.026210   0.222271  -0.4124291   -0.025000    0.226000   -0.4125000
47002.00  -0.026216   0.223132  -0.4125424   -0.026000    0.226000   -0.4126000
47003.00  -0.026225   0.223964  -0.4128161   -0.026000    0.227000   -0.4129000
47004.00  -0.026262   0.224772  -0.4132713   -0.026000    0.228000   -0.4133000
47005.00  -0.026357   0.225559  -0.4139051   -0.026000    0.229000   -0.4140000
47006.00  -0.026538   0.226339  -0.4146832   -0.026000    0.230000   -0.4148000
47007.00  -0.026828   0.227130  -0.4155480   -0.027000    0.230000   -0.4156000
47008.00  -0.027249   0.227951  -0.4164262   -0.027000    0.231000   -0.4165000
47009.00  -0.027824   0.228830  -0.4172396   -0.027000    0.232000   -0.4174000
47010.00  -0.028553   0.229784  -0.4179193   -0.028000    0.233000   -0.4181000
47011.00  -0.029366   0.230769  -0.4184132   -0.028000    0.234000   -0.4186000
47012.00  -0.030185   0.231733  -0.4187114   -0.028000    0.234000   -0.4189000
47013.00  -0.030950   0.232651  -0.4188688   -0.029000    0.235000   -0.4191000
47014.00  -0.031605   0.233510  -0.4190079   -0.030000    0.236000   -0.4193000
47015.00  -0.032125   0.234318  -0.4192911   -0.030000    0.237000   -0.4195000
47016.00  -0.032557   0.235103  -0.4198449   -0.030000    0.238000   -0.4200000
47017.00  -0.032972   0.235882  -0.4207195   -0.031000    0.239000   -0.4209000
47018.00  -0.033433   0.236668  -0.4218732   -0.032000    0.239000   -0.4221000
47019.00  -0.033981   0.237483  -0.4231936   -0.032000    0.240000   -0.4234000
47020.00  -0.034635   0.238350  -0.4245314   -0.032000    0.241000   -0.4248000
47021.00  -0.035353   0.239274  -0.4257428   -0.033000    0.242000   -0.4261000
47022.00  -0.036075   0.240246  -0.4267350   -0.034000    0.243000   -0.4271000
47023.00  -0.036740   0.241261  -0.4274817   -0.034000    0.244000   -0.4279000
47024.00  -0.037298   0.242313  -0.4280123   -0.034000    0.245000   -0.4284000
47025.00  -0.037712   0.243403  -0.4283918   -0.035000    0.246000   -0.4288000
47026.00  -0.038015   0.244553  -0.4286951   -0.035000    0.247000   -0.4291000
47027.00  -0.038232   0.245777  -0.4289996   -0.035000    0.248000   -0.4293000
47028.00  -0.038367   0.247084  -0.4293826   -0.036000    0.249000   -0.4297000
47029.00  -0.038417   0.248479  -0.4299181   -0.036000    0.250000   -0.4301000
47030.00  -0.038349   0.249945  -0.4306659   -0.036000    0.251000   -0.4308000
47031.00  -0.038177   0.251444  -0.4316518   -0.036000    0.252000   -0.4317000
47032.00  -0.037996   0.252925  -0.4328582   -0.036000    0.253000   -0.4327000
47033.00  -0.037882   0.254343  -0.4342427   -0.036000    0.254000   -0.4340000
47034.00  -0.037847   0.255669  -0.4357424   -0.036000    0.256000   -0.4354000
47035.00  -0.037895   0.256887  -0.4372807   -0.037000    0.257000   -0.4369000
47036.00  -0.038023   0.258032  -0.4387741   -0.037000    0.258000   -0.4383000
47037.00  -0.038225   0.259111  -0.4401286   -0.037000    0.259000   -0.4395000
47038.00  -0.038498   0.260125  -0.4412756   -0.037000    0.260000   -0.4406000
47039.00  -0.038840   0.261097  -0.4421910   -0.037000    0.261000   -0.4415000
47040.00  -0.039245   0.262047  -0.4429115   -0.037000    0.262000   -0.4423000
47041.00  -0.039685   0.262965  -0.4435399   -0.038000    0.263000   -0.4430000
47042.00  -0.040124   0.263832  -0.4442230   -0.038000    0.264000   -0.4437000
47043.00  -0.040523   0.264630  -0.4451130   -0.038000    0.265000   -0.4447000
47044.00  -0.040855   0.265354  -0.4463229   -0.039000    0.266000   -0.4460000
47045.00  -0.041118   0.266020  -0.4478847   -0.039000    0.267000   -0.4476000
47046.00  -0.041363   0.266679  -0.4497182   -0.040000    0.268000   -0.4495000
47047.00  -0.041653   0.267387  -0.4516703   -0.040000    0.269000   -0.4514000
47048.00  -0.042021   0.268187  -0.4535705   -0.040000    0.270000   -0.4534000
47049.00  -0.042457   0.269114  -0.4552813   -0.041000    0.271000   -0.4551000
47050.00  -0.042953   0.270192  -0.4567302   -0.041000    0.272000   -0.4565000
47051.00  -0.043493   0.271416  -0.4579047   -0.042000    0.273000   -0.4577000
47052.00  -0.044063   0.272731  -0.4588415   -0.042000    0.274000   -0.4587000
47053.00  -0.044648   0.274073  -0.4596119   -0.043000    0.275000   -0.4595000
47054.00  -0.045227   0.275365  -0.4603080   -0.043000    0.276000   -0.4603000
47055.00  -0.045787   0.276532  -0.4610335   -0.044000    0.277000   -0.4611000
47056.00  -0.046373   0.277570  -0.4618809   -0.045000    0.278000   -0.4620000
47057.00  -0.046997   0.278534  -0.4629139   -0.045000    0.279000   -0.4631000
47058.00  -0.047655   0.279488  -0.4641732   -0.046000    0.280000   -0.4644000
47059.00  -0.048324   0.280493  -0.4656749   -0.046000    0.281000   -0.4659000
47060.00  -0.048973   0.281599  -0.4674083   -0.047000    0.282000   -0.4676000
47061.00  -0.049614   0.282841  -0.4693152   -0.048000    0.284000   -0.4694000
47062.00  -0.050272   0.284240  -0.4713061   -0.048000    0.285000   -0.4714000
47063.00  -0.050944   0.285787  -0.4732788   -0.049000    0.286000   -0.4732000
47064.00  -0.051614   0.287435  -0.4751360   -0.050000    0.288000   -0.4750000
47065.00  -0.052266   0.289135  -0.4768015   -0.050000    0.289000   -0.4765000
47066.00  -0.052910   0.290855  -0.4782346   -0.051000    0.291000   -0.4779000
47067.00  -0.053555   0.292544  -0.4794534   -0.052000    0.292000   -0.4791000
47068.00  -0.054200   0.294149  -0.4805379   -0.052000    0.294000   -0.4802000
47069.00  -0.054800   0.295654  -0.4816162   -0.053000    0.295000   -0.4813000
47070.00  -0.055299   0.297063  -0.4828365   -0.054000    0.296000   -0.4826000
47071.00  -0.055709   0.298407  -0.4843190   -0.055000    0.298000   -0.4842000
47072.00  -0.056069   0.299702  -0.4861217   -0.055000    0.299000   -0.4861000
47073.00  -0.056419   0.300959  -0.4882227   -0.056000    0.300000   -0.4883000
47074.00  -0.056798   0.302186  -0.4905233   -0.056000    0.302000   -0.4906000
47075.00  -0.057215   0.303393  -0.4928758   -0.057000    0.303000   -0.4930000
47076.00  -0.057662   0.304588  -0.4951190   -0.058000    0.304000   -0.4952000
47077.00  -0.058140   0.305779  -0.4971304   -0.058000    0.305000   -0.4971000
47078.00  -0.058658   0.306976  -0.4988550   -0.059000    0.307000   -0.4988000
47079.00  -0.059234   0.308184  -0.5003025   -0.059000    0.308000   -0.5002000
47080.00  -0.059879   0.309408  -0.5015304   -0.060000    0.309000   -0.5014000
47081.00  -0.060578   0.310627  -0.5026280   -0.060000    0.310000   -0.5025000
47082.00  -0.061318   0.311812  -0.5036915   -0.060000    0.311000   -0.5035000
47083.00  -0.062070   0.312940  -0.5048089   -0.061000    0.313000   -0.5046000
47084.00  -0.062740   0.314034  -0.5060519   -0.061000    0.314000   -0.5059000
47085.00  -0.063223   0.315126  -0.5074719   -0.062000    0.315000   -0.5073000
47086.00  -0.063481   0.316244  -0.5090887   -0.062000    0.316000   -0.5089000
47087.00  -0.063542   0.317388  -0.5108898   -0.062000    0.317000   -0.5107000
47088.00  -0.063443   0.318552  -0.5128381   -0.062000    0.318000   -0.5127000
47089.00  -0.063229   0.319720  -0.5148723   -0.062000    0.319000   -0.5147000
47090.00  -0.062982   0.320871  -0.5169156   -0.063000    0.320000   -0.5168000
47091.00  -0.062783   0.322005  -0.5188895   -0.063000    0.321000   -0.5187000
47092.00  -0.062657   0.323114  -0.5207186   -0.063000    0.322000   -0.5205000
47093.00  -0.062589   0.324213  -0.5223417   -0.063000    0.323000   -0.5220000
47094.00  -0.062553   0.325320  -0.5237487   -0.063000    0.325000   -0.5234000
47095.00  -0.062531   0.326452  -0.5249939   -0.063000    0.326000   -0.5246000
47096.00  -0.062507   0.327621  -0.5261949   -0.063000    0.327000   -0.5257000
47097.00  -0.062459   0.328833  -0.5274888   -0.063000    0.328000   -0.5271000
47098.00  -0.062370   0.330089  -0.5289897   -0.063000    0.329000   -0.5286000
47099.00  -0.062261   0.331385  -0.5307583   -0.063000    0.331000   -0.5304000
47100.00  -0.062173   0.332711  -0.5327890   -0.062000    0.332000   -0.5325000
47101.00  -0.062171   0.334055  -0.5350140   -0.062000    0.333000   -0.5348000
47102.00  -0.062204   0.335394  -0.5373157   -0.062000    0.335000   -0.5372000
47103.00  -0.062184   0.336699  -0.5395601   -0.062000    0.336000   -0.5394000
47104.00  -0.062019   0.337962  -0.5416347   -0.061000    0.337000   -0.5415000
47105.00  -0.061613   0.339246  -0.5434731   -0.061000    0.339000   -0.5434000
47106.00  -0.060956   0.340659  -0.5450545   -0.060000    0.340000   -0.5450000
47107.00  -0.060130   0.342210  -0.5464189   -0.060000    0.342000   -0.5463000
47108.00  -0.059246   0.343883  -0.5476474   -0.060000    0.343000   -0.5476000
47109.00  -0.058418   0.345665  -0.5488370   -0.059000    0.345000   -0.5487000
47110.00  -0.057743   0.347539  -0.5500785   -0.059000    0.346000   -0.5500000
47111.00  -0.057237   0.349460  -0.5514459   -0.059000    0.348000   -0.5513000
47112.00  -0.056859   0.351377  -0.5529858   -0.058000    0.350000   -0.5528000
47113.00  -0.056557   0.353241  -0.5547122   -0.058000    0.351000   -0.5545000
47114.00  -0.056266   0.355008  -0.5566074   -0.058000    0.353000   -0.5564000
47115.00  -0.055923   0.356643  -0.5586307   -0.057000    0.355000   -0.5584000
47116.00  -0.055519   0.358163  -0.5607359   -0.057000    0.356000   -0.5605000
47117.00  -0.055096   0.359613  -0.5628610   -0.056000    0.358000   -0.5627000
47118.00  -0.054714   0.361041  -0.5649276   -0.056000    0.360000   -0.5648000
47119.00  -0.054428   0.362491  -0.5668549   -0.056000    0.362000   -0.5667000
47120.00  -0.054270   0.363988  -0.5685829   -0.056000    0.363000   -0.5685000
47121.00  -0.054283   0.365542  -0.5700928   -0.056000    0.365000   -0.5700000
47122.00  -0.054500   0.367150  -0.5714266   -0.056000    0.366000   -0.5713000
47123.00  -0.054941   0.368800  -0.5726827   -0.056000    0.368000   -0.5726000
47124.00  -0.055621   0.370474  -0.5739870   -0.057000    0.369000   -0.5740000
47125.00  -0.056525   0.372135  -0.5754571   -0.057000    0.371000   -0.5756000
47126.00  -0.057559   0.373744  -0.5771728   -0.057000    0.373000   -0.5774000
47127.00  -0.058610   0.375255  -0.5791443   -0.058000    0.374000   -0.5795000
47128.00  -0.059560   0.376646  -0.5813132   -0.058000    0.375000   -0.5817000
47129.00  -0.060283   0.377940  -0.5835738   -0.058000    0.377000   -0.5840000
47130.00  -0.060669   0.379173  -0.5857988   -0.058000    0.378000   -0.5863000
47131.00  -0.060705   0.380381  -0.5878707   -0.058000    0.379000   -0.5884000
47132.00  -0.060455   0.381576  -0.5897125   -0.058000    0.380000   -0.5903000
47133.00  -0.059990   0.382762  -0.5912961   -0.057000    0.382000   -0.5918000
47134.00  -0.059370   0.383937  -0.5926399   -0.057000    0.383000   -0.5931000
47135.00  -0.058644   0.385103  -0.5937993   -0.056000    0.385000   -0.5942000
47136.00  -0.057828   0.386266  -0.5948576   -0.056000    0.386000   -0.5952000
47137.00  -0.056931   0.387435  -0.5959009   -0.055000    0.387000   -0.5962000
47138.00  -0.055941   0.388625  -0.5970021   -0.054000    0.389000   -0.5972000
47139.00  -0.054829   0.389872  -0.5982189   -0.053000    0.390000   -0.5985000
47140.00  -0.053586   0.391201  -0.5995910   -0.052000    0.391000   -0.5998000
47141.00  -0.052243   0.392604  -0.6011298   -0.051000    0.393000   -0.6013000
47142.00  -0.050835   0.394060  -0.6028227   -0.050000    0.394000   -0.6030000
47143.00  -0.049410   0.395542  -0.6046343   -0.049000    0.395000   -0.6048000
47144.00  -0.048052   0.396989  -0.6065087   -0.048000    0.396000   -0.6067000
47145.00  -0.046844   0.398339  -0.6083731   -0.047000    0.397000   -0.6086000
47146.00  -0.045784   0.399552  -0.6101502   -0.045000    0.399000   -0.6104000
47147.00  -0.044816   0.400625  -0.6117713   -0.044000    0.400000   -0.6120000
47148.00  -0.043878   0.401565  -0.6132009   -0.043000    0.401000   -0.6135000
47149.00  -0.042903   0.402385  -0.6144610   -0.042000    0.402000   -0.6147000
47150.00  -0.041828   0.403123  -0.6156405   -0.040000    0.403000   -0.6159000
47151.00  -0.040607   0.403827  -0.6168739   -0.039000    0.404000   -0.6170000
47152.00  -0.039281   0.404537  -0.6182946   -0.038000    0.405000   -0.6184000
47153.00  -0.037899   0.405269  -0.6199903   -0.036000    0.406000   -0.6201000
47154.00  -0.036458   0.406039  -0.6219738   -0.035000    0.407000   -0.6221000
47155.00  -0.034936   0.406865  -0.6241775   -0.033000    0.408000   -0.6243000
47156.00  -0.033335   0.407754  -0.6264776   -0.032000    0.409000   -0.6266000
47157.00  -0.031657   0.408711  -0.6287351   -0.030000    0.410000   -0.6288000
47158.00  -0.029907   0.409744  -0.6308325   -0.028000    0.411000   -0.6309000
47159.00  -0.028088   0.410856  -0.6326933   -0.027000    0.412000   -0.6327000
47160.00  -0.026206   0.412048  -0.6342906   -0.025000    0.413000   -0.6343000
47161.00  -0.024282   0.413287   0.3643500   -0.023000    0.414000    0.3643000
47162.00  -0.022333   0.414528   0.3631681   -0.021000    0.415000    0.3631000
47163.00  -0.020379   0.415724   0.3620846   -0.019000    0.416000    0.3621000
47164.00  -0.018437   0.416831   0.3610156   -0.017000    0.417000    0.3610000
47165.00  -0.016529   0.417809   0.3598894   -0.015000    0.418000    0.3598000
47166.00  -0.014674   0.418643   0.3586506   -0.013000    0.419000    0.3586000
47167.00  -0.012861   0.419338   0.3572612   -0.011000    0.420000    0.3571000
47168.00  -0.011080   0.419907   0.3557089   -0.010000    0.421000    0.3555000
47169.00  -0.009315   0.420360   0.3540054   -0.008000    0.422000    0.3537000
47170.00  -0.007555   0.420728   0.3521806   -0.006000    0.423000    0.3519000
47171.00  -0.005836   0.421099   0.3502919   -0.004000    0.423000    0.3500000
47172.00  -0.004197   0.421557   0.3484143   -0.003000    0.424000    0.3481000
47173.00  -0.002659   0.422118   0.3466188   -0.001000    0.425000    0.3464000
47174.00  -0.001282   0.422756   0.3449689    0.000000    0.425000    0.3447000
47175.00  -0.000119   0.423392   0.3435070    0.002000    0.426000    0.3434000
47176.00   0.000915   0.423966   0.3422443    0.003000    0.426000    0.3422000
47177.00   0.001971   0.424454   0.3411366    0.005000    0.427000    0.3412000
47178.00   0.003149   0.424857   0.3400813    0.006000    0.427000    0.3403000
47179.00   0.004431   0.425192   0.3389456    0.008000    0.428000    0.3392000
47180.00   0.005795   0.425472   0.3376186    0.009000    0.428000    0.3379000
47181.00   0.007263   0.425747   0.3360472    0.011000    0.429000    0.3363000
47182.00   0.008856   0.426060   0.3342621    0.012000    0.429000    0.3344000
47183.00   0.010591   0.426454   0.3323757    0.014000    0.430000    0.3324000
47184.00   0.012479   0.426949   0.3305363    0.016000    0.430000    0.3305000
47185.00   0.014531   0.427485   0.3288699    0.018000    0.431000    0.3287000
47186.00   0.016729   0.428019   0.3274564    0.020000    0.431000    0.3272000
47187.00   0.019043   0.428523   0.3263147    0.022000    0.431000    0.3260000
47188.00   0.021473   0.428978   0.3254055    0.024000    0.432000    0.3250000
47189.00   0.024050   0.429387   0.3246553    0.027000    0.432000    0.3242000
47190.00   0.026750   0.429743   0.3239802    0.029000    0.433000    0.3235000
47191.00   0.029541   0.430052   0.3232923    0.031000    0.433000    0.3227000
47192.00   0.032380   0.430341   0.3225081    0.033000    0.433000    0.3220000
47193.00   0.035225   0.430638   0.3215594    0.036000    0.434000    0.3210000
47194.00   0.038029   0.430972   0.3204005    0.038000    0.434000    0.3199000
47195.00   0.040717   0.431369   0.3190133    0.041000    0.435000    0.3185000
47196.00   0.043197   0.431846   0.3174101    0.044000    0.435000    0.3169000
47197.00   0.045436   0.432383   0.3156276    0.046000    0.435000    0.3152000
47198.00   0.047417   0.432934   0.3137210    0.049000    0.435000    0.3133000
47199.00   0.049127   0.433448   0.3117564    0.051000    0.435000    0.3114000
47200.00   0.050562   0.433883   0.3098046    0.053000    0.435000    0.3095000
47201.00   0.051772   0.434212   0.3079399    0.054000    0.435000    0.3077000
47202.00   0.052828   0.434415   0.3062239    0.056000    0.435000    0.3061000
47203.00   0.053789   0.434472   0.3046859    0.057000    0.435000    0.3046000
47204.00   0.054660   0.434371   0.3033032    0.058000    0.434000    0.3033000
47205.00   0.055477   0.434080   0.3019846    0.059000    0.434000    0.3019000
47206.00   0.056309   0.433626   0.3005816    0.060000    0.434000    0.3005000
47207.00   0.057220   0.433069   0.2989343    0.061000    0.434000    0.2988000
47208.00   0.058272   0.432465   0.2969319    0.062000    0.433000    0.2967000
47209.00   0.059504   0.431860   0.2945576    0.063000    0.433000    0.2943000
47210.00   0.060894   0.431273   0.2919006    0.064000    0.433000    0.2916000
47211.00   0.062344   0.430743   0.2891320    0.065000    0.433000    0.2889000
47212.00   0.063722   0.430316   0.2864434    0.066000    0.432000    0.2862000
47213.00   0.064928   0.430027   0.2839871    0.067000    0.432000    0.2838000
47214.00   0.065945   0.429861   0.2818466    0.068000    0.432000    0.2817000
47215.00   0.066799   0.429796   0.2800276    0.069000    0.432000    0.2798000
47216.00   0.067596   0.429844   0.2784642    0.071000    0.432000    0.2782000
47217.00   0.068476   0.429993   0.2770556    0.072000    0.432000    0.2768000
47218.00   0.069557   0.430227   0.2756960    0.073000    0.431000    0.2754000
47219.00   0.070903   0.430544   0.2742860    0.075000    0.431000    0.2739000
47220.00   0.072553   0.430941   0.2727442    0.076000    0.432000    0.2724000
47221.00   0.074468   0.431406   0.2710225    0.078000    0.432000    0.2707000
47222.00   0.076565   0.431907   0.2691009    0.080000    0.432000    0.2688000
47223.00   0.078739   0.432401   0.2669896    0.082000    0.432000    0.2667000
47224.00   0.080892   0.432834   0.2647288    0.084000    0.432000    0.2646000
47225.00   0.082956   0.433137   0.2623834    0.086000    0.432000    0.2624000
47226.00   0.084978   0.433274   0.2600346    0.088000    0.432000    0.2602000
47227.00   0.087034   0.433225   0.2577686    0.090000    0.432000    0.2581000
47228.00   0.089182   0.432984   0.2556665    0.092000    0.432000    0.2562000
47229.00   0.091479   0.432548   0.2537920    0.095000    0.432000    0.2544000
47230.00   0.093968   0.431925   0.2521810    0.097000    0.432000    0.2530000
47231.00   0.096616   0.431178   0.2508327    0.100000    0.431000    0.2516000
47232.00   0.099373   0.430378   0.2496800    0.102000    0.431000    0.2505000
47233.00   0.102178   0.429573   0.2485988    0.104000    0.430000    0.2493000
47234.00   0.104954   0.428784   0.2474383    0.107000    0.429000    0.2480000
47235.00   0.107628   0.428032   0.2460608    0.109000    0.428000    0.2465000
47236.00   0.110146   0.427325   0.2443810    0.112000    0.428000    0.2446000
47237.00   0.112463   0.426598   0.2424056    0.114000    0.427000    0.2424000
47238.00   0.114535   0.425771   0.2402340    0.116000    0.425000    0.2401000
47239.00   0.116348   0.424764   0.2380222    0.118000    0.424000    0.2378000
47240.00   0.117957   0.423510   0.2359328    0.120000    0.423000    0.2356000
47241.00   0.119427   0.422058   0.2340876    0.122000    0.422000    0.2338000
47242.00   0.120827   0.420480   0.2325317    0.123000    0.420000    0.2322000
47243.00   0.122229   0.418839   0.2312297    0.125000    0.419000    0.2309000
47244.00   0.123705   0.417199   0.2300952    0.126000    0.418000    0.2298000
47245.00   0.125305   0.415613   0.2290276    0.128000    0.417000    0.2287000
47246.00   0.126960   0.414115   0.2279249    0.129000    0.415000    0.2276000
47247.00   0.128550   0.412734   0.2267026    0.130000    0.414000    0.2264000
47248.00   0.129982   0.411461   0.2252995    0.131000    0.413000    0.2250000
47249.00   0.131179   0.410263   0.2236844    0.132000    0.412000    0.2233000
47250.00   0.132077   0.409106   0.2218552    0.133000    0.410000    0.2215000
47251.00   0.132689   0.407969   0.2198328    0.134000    0.409000    0.2195000
47252.00   0.133060   0.406819   0.2176635    0.134000    0.407000    0.2173000
47253.00   0.133242   0.405621   0.2154137    0.135000    0.406000    0.2151000
47254.00   0.133291   0.404331   0.2131608    0.136000    0.405000    0.2128000
47255.00   0.133276   0.402927   0.2109864    0.136000    0.403000    0.2107000
47256.00   0.133296   0.401435   0.2089597    0.137000    0.402000    0.2087000
47257.00   0.133451   0.399885   0.2071178    0.137000    0.400000    0.2069000
47258.00   0.133796   0.398302   0.2054537    0.138000    0.399000    0.2052000
47259.00   0.134366   0.396706   0.2039126    0.138000    0.397000    0.2037000
47260.00   0.135164   0.395107   0.2023987    0.139000    0.396000    0.2021000
47261.00   0.136105   0.393495   0.2007934    0.140000    0.394000    0.2005000
47262.00   0.137096   0.391851   0.1989811    0.141000    0.392000    0.1987000
47263.00   0.138122   0.390169   0.1968751    0.142000    0.391000    0.1965000
47264.00   0.139252   0.388462   0.1944597    0.143000    0.389000    0.1941000
47265.00   0.140573   0.386753   0.1918060    0.144000    0.388000    0.1914000
47266.00   0.142124   0.385078   0.1890631    0.146000    0.386000    0.1887000
47267.00   0.143839   0.383464   0.1864171    0.147000    0.385000    0.1862000
47268.00   0.145638   0.381931   0.1840284    0.148000    0.383000    0.1838000
47269.00   0.147446   0.380503   0.1819888    0.150000    0.382000    0.1818000
47270.00   0.149227   0.379205   0.1803083    0.151000    0.381000    0.1802000
47271.00   0.150923   0.378018   0.1789243    0.153000    0.379000    0.1788000
47272.00   0.152480   0.376907   0.1777309    0.154000    0.378000    0.1776000
47273.00   0.153883   0.375832   0.1766178    0.156000    0.377000    0.1764000
47274.00   0.155182   0.374728   0.1754892    0.157000    0.374000    0.1751000
47275.00   0.156463   0.373523   0.1742706    0.159000    0.373000    0.1738000
47276.00   0.157752   0.372218   0.1729094    0.160000    0.372000    0.1724000
47277.00   0.159044   0.370851   0.1713784    0.162000    0.370000    0.1708000
47278.00   0.160340   0.369461   0.1696762    0.163000    0.369000    0.1690000
47279.00   0.161671   0.368081   0.1678264    0.165000    0.368000    0.1671000
47280.00   0.163064   0.366725   0.1658776    0.166000    0.367000    0.1652000
47281.00   0.164477   0.365389   0.1639065    0.167000    0.366000    0.1633000
47282.00   0.165855   0.364063   0.1620006    0.169000    0.364000    0.1614000
47283.00   0.167147   0.362735   0.1602385    0.170000    0.363000    0.1597000
47284.00   0.168285   0.361394   0.1586712    0.171000    0.363000    0.1582000
47285.00   0.169162   0.360021   0.1573034    0.172000    0.362000    0.1569000
47286.00   0.169788   0.358587   0.1560843    0.173000    0.360000    0.1557000
47287.00   0.170224   0.357071   0.1549187    0.173000    0.359000    0.1545000
47288.00   0.170572   0.355490   0.1536860    0.174000    0.357000    0.1533000
47289.00   0.170939   0.353873   0.1522705    0.174000    0.355000    0.1519000
47290.00   0.171422   0.352246   0.1505918    0.175000    0.354000    0.1502000
47291.00   0.172031   0.350624   0.1486276    0.176000    0.352000    0.1482000
47292.00   0.172740   0.349018   0.1464257    0.176000    0.351000    0.1460000
47293.00   0.173522   0.347441   0.1440946    0.177000    0.349000    0.1436000
47294.00   0.174315   0.345886   0.1417745    0.177000    0.347000    0.1413000
47295.00   0.175061   0.344342   0.1396002    0.178000    0.346000    0.1392000
47296.00   0.175731   0.342790   0.1376748    0.178000    0.344000    0.1373000
47297.00   0.176269   0.341207   0.1360396    0.178000    0.342000    0.1357000
47298.00   0.176616   0.339565   0.1346682    0.179000    0.340000    0.1345000
47299.00   0.176737   0.337839   0.1334901    0.179000    0.339000    0.1333000
47300.00   0.176689   0.336003   0.1324249    0.179000    0.337000    0.1323000
47301.00   0.176571   0.334072   0.1313853    0.179000    0.335000    0.1313000
47302.00   0.176472   0.332078   0.1302903    0.179000    0.333000    0.1301000
47303.00   0.176453   0.330055   0.1290823    0.179000    0.331000    0.1288000
47304.00   0.176504   0.328048   0.1277310    0.178000    0.330000    0.1274000
47305.00   0.176508   0.326097   0.1262273    0.178000    0.328000    0.1258000
47306.00   0.176371   0.324224   0.1245896    0.177000    0.326000    0.1241000
47307.00   0.176036   0.322405   0.1228631    0.177000    0.324000    0.1224000
47308.00   0.175458   0.320609   0.1211064    0.176000    0.323000    0.1206000
47309.00   0.174650   0.318806   0.1193840    0.176000    0.321000    0.1189000
47310.00   0.173647   0.316974   0.1177611    0.175000    0.319000    0.1174000
47311.00   0.172508   0.315109   0.1163064    0.174000    0.317000    0.1161000
47312.00   0.171313   0.313217   0.1150594    0.174000    0.315000    0.1149000
47313.00   0.170143   0.311304   0.1140094    0.173000    0.313000    0.1140000
47314.00   0.169074   0.309379   0.1130943    0.172000    0.311000    0.1132000
47315.00   0.168160   0.307456   0.1122126    0.171000    0.309000    0.1122000
47316.00   0.167385   0.305554   0.1112338    0.170000    0.307000    0.1112000
47317.00   0.166735   0.303687   0.1100538    0.170000    0.304000    0.1099000
47318.00   0.166213   0.301859   0.1086331    0.169000    0.302000    0.1083000
47319.00   0.165809   0.300064   0.1070061    0.168000    0.300000    0.1066000
47320.00   0.165500   0.298286   0.1052785    0.168000    0.298000    0.1048000
47321.00   0.165260   0.296515   0.1035866    0.168000    0.296000    0.1030000
47322.00   0.165075   0.294741   0.1020572    0.168000    0.294000    0.1015000
47323.00   0.164939   0.292954   0.1007806    0.167000    0.292000    0.1002000
47324.00   0.164891   0.291145   0.0997917    0.167000    0.290000    0.0992000
47325.00   0.164964   0.289308   0.0990674    0.167000    0.289000    0.0985000
47326.00   0.165103   0.287445   0.0985414    0.167000    0.287000    0.0980000
47327.00   0.165220   0.285551   0.0981234    0.167000    0.285000    0.0976000
47328.00   0.165235   0.283612   0.0977212    0.167000    0.283000    0.0973000
47329.00   0.165078   0.281610   0.0972599    0.168000    0.281000    0.0969000
47330.00   0.164740   0.279509   0.0966944    0.168000    0.279000    0.0964000
47331.00   0.164408   0.277292   0.0960175    0.168000    0.277000    0.0957000
47332.00   0.164308   0.274976   0.0952407    0.168000    0.275000    0.0950000
47333.00   0.164459   0.272627   0.0943817    0.169000    0.273000    0.0941000
47334.00   0.164844   0.270336   0.0934727    0.169000    0.271000    0.0932000
47335.00   0.165440   0.268181   0.0925620    0.169000    0.269000    0.0922000
47336.00   0.166198   0.266171   0.0917134    0.170000    0.267000    0.0914000
47337.00   0.167033   0.264291   0.0909916    0.170000    0.265000    0.0907000
47338.00   0.167857   0.262495   0.0904523    0.170000    0.263000    0.0901000
47339.00   0.168577   0.260716   0.0901316    0.171000    0.261000    0.0898000
47340.00   0.169078   0.258899   0.0900288    0.171000    0.259000    0.0897000
47341.00   0.169346   0.257053   0.0900763    0.171000    0.257000    0.0897000
47342.00   0.169407   0.255191   0.0901508    0.171000    0.255000    0.0897000
47343.00   0.169293   0.253312   0.0901073    0.171000    0.253000    0.0897000
47344.00   0.169043   0.251413   0.0898241    0.171000    0.251000    0.0893000
47345.00   0.168718   0.249492   0.0892455    0.171000    0.249000    0.0887000
47346.00   0.168392   0.247551   0.0883989    0.171000    0.247000    0.0878000
47347.00   0.168128   0.245587   0.0873872    0.171000    0.246000    0.0868000
47348.00   0.167947   0.243581   0.0863579    0.171000    0.244000    0.0858000
47349.00   0.167849   0.241539   0.0854474    0.170000    0.242000    0.0849000
47350.00   0.167747   0.239484   0.0847557    0.170000    0.240000    0.0842000
47351.00   0.167560   0.237432   0.0843280    0.169000    0.239000    0.0838000
47352.00   0.167240   0.235399   0.0841458    0.169000    0.237000    0.0836000
47353.00   0.166830   0.233390   0.0841389    0.169000    0.235000    0.0837000
47354.00   0.166361   0.231408   0.0842164    0.168000    0.233000    0.0838000
47355.00   0.165858   0.229461   0.0842809    0.168000    0.231000    0.0838000
47356.00   0.165381   0.227575   0.0842424    0.167000    0.229000    0.0838000
47357.00   0.164937   0.225745   0.0840428    0.167000    0.228000    0.0837000
47358.00   0.164436   0.223927   0.0836617    0.166000    0.226000    0.0833000
47359.00   0.163829   0.222063   0.0831075    0.165000    0.223000    0.0828000
47360.00   0.163209   0.220095   0.0824115    0.165000    0.221000    0.0821000
47361.00   0.162581   0.218034   0.0816152    0.164000    0.219000    0.0813000
47362.00   0.161910   0.215909   0.0807731    0.163000    0.217000    0.0804000
47363.00   0.161156   0.213768   0.0799456    0.162000    0.215000    0.0796000
47364.00   0.160277   0.211659   0.0791869    0.161000    0.213000    0.0788000
47365.00   0.159233   0.209618   0.0785392    0.160000    0.211000    0.0782000
47366.00   0.158046   0.207629   0.0780408    0.159000    0.209000    0.0777000
47367.00   0.156759   0.205662   0.0777049    0.158000    0.207000    0.0775000
47368.00   0.155411   0.203688   0.0775034    0.156000    0.205000    0.0773000
47369.00   0.154067   0.201711   0.0773500    0.155000    0.203000    0.0772000
47370.00   0.152797   0.199746   0.0771104    0.154000    0.201000    0.0770000
47371.00   0.151642   0.197803   0.0766462    0.153000    0.199000    0.0765000
47372.00   0.150613   0.195889   0.0758730    0.152000    0.198000    0.0758000
47373.00   0.149680   0.193991   0.0748029    0.150000    0.196000    0.0747000
47374.00   0.148737   0.192093   0.0735477    0.149000    0.194000    0.0734000
47375.00   0.147679   0.190193   0.0722613    0.148000    0.192000    0.0720000
47376.00   0.146460   0.188283   0.0710986    0.147000    0.190000    0.0708000
47377.00   0.145064   0.186359   0.0701735    0.145000    0.188000    0.0698000
47378.00   0.143549   0.184427   0.0695288    0.144000    0.185000    0.0691000
47379.00   0.141975   0.182503   0.0691416    0.142000    0.184000    0.0687000
47380.00   0.140372   0.180588   0.0689507    0.141000    0.182000    0.0686000
47381.00   0.138711   0.178690   0.0688957    0.140000    0.180000    0.0685000
47382.00   0.137032   0.176831   0.0688826    0.138000    0.178000    0.0685000
47383.00   0.135399   0.175036   0.0688161    0.137000    0.177000    0.0684000
47384.00   0.133883   0.173345   0.0686211    0.135000    0.175000    0.0682000
47385.00   0.132534   0.171798   0.0682485    0.134000    0.174000    0.0678000
47386.00   0.131275   0.170397   0.0676839    0.132000    0.172000    0.0672000
47387.00   0.130008   0.169109   0.0669456    0.131000    0.171000    0.0665000
47388.00   0.128643   0.167903   0.0660771    0.129000    0.169000    0.0656000
47389.00   0.127093   0.166742   0.0651379    0.127000    0.168000    0.0647000
47390.00   0.125331   0.165595   0.0641926    0.125000    0.167000    0.0637000
47391.00   0.123406   0.164434   0.0633086    0.124000    0.165000    0.0629000
47392.00   0.121374   0.163241   0.0625467    0.122000    0.164000    0.0622000
47393.00   0.119274   0.162008   0.0619491    0.120000    0.163000    0.0616000
47394.00   0.117135   0.160741   0.0615310    0.118000    0.161000    0.0612000
47395.00   0.114975   0.159443   0.0612741    0.116000    0.160000    0.0610000
47396.00   0.112786   0.158136   0.0611109    0.114000    0.159000    0.0608000
47397.00   0.110555   0.156842   0.0609245    0.112000    0.158000    0.0606000
47398.00   0.108275   0.155581   0.0605739    0.110000    0.156000    0.0602000
47399.00   0.105966   0.154361   0.0599372    0.108000    0.155000    0.0595000
47400.00   0.103668   0.153183   0.0589596    0.105000    0.154000    0.0584000
47401.00   0.101413   0.152048   0.0576822    0.103000    0.153000    0.0570000
47402.00   0.099179   0.150947   0.0562406    0.101000    0.152000    0.0555000
47403.00   0.096931   0.149870   0.0548202    0.099000    0.151000    0.0540000
47404.00   0.094639   0.148808   0.0535890    0.097000    0.150000    0.0527000
47405.00   0.092289   0.147762   0.0526372    0.094000    0.149000    0.0517000
47406.00   0.089921   0.146743   0.0519722    0.092000    0.148000    0.0511000
47407.00   0.087577   0.145762   0.0515357    0.090000    0.147000    0.0507000
47408.00   0.085267   0.144806   0.0512297    0.088000    0.146000    0.0504000
47409.00   0.082984   0.143851   0.0509546    0.086000    0.145000    0.0503000
47410.00   0.080727   0.142877   0.0506274    0.083000    0.144000    0.0501000
47411.00   0.078490   0.141894   0.0501843    0.081000    0.143000    0.0497000
47412.00   0.076267   0.140924   0.0495867    0.079000    0.142000    0.0492000
47413.00   0.074057   0.139990   0.0488225    0.076000    0.141000    0.0485000
47414.00   0.071886   0.139112   0.0479034    0.074000    0.141000    0.0476000
47415.00   0.069777   0.138302   0.0468630    0.071000    0.140000    0.0466000
47416.00   0.067686   0.137557   0.0457511    0.069000    0.139000    0.0454000
47417.00   0.065546   0.136864   0.0446227    0.067000    0.138000    0.0442000
47418.00   0.063293   0.136209   0.0435312    0.064000    0.138000    0.0431000
47419.00   0.060869   0.135577   0.0425233    0.062000    0.137000    0.0420000
47420.00   0.058265   0.134961   0.0416315    0.059000    0.136000    0.0411000
47421.00   0.055502   0.134348   0.0408676    0.056000    0.136000    0.0404000
47422.00   0.052603   0.133723   0.0402159    0.053000    0.135000    0.0397000
47423.00   0.049581   0.133086   0.0396256    0.050000    0.135000    0.0392000
47424.00   0.046436   0.132471   0.0390073    0.047000    0.134000    0.0386000
47425.00   0.043170   0.131913   0.0382443    0.044000    0.134000    0.0379000
47426.00   0.039824   0.131419   0.0372149    0.041000    0.133000    0.0369000
47427.00   0.036435   0.130977   0.0358406    0.037000    0.133000    0.0355000
47428.00   0.033043   0.130578   0.0341172    0.034000    0.133000    0.0338000
47429.00   0.029697   0.130234   0.0321301    0.031000    0.132000    0.0318000
47430.00   0.026438   0.129962   0.0300408    0.027000    0.132000    0.0297000
47431.00   0.023217   0.129768   0.0280465    0.024000    0.132000    0.0277000
47432.00   0.019958   0.129647   0.0263097    0.021000    0.132000    0.0260000
47433.00   0.016604   0.129578   0.0249050    0.018000    0.132000    0.0245000
47434.00   0.013117   0.129525   0.0238086    0.014000    0.132000    0.0234000
47435.00   0.009537   0.129435   0.0229268    0.011000    0.132000    0.0225000
47436.00   0.005981   0.129326   0.0221395    0.008000    0.132000    0.0216000
47437.00   0.002559   0.129250   0.0213314    0.005000    0.132000    0.0207000
47438.00  -0.000668   0.129269   0.0204069    0.002000    0.132000    0.0198000
47439.00  -0.003644   0.129446   0.0193018   -0.001600    0.132100    0.0186300
47440.00  -0.006348   0.129831   0.0179812   -0.004800    0.132500    0.0172900
47441.00  -0.008941   0.130419   0.0164502   -0.008000    0.133000    0.0157700
47442.00  -0.011635   0.131184   0.0147438   -0.011200    0.133500    0.0141000
47443.00  -0.014534   0.132069   0.0129147   -0.014400    0.134100    0.0123300
47444.00  -0.017668   0.132983   0.0110303   -0.017600    0.134700    0.0105200
47445.00  -0.021041   0.133834   0.0091639   -0.020800    0.135300    0.0087500
47446.00  -0.024606   0.134593   0.0073898   -0.024000    0.136000    0.0070800
47447.00  -0.028288   0.135265   0.0057691   -0.027200    0.136700    0.0055600
47448.00  -0.031998   0.135860   0.0043350   -0.030400    0.137400    0.0042200
47449.00  -0.035649   0.136389   0.0030862   -0.033600    0.138100    0.0030300
47450.00  -0.039166   0.136885   0.0019811   -0.036800    0.138800    0.0019600
47451.00  -0.042495   0.137399   0.0009354   -0.039900    0.139500    0.0009200
47452.00  -0.045595   0.137986  -0.0001641   -0.043000    0.140300   -0.0002100
47453.00  -0.048446   0.138691  -0.0014361   -0.046100    0.141100   -0.0015300
47454.00  -0.051072   0.139535  -0.0029797   -0.049200    0.141900   -0.0031300
47455.00  -0.053561   0.140503  -0.0048462   -0.052300    0.142800   -0.0050600
47456.00  -0.056022   0.141580  -0.0069989   -0.055300    0.143700   -0.0072600
47457.00  -0.058573   0.142753  -0.0093158   -0.058300    0.144700   -0.0096200
47458.00  -0.061320   0.144005  -0.0116231   -0.061300    0.145700   -0.0119800
47459.00  -0.064320   0.145306  -0.0137447   -0.064300    0.146800   -0.0141400
47460.00  -0.067585   0.146623  -0.0155610   -0.067300    0.148000   -0.0160000
47461.00  -0.071008   0.147942  -0.0170483   -0.070300    0.149200   -0.0175400
47462.00  -0.074448   0.149283  -0.0182697   -0.073200    0.150600   -0.0188100
47463.00  -0.077762   0.150669  -0.0193425   -0.076200    0.151900   -0.0199300
47464.00  -0.080813   0.152136  -0.0203951   -0.079100    0.153400   -0.0210200
47465.00  -0.083525   0.153718  -0.0215348   -0.082000    0.154900   -0.0222000
47466.00  -0.086039   0.155397  -0.0228325   -0.084900    0.156500   -0.0235300
47467.00  -0.088557   0.157148  -0.0243200   -0.087700    0.158200   -0.0250200
47468.00  -0.091194   0.158948  -0.0259991   -0.090500    0.159900   -0.0266900
47469.00  -0.093909   0.160779  -0.0278487   -0.093200    0.161700   -0.0285100
47470.00  -0.096631   0.162627  -0.0298275   -0.095900    0.163500   -0.0304200
47471.00  -0.099338   0.164502  -0.0318693   -0.098600    0.165400   -0.0323700
47472.00  -0.102060   0.166418  -0.0338902   -0.101300    0.167300   -0.0343100
47473.00  -0.104826   0.168374  -0.0358126   -0.103900    0.169200   -0.0361700
47474.00  -0.107616   0.170322  -0.0375893   -0.106400    0.171200   -0.0378900
47475.00  -0.110370   0.172220  -0.0391988   -0.108800    0.173200   -0.0394700
47476.00  -0.112960   0.174102  -0.0406350   -0.111200    0.175300   -0.0408900
47477.00  -0.115258   0.176073  -0.0419216   -0.113400    0.177400   -0.0421800
47478.00  -0.117269   0.178146  -0.0431352   -0.115700    0.179600   -0.0434200
47479.00  -0.119034   0.180309  -0.0443845   -0.117800    0.181800   -0.0447200
47480.00  -0.120585   0.182550  -0.0457852   -0.119900    0.184100   -0.0461700
47481.00  -0.121991   0.184885  -0.0474319   -0.121900    0.186400   -0.0478600
47482.00  -0.123340   0.187332  -0.0493727   -0.123900    0.188800   -0.0498400
47483.00  -0.124708   0.189888  -0.0515897   -0.125800    0.191300   -0.0520900
47484.00  -0.126172   0.192541  -0.0539944   -0.127700    0.193800   -0.0545100
47485.00  -0.127798   0.195270  -0.0564475   -0.129600    0.196400   -0.0569700
47486.00  -0.129602   0.198043  -0.0587926   -0.131400    0.199000   -0.0593200
47487.00  -0.131586   0.200833  -0.0609012   -0.133300    0.201700   -0.0614200
47488.00  -0.133739   0.203614  -0.0627064   -0.135100    0.204400   -0.0632200
47489.00  -0.135980   0.206392  -0.0642198   -0.136900    0.207200   -0.0647300
47490.00  -0.138213   0.209184  -0.0655199   -0.138700    0.210000   -0.0660300
47491.00  -0.140403   0.212013  -0.0667258   -0.140500    0.212800   -0.0672500
47492.00  -0.142552   0.214861  -0.0679543   -0.142300    0.215700   -0.0684900
47493.00  -0.144665   0.217698  -0.0692912   -0.144000    0.218500   -0.0698400
47494.00  -0.146749   0.220493  -0.0707816   -0.145700    0.221400   -0.0713400
47495.00  -0.148794   0.223228  -0.0724359   -0.147400    0.224300   -0.0729900
47496.00  -0.150745   0.225929  -0.0742397   -0.149000    0.227100   -0.0747800
47497.00  -0.152550   0.228623  -0.0761494   -0.150600    0.230000   -0.0766700
47498.00  -0.154162   0.231337  -0.0781025   -0.152100    0.232900   -0.0785900
47499.00  -0.155533   0.234098  -0.0800263   -0.153600    0.235800   -0.0804900
47500.00  -0.156686   0.236928  -0.0818496   -0.155100    0.238700   -0.0822900
47501.00  -0.157701   0.239829  -0.0835181   -0.156400    0.241500   -0.0839300
47502.00  -0.158659   0.242801  -0.0849965   -0.157700    0.244400   -0.0853800
47503.00  -0.159628   0.245841  -0.0862774   -0.158900    0.247200   -0.0866400
47504.00  -0.160621   0.248931  -0.0873914   -0.160000    0.250100   -0.0877300
47505.00  -0.161634   0.252042  -0.0884065   -0.160900    0.253000   -0.0887000
47506.00  -0.162667   0.255108  -0.0894034   -0.161700    0.255900   -0.0896700
47507.00  -0.163707   0.258085  -0.0904717   -0.162400    0.258800   -0.0907500
47508.00  -0.164702   0.260986  -0.0917109   -0.163000    0.261700   -0.0920300
47509.00  -0.165583   0.263835  -0.0931807   -0.163500    0.264600   -0.0935700
47510.00  -0.166239   0.266649  -0.0948778   -0.164000    0.267500   -0.0953200
47511.00  -0.166572   0.269463  -0.0967332   -0.164400    0.270400   -0.0972300
47512.00  -0.166652   0.272299  -0.0986221   -0.164700    0.273300   -0.0991700
47513.00  -0.166579   0.275166  -0.1004058   -0.164900    0.276200   -0.1009900
47514.00  -0.166451   0.278072  -0.1019672   -0.165000    0.279100   -0.1025800
47515.00  -0.166364   0.281028  -0.1032387   -0.165000    0.282000   -0.1038800
47516.00  -0.166345   0.284038  -0.1042255   -0.165000    0.284900   -0.1049000
47517.00  -0.166322   0.287090  -0.1049930   -0.164800    0.287700   -0.1057000
47518.00  -0.166208   0.290178  -0.1056444   -0.164600    0.290600   -0.1063800
47519.00  -0.165936   0.293325  -0.1062911   -0.164300    0.293500   -0.1070400
47520.00  -0.165480   0.296533  -0.1070274   -0.163900    0.296400   -0.1078000
47521.00  -0.164879   0.299756  -0.1079153   -0.163400    0.299300   -0.1087200
47522.00  -0.164185   0.302943  -0.1089782   -0.162800    0.302200   -0.1098000
47523.00  -0.163448   0.306042  -0.1102095   -0.162200    0.305100   -0.1110300
47524.00  -0.162718   0.309000  -0.1115825   -0.161500    0.308000   -0.1123800
47525.00  -0.162014   0.311771  -0.1130535   -0.160700    0.310800   -0.1138000
47526.00  -0.161329   0.314379  -0.1145574   -0.159900    0.313700   -0.1152300
47527.00  -0.160623   0.316868  -0.1160242   -0.159100    0.316500   -0.1166000
47528.00  -0.159834   0.319279  -0.1173940   -0.158200    0.319200   -0.1178600
47529.00  -0.158899   0.321651  -0.1186247   -0.157300    0.322000   -0.1189700
47530.00  -0.157777   0.324021  -0.1196954   -0.156100    0.324500   -0.1200400
47531.00  -0.156514   0.326406  -0.1206076   -0.154900    0.327000   -0.1209400
47532.00  -0.155183   0.328817  -0.1213994   -0.153700    0.329500   -0.1217400
47533.00  -0.153835   0.331261  -0.1221507   -0.152500    0.332000   -0.1225100
47534.00  -0.152507   0.333745  -0.1229689   -0.151300    0.334600   -0.1233600
47535.00  -0.151241   0.336273  -0.1239605   -0.150200    0.337300   -0.1243300
47536.00  -0.150107   0.338829  -0.1252112   -0.149300    0.340000   -0.1255800
47537.00  -0.149139   0.341389  -0.1267405   -0.148400    0.342700   -0.1271300
47538.00  -0.148319   0.343925  -0.1284866   -0.147600    0.345300   -0.1288800
47539.00  -0.147620   0.346411  -0.1303312   -0.146800    0.347900   -0.1307300
47540.00  -0.146987   0.348832  -0.1321353   -0.146000    0.350300   -0.1325300
47541.00  -0.146334   0.351191  -0.1337636   -0.145100    0.352700   -0.1341600
47542.00  -0.145597   0.353501  -0.1351367   -0.144200    0.355100   -0.1355200
47543.00  -0.144734   0.355784  -0.1362438   -0.143300    0.357400   -0.1366300
47544.00  -0.143704   0.358063  -0.1371317   -0.142300    0.359600   -0.1375100
47545.00  -0.142476   0.360360  -0.1378875   -0.141100    0.361800   -0.1382600
47546.00  -0.141091   0.362676  -0.1386235   -0.140000    0.364000   -0.1389800
47547.00  -0.139636   0.364995  -0.1394478   -0.138700    0.366200   -0.1397900
47548.00  -0.138188   0.367291  -0.1404436   -0.137500    0.368300   -0.1407900
47549.00  -0.136813   0.369529  -0.1416598   -0.136300    0.370400   -0.1419900
47550.00  -0.135556   0.371683  -0.1431067   -0.135100    0.372400   -0.1435100
47551.00  -0.134376   0.373769  -0.1447478   -0.134000    0.374400   -0.1452100
47552.00  -0.133268   0.375796  -0.1465163   -0.132900    0.376400   -0.1470300
47553.00  -0.132239   0.377769  -0.1483335   -0.131800    0.378400   -0.1488800
47554.00  -0.131292   0.379698  -0.1501200   -0.130800    0.380300   -0.1507100
47555.00  -0.130378   0.381620  -0.1518051   -0.129800    0.382400   -0.1523400
47556.00  -0.129424   0.383583  -0.1533415   -0.128800    0.384500   -0.1538200
47557.00  -0.128349   0.385633  -0.1547032   -0.127700    0.386700   -0.1551400
47558.00  -0.127087   0.387818  -0.1558913   -0.126500    0.388900   -0.1562700
47559.00  -0.125585   0.390188  -0.1569400   -0.125100    0.391200   -0.1572800
47560.00  -0.123832   0.392773  -0.1579212   -0.123500    0.393600   -0.1583500
47561.00  -0.121911   0.395525  -0.1589440   -0.121600    0.396200   -0.1593900
47562.00  -0.119903   0.398354  -0.1601397   -0.119600    0.398900   -0.1606200
47563.00  -0.117871   0.401156  -0.1616185   -0.117500    0.401600   -0.1621400
47564.00  -0.115849   0.403803  -0.1634295   -0.115300    0.404100   -0.1639800
47565.00  -0.113860   0.406177  -0.1655334   -0.113200    0.406500   -0.1661000
47566.00  -0.111876   0.408262  -0.1678033   -0.111000    0.408700   -0.1683600
47567.00  -0.109852   0.410131  -0.1700525   -0.108800    0.410800   -0.1705800
47568.00  -0.107744   0.411869  -0.1721051   -0.106600    0.412700   -0.1726000
47569.00  -0.105503   0.413566  -0.1738461   -0.104300    0.414600   -0.1743200
47570.00  -0.103089   0.415308  -0.1752415   -0.101800    0.416200   -0.1757100
47571.00  -0.100531   0.417146  -0.1763413   -0.099200    0.417700   -0.1768200
47572.00  -0.097904   0.419098  -0.1772436   -0.096700    0.419300   -0.1777600
47573.00  -0.095312   0.421131  -0.1780595   -0.094100    0.420900   -0.1786100
47574.00  -0.092857   0.423210  -0.1788889   -0.091600    0.422600   -0.1794900
47575.00  -0.090612   0.425283  -0.1798109   -0.089600    0.425000   -0.1803500
47576.00  -0.088536   0.427269  -0.1808903   -0.087600    0.427400   -0.1813500
47577.00  -0.086538   0.429119  -0.1821532   -0.085500    0.429900   -0.1825200
47578.00  -0.084432   0.430932  -0.1835922   -0.083400    0.432500   -0.1838500
47579.00  -0.082059   0.432797  -0.1851673   -0.081100    0.435000   -0.1852900
47580.00  -0.079410   0.434757  -0.1868075   -0.078000    0.436900   -0.1870700
47581.00  -0.076519   0.436825  -0.1884434   -0.074800    0.438700   -0.1888600
47582.00  -0.073472   0.438984  -0.1900135   -0.071500    0.440400   -0.1905900
47583.00  -0.070384   0.441200  -0.1914703   -0.068200    0.442200   -0.1922000
47584.00  -0.067355   0.443424  -0.1927852   -0.065000    0.444000   -0.1936400
47585.00  -0.064462   0.445590  -0.1939514   -0.062400    0.446200   -0.1946700
47586.00  -0.061777   0.447654  -0.1949889   -0.060000    0.448300   -0.1955700
47587.00  -0.059322   0.449590  -0.1959522   -0.057700    0.450300   -0.1963900
47588.00  -0.057032   0.451392  -0.1969334   -0.055600    0.452100   -0.1972600
47589.00  -0.054827   0.453056  -0.1980522   -0.053500    0.453900   -0.1983000
47590.00  -0.052640   0.454584  -0.1994315   -0.051500    0.455300   -0.1997600
47591.00  -0.050464   0.455997  -0.2011648   -0.049300    0.456600   -0.2015700
47592.00  -0.048237   0.457318  -0.2032656   -0.047100    0.457700   -0.2037500
47593.00  -0.045879   0.458566  -0.2056514   -0.044800    0.458800   -0.2061700
47594.00  -0.043333   0.459762  -0.2081660   -0.042400    0.459900   -0.2087000
47595.00  -0.040559   0.460928  -0.2106262   -0.039700    0.461200   -0.2111500
47596.00  -0.037601   0.462108  -0.2128614   -0.037000    0.462600   -0.2133400
47597.00  -0.034537   0.463328  -0.2147751   -0.034100    0.464000   -0.2151900
47598.00  -0.031444   0.464609  -0.2163651   -0.031100    0.465500   -0.2167300
47599.00  -0.028399   0.465972  -0.2176977   -0.028100    0.467000   -0.2180500
47600.00  -0.025444   0.467418  -0.2188749   -0.025000    0.468400   -0.2192200
47601.00  -0.022537   0.468923  -0.2200257   -0.021800    0.469800   -0.2204100
47602.00  -0.019637   0.470447  -0.2212566   -0.018700    0.471100   -0.2217300
47603.00  -0.016728   0.471924  -0.2226366   -0.015600    0.472300   -0.2232000
47604.00  -0.013793   0.473291  -0.2242018   -0.012500    0.473500   -0.2248600
47605.00  -0.010811   0.474489  -0.2259581   -0.009500    0.474800   -0.2265900
47606.00  -0.007772   0.475523  -0.2278645   -0.006400    0.475900   -0.2284400
47607.00  -0.004680   0.476423  -0.2298524   -0.003400    0.476900   -0.2303600
47608.00  -0.001536   0.477221  -0.2318442   -0.000400    0.477800   -0.2322500
47609.00   0.001662   0.477931  -0.2337629    0.002600    0.478600   -0.2340800
47610.00   0.004910   0.478562  -0.2355462    0.005700    0.479300   -0.2359200
47611.00   0.008163   0.479117  -0.2371585    0.008700    0.479800   -0.2375800
47612.00   0.011358   0.479605  -0.2385892    0.011700    0.480300   -0.2390200
47613.00   0.014456   0.480025  -0.2398493    0.014800    0.480700   -0.2402700
47614.00   0.017512   0.480344  -0.2409700    0.017900    0.481100   -0.2413800
47615.00   0.020572   0.480580  -0.2420101    0.021100    0.481400   -0.2424700
47616.00   0.023676   0.480793  -0.2430699    0.024400    0.481700   -0.2436200
47617.00   0.026828   0.481018  -0.2442733    0.027700    0.481900   -0.2449400
47618.00   0.030002   0.481275  -0.2457298    0.031100    0.482200   -0.2465400
47619.00   0.033252   0.481540  -0.2475001    0.034500    0.482400   -0.2484400
47620.00   0.036645   0.481775  -0.2495596    0.037900    0.482600   -0.2503600
47621.00   0.040156   0.481968  -0.2517880    0.041300    0.482700   -0.2524200
47622.00   0.043695   0.482123  -0.2540059    0.044800    0.482900   -0.2544400
47623.00   0.047168   0.482245  -0.2560372    0.048200    0.483000   -0.2563000
47624.00   0.050497   0.482334  -0.2577692    0.051600    0.483100   -0.2578500
47625.00   0.053617   0.482389  -0.2591858    0.054700    0.483200   -0.2594100
47626.00   0.056542   0.482418  -0.2603588    0.057800    0.483200   -0.2607300
47627.00   0.059357   0.482421  -0.2614125    0.060900    0.483200   -0.2619200
47628.00   0.062146   0.482398  -0.2624770    0.063900    0.483200   -0.2630900
47629.00   0.064996   0.482348  -0.2636536    0.066900    0.483200   -0.2643500
47630.00   0.067974   0.482275  -0.2650022    0.069900    0.483100   -0.2656000
47631.00   0.071056   0.482182  -0.2665444    0.072900    0.483000   -0.2670200
47632.00   0.074175   0.482084  -0.2682722    0.075800    0.482900   -0.2686400
47633.00   0.077261   0.481993  -0.2701558    0.078700    0.482800   -0.2704300
47634.00   0.080242   0.481921  -0.2721509    0.081400    0.482800   -0.2723800
47635.00   0.083051   0.481881  -0.2742048    0.084000    0.482900   -0.2745500
47636.00   0.085654   0.481862  -0.2762618    0.086500    0.483000   -0.2767500
47637.00   0.088070   0.481819  -0.2782747    0.088800    0.483100   -0.2789200
47638.00   0.090333   0.481716  -0.2802104    0.091000    0.483200   -0.2809800
47639.00   0.092486   0.481533  -0.2820442    0.093100    0.483100   -0.2829000
47640.00   0.094494   0.481236  -0.2837585    0.095200    0.482700   -0.2844400
47641.00   0.096371   0.480834  -0.2853637    0.097200    0.482100   -0.2858300
47642.00   0.098163   0.480347  -0.2869023    0.099200    0.481400   -0.2871600
47643.00   0.099938   0.479781  -0.2884530    0.101100    0.480700   -0.2885100
47644.00   0.101770   0.479145  -0.2901074    0.103100    0.479800   -0.2899900
47645.00   0.103681   0.478475  -0.2919493    0.104900    0.479400   -0.2919500
47646.00   0.105679   0.477783  -0.2940401    0.106900    0.478800   -0.2942000
47647.00   0.107778   0.477063  -0.2963841    0.109000    0.478300   -0.2966900
47648.00   0.110015   0.476300  -0.2989080    0.111300    0.477700   -0.2993400
47649.00   0.112428   0.475470  -0.3014717    0.113600    0.477000   -0.3020200
47650.00   0.115060   0.474545  -0.3039073    0.116100    0.476000   -0.3044400
47651.00   0.117874   0.473559  -0.3060707    0.118800    0.474900   -0.3065900
47652.00   0.120803   0.472567  -0.3078923    0.121600    0.473800   -0.3084100
47653.00   0.123774   0.471615  -0.3093978    0.124400    0.472800   -0.3099400
47654.00   0.126711   0.470731  -0.3106890    0.127300    0.471800   -0.3112700
47655.00   0.129543   0.469925  -0.3119010    0.130200    0.470900   -0.3124200
47656.00   0.132250   0.469156  -0.3131560    0.133100    0.470000   -0.3136000
47657.00   0.134873   0.468363  -0.3145339    0.135900    0.469100   -0.3148900
47658.00   0.137457   0.467478  -0.3160676    0.138700    0.468100   -0.3163400
47659.00   0.140051   0.466439  -0.3177515    0.141500    0.467000   -0.3179100
47660.00   0.142692   0.465202  -0.3195541    0.144100    0.465800   -0.3197900
47661.00   0.145352   0.463771  -0.3214257    0.146600    0.464600   -0.3217400
47662.00   0.147974   0.462165  -0.3233090    0.149000    0.463200   -0.3236900
47663.00   0.150536   0.460428  -0.3251465    0.151400    0.461700   -0.3255900
47664.00   0.153032   0.458624  -0.3268908    0.153700    0.460100   -0.3274000
47665.00   0.155458   0.456813  -0.3285086    0.156000    0.458200   -0.3290600
47666.00   0.157792   0.455046  -0.3299836    0.158100    0.456200   -0.3305900
47667.00   0.159992   0.453368  -0.3313262    0.160200    0.454200   -0.3320200
47668.00   0.161991   0.451794  -0.3325726    0.162200    0.452200   -0.3333900
47669.00   0.163797   0.450258  -0.3337839    0.164100    0.450300   -0.3347300
47670.00   0.165449   0.448686  -0.3350409    0.166000    0.449200   -0.3357500
47671.00   0.167014   0.447059  -0.3364270    0.167900    0.448100   -0.3368900
47672.00   0.168630   0.445410  -0.3380170    0.169700    0.447100   -0.3382400
47673.00   0.170353   0.443761  -0.3398651    0.171500    0.446000   -0.3398400
47674.00   0.172213   0.442138  -0.3419779    0.173300    0.444800   -0.3417200
47675.00   0.174223   0.440579  -0.3443007    0.175100    0.442700   -0.3443400
47676.00   0.176326   0.439081  -0.3467165    0.176900    0.440500   -0.3470700
47677.00   0.178441   0.437618  -0.3490693    0.178800    0.438300   -0.3496900
47678.00   0.180503   0.436141  -0.3512058    0.180600    0.436100   -0.3520600
47679.00   0.182458   0.434592  -0.3530186    0.182600    0.434100   -0.3540600
47680.00   0.184277   0.432933  -0.3544779    0.184700    0.432400   -0.3555200
47681.00   0.185968   0.431184  -0.3556373    0.186700    0.431000   -0.3567100
47682.00   0.187552   0.429384  -0.3566092    0.188800    0.429700   -0.3577100
47683.00   0.189112   0.427581  -0.3575300    0.190900    0.428500   -0.3586700
47684.00   0.190740   0.425782  -0.3585215    0.192900    0.427200   -0.3597100
47685.00   0.192506   0.423983  -0.3596579    0.195000    0.425500   -0.3608800
47686.00   0.194400   0.422163  -0.3609551    0.197000    0.423800   -0.3621600
47687.00   0.196393   0.420297  -0.3623900    0.199000    0.421900   -0.3635400
47688.00   0.198458   0.418355  -0.3639148    0.201000    0.420000   -0.3649900
47689.00   0.200570   0.416317  -0.3654695    0.202900    0.417900   -0.3664500
47690.00   0.202666   0.414182  -0.3669805    0.204700    0.415500   -0.3678700
47691.00   0.204677   0.411958  -0.3683846    0.206400    0.413100   -0.3691700
47692.00   0.206570   0.409656  -0.3696329    0.208100    0.410600   -0.3703100
47693.00   0.208381   0.407288  -0.3706947    0.209700    0.408000   -0.3712700
47694.00   0.210155   0.404868  -0.3715637    0.211400    0.405400   -0.3720900
47695.00   0.211929   0.402408  -0.3722632    0.213100    0.402800   -0.3727600
47696.00   0.213726   0.399916  -0.3728549    0.214900    0.400300   -0.3733200
47697.00   0.215569   0.397397  -0.3734306    0.216700    0.397700   -0.3738500
47698.00   0.217478   0.394856  -0.3740968    0.218500    0.395100   -0.3744500
47699.00   0.219460   0.392288  -0.3749524    0.220400    0.392400   -0.3752200
47700.00   0.221490   0.389688  -0.3760604    0.222400    0.389800   -0.3764300
47701.00   0.223484   0.387050  -0.3774185    0.224500    0.387200   -0.3778900
47702.00   0.225443   0.384378  -0.3789637    0.226600    0.384600   -0.3795300
47703.00   0.227389   0.381680  -0.3805834    0.228800    0.382000   -0.3812500
47704.00   0.229349   0.378961  -0.3821356    0.230900    0.379300   -0.3829100
47705.00   0.231358   0.376225  -0.3834821    0.232900    0.376700   -0.3841500
47706.00   0.233388   0.373459  -0.3845358    0.234800    0.374000   -0.3851100
47707.00   0.235346   0.370661  -0.3852727    0.236600    0.371300   -0.3857600
47708.00   0.237174   0.367822  -0.3857380    0.238400    0.368600   -0.3861700
47709.00   0.238840   0.364929  -0.3860344    0.240100    0.365800   -0.3864300
47710.00   0.240365   0.361986  -0.3862903    0.241800    0.363000   -0.3867200
47711.00   0.241816   0.359017  -0.3866311    0.243400    0.359800   -0.3870900
47712.00   0.243232   0.356043  -0.3871441    0.244900    0.356500   -0.3876300
47713.00   0.244637   0.353083  -0.3878642    0.246400    0.353200   -0.3883600
47714.00   0.246029   0.350152  -0.3887809    0.247800    0.350000   -0.3892600
47715.00   0.247390   0.347247  -0.3898499    0.249100    0.347000   -0.3903000
47716.00   0.248711   0.344346  -0.3910046    0.250400    0.344100   -0.3914000
47717.00   0.249981   0.341423  -0.3921652    0.251500    0.341300   -0.3925200
47718.00   0.251214   0.338475  -0.3932617    0.252600    0.338500   -0.3935800
47719.00   0.252378   0.335505  -0.3942564    0.253600    0.335700   -0.3945600
47720.00   0.253441   0.332538  -0.3951311    0.254500    0.333000   -0.3954500
47721.00   0.254448   0.329617  -0.3958903    0.255400    0.330200   -0.3962100
47722.00   0.255471   0.326783  -0.3965658    0.256100    0.327500   -0.3968500
47723.00   0.256523   0.324049  -0.3972030    0.256900    0.324700   -0.3975300
47724.00   0.257510   0.321393  -0.3978523    0.257500    0.322000   -0.3980000
47725.00   0.258280   0.318751  -0.3985792    0.258000    0.319100   -0.3986800
47726.00   0.258834   0.316059  -0.3994760    0.258500    0.316200   -0.3995800
47727.00   0.259242   0.313273  -0.4006205    0.258900    0.313200   -0.4007400
47728.00   0.259520   0.310377  -0.4020440    0.259300    0.310100   -0.4022100
47729.00   0.259677   0.307373  -0.4037092    0.259700    0.307100   -0.4039200
47730.00   0.259721   0.304260  -0.4055103    0.260100    0.304000   -0.4057500
47731.00   0.259656   0.301045  -0.4072883    0.260500    0.300900   -0.4075500
47732.00   0.259516   0.297755  -0.4088916    0.260800    0.297800   -0.4092000
47733.00   0.259411   0.294397  -0.4102297    0.261100    0.294700   -0.4105700
47734.00   0.259400   0.290980  -0.4112703    0.261200    0.291500   -0.4116300
47735.00   0.259475   0.287550  -0.4120367    0.261100    0.288400   -0.4122900
47736.00   0.259578   0.284153  -0.4126159    0.260900    0.285300   -0.4127600
47737.00   0.259598   0.280826  -0.4131170    0.260600    0.282100   -0.4131300
47738.00   0.259486   0.277618  -0.4136479    0.260300    0.279000   -0.4135600
47739.00   0.259283   0.274517  -0.4142997    0.259900    0.275800   -0.4141200
47740.00   0.259062   0.271488  -0.4151187    0.259600    0.272500   -0.4149900
47741.00   0.258932   0.268482  -0.4161049    0.259400    0.269200   -0.4160500
47742.00   0.258981   0.265471  -0.4172229    0.259300    0.266000   -0.4172400
47743.00   0.259177   0.262452  -0.4184194    0.259200    0.262800   -0.4185100
47744.00   0.259382   0.259419  -0.4196321    0.259200    0.259600   -0.4197900
47745.00   0.259502   0.256372  -0.4208062    0.259300    0.256400   -0.4210000
47746.00   0.259528   0.253308  -0.4218918    0.259400    0.253200   -0.4220600
47747.00   0.259514   0.250247  -0.4228527    0.259400    0.250000   -0.4229700
47748.00   0.259562   0.247205  -0.4236824    0.259500    0.246800   -0.4237400
47749.00   0.259708   0.244204  -0.4243916    0.259500    0.243700   -0.4243800
47750.00   0.259841   0.241279  -0.4250039    0.259400    0.240800   -0.4250300
47751.00   0.259861   0.238419  -0.4255850    0.259300    0.237900   -0.4256300
47752.00   0.259701   0.235585  -0.4262314    0.259000    0.235100   -0.4263200
47753.00   0.259331   0.232721  -0.4270534    0.258700    0.232200   -0.4271700
47754.00   0.258722   0.229769  -0.4281495    0.258400    0.229400   -0.4283300
47755.00   0.257874   0.226673  -0.4295740    0.257800    0.226300   -0.4297400
47756.00   0.256866   0.223437  -0.4313153    0.257200    0.223000   -0.4314600
47757.00   0.255786   0.220100  -0.4332828    0.256500    0.219700   -0.4333800
47758.00   0.254697   0.216697  -0.4353113    0.255700    0.216300   -0.4353500
47759.00   0.253687   0.213255  -0.4372182    0.255000    0.213000   -0.4372000
47760.00   0.252831   0.209803  -0.4388607    0.254100    0.209600   -0.4389300
47761.00   0.252154   0.206380  -0.4401749    0.253200    0.206300   -0.4403400
47762.00   0.251620   0.203035  -0.4411822    0.252400    0.203000   -0.4414600
47763.00   0.251154   0.199820  -0.4419658    0.251500    0.199900   -0.4423900
47764.00   0.250680   0.196789  -0.4426360    0.250600    0.196800   -0.4431800
47765.00   0.250131   0.193995  -0.4433011    0.250000    0.193900   -0.4436700
47766.00   0.249428   0.191364  -0.4440612    0.249300    0.191100   -0.4442400
47767.00   0.248493   0.188770  -0.4449861    0.248500    0.188300   -0.4449600
47768.00   0.247289   0.186106  -0.4461029    0.247600    0.185500   -0.4458700
47769.00   0.245810   0.183287  -0.4473984    0.246500    0.182700   -0.4469500
47770.00   0.244066   0.180279  -0.4488220    0.245000    0.179700   -0.4486000
47771.00   0.242130   0.177130  -0.4502998    0.243300    0.176800   -0.4503200
47772.00   0.240098   0.173910  -0.4517486    0.241400    0.173700   -0.4520100
47773.00   0.238027   0.170686  -0.4530928    0.239400    0.170700   -0.4536000
47774.00   0.235922   0.167512  -0.4542755    0.237200    0.167600   -0.4550100
47775.00   0.233773   0.164445  -0.4552687    0.234900    0.164200   -0.4556800
47776.00   0.231549   0.161528  -0.4560882    0.232600    0.161100   -0.4563700
47777.00   0.229223   0.158754  -0.4567806    0.230100    0.158100   -0.4569300
47778.00   0.226787   0.156103  -0.4574131    0.227600    0.155200   -0.4574300
47779.00   0.224295   0.153554  -0.4580653    0.225000    0.152400   -0.4579600
47780.00   0.221831   0.151091  -0.4588307    0.222500    0.149900   -0.4587600
47781.00   0.219415   0.148691  -0.4598036    0.220000    0.147500   -0.4597900
47782.00   0.217025   0.146348  -0.4610755    0.217400    0.145200   -0.4611000
47783.00   0.214648   0.144057  -0.4626902    0.214900    0.142900   -0.4627700
47784.00   0.212275   0.141805  -0.4646152    0.212400    0.140700   -0.4647300
47785.00   0.209901   0.139576  -0.4667389    0.210100    0.138600   -0.4669400
47786.00   0.207490   0.137349  -0.4688831    0.207900    0.136500   -0.4691500
47787.00   0.205003   0.135107  -0.4708694    0.205500    0.134400   -0.4711900
47788.00   0.202444   0.132834  -0.4725772    0.203100    0.132300   -0.4729500
47789.00   0.199818   0.130546  -0.4739759    0.200600    0.130100   -0.4744000
47790.00   0.197123   0.128280  -0.4751244    0.197800    0.127600   -0.4754200
47791.00   0.194319   0.126036  -0.4761386    0.194800    0.125000   -0.4763200
47792.00   0.191399   0.123797  -0.4771475    0.191800    0.122400   -0.4772200
47793.00   0.188364   0.121549  -0.4782554    0.188700    0.119800   -0.4782300
47794.00   0.185238   0.119268  -0.4795257    0.185500    0.117200   -0.4794200
47795.00   0.182078   0.116925  -0.4809871    0.182400    0.115100   -0.4809700
47796.00   0.178927   0.114535  -0.4826303    0.179300    0.113000   -0.4827000
47797.00   0.175801   0.112143  -0.4844125    0.176100    0.111000   -0.4845500
47798.00   0.172692   0.109843  -0.4862662    0.172900    0.109100   -0.4864500
47799.00   0.169578   0.107752  -0.4881118    0.169700    0.107400   -0.4883400
47800.00   0.166400   0.105964  -0.4898709    0.166600    0.105800   -0.4901000
47801.00   0.163140   0.104437  -0.4914920    0.163500    0.104400   -0.4917400
47802.00   0.159817   0.103076  -0.4929552    0.160300    0.103000   -0.4932500
47803.00   0.156445   0.101784  -0.4942671    0.157100    0.101700   -0.4946200
47804.00   0.153030   0.100460  -0.4954603    0.153800    0.100400   -0.4958600
47805.00   0.149568   0.099020  -0.4965907    0.150400    0.099000   -0.4968500
47806.00   0.146082   0.097493  -0.4977285    0.146900    0.097700   -0.4978400
47807.00   0.142608   0.095962  -0.4989574    0.143300    0.096400   -0.4988900
47808.00   0.139183   0.094510  -0.5003659    0.139600    0.095100   -0.5001200
47809.00   0.135807   0.093205  -0.5020325    0.135800    0.093800   -0.5016400
47810.00   0.132325   0.092049  -0.5040085    0.131900    0.092500   -0.5037300
47811.00   0.128573   0.090993  -0.5062987    0.127900    0.091200   -0.5062100
47812.00   0.124506   0.089968  -0.5088255    0.123800    0.090000   -0.5089400
47813.00   0.120219   0.088938  -0.5114430    0.119600    0.088700   -0.5117600
47814.00   0.115844   0.087877  -0.5139777    0.115400    0.087500   -0.5145000
47815.00   0.111554   0.086777  -0.5162918    0.111300    0.086400   -0.5167800
47816.00   0.107593   0.085697  -0.5183447    0.107300    0.085300   -0.5187500
47817.00   0.103907   0.084674  -0.5201702    0.103300    0.084300   -0.5204900
47818.00   0.100289   0.083678  -0.5218716    0.099300    0.083200   -0.5220800
47819.00   0.096530   0.082687  -0.5235770    0.095500    0.082100   -0.5236700
47820.00   0.092643   0.081623  -0.5253861    0.091800    0.081100   -0.5255000
47821.00   0.088758   0.080515  -0.5273585    0.088200    0.080000   -0.5275000
47822.00   0.084999   0.079469  -0.5295096    0.084600    0.079100   -0.5296700
47823.00   0.081461   0.078569  -0.5318132    0.081100    0.078200   -0.5319700
47824.00   0.078112   0.077817  -0.5342076    0.077600    0.077400   -0.5343600
47825.00   0.074806   0.077207  -0.5366070    0.074300    0.076900   -0.5368100
47826.00   0.071438   0.076761  -0.5389626    0.071000    0.076500   -0.5392300
47827.00   0.068006   0.076490  -0.5412601    0.067700    0.076300   -0.5415600
47828.00   0.064380   0.076301  -0.5434609    0.064400    0.076100   -0.5437800
47829.00   0.060604   0.076052  -0.5455241    0.061100    0.076000   -0.5458500
47830.00   0.056867   0.075662  -0.5474344    0.057500    0.075700   -0.5476900
47831.00   0.053306   0.075251  -0.5492010    0.053800    0.075500   -0.5493800
47832.00   0.049948   0.074957  -0.5508516    0.050100    0.075200   -0.5510000
47833.00   0.046609   0.074778  -0.5524322    0.046300    0.074900   -0.5525700
47834.00   0.043062   0.074689  -0.5540111    0.042500    0.074600   -0.5541900
47835.00   0.039172   0.074657  -0.5556779    0.039800    0.074600   -0.5558600
47836.00   0.034976   0.074651  -0.5575302    0.035900    0.074300   -0.5577500
47837.00   0.030594   0.074651  -0.5596418    0.031900    0.074100   -0.5599000
47838.00   0.026170   0.074658  -0.5620377    0.027900    0.074000   -0.5623200
47839.00   0.021873   0.074685  -0.5646849    0.023800    0.074000   -0.5649700
47840.00   0.017774   0.074750  -0.5674802    0.019800    0.074100   -0.5676900
47841.00   0.013797   0.074867  -0.5702598    0.015700    0.074400   -0.5703800
47842.00   0.009853   0.075052  -0.5728625    0.011800    0.074600   -0.5728800
47843.00   0.005935   0.075329  -0.5751842    0.007900    0.075000   -0.5751000
47844.00   0.002118   0.075723  -0.5772119    0.004000    0.075500   -0.5770200
47845.00  -0.001536   0.076257  -0.5790178    0.000400    0.076000   -0.5789500
47846.00  -0.005052   0.076920  -0.5807332   -0.003100    0.076600   -0.5807900
47847.00  -0.008515   0.077690  -0.5824945   -0.006600    0.077300   -0.5826900
47848.00  -0.011982   0.078552  -0.5844024   -0.010200    0.078100   -0.5847500
47849.00  -0.015443   0.079520  -0.5865052   -0.013700    0.079000   -0.5870000
47850.00  -0.018894   0.080613  -0.5887973   -0.017400    0.080300   -0.5891500
47851.00  -0.022304   0.081830  -0.5912393   -0.021200    0.081600   -0.5914300
47852.00  -0.025738   0.083181  -0.5937721   -0.025100    0.083100   -0.5938300
47853.00  -0.029284   0.084672  -0.5963324   -0.028900    0.084500   -0.5962600
47854.00  -0.032975   0.086275  -0.5988612   -0.032900    0.086100   -0.5986900
47855.00  -0.036766   0.087923  -0.6013089   -0.036700    0.087500   -0.6012100
47856.00  -0.040644   0.089531  -0.6036224   -0.040400    0.088800   -0.6036100
47857.00  -0.044621   0.091021  -0.6057624   -0.044100    0.090200   -0.6058300
47858.00  -0.048622   0.092360  -0.6077381   -0.047700    0.091400   -0.6078900
47859.00  -0.052504   0.093533  -0.6095892   -0.051200    0.092700   -0.6098000
47860.00  -0.056142   0.094538  -0.6113724   -0.054600    0.093900   -0.6115700
47861.00  -0.059499   0.095445  -0.6131492   -0.057800    0.095100   -0.6133100
47862.00  -0.062559   0.096349  -0.6149856   -0.060800    0.096300   -0.6150900
47863.00  -0.065327   0.097344  -0.6169418   -0.063700    0.097700   -0.6169800
47864.00  -0.067830   0.098522  -0.6190600   -0.066400    0.099100   -0.6190500
47865.00  -0.070117   0.099965  -0.6213521   -0.069000    0.100400   -0.6214400
47866.00  -0.072305   0.101669  -0.6238043   -0.071500    0.102000   -0.6238700
47867.00  -0.074486   0.103589  -0.6263590   -0.074000    0.103700   -0.6264000
47868.00  -0.076739   0.105674  -0.6289126   -0.076500    0.105600   -0.6289500
47869.00  -0.079122   0.107881  -0.6313409   -0.078900    0.107700   -0.6313800
47870.00  -0.081630   0.110183  -0.6335356   -0.081300    0.109900   -0.6335700
47871.00  -0.084241   0.112555  -0.6354462   -0.083700    0.112300   -0.6354900
47872.00  -0.086932   0.114974  -0.6371037   -0.086200    0.114800   -0.6371500
47873.00  -0.089614   0.117435  -0.6386064   -0.088800    0.117400   -0.6386400
47874.00  -0.092151   0.119956  -0.6400823   -0.091100    0.120000   -0.6401300
47875.00  -0.094464   0.122557  -0.6416399   -0.093500    0.122400   -0.6416800
47876.00  -0.096596   0.125204  -0.6433545   -0.095800    0.125200   -0.6434200
47877.00  -0.098647   0.127845  -0.6452473   -0.098100    0.127800   -0.6453100
47878.00  -0.100700   0.130424  -0.6472936   -0.100200    0.130300   -0.6473600
47879.00  -0.102791   0.132890  -0.6494431   -0.102300    0.132800   -0.6495200
47880.00  -0.104932   0.135228  -0.6516350   -0.104300    0.135100   -0.6517000
47881.00  -0.107038   0.137530  -0.6537996   -0.106300    0.137500   -0.6538500
47882.00  -0.109166   0.139802  -0.6558744   -0.108600    0.139700   -0.6559100
47883.00  -0.111425   0.142033  -0.6578097   -0.110900    0.141800   -0.6578200
47884.00  -0.113908   0.144250  -0.6595674   -0.113200    0.144100   -0.6595900
47885.00  -0.116617   0.146490  -0.6611365   -0.115800    0.146300   -0.6611500
47886.00  -0.119446   0.148785  -0.6625434   -0.118400    0.148800   -0.6625900
47887.00  -0.122271   0.151162  -0.6638408   -0.120900    0.151100   -0.6639200
47888.00  -0.124968   0.153651  -0.6650994   -0.123500    0.153800   -0.6651700
47889.00  -0.127413   0.156281  -0.6663989   -0.126200    0.156700   -0.6664800
47890.00  -0.129524   0.159074  -0.6678172   -0.128600    0.159700   -0.6679000
47891.00  -0.131349   0.161999  -0.6694241   -0.130600    0.162500   -0.6695100
47892.00  -0.132974   0.164998   0.3287404   -0.132500    0.165300    0.3286400
47893.00  -0.134485   0.168017   0.3266860   -0.134100    0.168000    0.3265900
47894.00  -0.135970   0.170997   0.3244717   -0.135500    0.170600    0.3243500
47895.00  -0.137516   0.173884   0.3221932   -0.136800    0.173400    0.3221100
47896.00  -0.139181   0.176642   0.3199771   -0.138200    0.176000    0.3199100
47897.00  -0.140984   0.179271   0.3179432   -0.139900    0.178800    0.3178800
47898.00  -0.142938   0.181783   0.3161659   -0.141800    0.181300    0.3160700
47899.00  -0.145050   0.184190   0.3146584   -0.143800    0.183400    0.3146100
47900.00  -0.147283   0.186517   0.3133695   -0.146100    0.185800    0.3133200
47901.00  -0.149527   0.188891   0.3121848   -0.148400    0.188200    0.3121100
47902.00  -0.151664   0.191448   0.3109700   -0.150600    0.191000    0.3108600
47903.00  -0.153666   0.194203   0.3096123   -0.152500    0.193700    0.3095300
47904.00  -0.155469   0.197091   0.3080493   -0.154400    0.196600    0.3079800
47905.00  -0.157038   0.200038   0.3062812   -0.156200    0.199900    0.3062400
47906.00  -0.158489   0.203022   0.3043732   -0.157600    0.203200    0.3043100
47907.00  -0.159972   0.206036   0.3024133   -0.159500    0.206100    0.3023500
47908.00  -0.161637   0.209075   0.3004836   -0.161100    0.208900    0.3004300
47909.00  -0.163648   0.212119   0.2986485   -0.162600    0.211200    0.2985800
47910.00  -0.166171   0.215135   0.2969497   -0.165400    0.214500    0.2968900
47911.00  -0.169172   0.218109   0.2953954   -0.168400    0.217500    0.2952300
47912.00  -0.172428   0.221071   0.2939803   -0.172300    0.220900    0.2936200
47913.00  -0.175694   0.224056   0.2926783   -0.174900    0.223800    0.2925700
47914.00  -0.178725   0.227102   0.2914388   -0.177600    0.227000    0.2915700
47915.00  -0.181309   0.230256   0.2901924   -0.180000    0.230000    0.2903300
47916.00  -0.183495   0.233556   0.2888525   -0.182500    0.233400    0.2889000
47917.00  -0.185427   0.236998   0.2873251   -0.185100    0.236700    0.2873100
47918.00  -0.187215   0.240537   0.2855331   -0.187400    0.239900    0.2855600
47919.00  -0.188973   0.244118   0.2834373   -0.189600    0.243100    0.2835100
47920.00  -0.190812   0.247664   0.2810477   -0.191700    0.246300    0.2811600
47921.00  -0.192611   0.251151   0.2784173   -0.193400    0.249600    0.2785100
47922.00  -0.194191   0.254600   0.2756436   -0.195100    0.253200    0.2757500
47923.00  -0.195576   0.258070   0.2728727   -0.196100    0.256800    0.2729000
47924.00  -0.196900   0.261580   0.2702385   -0.196400    0.260600    0.2701800
47925.00  -0.198266   0.265115   0.2678273   -0.197300    0.264100    0.2678600
47926.00  -0.199681   0.268675   0.2656487   -0.198600    0.268000    0.2657200
47927.00  -0.201065   0.272274   0.2636380   -0.200000    0.271900    0.2637700
47928.00  -0.202333   0.275932   0.2616887   -0.201400    0.275700    0.2617500
47929.00  -0.203403   0.279667   0.2596837   -0.202800    0.279500    0.2597000
47930.00  -0.204211   0.283483   0.2575309   -0.203900    0.283200    0.2574600
47931.00  -0.204694   0.287359   0.2551758   -0.204500    0.287000    0.2550700
47932.00  -0.204841   0.291287   0.2526216   -0.204300    0.290600    0.2525600
47933.00  -0.204676   0.295263   0.2499181   -0.203800    0.294500    0.2499100
47934.00  -0.204224   0.299284   0.2471377   -0.202800    0.298600    0.2471500
47935.00  -0.203533   0.303354   0.2443607   -0.202200    0.302700    0.2443800
47936.00  -0.202713   0.307486   0.2416612   -0.201500    0.306700    0.2416800
47937.00  -0.201903   0.311642   0.2390961   -0.200900    0.310800    0.2390900
47938.00  -0.201203   0.315725   0.2366996   -0.200500    0.314800    0.2367000
47939.00  -0.200751   0.319639   0.2344775   -0.200500    0.318800    0.2344600
47940.00  -0.200722   0.323310   0.2324294   -0.200300    0.322600    0.2324500
47941.00  -0.201068   0.326771   0.2305399   -0.200400    0.326300    0.2306200
47942.00  -0.201659   0.330102   0.2287872   -0.200600    0.329800    0.2289000
47943.00  -0.202289   0.333378   0.2271173   -0.200900    0.333100    0.2272200
47944.00  -0.202612   0.336678   0.2254160   -0.201300    0.336400    0.2254900
47945.00  -0.202312   0.340074   0.2235642   -0.200400    0.339400    0.2236000
47946.00  -0.201390   0.343597   0.2214781   -0.199300    0.342800    0.2214800
47947.00  -0.199994   0.347250   0.2191223   -0.198100    0.346400    0.2191200
47948.00  -0.198336   0.351023   0.2165307   -0.197000    0.350000    0.2165100
47949.00  -0.196637   0.354907   0.2138054   -0.195800    0.353800    0.2138000
47950.00  -0.195118   0.358888   0.2110894   -0.194700    0.357900    0.2111100
47951.00  -0.193973   0.362910   0.2085379   -0.193800    0.361900    0.2085800
47952.00  -0.193306   0.366897   0.2062554   -0.193100    0.365800    0.2063000
47953.00  -0.192965   0.370776   0.2042577   -0.192500    0.369800    0.2043200
47954.00  -0.192737   0.374532   0.2024849   -0.192000    0.373700    0.2025600
47955.00  -0.192439   0.378169   0.2008309   -0.191800    0.377700    0.2009100
47956.00  -0.192013   0.381747   0.1991734   -0.191000    0.381600    0.1992000
47957.00  -0.191447   0.385333   0.1973997   -0.190400    0.385100    0.1974000
47958.00  -0.190752   0.388961   0.1954329   -0.189800    0.388800    0.1954000
47959.00  -0.189934   0.392658   0.1932407   -0.188800    0.392400    0.1932300
47960.00  -0.188990   0.396433   0.1908357   -0.187800    0.395700    0.1908200
47961.00  -0.187975   0.400222   0.1882909   -0.186900    0.399300    0.1882700
47962.00  -0.186968   0.403938   0.1857013   -0.186100    0.402900    0.1856700
47963.00  -0.186071   0.407506   0.1831593   -0.185500    0.406600    0.1831000
47964.00  -0.185394   0.410852   0.1807412   -0.184900    0.410200    0.1806400
47965.00  -0.184985   0.413929   0.1784922   -0.184800    0.413200    0.1783300
47966.00  -0.184660   0.416814   0.1763986   -0.184200    0.416100    0.1762300
47967.00  -0.184220   0.419631   0.1744241   -0.183700    0.419200    0.1743500
47968.00  -0.183515   0.422474   0.1725242   -0.182800    0.422100    0.1724700
47969.00  -0.182424   0.425419   0.1706383   -0.181800    0.424900    0.1706200
47970.00  -0.180871   0.428535   0.1686948   -0.180100    0.428200    0.1687600
47971.00  -0.178945   0.431863   0.1666247   -0.178400    0.431500    0.1667000
47972.00  -0.176800   0.435421   0.1643610   -0.176300    0.434900    0.1644100
47973.00  -0.174577   0.439208   0.1618486   -0.174200    0.438600    0.1618200
47974.00  -0.172343   0.443146   0.1590562   -0.171900    0.442500    0.1590600
47975.00  -0.170198   0.447045   0.1559934   -0.169500    0.446100    0.1559800
47976.00  -0.168148   0.450794   0.1527522   -0.167100    0.449700    0.1527600
47977.00  -0.166137   0.454332   0.1494856   -0.164900    0.453400    0.1494900
47978.00  -0.164136   0.457615   0.1463661   -0.162600    0.456800    0.1463300
47979.00  -0.162161   0.460647   0.1435361   -0.160400    0.460000    0.1435100
47980.00  -0.160228   0.463506   0.1410660   -0.158300    0.463100    0.1410500
47981.00  -0.158241   0.466349   0.1389047   -0.156200    0.466100    0.1388900
47982.00  -0.156117   0.469229   0.1369332   -0.154000    0.469000    0.1369100
47983.00  -0.153796   0.472157   0.1350106   -0.151900    0.471900    0.1350100
47984.00  -0.151225   0.475109   0.1330082   -0.149800    0.474800    0.1329900
47985.00  -0.148374   0.478055   0.1308397   -0.147600    0.477600    0.1308000
47986.00  -0.145312   0.480999   0.1284925   -0.145300    0.480200    0.1284300
47987.00  -0.142123   0.483957   0.1260024   -0.142500    0.483200    0.1259600
47988.00  -0.138849   0.486959   0.1234139   -0.139400    0.486300    0.1233900
47989.00  -0.135526   0.490037   0.1207829   -0.136300    0.489800    0.1207400
47990.00  -0.132195   0.493212   0.1181738   -0.132700    0.493100    0.1181400
47991.00  -0.128937   0.496456   0.1156518   -0.129200    0.496400    0.1156300
47992.00  -0.125835   0.499714   0.1132670   -0.125500    0.499800    0.1132800
47993.00  -0.122922   0.502925   0.1110453   -0.122400    0.502900    0.1110100
47994.00  -0.120184   0.506020   0.1089861   -0.119500    0.506000    0.1089800
47995.00  -0.117489   0.508907   0.1070738   -0.116800    0.508700    0.1070600
47996.00  -0.114801   0.511621   0.1052702   -0.114200    0.511600    0.1052700
47997.00  -0.112127   0.514204   0.1035097   -0.111600    0.514200    0.1035000
47998.00  -0.109471   0.516685   0.1017159   -0.109200    0.516200    0.1016800
47999.00  -0.106858   0.519103   0.0998076   -0.106600    0.518400    0.0998100
48000.00  -0.104324   0.521523   0.0976962   -0.104100    0.520900    0.0977300
48001.00  -0.101893   0.523999   0.0953261   -0.101700    0.523200    0.0953800
48002.00  -0.099610   0.526519   0.0926861   -0.099500    0.525300    0.0927600
48003.00  -0.097463   0.528988   0.0898268   -0.097200    0.527700    0.0899300
48004.00  -0.095416   0.531306   0.0868628   -0.094900    0.530100    0.0868500
48005.00  -0.093418   0.533400   0.0839541   -0.092700    0.532300    0.0838600
48006.00  -0.091348   0.535243   0.0812546   -0.090600    0.534500    0.0811100
48007.00  -0.089161   0.536945   0.0788778   -0.088400    0.536700    0.0787500
48008.00  -0.086878   0.538638   0.0768512   -0.086000    0.538500    0.0767500
48009.00  -0.084572   0.540379   0.0751104   -0.083800    0.540300    0.0750700
48010.00  -0.082361   0.542122   0.0735487   -0.081600    0.541900    0.0736400
48011.00  -0.080182   0.543839   0.0720199   -0.079200    0.543400    0.0720700
48012.00  -0.077877   0.545523   0.0703975   -0.076700    0.545100    0.0704400
48013.00  -0.075287   0.547166   0.0686133   -0.073900    0.546600    0.0686400
48014.00  -0.072276   0.548758   0.0666583   -0.070800    0.548100    0.0666600
48015.00  -0.068759   0.550281   0.0645693   -0.067100    0.549600    0.0645800
48016.00  -0.064784   0.551772   0.0624088   -0.063000    0.551100    0.0623900
48017.00  -0.060468   0.553258   0.0602525   -0.058800    0.552700    0.0602400
48018.00  -0.055942   0.554752   0.0581712   -0.054600    0.554200    0.0581700
48019.00  -0.051343   0.556267   0.0562209   -0.050100    0.555700    0.0562200
48020.00  -0.046853   0.557798   0.0544325   -0.045800    0.557300    0.0544100
48021.00  -0.042609   0.559319   0.0527930   -0.041600    0.558800    0.0527700
48022.00  -0.038544   0.560777   0.0512772   -0.037200    0.560300    0.0512600
48023.00  -0.034545   0.562139   0.0498442   -0.032900    0.561800    0.0498300
48024.00  -0.030505   0.563381   0.0484348   -0.028600    0.563100    0.0484100
48025.00  -0.026329   0.564505   0.0469792   -0.024200    0.564300    0.0469400
48026.00  -0.022010   0.565557   0.0453965   -0.019800    0.565300    0.0453300
48027.00  -0.017588   0.566569   0.0436153   -0.015600    0.566300    0.0435700
48028.00  -0.013173   0.567518   0.0416069   -0.011300    0.567200    0.0415600
48029.00  -0.008793   0.568420   0.0393602   -0.007000    0.568000    0.0393400
48030.00  -0.004462   0.569293   0.0369007   -0.002800    0.568800    0.0368700
48031.00  -0.000214   0.570103   0.0342940    0.001200    0.569500    0.0342700
48032.00   0.003913   0.570813   0.0316432    0.005100    0.570100    0.0316000
48033.00   0.007879   0.571392   0.0290757    0.009200    0.570600    0.0290200
48034.00   0.011670   0.571830   0.0267069    0.013000    0.571000    0.0266500
48035.00   0.015380   0.572205   0.0246173    0.016600    0.571100    0.0246100
48036.00   0.019079   0.572518   0.0228185    0.020300    0.571200    0.0228400
48037.00   0.022725   0.572767   0.0212270    0.023700    0.571200    0.0212300
48038.00   0.026334   0.572981   0.0196908    0.027200    0.571300    0.0196800
48039.00   0.029941   0.573192   0.0180715    0.030800    0.571300    0.0180200
48040.00   0.033584   0.573433   0.0162917    0.034500    0.571700    0.0162200
48041.00   0.037283   0.573697   0.0143478    0.038100    0.572000    0.0142600
48042.00   0.041030   0.573946   0.0122870    0.041900    0.572400    0.0122100
48043.00   0.044816   0.574165   0.0101794    0.045600    0.572700    0.0101000
48044.00   0.048642   0.574355   0.0080994    0.049400    0.573000    0.0080500
48045.00   0.052531   0.574522   0.0061118    0.053300    0.573300    0.0060900
48046.00   0.056477   0.574617   0.0042663    0.057200    0.573600    0.0042500
48047.00   0.060427   0.574560   0.0025991    0.061100    0.573700    0.0025500
48048.00   0.064325   0.574288   0.0011235    0.065000    0.573700    0.0010700
48049.00   0.068136   0.573790  -0.0001825    0.068900    0.573700   -0.0002400
48050.00   0.071863   0.573089  -0.0013675    0.072800    0.572500   -0.0014200
48051.00   0.075621   0.572246  -0.0025001    0.076700    0.571500   -0.0025700
48052.00   0.079542   0.571331  -0.0036596    0.080600    0.570500   -0.0037300
48053.00   0.083643   0.570420  -0.0049200    0.084400    0.569500   -0.0049900
48054.00   0.087869   0.569582  -0.0063350    0.088400    0.568400   -0.0063900
48055.00   0.092108   0.568860  -0.0079295    0.092200    0.567900   -0.0080100
48056.00   0.096265   0.568224  -0.0097134    0.096200    0.567300   -0.0098000
48057.00   0.100309   0.567608  -0.0116770    0.100100    0.566600   -0.0117500
48058.00   0.104234   0.566950  -0.0137740    0.104100    0.565300   -0.0138400
48059.00   0.108071   0.566198  -0.0159224    0.108100    0.564300   -0.0159800
48060.00   0.111870   0.565323  -0.0180150    0.112100    0.563000   -0.0180900
48061.00   0.115674   0.564316  -0.0199498    0.116100    0.561900   -0.0200200
48062.00   0.119509   0.563148  -0.0216658    0.119900    0.560700   -0.0217500
48063.00   0.123347   0.561823  -0.0231539    0.123700    0.559800   -0.0232500
48064.00   0.127096   0.560361  -0.0244627    0.127300    0.558400   -0.0245600
48065.00   0.130620   0.558791  -0.0256832    0.130600    0.556900   -0.0257500
48066.00   0.134018   0.557053  -0.0269483    0.133800    0.555400   -0.0269900
48067.00   0.137425   0.555162  -0.0283598    0.137100    0.553600   -0.0283900
48068.00   0.140913   0.553151  -0.0299500    0.140600    0.551900   -0.0299700
48069.00   0.144519   0.551067  -0.0316821    0.144000    0.549800   -0.0317100
48070.00   0.148236   0.549015  -0.0334770    0.148100    0.547900   -0.0335000
48071.00   0.152136   0.547071  -0.0352622    0.152300    0.546000   -0.0352800
48072.00   0.156303   0.545287  -0.0369802    0.156400    0.544100   -0.0370400
48073.00   0.160777   0.543635  -0.0385964    0.161100    0.542400   -0.0386700
48074.00   0.165414   0.542060  -0.0400777    0.165400    0.540500   -0.0401500
48075.00   0.169947   0.540503  -0.0413918    0.170000    0.539600   -0.0414200
48076.00   0.174278   0.538913  -0.0425512    0.174600    0.538700   -0.0425100
48077.00   0.178387   0.537236  -0.0435793    0.179100    0.537200   -0.0435200
48078.00   0.182250   0.535415  -0.0445130    0.182800    0.535400   -0.0445600
48079.00   0.185852   0.533390  -0.0454012    0.186200    0.533000   -0.0454800
48080.00   0.189216   0.531114  -0.0462908    0.189300    0.530300   -0.0463400
48081.00   0.192463   0.528646  -0.0472579    0.192800    0.527400   -0.0473200
48082.00   0.195765   0.526086  -0.0483778    0.196300    0.525100   -0.0484700
48083.00   0.199218   0.523520  -0.0496942    0.199700    0.522400   -0.0497600
48084.00   0.202743   0.521000  -0.0512015    0.202900    0.520000   -0.0512800
48085.00   0.206192   0.518522  -0.0528385    0.206000    0.517200   -0.0529500
48086.00   0.209567   0.516057  -0.0545233    0.209200    0.514500   -0.0546100
48087.00   0.212890   0.513585  -0.0561489    0.212500    0.511900   -0.0562100
48088.00   0.216181   0.511092  -0.0576099    0.216100    0.510000   -0.0576800
48089.00   0.219452   0.508596  -0.0588309    0.219900    0.507900   -0.0588900
48090.00   0.222704   0.506113  -0.0597892    0.223700    0.505900   -0.0598600
48091.00   0.225900   0.503614  -0.0605297    0.227400    0.503400   -0.0605700
48092.00   0.229029   0.501038  -0.0611658    0.230500    0.500700   -0.0612600
48093.00   0.232094   0.498320  -0.0618410    0.233600    0.497600   -0.0619500
48094.00   0.235100   0.495415  -0.0626823    0.236200    0.494500   -0.0627700
48095.00   0.238069   0.492348  -0.0637592    0.238800    0.491200   -0.0638100
48096.00   0.241052   0.489190  -0.0650623    0.241800    0.488000   -0.0651100
48097.00   0.244089   0.486004  -0.0665222    0.244900    0.484600   -0.0665400
48098.00   0.247129   0.482782  -0.0680495    0.248000    0.481400   -0.0680900
48099.00   0.250068   0.479505  -0.0695657    0.251000    0.478200   -0.0695900
48100.00   0.252813   0.476174  -0.0710254    0.253800    0.474900   -0.0710300
48101.00   0.255333   0.472800  -0.0723894    0.256300    0.471800   -0.0724200
48102.00   0.257658   0.469387  -0.0736311    0.258500    0.468500   -0.0736800
48103.00   0.259827   0.465943  -0.0747407    0.260500    0.465200   -0.0748300
48104.00   0.261882   0.462474  -0.0757207    0.262500    0.462100   -0.0757800
48105.00   0.263860   0.458987  -0.0765851    0.264200    0.457800   -0.0766300
48106.00   0.265854   0.455485  -0.0773983    0.266000    0.454300   -0.0774500
48107.00   0.267940   0.451994  -0.0782502    0.268700    0.451400   -0.0782800
48108.00   0.270121   0.448524  -0.0792279    0.271900    0.448500   -0.0792400
48109.00   0.272360   0.445084  -0.0804064    0.274300    0.445500   -0.0804500
48110.00   0.274589   0.441685  -0.0818318    0.276500    0.442500   -0.0818700
48111.00   0.276741   0.438343  -0.0835090    0.278200    0.439000   -0.0835500
48112.00   0.278754   0.435072  -0.0853967    0.279800    0.435300   -0.0854300
48113.00   0.280596   0.431901  -0.0874084    0.281200    0.431200   -0.0874800
48114.00   0.282279   0.428841  -0.0894342    0.282600    0.427500   -0.0894900
48115.00   0.283818   0.425877  -0.0913622    0.284000    0.424500   -0.0914600
48116.00   0.285247   0.422970  -0.0931091    0.285700    0.421600   -0.0933000
48117.00   0.286585   0.420014  -0.0946352    0.286900    0.418600   -0.0948000
48118.00   0.287859   0.416916  -0.0959629    0.288200    0.416000   -0.0960600
48119.00   0.289172   0.413704  -0.0971804    0.290000    0.413000   -0.0972400
48120.00   0.290686   0.410418  -0.0984078    0.291700    0.409300   -0.0984100
48121.00   0.292427   0.407051  -0.0997677    0.293400    0.405500   -0.0998400
48122.00   0.294320   0.403618  -0.1013457    0.295400    0.401900   -0.1014400
48123.00   0.296284   0.400149  -0.1031677    0.297500    0.398400   -0.1032600
48124.00   0.298236   0.396673  -0.1051968    0.299600    0.395700   -0.1053400
48125.00   0.300054   0.393217  -0.1073506    0.301500    0.392900   -0.1074500
48126.00   0.301644   0.389767  -0.1095274    0.303000    0.389800   -0.1096500
48127.00   0.302975   0.386306  -0.1116384    0.304100    0.386400   -0.1117600
48128.00   0.304034   0.382824  -0.1136104    0.305000    0.382300   -0.1137100
48129.00   0.304812   0.379313  -0.1153995    0.305800    0.378400   -0.1154700
48130.00   0.305343   0.375769  -0.1169930    0.305800    0.375100   -0.1170600
48131.00   0.305706   0.372194  -0.1184076    0.306000    0.371900   -0.1184500
48132.00   0.305957   0.368585  -0.1196803    0.306200    0.368500   -0.1197400
48133.00   0.306169   0.364943  -0.1208648    0.306400    0.364700   -0.1209200
48134.00   0.306493   0.361281  -0.1220331    0.307000    0.360600   -0.1220800
48135.00   0.307079   0.357616  -0.1232639    0.307700    0.356600   -0.1233000
48136.00   0.307923   0.353948  -0.1246436    0.308300    0.352500   -0.1246200
48137.00   0.308928   0.350259  -0.1262465    0.309300    0.348600   -0.1261700
48138.00   0.309992   0.346527  -0.1281148    0.310300    0.344800   -0.1280700
48139.00   0.311003   0.342728  -0.1302441    0.311700    0.341400   -0.1303100
48140.00   0.311833   0.338838  -0.1325698    0.312100    0.337500   -0.1327600
48141.00   0.312470   0.334859  -0.1349571    0.312800    0.333600   -0.1351200
48142.00   0.312954   0.330804  -0.1372534    0.313500    0.329700   -0.1374100
48143.00   0.313259   0.326689  -0.1393367    0.313600    0.325700   -0.1394800
48144.00   0.313337   0.322545  -0.1411452    0.313700    0.321600   -0.1412500
48145.00   0.313177   0.318438  -0.1426925    0.313700    0.317500   -0.1427300
48146.00   0.312883   0.314378  -0.1440792    0.313400    0.313500   -0.1441000
48147.00   0.312523   0.310356  -0.1454500    0.312900    0.309400   -0.1454700
48148.00   0.312119   0.306392  -0.1469374    0.312600    0.305600   -0.1469700
48149.00   0.311661   0.302501  -0.1486353    0.311800    0.301500   -0.1486700
48150.00   0.311131   0.298699  -0.1505805    0.310800    0.297400   -0.1505900
48151.00   0.310531   0.294983  -0.1527464    0.310000    0.293700   -0.1527900
48152.00   0.309871   0.291347  -0.1550642    0.309500    0.290500   -0.1551600
48153.00   0.309160   0.287783  -0.1574408    0.309400    0.287000   -0.1575100
48154.00   0.308393   0.284282  -0.1597815    0.309100    0.283700   -0.1598600
48155.00   0.307506   0.280822  -0.1620083    0.308700    0.280400   -0.1620200
48156.00   0.306397   0.277373  -0.1640705    0.307900    0.277000   -0.1641000
48157.00   0.305056   0.273887  -0.1659581    0.306500    0.273600   -0.1660200
48158.00   0.303574   0.270303  -0.1676926    0.304900    0.270000   -0.1677500
48159.00   0.302063   0.266557  -0.1693171    0.303100    0.266300   -0.1694200
48160.00   0.300634   0.262617  -0.1708895    0.301000    0.262200   -0.1710400
48161.00   0.299388   0.258587  -0.1724761    0.299600    0.257900   -0.1726200
48162.00   0.298364   0.254585  -0.1741494    0.298000    0.253500   -0.1742800
48163.00   0.297561   0.250709  -0.1759802    0.297700    0.249800   -0.1760800
48164.00   0.296905   0.247030  -0.1780282    0.297700    0.246300   -0.1781200
48165.00   0.296302   0.243594  -0.1803265    0.297400    0.243000   -0.1804100
48166.00   0.295654   0.240360  -0.1828631    0.297000    0.240100   -0.1829400
48167.00   0.294851   0.237241  -0.1855792    0.295900    0.236900   -0.1856200
48168.00   0.293782   0.234151  -0.1883677    0.294300    0.233700   -0.1884200
48169.00   0.292376   0.230984  -0.1910975    0.292300    0.230000   -0.1911500
48170.00   0.290636   0.227640  -0.1936458    0.290100    0.226000   -0.1937100
48171.00   0.288711   0.224110  -0.1959332    0.287700    0.221900   -0.1960100
48172.00   0.286692   0.220434  -0.1979555    0.285800    0.218400   -0.1980200
48173.00   0.284630   0.216660  -0.1997832    0.283800    0.214900   -0.1998800
48174.00   0.282572   0.212839  -0.2015301    0.282000    0.211800   -0.2016300
48175.00   0.280541   0.209022  -0.2033154    0.280300    0.208800   -0.2033300
48176.00   0.278421   0.205271  -0.2052338    0.278700    0.205400   -0.2052200
48177.00   0.276142   0.201622  -0.2073263    0.276800    0.202000   -0.2073700
48178.00   0.273732   0.198072  -0.2095793    0.274400    0.198200   -0.2096700
48179.00   0.271236   0.194613  -0.2119396    0.271700    0.194200   -0.2120200
48180.00   0.268687   0.191236  -0.2143357    0.269000    0.190700   -0.2143600
48181.00   0.266124   0.187938  -0.2166969    0.266300    0.187300   -0.2167500
48182.00   0.263546   0.184709  -0.2189627    0.263500    0.184100   -0.2190000
48183.00   0.260909   0.181498  -0.2210914    0.260700    0.180900   -0.2211300
48184.00   0.258171   0.178283  -0.2230666    0.258000    0.178100   -0.2231500
48185.00   0.255334   0.175151  -0.2248874    0.255400    0.175300   -0.2249700
48186.00   0.252529   0.172099  -0.2265925    0.252600    0.172300   -0.2266200
48187.00   0.249944   0.169070  -0.2282489    0.250000    0.169100   -0.2282900
48188.00   0.247695   0.166030  -0.2299310    0.247600    0.165700   -0.2300200
48189.00   0.245667   0.163016  -0.2316994    0.245400    0.162000   -0.2317700
48190.00   0.243703   0.160079  -0.2336061    0.244100    0.158900   -0.2337400
48191.00   0.241754   0.157249  -0.2356992    0.242200    0.155800   -0.2357700
48192.00   0.239851   0.154550  -0.2380273    0.240300    0.153400   -0.2381500
48193.00   0.238015   0.152003  -0.2406142    0.238600    0.151400   -0.2406500
48194.00   0.236208   0.149592  -0.2434364    0.236800    0.149200   -0.2435300
48195.00   0.234410   0.147255  -0.2464136    0.235100    0.147300   -0.2465500
48196.00   0.232557   0.144959  -0.2494178    0.233000    0.144000   -0.2494400
48197.00   0.230548   0.142681  -0.2523024    0.231200    0.141800   -0.2522500
48198.00   0.228263   0.140412  -0.2549381    0.228500    0.139400   -0.2549800
48199.00   0.225562   0.138140  -0.2572554    0.226000    0.137100   -0.2573500
48200.00   0.222305   0.135834  -0.2592738    0.222400    0.134500   -0.2594700
48201.00   0.218641   0.133500  -0.2611209    0.218900    0.132000   -0.2611900
48202.00   0.214857   0.131159  -0.2629680    0.214800    0.129500   -0.2631600
48203.00   0.211202   0.128824  -0.2649608    0.211000    0.127600   -0.2650800
48204.00   0.207788   0.126509  -0.2671750    0.207300    0.125300   -0.2672500
48205.00   0.204666   0.124230  -0.2696089    0.203900    0.123000   -0.2697100
48206.00   0.201775   0.121988  -0.2721936    0.201100    0.120800   -0.2724300
48207.00   0.199017   0.119764  -0.2748376    0.198000    0.118600   -0.2750100
48208.00   0.196297   0.117541  -0.2774490    0.195400    0.116400   -0.2775800
48209.00   0.193519   0.115309  -0.2799492    0.192800    0.113800   -0.2800400
48210.00   0.190608   0.113086  -0.2822820    0.189900    0.111800   -0.2823400
48211.00   0.187568   0.110916  -0.2844222    0.186900    0.109500   -0.2844000
48212.00   0.184445   0.108853  -0.2863721    0.183900    0.107900   -0.2863600
48213.00   0.181286   0.106953  -0.2881592    0.180700    0.106100   -0.2881300
48214.00   0.178131   0.105240  -0.2898352    0.177700    0.104400   -0.2898400
48215.00   0.175047   0.103600  -0.2914843    0.174700    0.102800   -0.2915300
48216.00   0.172026   0.102002  -0.2931847    0.171500    0.101200   -0.2932900
48217.00   0.169017   0.100466  -0.2949979    0.168400    0.099600   -0.2951400
48218.00   0.165974   0.098992  -0.2969738    0.165400    0.097800   -0.2970900
48219.00   0.162854   0.097582  -0.2991467    0.162300    0.096300   -0.2992100
48220.00   0.159599   0.096223  -0.3015319    0.159200    0.094800   -0.3015500
48221.00   0.156136   0.094901  -0.3041180    0.155800    0.093300   -0.3041400
48222.00   0.152413   0.093609  -0.3068584    0.152200    0.092400   -0.3068700
48223.00   0.148427   0.092345  -0.3096706    0.147900    0.091200   -0.3097300
48224.00   0.144337   0.091103  -0.3124545    0.143600    0.090000   -0.3125400
48225.00   0.140317   0.089885  -0.3151098    0.139300    0.088800   -0.3152100
48226.00   0.136535   0.088739  -0.3175645    0.135500    0.087700   -0.3176400
48227.00   0.132960   0.087668  -0.3198018    0.131700    0.086600   -0.3198800
48228.00   0.129504   0.086654  -0.3218807    0.128400    0.085500   -0.3219400
48229.00   0.126079   0.085679  -0.3239147    0.125100    0.084500   -0.3240300
48230.00   0.122590   0.084722  -0.3260221    0.121500    0.083500   -0.3261200
48231.00   0.119050   0.083780  -0.3282816    0.117900    0.082600   -0.3284000
48232.00   0.115520   0.082857  -0.3307054    0.114300    0.081700   -0.3308400
48233.00   0.112032   0.081940  -0.3332465    0.110800    0.080800   -0.3333800
48234.00   0.108594   0.081004  -0.3358221    0.107300    0.079900   -0.3359400
48235.00   0.105159   0.080000  -0.3383410    0.103800    0.078900   -0.3384200
48236.00   0.101696   0.078953  -0.3407106    0.100400    0.077900   -0.3407500
48237.00   0.098177   0.077921  -0.3428633    0.097100    0.076900   -0.3429000
48238.00   0.094582   0.076908  -0.3447823    0.093700    0.075800   -0.3448300
48239.00   0.090989   0.075839  -0.3464901    0.090400    0.074700   -0.3465700
48240.00   0.087493   0.074656  -0.3480344    0.087200    0.073500   -0.3481300
48241.00   0.084124   0.073460  -0.3494722    0.083900    0.072500   -0.3495700
48242.00   0.080833   0.072344  -0.3508638    0.080600    0.071500   -0.3509700
48243.00   0.077561   0.071380  -0.3522759    0.077200    0.070600   -0.3523800
48244.00   0.074250   0.070638  -0.3537777    0.073700    0.069800   -0.3538900
48245.00   0.070866   0.070146  -0.3554434    0.070200    0.069200   -0.3555600
48246.00   0.067377   0.069860  -0.3573110    0.066500    0.068600   -0.3574000
48247.00   0.063775   0.069730  -0.3593874    0.062800    0.068200   -0.3594600
48248.00   0.060069   0.069705  -0.3616542    0.058900    0.068000   -0.3617100
48249.00   0.056270   0.069732  -0.3640664    0.055000    0.067800   -0.3641200
48250.00   0.052379   0.069786  -0.3665589    0.050900    0.067700   -0.3666200
48251.00   0.048355   0.069869  -0.3690509    0.046900    0.067700   -0.3691300
48252.00   0.044145   0.069989  -0.3714556    0.042800    0.067800   -0.3715300
48253.00   0.039730   0.070144  -0.3737009    0.038700    0.067900   -0.3737700
48254.00   0.035225   0.070309  -0.3757491    0.034600    0.068100   -0.3757900
48255.00   0.030776   0.070470  -0.3776271    0.030700    0.068400   -0.3776600
48256.00   0.026474   0.070678  -0.3794330    0.026900    0.068800   -0.3794600
48257.00   0.022389   0.070986   0.6186975    0.023100    0.069300    0.6186700
48258.00   0.018591   0.071447   0.6166447    0.019500    0.070000    0.6166000
48259.00   0.015151   0.072113   0.6143495    0.016100    0.070700    0.6142800
48260.00   0.012118   0.073018   0.6118302    0.013200    0.072200    0.6117600
48261.00   0.009382   0.074132   0.6091699    0.010000    0.073200    0.6091200
48262.00   0.006782   0.075384   0.6064782    0.006800    0.074300    0.6064400
48263.00   0.004177   0.076691   0.6038514    0.003600    0.075500    0.6038400
48264.00   0.001418   0.077970   0.6013588    0.000400    0.076600    0.6013600
48265.00  -0.001661   0.079172   0.5990451   -0.002800    0.077800    0.5990600
48266.00  -0.005050   0.080296   0.5969117   -0.006100    0.078800    0.5969200
48267.00  -0.008653   0.081354   0.5949329   -0.009500    0.079800    0.5949300
48268.00  -0.012377   0.082340   0.5930695   -0.013000    0.080700    0.5930700
48269.00  -0.016122   0.083186   0.5912743   -0.016600    0.081500    0.5912800
48270.00  -0.019806   0.083830   0.5894949   -0.020300    0.082100    0.5895000
48271.00  -0.023464   0.084317   0.5876705   -0.024000    0.082700    0.5876600
48272.00  -0.027175   0.084736   0.5857450   -0.027700    0.083300    0.5857400
48273.00  -0.031011   0.085171   0.5836807   -0.031400    0.083700    0.5836800
48274.00  -0.034995   0.085646   0.5814692   -0.035100    0.084200    0.5814600
48275.00  -0.039044   0.086098   0.5791302   -0.038700    0.084800    0.5791000
48276.00  -0.043017   0.086553   0.5766972   -0.042200    0.085400    0.5766400
48277.00  -0.046776   0.087092   0.5742211   -0.045600    0.086100    0.5741300
48278.00  -0.050215   0.087788   0.5717685   -0.049000    0.086900    0.5716400
48279.00  -0.053236   0.088712   0.5694044   -0.052200    0.087800    0.5692800
48280.00  -0.055812   0.089927   0.5671813   -0.055300    0.088900    0.5670700
48281.00  -0.058173   0.091415   0.5651398   -0.058500    0.090200    0.5650600
48282.00  -0.060588   0.093097   0.5632680   -0.061800    0.091500    0.5632300
48283.00  -0.063289   0.094881   0.5614935   -0.065100    0.092900    0.5614900
48284.00  -0.066451   0.096671   0.5597015   -0.068600    0.094400    0.5597000
48285.00  -0.070208   0.098382   0.5577729   -0.072100    0.096000    0.5577700
48286.00  -0.074442   0.100022   0.5556263   -0.075800    0.097500    0.5556000
48287.00  -0.078910   0.101594   0.5532423   -0.079600    0.099100    0.5531700
48288.00  -0.083389   0.103081   0.5506707   -0.083500    0.100600    0.5505600
48289.00  -0.087740   0.104469   0.5480040   -0.087400    0.102200    0.5478600
48290.00  -0.091885   0.105752   0.5453487   -0.090900    0.103500    0.5452100
48291.00  -0.095784   0.106978   0.5428091   -0.094400    0.104800    0.5426800
48292.00  -0.099377   0.108224   0.5404512   -0.097900    0.106200    0.5403600
48293.00  -0.102658   0.109555   0.5382971   -0.101500    0.107800    0.5382100
48294.00  -0.105703   0.110999   0.5363232   -0.105000    0.109400    0.5362300
48295.00  -0.108620   0.112573   0.5344856   -0.108400    0.111100    0.5343900
48296.00  -0.111491   0.114302   0.5327295   -0.111700    0.112900    0.5326300
48297.00  -0.114367   0.116185   0.5309856   -0.114900    0.114800    0.5308900
48298.00  -0.117315   0.118198   0.5291822   -0.118000    0.116900    0.5290900
48299.00  -0.120404   0.120310   0.5272551   -0.121100    0.119100    0.5271700
48300.00  -0.123664   0.122513   0.5251586   -0.124100    0.121400    0.5251000
48301.00  -0.126908   0.124910   0.5228707   -0.127100    0.123900    0.5228300
48302.00  -0.130112   0.127563   0.5203904   -0.130100    0.126500    0.5203900
48303.00  -0.133270   0.130449   0.5177638   -0.133100    0.129200    0.5177900
48304.00  -0.136368   0.133521   0.5150737   -0.136100    0.132000    0.5151300
48305.00  -0.139405   0.136727   0.5124253   -0.139100    0.134900    0.5124700
48306.00  -0.142389   0.140004   0.5099051   -0.142200    0.137800    0.5099100
48307.00  -0.145325   0.143291   0.5075665   -0.145300    0.140800    0.5075200
48308.00  -0.148250   0.146514   0.5054215   -0.148300    0.143800    0.5053200
48309.00  -0.151190   0.149542   0.5034249   -0.151300    0.146800    0.5033000
48310.00  -0.154175   0.152268   0.5014858   -0.154300    0.149800    0.5013600
48311.00  -0.157177   0.154778   0.4995116   -0.157100    0.152800    0.4994000
48312.00  -0.160098   0.157240   0.4974054   -0.159900    0.155700    0.4973000
48313.00  -0.162850   0.159794   0.4950844   -0.162600    0.158600    0.4949800
48314.00  -0.165376   0.162467   0.4925069   -0.165200    0.161500    0.4923900
48315.00  -0.167647   0.165250   0.4896908   -0.167700    0.164300    0.4895600
48316.00  -0.169720   0.168114   0.4867258   -0.170100    0.167200    0.4866100
48317.00  -0.171679   0.171052   0.4837438   -0.172400    0.170100    0.4836600
48318.00  -0.173596   0.174060   0.4808788   -0.174500    0.173000    0.4808300
48319.00  -0.175545   0.177130   0.4782346   -0.176500    0.175900    0.4782300
48320.00  -0.177585   0.180250   0.4758656   -0.178400    0.179300    0.4758600
48321.00  -0.179691   0.183430   0.4737648   -0.180200    0.182700    0.4737500
48322.00  -0.181814   0.186689   0.4718903   -0.181900    0.186200    0.4718600
48323.00  -0.183873   0.190040   0.4701765   -0.183500    0.189700    0.4701000
48324.00  -0.185715   0.193494   0.4685319   -0.185200    0.193200    0.4684200
48325.00  -0.187247   0.197079   0.4668623   -0.186800    0.196700    0.4667300
48326.00  -0.188552   0.200801   0.4650913   -0.188400    0.200300    0.4649500
48327.00  -0.189749   0.204643   0.4631528   -0.189900    0.203900    0.4630100
48328.00  -0.190961   0.208577   0.4610003   -0.191400    0.207600    0.4608400
48329.00  -0.192341   0.212539   0.4586217   -0.192800    0.211300    0.4584300
48330.00  -0.193994   0.216441   0.4560330   -0.194200    0.215000    0.4557900
48331.00  -0.195667   0.220202   0.4532397   -0.195600    0.218700    0.4529900
48332.00  -0.197292   0.223842   0.4503304   -0.197000    0.222400    0.4501100
48333.00  -0.198813   0.227397   0.4474393   -0.198400    0.226100    0.4472800
48334.00  -0.200148   0.230902   0.4446940   -0.199700    0.229900    0.4445900
48335.00  -0.201247   0.234395   0.4421798   -0.201100    0.233600    0.4421300
48336.00  -0.202195   0.237934   0.4399037   -0.202600    0.237300    0.4398900
48337.00  -0.203113   0.241573   0.4378071   -0.204000    0.241100    0.4378100
48338.00  -0.204155   0.245328   0.4357970   -0.205400    0.245000    0.4358000
48339.00  -0.205483   0.249211   0.4337687   -0.206900    0.248800    0.4337400
48340.00  -0.207237   0.253232   0.4316295   -0.208400    0.252800    0.4315400
48341.00  -0.209344   0.257362   0.4292805   -0.209800    0.256700    0.4291300
48342.00  -0.211542   0.261519   0.4266726   -0.211300    0.260700    0.4265000
48343.00  -0.213596   0.265659   0.4238689   -0.212600    0.264700    0.4237100
48344.00  -0.215298   0.269752   0.4209839   -0.214000    0.268800    0.4208500
48345.00  -0.216509   0.273776   0.4181445   -0.215100    0.272900    0.4180100
48346.00  -0.217320   0.277756   0.4154460   -0.216200    0.277000    0.4152800
48347.00  -0.217857   0.281739   0.4129329   -0.217200    0.281000    0.4127500
48348.00  -0.218249   0.285770   0.4106103   -0.218100    0.285200    0.4104000
48349.00  -0.218610   0.289880   0.4084511   -0.218800    0.289300    0.4082400
48350.00  -0.219006   0.294038   0.4064165   -0.219600    0.293400    0.4062000
48351.00  -0.219449   0.298196   0.4044592   -0.220200    0.297300    0.4042500
48352.00  -0.219906   0.302322   0.4025264   -0.220600    0.301400    0.4023300
48353.00  -0.220303   0.306406   0.4005663   -0.220700    0.305400    0.4004000
48354.00  -0.220558   0.310445   0.3985331   -0.220700    0.309400    0.3983700
48355.00  -0.220598   0.314438   0.3963880   -0.220400    0.313400    0.3962200
48356.00  -0.220373   0.318404   0.3940960   -0.219900    0.317500    0.3939200
48357.00  -0.219857   0.322358   0.3916419   -0.219300    0.321500    0.3914500
48358.00  -0.219056   0.326309   0.3890362   -0.218600    0.325500    0.3888200
48359.00  -0.218014   0.330253   0.3863229   -0.217800    0.329500    0.3861200
48360.00  -0.216806   0.334184   0.3835812   -0.216900    0.333500    0.3834300
48361.00  -0.215546   0.338103   0.3809266   -0.216000    0.337400    0.3808300
48362.00  -0.214356   0.342027   0.3784616   -0.215200    0.341400    0.3784200
48363.00  -0.213352   0.345978   0.3762352   -0.214500    0.345300    0.3762400
48364.00  -0.212598   0.349971   0.3742255   -0.213800    0.349200    0.3742100
48365.00  -0.212116   0.353997   0.3723417   -0.213200    0.353200    0.3722700
48366.00  -0.211712   0.357991   0.3704127   -0.212800    0.357100    0.3702800
48367.00  -0.211353   0.361955   0.3683187   -0.212400    0.361000    0.3681400
48368.00  -0.211093   0.365896   0.3660009   -0.212200    0.365000    0.3657900
48369.00  -0.210987   0.369820   0.3634567   -0.212000    0.368900    0.3632200
48370.00  -0.211028   0.373708   0.3607315   -0.211900    0.372700    0.3605000
48371.00  -0.211077   0.377499   0.3579095   -0.211800    0.376600    0.3576800
48372.00  -0.211001   0.381195   0.3550906   -0.211700    0.380400    0.3548800
48373.00  -0.210716   0.384817   0.3523675   -0.211500    0.384200    0.3521800
48374.00  -0.210235   0.388395   0.3498073   -0.211200    0.388000    0.3496500
48375.00  -0.209581   0.391966   0.3474433   -0.210700    0.391700    0.3473000
48376.00  -0.208780   0.395564   0.3452739   -0.210000    0.395400    0.3451300
48377.00  -0.207855   0.399210   0.3432674   -0.209200    0.399100    0.3431200
48378.00  -0.206791   0.402890   0.3413683   -0.208200    0.402800    0.3412100
48379.00  -0.205572   0.406589   0.3395114   -0.207000    0.406500    0.3393200
48380.00  -0.204205   0.410310   0.3376298   -0.205400    0.409500    0.3374200
48381.00  -0.202702   0.414042   0.3356575   -0.203900    0.413200    0.3354200
48382.00  -0.201075   0.417773   0.3335389   -0.202400    0.417000    0.3332900
48383.00  -0.199327   0.421520   0.3312343   -0.200700    0.420700    0.3309700
48384.00  -0.197475   0.425296   0.3287302   -0.198900    0.424400    0.3284700
48385.00  -0.195569   0.429075   0.3260494   -0.197000    0.428200    0.3257900
48386.00  -0.193643   0.432845   0.3232425   -0.195100    0.431900    0.3229800
48387.00  -0.191707   0.436597   0.3203892   -0.193000    0.435600    0.3201200
48388.00  -0.189725   0.440306   0.3175869   -0.190700    0.439200    0.3173100
48389.00  -0.187655   0.443949   0.3149288   -0.188400    0.442800    0.3146500
48390.00  -0.185453   0.447502   0.3124747   -0.185900    0.446400    0.3122100
48391.00  -0.183061   0.450942   0.3102256   -0.183200    0.449800    0.3099900
48392.00  -0.180442   0.454273   0.3081325   -0.180500    0.453200    0.3079300
48393.00  -0.177606   0.457530   0.3061030   -0.177600    0.456500    0.3059200
48394.00  -0.174586   0.460741   0.3040388   -0.174600    0.459700    0.3038700
48395.00  -0.171472   0.463903   0.3018647   -0.171700    0.462800    0.3017100
48396.00  -0.168371   0.467004   0.2995630   -0.168700    0.465900    0.2994200
48397.00  -0.165388   0.470030   0.2971748   -0.165700    0.468900    0.2970500
48398.00  -0.162556   0.472974   0.2947821   -0.162800    0.471900    0.2946900
48399.00  -0.159759   0.475856   0.2924858   -0.159800    0.474800    0.2924200
48400.00  -0.156924   0.478719   0.2903538   -0.156900    0.477700    0.2902800
48401.00  -0.154015   0.481596   0.2884229   -0.154000    0.480600    0.2883200
48402.00  -0.151055   0.484485   0.2866991   -0.151100    0.483400    0.2865400
48403.00  -0.148081   0.487372   0.2851582   -0.148200    0.486200    0.2849100
48404.00  -0.145115   0.490241   0.2837485   -0.145200    0.489000    0.2834100
48405.00  -0.142177   0.493080   0.2824062   -0.142300    0.491800    0.2819600
48406.00  -0.139273   0.495891   0.2810759   -0.139400    0.494600    0.2805200
48407.00  -0.136397   0.498678   0.2797012   -0.136400    0.497400    0.2790300
48408.00  -0.133530   0.501446   0.2782301   -0.133300    0.500200    0.2774600
48409.00  -0.130632   0.504185   0.2766170   -0.130200    0.502900    0.2758000
48410.00  -0.127650   0.506887   0.2748345   -0.127300    0.505700    0.2751600
48411.00  -0.124536   0.509546   0.2728759   -0.124100    0.508500    0.2730300
48412.00  -0.121236   0.512145   0.2707460   -0.120800    0.511200    0.2707400
48413.00  -0.117799   0.514711   0.2684654   -0.117500    0.513900    0.2683000
48414.00  -0.114309   0.517299   0.2660808   -0.114000    0.516500    0.2657700
48415.00  -0.110827   0.519947   0.2636634   -0.110500    0.519100    0.2633500
48416.00  -0.107321   0.522631   0.2613040   -0.106900    0.521700    0.2610100
48417.00  -0.103738   0.525310   0.2590792   -0.103200    0.524200    0.2588000
48418.00  -0.100023   0.527945   0.2570190   -0.099400    0.526700    0.2567700
48419.00  -0.096172   0.530474   0.2551011   -0.095600    0.529000    0.2549000
48420.00  -0.092407   0.532808   0.2532746   -0.091800    0.531300    0.2530800
48421.00  -0.088697   0.534938   0.2514330   -0.088100    0.533500    0.2512000
48422.00  -0.084948   0.536894   0.2494815   -0.084400    0.535600    0.2492100
48423.00  -0.081217   0.538697   0.2473810   -0.080700    0.537500    0.2470600
48424.00  -0.077580   0.540381   0.2451650   -0.077200    0.539300    0.2448100
48425.00  -0.074071   0.542020   0.2429220   -0.073700    0.541100    0.2425200
48426.00  -0.070701   0.543663   0.2407553   -0.070300    0.542700    0.2403400
48427.00  -0.067473   0.545292   0.2387508   -0.067100    0.544300    0.2383200
48428.00  -0.064420   0.546876   0.2369620   -0.063900    0.545900    0.2365500
48429.00  -0.061563   0.548392   0.2354087   -0.060900    0.547300    0.2350300
48430.00  -0.058826   0.549874   0.2340892   -0.057800    0.548800    0.2337300
48431.00  -0.056103   0.551379   0.2329812   -0.054800    0.550300    0.2326600
48432.00  -0.053290   0.552965   0.2320435   -0.051700    0.551800    0.2317300
48433.00  -0.050301   0.554667   0.2312179   -0.048700    0.553200    0.2309100
48434.00  -0.047131   0.556431   0.2304329   -0.045600    0.554700    0.2301000
48435.00  -0.043799   0.558138   0.2296136   -0.042500    0.556200    0.2292700
48436.00  -0.040312   0.559642   0.2286955   -0.039300    0.557600    0.2283500
48437.00  -0.036690   0.560847   0.2276412   -0.036000    0.559000    0.2272900
48438.00  -0.033013   0.561856   0.2264439   -0.032600    0.560300    0.2260700
48439.00  -0.029366   0.562824   0.2251163   -0.029100    0.561600    0.2247200
48440.00  -0.025727   0.563843   0.2236695   -0.025000    0.563100    0.2234700
48441.00  -0.021941   0.564872   0.2221343   -0.021200    0.564100    0.2219200
48442.00  -0.017994   0.565876   0.2205824   -0.017400    0.565000    0.2203700
48443.00  -0.013950   0.566824   0.2190993   -0.013500    0.565900    0.2189100
48444.00  -0.009878   0.567683   0.2177630   -0.009600    0.566700    0.2176000
48445.00  -0.005846   0.568421   0.2166216   -0.005700    0.567400    0.2164800
48446.00  -0.001914   0.569021   0.2156705   -0.001700    0.568100    0.2155300
48447.00   0.001903   0.569477   0.2148371    0.002300    0.568700    0.2146700
48448.00   0.005725   0.569812   0.2139795    0.006300    0.569200    0.2137800
48449.00   0.009670   0.570109   0.2129437    0.010300    0.569700    0.2127100
48450.00   0.013729   0.570442   0.2116343    0.014400    0.570200    0.2113800
48451.00   0.017946   0.570858   0.2100398    0.018700    0.570600    0.2097900
48452.00   0.022375   0.571352   0.2082363    0.023000    0.570900    0.2080100
48453.00   0.026968   0.571904   0.2063631    0.027400    0.571200    0.2061600
48454.00   0.031649   0.572418   0.2045564    0.031800    0.571500    0.2043600
48455.00   0.036358   0.572701   0.2029001    0.036400    0.571700    0.2027300
48456.00   0.041044   0.572782   0.2014419    0.041000    0.571900    0.2012900
48457.00   0.045589   0.572739   0.2002059    0.045600    0.572000    0.2000600
48458.00   0.050029   0.572650   0.1991700    0.050300    0.572000    0.1990200
48459.00   0.054497   0.572540   0.1982781    0.054900    0.572000    0.1981300
48460.00   0.059109   0.572417   0.1974633    0.059500    0.571900    0.1973100
48461.00   0.063817   0.572247   0.1966611    0.064000    0.571700    0.1965100
48462.00   0.068502   0.572009   0.1958101    0.068500    0.571500    0.1956600
48463.00   0.073105   0.571718   0.1948501    0.072800    0.571200    0.1947100
48464.00   0.077590   0.571383   0.1937368    0.076900    0.570800    0.1936000
48465.00   0.081901   0.571007   0.1924553    0.081000    0.570400    0.1923400
48466.00   0.085971   0.570583   0.1910240    0.084800    0.569800    0.1909400
48467.00   0.089710   0.570085   0.1895032    0.088500    0.569200    0.1894300
48468.00   0.093032   0.569494   0.1879815    0.092000    0.568400    0.1878800
48469.00   0.096042   0.568777   0.1865172    0.095400    0.567600    0.1863600
48470.00   0.098933   0.567909   0.1851435    0.098700    0.566700    0.1849200
48471.00   0.101871   0.566886   0.1838886    0.101900    0.565600    0.1836600
48472.00   0.104958   0.565705   0.1827794    0.105100    0.564500    0.1825800
48473.00   0.108217   0.564427   0.1818143    0.108400    0.563400    0.1816700
48474.00   0.111662   0.563106   0.1809531    0.112300    0.562700    0.1807900
48475.00   0.115248   0.561778   0.1801100    0.115600    0.561500    0.1799900
48476.00   0.118816   0.560444   0.1791690    0.118900    0.560200    0.1790600
48477.00   0.122395   0.559084   0.1780101    0.122300    0.558900    0.1778800
48478.00   0.126042   0.557680   0.1765680    0.125800    0.557500    0.1764200
48479.00   0.129721   0.556237   0.1748620    0.129300    0.556000    0.1746800
48480.00   0.133366   0.554770   0.1729817    0.132700    0.554500    0.1727600
48481.00   0.136914   0.553290   0.1710455    0.136200    0.552900    0.1708200
48482.00   0.140316   0.551783   0.1691646    0.139500    0.551200    0.1689400
48483.00   0.143560   0.550210   0.1674311    0.142800    0.549400    0.1672400
48484.00   0.146642   0.548540   0.1658892    0.146000    0.547600    0.1657200
48485.00   0.149543   0.546773   0.1645384    0.149000    0.545700    0.1644000
48486.00   0.152226   0.544914   0.1633450    0.151800    0.543800    0.1632200
48487.00   0.154714   0.542974   0.1622537    0.154600    0.541800    0.1621400
48488.00   0.157052   0.540992   0.1612062    0.157200    0.539800    0.1611000
48489.00   0.159312   0.538993   0.1601450    0.159700    0.537800    0.1600400
48490.00   0.161609   0.536939   0.1590155    0.162200    0.535800    0.1588800
48491.00   0.164054   0.534799   0.1577638    0.164500    0.533700    0.1575700
48492.00   0.166659   0.532583   0.1563302    0.166900    0.531700    0.1561000
48493.00   0.169344   0.530338   0.1546978    0.169300    0.529600    0.1544400
48494.00   0.171997   0.528109   0.1528838    0.171700    0.527600    0.1525900
48495.00   0.174560   0.525956   0.1509325    0.174100    0.525600    0.1506300
48496.00   0.177137   0.523935   0.1489024    0.176600    0.523500    0.1486100
48497.00   0.179726   0.521986   0.1468790    0.179200    0.521400    0.1466000
48498.00   0.182299   0.520033   0.1449414    0.181800    0.519400    0.1446900
48499.00   0.184849   0.518012   0.1431336    0.184500    0.517300    0.1429000
48500.00   0.187398   0.515918   0.1414584    0.187300    0.515200    0.1412500
48501.00   0.189978   0.513764   0.1398743    0.190100    0.513100    0.1396800
48502.00   0.192616   0.511566   0.1383010    0.192900    0.510900    0.1381200
48503.00   0.195337   0.509352   0.1366345    0.195700    0.508800    0.1364500
48504.00   0.198209   0.507148   0.1347696    0.198400    0.506600    0.1345800
48505.00   0.201270   0.504976   0.1326407    0.201400    0.504300    0.1324500
48506.00   0.204388   0.502847   0.1302495    0.204100    0.502100    0.1300500
48507.00   0.207393   0.500743   0.1276691    0.206700    0.499800    0.1274400
48508.00   0.210161   0.498606   0.1250076    0.209100    0.497500    0.1247500
48509.00   0.212566   0.496400   0.1223822    0.211300    0.495200    0.1221100
48510.00   0.214480   0.494106   0.1198897    0.213300    0.492800    0.1196300
48511.00   0.215997   0.491708   0.1175991    0.215100    0.490300    0.1173700
48512.00   0.217312   0.489190   0.1155326    0.216900    0.487800    0.1153500
48513.00   0.218598   0.486539   0.1136722    0.218600    0.485200    0.1135500
48514.00   0.219935   0.483763   0.1119721    0.220200    0.482500    0.1119000
48515.00   0.221414   0.480892   0.1103748    0.221900    0.479800    0.1103500
48516.00   0.223135   0.477963   0.1088260    0.223700    0.477000    0.1088200
48517.00   0.225137   0.475008   0.1072693    0.225500    0.474200    0.1072500
48518.00   0.227290   0.472047   0.1056320    0.227400    0.471300    0.1055800
48519.00   0.229438   0.469103   0.1038529    0.229400    0.468400    0.1037400
48520.00   0.231466   0.466196   0.1018945    0.231400    0.465600    0.1017200
48521.00   0.233424   0.463342   0.0997466    0.233500    0.462700    0.0995100
48522.00   0.235406   0.460554   0.0974257    0.235600    0.459800    0.0971300
48523.00   0.237502   0.457846   0.0949725    0.237800    0.456900    0.0946600
48524.00   0.239748   0.455199   0.0924587    0.239800    0.454000    0.0921500
48525.00   0.242034   0.452492   0.0899884    0.241800    0.451000    0.0897100
48526.00   0.244219   0.449613   0.0876444    0.243600    0.448100    0.0874100
48527.00   0.246208   0.446617   0.0854745    0.245300    0.445000    0.0852900
48528.00   0.247973   0.443544   0.0834657    0.246900    0.442000    0.0833200
48529.00   0.249478   0.440410   0.0815602    0.248300    0.438900    0.0814500
48530.00   0.250664   0.437218   0.0796781    0.249500    0.435700    0.0795600
48531.00   0.251533   0.433958   0.0777307    0.250700    0.432500    0.0775900
48532.00   0.252261   0.430611   0.0756290    0.251700    0.429200    0.0754400
48533.00   0.253026   0.427190   0.0733329    0.252700    0.425900    0.0731100
48534.00   0.253919   0.423732   0.0708653    0.253500    0.422600    0.0706100
48535.00   0.254908   0.420246   0.0683008    0.254600    0.419100    0.0680400
48536.00   0.255934   0.416738   0.0657398    0.255600    0.415600    0.0655000
48537.00   0.256938   0.413216   0.0632768    0.256600    0.412100    0.0630400
48538.00   0.257857   0.409694   0.0609769    0.257500    0.408700    0.0607800
48539.00   0.258653   0.406205   0.0588820    0.258400    0.405300    0.0587400
48540.00   0.259307   0.402771   0.0569980    0.259000    0.401800    0.0569100
48541.00   0.259816   0.399401   0.0552983    0.259600    0.398400    0.0552600
48542.00   0.260215   0.396078   0.0537336    0.260100    0.395000    0.0537300
48543.00   0.260541   0.392784   0.0522502    0.260600    0.391600    0.0522600
48544.00   0.260834   0.389497   0.0508005    0.260900    0.388200    0.0507900
48545.00   0.261131   0.386204   0.0493325    0.261200    0.384800    0.0492500
48546.00   0.261471   0.382917   0.0477694    0.261400    0.381500    0.0476200
48547.00   0.261748   0.379673   0.0460491    0.261500    0.378100    0.0458400
48548.00   0.261878   0.376475   0.0441486    0.261500    0.374800    0.0439100
48549.00   0.261867   0.373298   0.0420742    0.261400    0.371400    0.0418300
48550.00   0.261762   0.370065   0.0398639    0.261200    0.368100    0.0396300
48551.00   0.261585   0.366705   0.0375816    0.261000    0.364800    0.0373800
48552.00   0.261298   0.363280   0.0353079    0.260700    0.361500    0.0351300
48553.00   0.260952   0.359926   0.0331125    0.260400    0.358200    0.0329600
48554.00   0.260565   0.356662   0.0310547    0.260100    0.355000    0.0309200
48555.00   0.260157   0.353463   0.0291278    0.259800    0.351800    0.0289900
48556.00   0.259771   0.350310   0.0272670    0.259700    0.348700    0.0271200
48557.00   0.259457   0.347183   0.0253742    0.259700    0.345600    0.0252200
48558.00   0.259269   0.344065   0.0233532    0.259900    0.342600    0.0231900
48559.00   0.259278   0.340934   0.0211389    0.260100    0.339600    0.0209600
48560.00   0.259575   0.337805   0.0187158    0.260400    0.336700    0.0185000
48561.00   0.260184   0.334747   0.0160973    0.260800    0.333800    0.0158700
48562.00   0.261067   0.331831   0.0133398    0.261100    0.330900    0.0131100
48563.00   0.262021   0.329086   0.0105434    0.261500    0.328100    0.0103500
48564.00   0.262838   0.326446   0.0078236    0.261800    0.325200    0.0076700
48565.00   0.263316   0.323824   0.0052780    0.262300    0.322400    0.0051600
48566.00   0.263351   0.321155   0.0029617    0.262400    0.319700    0.0028700
48567.00   0.263058   0.318417   0.0008641    0.262400    0.317000    0.0007600
48568.00   0.262580   0.315600  -0.0010654    0.262100    0.314300   -0.0011900
48569.00   0.262019   0.312716  -0.0028975    0.261800    0.311400   -0.0030400
48570.00   0.261375   0.309796  -0.0047002    0.261200    0.308500   -0.0048500
48571.00   0.260618   0.306885  -0.0065338    0.260500    0.305600   -0.0066900
48572.00   0.259733   0.303992  -0.0084483    0.259700    0.302600   -0.0086100
48573.00   0.258711   0.301113  -0.0104806    0.258800    0.299700   -0.0106500
48574.00   0.257557   0.298217  -0.0126521    0.257800    0.296700   -0.0128400
48575.00   0.256324   0.295259  -0.0149750    0.256800    0.293800   -0.0151700
48576.00   0.255081   0.292194  -0.0174429    0.255700    0.290800   -0.0176400
48577.00   0.253909   0.289017  -0.0200270    0.254700    0.287800   -0.0202100
48578.00   0.252920   0.285821  -0.0226646    0.253700    0.284700   -0.0228200
48579.00   0.252234   0.282720  -0.0252746    0.252700    0.281700   -0.0253900
48580.00   0.251872   0.279772  -0.0277784    0.251800    0.278600   -0.0278700
48581.00   0.251571   0.276910  -0.0301254    0.250900    0.275500   -0.0302000
48582.00   0.251059   0.274132  -0.0322901    0.250100    0.272400   -0.0323700
48583.00   0.250193   0.271398  -0.0343196    0.249200    0.269300   -0.0344300
48584.00   0.249052   0.268621  -0.0363251    0.248400    0.266200   -0.0364800
48585.00   0.247766   0.265706  -0.0384389    0.247500    0.263100   -0.0386300
48586.00   0.246464   0.262558  -0.0407691    0.246700    0.260000   -0.0409800
48587.00   0.245276   0.259134  -0.0433617    0.246000    0.256900   -0.0435600
48588.00   0.244270   0.255563  -0.0461708    0.245200    0.253800   -0.0463600
48589.00   0.243445   0.251970  -0.0491002    0.244400    0.250800   -0.0492700
48590.00   0.242748   0.248441  -0.0520428    0.243600    0.247800   -0.0522000
48591.00   0.242116   0.245061  -0.0548992    0.242700    0.244800   -0.0550500
48592.00   0.241483   0.241909  -0.0575943    0.241600    0.241900   -0.0577600
48593.00   0.240748   0.239028  -0.0600857    0.240500    0.239100   -0.0602600
48594.00   0.239785   0.236379  -0.0623717    0.239100    0.236300   -0.0625700
48595.00   0.238404   0.233887  -0.0644791    0.237500    0.233600   -0.0646900
48596.00   0.236477   0.231434  -0.0664603    0.235800    0.230800   -0.0666800
48597.00   0.234014   0.228899  -0.0683727    0.233800    0.228000   -0.0685900
48598.00   0.231202   0.226236  -0.0702803    0.231700    0.225200   -0.0704900
48599.00   0.228292   0.223448  -0.0722415    0.229500    0.222400   -0.0724600
48600.00   0.225542   0.220545  -0.0743029    0.227200    0.219600   -0.0745200
48601.00   0.223142   0.217573  -0.0764947    0.224800    0.216800   -0.0767200
48602.00   0.221062   0.214672  -0.0788245    0.222400    0.214100   -0.0790600
48603.00   0.219187   0.211939  -0.0812771    0.220000    0.211400   -0.0815300
48604.00   0.217366   0.209355  -0.0838232    0.217900    0.208800   -0.0841000
48605.00   0.215521   0.206838  -0.0864216    0.215700    0.206200   -0.0867100
48606.00   0.213630   0.204303  -0.0890221    0.213700    0.203800   -0.0893100
48607.00   0.211809   0.201740  -0.0915598    0.211700    0.201400   -0.0918400
48608.00   0.210191   0.199201  -0.0939742    0.209800    0.199100   -0.0942200
48609.00   0.208711   0.196874  -0.0962138    0.207900    0.196800   -0.0964200
48610.00   0.207235   0.194795  -0.0982561    0.206000    0.194600   -0.0984300
48611.00   0.205507   0.192814  -0.1001693    0.204100    0.192400   -0.1003400
48612.00   0.203369   0.190776  -0.1020840    0.202200    0.190200   -0.1022700
48613.00   0.200948   0.188654  -0.1041185    0.200300    0.187900   -0.1043100
48614.00   0.198454   0.186472  -0.1063444    0.198300    0.185700   -0.1065500
48615.00   0.196072   0.184253  -0.1087701    0.196300    0.183400   -0.1089900
48616.00   0.193885   0.182012  -0.1113399    0.194400    0.181200   -0.1115800
48617.00   0.191929   0.179752  -0.1139584    0.192400    0.178900   -0.1142000
48618.00   0.190212   0.177484  -0.1165251    0.190400    0.176600   -0.1167500
48619.00   0.188613   0.175240  -0.1189540    0.188400    0.174400   -0.1191500
48620.00   0.186972   0.173043  -0.1211998    0.186500    0.172200   -0.1213700
48621.00   0.185126   0.170911  -0.1232581    0.184500    0.170000   -0.1234200
48622.00   0.182965   0.168856  -0.1251559    0.182400    0.167900   -0.1253000
48623.00   0.180592   0.166857  -0.1269451    0.180300    0.165900   -0.1270800
48624.00   0.178161   0.164885  -0.1286896    0.178200    0.163900   -0.1288200
48625.00   0.175799   0.162915  -0.1304568    0.175700    0.161600   -0.1305800
48626.00   0.173506   0.160942  -0.1323066    0.173500    0.159600   -0.1324300
48627.00   0.171249   0.158962  -0.1342857    0.171100    0.157800   -0.1344200
48628.00   0.168993   0.156979  -0.1364224    0.168700    0.156000   -0.1365600
48629.00   0.166663   0.155043  -0.1387244    0.166200    0.154200   -0.1388600
48630.00   0.164123   0.153294  -0.1411761    0.163600    0.152600   -0.1413200
48631.00   0.161402   0.151714  -0.1437490    0.160900    0.151000   -0.1439000
48632.00   0.158585   0.150245  -0.1464011    0.158100    0.149500   -0.1465400
48633.00   0.155692   0.148849  -0.1490736    0.155300    0.148100   -0.1491800
48634.00   0.152741   0.147494  -0.1517024    0.152300    0.146700   -0.1518000
48635.00   0.149763   0.146138  -0.1542271    0.149300    0.145400   -0.1543000
48636.00   0.146774   0.144772  -0.1566078    0.146200    0.144200   -0.1566900
48637.00   0.143765   0.143469  -0.1588545    0.143100    0.142900   -0.1589500
48638.00   0.140654   0.142244  -0.1610204    0.139900    0.141700   -0.1611400
48639.00   0.137345   0.141095  -0.1632032    0.136700    0.140500   -0.1633600
48640.00   0.133813   0.139997  -0.1655276    0.133500    0.139300   -0.1657200
48641.00   0.130220   0.138870  -0.1680973    0.130300    0.138000   -0.1683300
48642.00   0.126773   0.137616  -0.1709548    0.127200    0.136700   -0.1712100
48643.00   0.123633   0.136222  -0.1740492    0.124100    0.135400   -0.1742900
48644.00   0.120838   0.134840  -0.1772390    0.121000    0.134000   -0.1774700
48645.00   0.118239   0.133514  -0.1803757    0.118000    0.132700   -0.1805900
48646.00   0.115660   0.132246  -0.1833389    0.115100    0.131300   -0.1835400
48647.00   0.113031   0.131007  -0.1860675    0.112300    0.129900   -0.1862800
48648.00   0.110308   0.129756  -0.1885557    0.109500    0.128600   -0.1887700
48649.00   0.107447   0.128450  -0.1908372    0.106800    0.127300   -0.1910600
48650.00   0.104483   0.127120  -0.1929756    0.104200    0.126100   -0.1932200
48651.00   0.101609   0.125938  -0.1950580    0.101600    0.125000   -0.1953000
48652.00   0.098935   0.124947  -0.1971464    0.099100    0.123900   -0.1973700
48653.00   0.096518   0.124143  -0.1992921    0.096700    0.123000   -0.1994900
48654.00   0.094302   0.123506  -0.2015317    0.094300    0.122200   -0.2017000
48655.00   0.092183   0.123008  -0.2038871    0.091700    0.121400   -0.2040200
48656.00   0.090027   0.122615  -0.2063606    0.089300    0.120700   -0.2065100
48657.00   0.087698   0.122252  -0.2089429    0.086900    0.120100   -0.2091300
48658.00   0.085120   0.121749  -0.2116347    0.084500    0.119600   -0.2118600
48659.00   0.082425   0.121095  -0.2143996    0.082000    0.119100   -0.2146100
48660.00   0.079747   0.120336  -0.2171790    0.079400    0.118600   -0.2173600
48661.00   0.077048   0.119538  -0.2198943    0.076700    0.118200   -0.2200300
48662.00   0.074254   0.118767  -0.2224826    0.073900    0.117700   -0.2225800
48663.00   0.071296   0.118085  -0.2249019    0.071100    0.117300   -0.2249800
48664.00   0.068126   0.117511  -0.2271426    0.068100    0.116900   -0.2272000
48665.00   0.064769   0.117034  -0.2292410    0.065100    0.116600   -0.2293000
48666.00   0.061346   0.116670  -0.2312755    0.062000    0.116300   -0.2313500
48667.00   0.057994   0.116441  -0.2333549    0.058900    0.116100   -0.2334600
48668.00   0.054803   0.116362  -0.2355963    0.055800    0.115900   -0.2357400
48669.00   0.051751   0.116424  -0.2380810    0.052600    0.115700   -0.2382600
48670.00   0.048799   0.116604  -0.2408220    0.049500    0.115700   -0.2410200
48671.00   0.045888   0.116854  -0.2437544    0.046300    0.115600   -0.2439800
48672.00   0.042907   0.117120  -0.2467553    0.043000    0.115500   -0.2469800
48673.00   0.039772   0.117341  -0.2496841    0.039800    0.115500   -0.2499100
48674.00   0.036468   0.117447  -0.2524364    0.036500    0.115400   -0.2526400
48675.00   0.033121   0.117372  -0.2549754    0.033200    0.115300   -0.2551400
48676.00   0.029796   0.117134  -0.2573113    0.029900    0.115300   -0.2574300
48677.00   0.026512   0.116772  -0.2594898    0.026600    0.115200   -0.2595300
48678.00   0.023303   0.116361  -0.2615661    0.023200    0.115100   -0.2615300
48679.00   0.020120   0.116041  -0.2635649    0.019800    0.115000   -0.2634800
48680.00   0.016870   0.115871  -0.2655401    0.016400    0.115000   -0.2654600
48681.00   0.013480   0.115880  -0.2675507    0.013000    0.115100   -0.2675100
48682.00   0.009978   0.116087  -0.2696648    0.009500    0.115200   -0.2697000
48683.00   0.006393   0.116477  -0.2719343    0.006000    0.115400   -0.2720500
48684.00   0.002747   0.117026  -0.2743831    0.002500    0.115700   -0.2745600
48685.00  -0.000960   0.117699  -0.2770061   -0.000900    0.116200   -0.2772200
48686.00  -0.004773   0.118416  -0.2797652   -0.004400    0.116700   -0.2799900
48687.00  -0.008589   0.119105  -0.2825980   -0.008000    0.117300   -0.2828200
48688.00  -0.012262   0.119710  -0.2854369   -0.011500    0.118000   -0.2856300
48689.00  -0.015689   0.120230  -0.2882203   -0.015000    0.118800   -0.2883600
48690.00  -0.018919   0.120750  -0.2908904   -0.018400    0.119700   -0.2910000
48691.00  -0.022035   0.121373  -0.2934116   -0.021900    0.120700   -0.2935400
48692.00  -0.025117   0.122197  -0.2958109   -0.025300    0.121800   -0.2959800
48693.00  -0.028234   0.123272  -0.2982033   -0.028700    0.123000   -0.2984000
48694.00  -0.031378   0.124589  -0.3006878   -0.032100    0.124300   -0.3008900
48695.00  -0.034530   0.126117  -0.3033568   -0.035400    0.125700   -0.3035600
48696.00  -0.037731   0.127806  -0.3062763   -0.038700    0.127300   -0.3064700
48697.00  -0.040970   0.129629  -0.3094750   -0.042000    0.128900   -0.3096600
48698.00  -0.044230   0.131570  -0.3129125   -0.045300    0.130600   -0.3130800
48699.00  -0.047505   0.133592  -0.3164823   -0.048500    0.132400   -0.3166600
48700.00  -0.050798   0.135598  -0.3200428   -0.051600    0.134300   -0.3202100
48701.00  -0.054100   0.137506  -0.3234626   -0.054600    0.136300   -0.3236400
48702.00  -0.057350   0.139342  -0.3266588   -0.057600    0.138300   -0.3268300
48703.00  -0.060446   0.141156  -0.3296001   -0.060400    0.140300   -0.3297700
48704.00  -0.063319   0.143002  -0.3323193   -0.063100    0.142400   -0.3324800
48705.00  -0.065917   0.144942  -0.3348843   -0.065700    0.144600   -0.3350400
48706.00  -0.068216   0.147021  -0.3373685   -0.068200    0.146800   -0.3375000
48707.00  -0.070314   0.149236  -0.3398287   -0.070600    0.149000   -0.3399300
48708.00  -0.072339   0.151570  -0.3423103   -0.072800    0.151200   -0.3424000
48709.00  -0.074391   0.153996  -0.3448509   -0.074900    0.153400   -0.3449700
48710.00  -0.076467   0.156449  -0.3474917   -0.077000    0.155600   -0.3476400
48711.00  -0.078543   0.158854  -0.3502571   -0.079000    0.157800   -0.3504400
48712.00  -0.080594   0.161135  -0.3531461   -0.080900    0.159900   -0.3533400
48713.00  -0.082596   0.163229  -0.3561338   -0.082800    0.161900   -0.3563400
48714.00  -0.084556   0.165149  -0.3591684   -0.084600    0.163900   -0.3593600
48715.00  -0.086492   0.166920  -0.3621836   -0.086500    0.165900   -0.3623500
48716.00  -0.088401   0.168583  -0.3651128   -0.088200    0.167700   -0.3652700
48717.00  -0.090251   0.170205  -0.3679050   -0.090000    0.169600   -0.3680400
48718.00  -0.092014   0.171858  -0.3705355   -0.091800    0.171500   -0.3706600
48719.00  -0.093706   0.173611  -0.3730152   -0.093500    0.173400   -0.3731300
48720.00  -0.095351   0.175516  -0.3753975   -0.095300    0.175300   -0.3755200
48721.00  -0.096976   0.177569  -0.3777761   -0.097000    0.177300   -0.3779200
48722.00  -0.098597   0.179745  -0.3802556   -0.098800    0.179300   -0.3804300
48723.00  -0.100207   0.182020  -0.3829267   -0.100600    0.181500   -0.3831500
48724.00  -0.101809   0.184383  -0.3858506   -0.102300    0.183800   -0.3861300
48725.00  -0.103423   0.186819  -0.3890352   -0.104100    0.186100   -0.3893700
48726.00  -0.105076   0.189311  -0.3924319   -0.105900    0.188500   -0.3927900
48727.00  -0.106793   0.191842  -0.3959418   -0.107700    0.190800   -0.3962800
48728.00  -0.108599   0.194378  -0.3994216   -0.109500    0.193200   -0.3997000
48729.00  -0.110484   0.196883  -0.4027295   -0.111300    0.195700   -0.4029400
48730.00  -0.112402   0.199323  -0.4057833   -0.113100    0.198100   -0.4059300
48731.00  -0.114309   0.201692  -0.4085627   -0.114800    0.200500   -0.4086600
48732.00  -0.116160   0.203983  -0.4110990   -0.116500    0.202800   -0.4111700
48733.00  -0.117913   0.206196  -0.4134536   -0.118100    0.205200   -0.4135300
48734.00  -0.119538   0.208379  -0.4157038   -0.119700    0.207600   -0.4158200
48735.00  -0.121032   0.210673  -0.4179446   -0.121300    0.209900   -0.4181000
48736.00  -0.122480   0.213058  -0.4202420   -0.122800    0.212300   -0.4204300
48737.00  -0.123975   0.215479  -0.4226378   -0.124300    0.214700   -0.4228500
48738.00  -0.125501   0.217910  -0.4251565   -0.125900    0.217100   -0.4253900
48739.00  -0.127017   0.220342  -0.4277973   -0.127400    0.219400   -0.4280300
48740.00  -0.128494   0.222791  -0.4305358   -0.129000    0.221800   -0.4307400
48741.00  -0.129927   0.225263  -0.4333245   -0.130500    0.224100   -0.4335000
48742.00  -0.131420   0.227741  -0.4360890   -0.132100    0.226500   -0.4362300
48743.00  -0.133096   0.230149  -0.4387615   -0.133800    0.228800   -0.4388700
48744.00  -0.135028   0.232420  -0.4412846   -0.135400    0.231100   -0.4413800
48745.00  -0.137123   0.234572  -0.4436273   -0.137200    0.233300   -0.4437200
48746.00  -0.139228   0.236665  -0.4457947   -0.138800    0.235700   -0.4458900
48747.00  -0.141185   0.238758  -0.4478320   -0.140500    0.238100   -0.4479500
48748.00  -0.142849   0.240919  -0.4498196   -0.142000    0.240500   -0.4499600
48749.00  -0.144143   0.243238  -0.4518569   -0.143500    0.243000   -0.4520300
48750.00  -0.145138   0.245766  -0.4540441   -0.144900    0.245500   -0.4542500
48751.00  -0.145941   0.248520  -0.4564424   -0.146200    0.248000   -0.4566700
48752.00  -0.146679   0.251420  -0.4590478   -0.147400    0.250600   -0.4592700
48753.00  -0.147478   0.254362  -0.4618024   -0.148400    0.253100   -0.4620200
48754.00  -0.148460   0.257247  -0.4646084   -0.149400    0.255700   -0.4648100
48755.00  -0.149655   0.259981  -0.4673633   -0.150200    0.258200   -0.4675800
48756.00  -0.150888   0.262487  -0.4700007   -0.151000    0.260700   -0.4702000
48757.00  -0.151944   0.264796  -0.4724541   -0.151600    0.263100   -0.4726300
48758.00  -0.152674   0.266971  -0.4746929   -0.152200    0.265600   -0.4748600
48759.00  -0.153100   0.269090  -0.4767418   -0.152800    0.268000   -0.4769000
48760.00  -0.153324   0.271238  -0.4786626   -0.153300    0.270400   -0.4788200
48761.00  -0.153492   0.273491  -0.4805333   -0.153700    0.272800   -0.4806900
48762.00  -0.153702   0.275896  -0.4824287   -0.154200    0.275200   -0.4825800
48763.00  -0.153937   0.278419  -0.4843968   -0.154600    0.277600   -0.4845400
48764.00  -0.154207   0.281007  -0.4864569   -0.155000    0.280000   -0.4865900
48765.00  -0.154584   0.283623  -0.4886033   -0.155400    0.282400   -0.4887500
48766.00  -0.155104   0.286252  -0.4908421   -0.155900    0.284700   -0.4910000
48767.00  -0.155760   0.288822  -0.4931589   -0.156300    0.287100   -0.4933200
48768.00  -0.156535   0.291241  -0.4955207   -0.156600    0.289500   -0.4956700
48769.00  -0.157366   0.293461  -0.4978772   -0.157000    0.291800   -0.4980000
48770.00  -0.158048   0.295568  -0.5001556   -0.157300    0.294200   -0.5002600
48771.00  -0.158364   0.297671  -0.5022890   -0.157500    0.296500   -0.5023900
48772.00  -0.158224   0.299872  -0.5042519   -0.157600    0.298900   -0.5043500
48773.00  -0.157794   0.302214  -0.5060354   -0.157700    0.301200   -0.5061400
48774.00  -0.157251   0.304723  -0.5076563   -0.157600    0.303500   -0.5077700
48775.00  -0.156693   0.307325  -0.5091858   -0.157400    0.306000   -0.5093000
48776.00  -0.156213   0.309905  -0.5107243   -0.157200    0.308800   -0.5108600
48777.00  -0.155865   0.312371  -0.5123786   -0.156900    0.311500   -0.5125300
48778.00  -0.155629   0.314694  -0.5142194   -0.156600    0.314100   -0.5143800
48779.00  -0.155420   0.316894  -0.5162500   -0.156300    0.316300   -0.5164300
48780.00  -0.155182   0.319021  -0.5184166   -0.156000    0.318300   -0.5186000
48781.00  -0.154897   0.321135  -0.5206263   -0.155500    0.320200   -0.5208200
48782.00  -0.154597   0.323300  -0.5227758   -0.154800    0.322200   -0.5229400
48783.00  -0.154299   0.325574  -0.5247841   -0.154200    0.324500   -0.5249100
48784.00  -0.153976   0.327985  -0.5266096   -0.153700    0.327100   -0.5266900
48785.00  -0.153631   0.330557  -0.5282452   -0.153500    0.330000   -0.5282800
48786.00  -0.153301   0.333315  -0.5297193   -0.153400    0.333000   -0.5297300
48787.00  -0.153029   0.336272  -0.5310856   -0.153200    0.336000   -0.5311000
48788.00  -0.152876   0.339376  -0.5324041   -0.153000    0.339100   -0.5324500
48789.00  -0.152878   0.342509  -0.5337292   -0.152900    0.342000   -0.5338200
48790.00  -0.153016   0.345557  -0.5351059   -0.153100    0.344800   -0.5352300
48791.00  -0.153169   0.348440  -0.5365664   -0.153300    0.347400   -0.5367200
48792.00  -0.153196   0.351097  -0.5381314   -0.153400    0.349900   -0.5383100
48793.00  -0.152947   0.353491  -0.5398079   -0.153300    0.352200   -0.5400000
48794.00  -0.152328   0.355688  -0.5415918   -0.153000    0.354400   -0.5417800
48795.00  -0.151443   0.357814  -0.5434488   -0.152200    0.356600   -0.5436200
48796.00  -0.150489   0.359987  -0.5453287   -0.151200    0.358800   -0.5454800
48797.00  -0.149658   0.362268  -0.5471758   -0.150200    0.361000   -0.5473200
48798.00  -0.148926   0.364635  -0.5489337   -0.149200    0.363400   -0.5490800
48799.00  -0.148103   0.367069  -0.5505592   -0.148000    0.365800   -0.5507200
48800.00  -0.147055   0.369542  -0.5520272   -0.146800    0.368400   -0.5521800
48801.00  -0.145800   0.372031  -0.5533401   -0.145700    0.371000   -0.5535000
48802.00  -0.144519   0.374531  -0.5545415   -0.144700    0.373500   -0.5547000
48803.00  -0.143342   0.377023  -0.5557122   -0.143600    0.375900   -0.5558700
48804.00  -0.142256   0.379477   0.4430472   -0.142500    0.378200    0.4429100
48805.00  -0.141189   0.381860   0.4416753   -0.141300    0.380500    0.4415300
48806.00  -0.140045   0.384172   0.4401262   -0.140200    0.382700    0.4399700
48807.00  -0.138748   0.386425   0.4384135   -0.139200    0.384900    0.4382400
48808.00  -0.137348   0.388614   0.4366213   -0.138000    0.387100    0.4364400
48809.00  -0.135865   0.390743   0.4348628   -0.136700    0.389400    0.4346700
48810.00  -0.134255   0.392840   0.4332363   -0.135000    0.391500    0.4330500
48811.00  -0.132501   0.394965   0.4317956   -0.133200    0.393700    0.4316200
48812.00  -0.130806   0.397220   0.4305555   -0.131400    0.396100    0.4304000
48813.00  -0.129424   0.399651   0.4294993   -0.129900    0.398800    0.4293600
48814.00  -0.128330   0.402171   0.4285694   -0.128700    0.401700    0.4284400
48815.00  -0.127463   0.404642   0.4277093   -0.128000    0.404500    0.4275900
48816.00  -0.126732   0.406920   0.4268671   -0.127500    0.406800    0.4267600
48817.00  -0.126065   0.408912   0.4259970   -0.127000    0.408600    0.4258900
48818.00  -0.125322   0.410633   0.4250476   -0.126200    0.410100    0.4249200
48819.00  -0.124191   0.412277   0.4239735   -0.124900    0.411600    0.4238400
48820.00  -0.122472   0.414066   0.4227595   -0.123100    0.413300    0.4226200
48821.00  -0.120237   0.416097   0.4214188   -0.120700    0.415400    0.4212700
48822.00  -0.117661   0.418425   0.4199735   -0.118100    0.417800    0.4198100
48823.00  -0.114962   0.420939   0.4184560   -0.115400    0.420400    0.4182900
48824.00  -0.112339   0.423477   0.4169068   -0.112800    0.422900    0.4167400
48825.00  -0.110008   0.425890   0.4153668   -0.110400    0.425200    0.4152100
48826.00  -0.108033   0.428109   0.4138765   -0.108200    0.427400    0.4137200
48827.00  -0.106077   0.430216   0.4124657   -0.106000    0.429500    0.4122900
48828.00  -0.103972   0.432230   0.4111448   -0.104000    0.431500    0.4109600
48829.00  -0.101805   0.434165   0.4098930   -0.102100    0.433400    0.4097000
48830.00  -0.099751   0.436034   0.4086562   -0.100000    0.435300    0.4084800
48831.00  -0.097900   0.437831   0.4073690   -0.098000    0.437200    0.4072100
48832.00  -0.096176   0.439589   0.4059513   -0.096100    0.439000    0.4058000
48833.00  -0.094340   0.441446   0.4043197   -0.094300    0.440800    0.4041700
48834.00  -0.092328   0.443549   0.4024494   -0.092500    0.442700    0.4023000
48835.00  -0.090223   0.445839   0.4003910   -0.090400    0.444900    0.4002500
48836.00  -0.088082   0.448188   0.3982501   -0.088300    0.447300    0.3981000
48837.00  -0.085895   0.450460   0.3961543   -0.086200    0.449700    0.3959900
48838.00  -0.083755   0.452563   0.3942075   -0.084100    0.451900    0.3940300
48839.00  -0.081828   0.454576   0.3924681   -0.082200    0.454100    0.3922700
48840.00  -0.080003   0.456571   0.3909099   -0.080400    0.456100    0.3907400
48841.00  -0.078139   0.458634   0.3895165   -0.078500    0.457900    0.3893600
48842.00  -0.076208   0.460875   0.3882434   -0.076500    0.459800    0.3881300
48843.00  -0.074290   0.463332   0.3870412   -0.074400    0.462000    0.3869300
48844.00  -0.072315   0.465924   0.3858530   -0.072500    0.464700    0.3857400
48845.00  -0.070241   0.468541   0.3846145   -0.070700    0.467200    0.3844400
48846.00  -0.068261   0.471062   0.3832183   -0.068900    0.469700    0.3830000
48847.00  -0.066397   0.473325   0.3816262   -0.067100    0.471800    0.3814100
48848.00  -0.064466   0.475307   0.3798709   -0.065100    0.473800    0.3796700
48849.00  -0.062333   0.477088   0.3780113   -0.063000    0.475900    0.3778100
48850.00  -0.060005   0.478776   0.3761010   -0.060700    0.477800    0.3759100
48851.00  -0.057474   0.480454   0.3741898   -0.058100    0.479700    0.3740100
48852.00  -0.054730   0.482120   0.3723218   -0.055400    0.481500    0.3721400
48853.00  -0.051810   0.483699   0.3705234   -0.052500    0.483100    0.3703400
48854.00  -0.048783   0.485162   0.3687999   -0.049300    0.484600    0.3686300
48855.00  -0.045664   0.486491   0.3671538   -0.046100    0.485900    0.3669900
48856.00  -0.042499   0.487683   0.3655657   -0.043100    0.487100    0.3654300
48857.00  -0.039354   0.488789   0.3639866   -0.040100    0.488200    0.3638700
48858.00  -0.036252   0.489888   0.3623445   -0.037200    0.489200    0.3622400
48859.00  -0.033146   0.491085   0.3605595   -0.034200    0.490300    0.3604500
48860.00  -0.030036   0.492464   0.3585519   -0.031000    0.491600    0.3584100
48861.00  -0.026957   0.493979   0.3562597   -0.027700    0.493200    0.3560900
48862.00  -0.023903   0.495593   0.3536961   -0.024400    0.494900    0.3535100
48863.00  -0.020858   0.497302   0.3509702   -0.021300    0.496700    0.3507800
48864.00  -0.017903   0.499041   0.3482488   -0.018300    0.498500    0.3480800
48865.00  -0.015192   0.500593   0.3457035   -0.015600    0.499900    0.3455300
48866.00  -0.012886   0.501710   0.3434557   -0.013200    0.500900    0.3432800
48867.00  -0.010966   0.502220   0.3415326   -0.011000    0.501200    0.3413000
48868.00  -0.008939   0.502278   0.3398721   -0.008900    0.501100    0.3396100
48869.00  -0.006749   0.502235   0.3383956   -0.006700    0.500900    0.3381600
48870.00  -0.004454   0.502390   0.3370185   -0.004100    0.501200    0.3368300
48871.00  -0.002028   0.502831   0.3356478   -0.001500    0.501600    0.3355000
48872.00   0.000513   0.503509   0.3342017    0.001000    0.502500    0.3340600
48873.00   0.003059   0.504279   0.3326178    0.003300    0.503500    0.3324700
48874.00   0.005476   0.504990   0.3308625    0.005600    0.504400    0.3307100
48875.00   0.007814   0.505575   0.3289492    0.008000    0.505100    0.3287900
48876.00   0.010098   0.506007   0.3269116    0.010500    0.505500    0.3267400
48877.00   0.012363   0.506266   0.3247966    0.012800    0.505700    0.3246300
48878.00   0.014709   0.506388   0.3226585    0.015100    0.505700    0.3225000
48879.00   0.017122   0.506485   0.3205567    0.017300    0.505700    0.3204100
48880.00   0.019557   0.506712   0.3185458    0.019400    0.505700    0.3184100
48881.00   0.022043   0.507108   0.3166597    0.021800    0.506100    0.3165100
48882.00   0.024591   0.507480   0.3148939    0.024400    0.506500    0.3147400
48883.00   0.027139   0.507675   0.3132183    0.027200    0.506800    0.3130700
48884.00   0.029623   0.507617   0.3115916    0.029900    0.506900    0.3114600
48885.00   0.032003   0.507391   0.3099566    0.032400    0.506700    0.3098500
48886.00   0.034238   0.507135   0.3082435    0.034600    0.506500    0.3081500
48887.00   0.036273   0.507005   0.3063870    0.036500    0.506300    0.3062800
48888.00   0.038147   0.507048   0.3043250    0.038300    0.506100    0.3041800
48889.00   0.040098   0.507093   0.3020052    0.040200    0.506100    0.3018300
48890.00   0.042174   0.507081   0.2994677    0.042200    0.506100    0.2992800
48891.00   0.044339   0.506983   0.2968178    0.044500    0.506200    0.2966300
48892.00   0.046531   0.506715   0.2941925    0.046600    0.505900    0.2940000
48893.00   0.048707   0.506217   0.2917083    0.048700    0.505500    0.2915200
48894.00   0.050938   0.505528   0.2894253    0.050800    0.504800    0.2892500
48895.00   0.053292   0.504791   0.2873458    0.053000    0.504000    0.2872000
48896.00   0.055692   0.504145   0.2854308    0.055400    0.503200    0.2853100
48897.00   0.058118   0.503680   0.2836186    0.057800    0.502500    0.2835100
48898.00   0.060608   0.503410   0.2818446    0.060400    0.502300    0.2817300
48899.00   0.063234   0.503229   0.2800370    0.063100    0.502100    0.2799300
48900.00   0.066052   0.503051   0.2781375    0.066200    0.501900    0.2780900
48901.00   0.069055   0.502853   0.2761060    0.069200    0.501900    0.2760600
48902.00   0.072135   0.502609   0.2739224    0.072300    0.501800    0.2738600
48903.00   0.075164   0.502249   0.2715976    0.075300    0.501600    0.2715000
48904.00   0.078011   0.501719   0.2691643    0.078100    0.501100    0.2690300
48905.00   0.080592   0.500975   0.2666714    0.080600    0.500400    0.2665000
48906.00   0.082938   0.500005   0.2641812    0.082800    0.499300    0.2640000
48907.00   0.085182   0.498864   0.2617535    0.085100    0.498100    0.2615900
48908.00   0.087534   0.497713   0.2594361    0.087500    0.496700    0.2592900
48909.00   0.090137   0.496752   0.2572455    0.090200    0.495600    0.2571100
48910.00   0.092869   0.496097   0.2551454    0.093100    0.495000    0.2550400
48911.00   0.095524   0.495655   0.2531016    0.095800    0.494800    0.2530300
48912.00   0.097959   0.495300   0.2510598    0.098300    0.494700    0.2509900
48913.00   0.100177   0.494912   0.2489308    0.100400    0.494500    0.2488400
48914.00   0.102242   0.494385   0.2466266    0.102200    0.493800    0.2465000
48915.00   0.104231   0.493641   0.2440833    0.103900    0.492900    0.2439300
48916.00   0.106221   0.492669   0.2412656    0.106000    0.491700    0.2410900
48917.00   0.108349   0.491575   0.2381997    0.108200    0.490400    0.2380300
48918.00   0.110632   0.490517   0.2350047    0.110700    0.489400    0.2348600
48919.00   0.112984   0.489593   0.2318337    0.113300    0.488500    0.2317100
48920.00   0.115243   0.488773   0.2288108    0.115600    0.487700    0.2286900
48921.00   0.117297   0.487948   0.2260199    0.117500    0.487000    0.2259100
48922.00   0.119065   0.486996   0.2234917    0.119000    0.486000    0.2233700
48923.00   0.120544   0.485856   0.2211912    0.120200    0.484800    0.2210600
48924.00   0.121936   0.484560   0.2190355    0.121400    0.483500    0.2188900
48925.00   0.123457   0.483156   0.2169378    0.123000    0.482200    0.2167700
48926.00   0.125267   0.481680   0.2148240    0.125000    0.480900    0.2146500
48927.00   0.127408   0.480182   0.2126421    0.127400    0.479500    0.2124900
48928.00   0.129736   0.478689   0.2103838    0.129900    0.478100    0.2102600
48929.00   0.132018   0.477293   0.2080688    0.132200    0.476700    0.2079700
48930.00   0.134034   0.476071   0.2057129    0.134000    0.475600    0.2056100
48931.00   0.135730   0.474916   0.2032926    0.135500    0.474200    0.2031600
48932.00   0.137164   0.473676   0.2007989    0.136900    0.473000    0.2006600
48933.00   0.138539   0.472270   0.1982865    0.138100    0.471500    0.1981600
48934.00   0.140013   0.470709   0.1958095    0.139500    0.470000    0.1956900
48935.00   0.141637   0.469027   0.1934112    0.141100    0.468300    0.1932900
48936.00   0.143375   0.467265   0.1911216    0.142900    0.466500    0.1909900
48937.00   0.145215   0.465487   0.1889393    0.144900    0.464700    0.1887800
48938.00   0.147211   0.463795   0.1868318    0.147000    0.463000    0.1866800
48939.00   0.149308   0.462245   0.1847543    0.149200    0.461500    0.1846000
48940.00   0.151459   0.460843   0.1826347    0.151300    0.460100    0.1824900
48941.00   0.153688   0.459540   0.1803904    0.153500    0.458900    0.1802400
48942.00   0.155993   0.458291   0.1779453    0.155800    0.457700    0.1778000
48943.00   0.158277   0.457088   0.1752648    0.158200    0.456500    0.1751100
48944.00   0.160480   0.455924   0.1723679    0.160600    0.455400    0.1722100
48945.00   0.162663   0.454751   0.1693369    0.163000    0.454200    0.1691800
48946.00   0.164781   0.453500   0.1662885    0.165200    0.452900    0.1661400
48947.00   0.166706   0.452072   0.1633407    0.167200    0.451300    0.1632000
48948.00   0.168352   0.450398   0.1605728    0.168700    0.449600    0.1604400
48949.00   0.169592   0.448510   0.1580229    0.169600    0.447800    0.1578900
48950.00   0.170409   0.446462   0.1556831    0.170200    0.445800    0.1555500
48951.00   0.170909   0.444279   0.1535019    0.170600    0.443700    0.1533300
48952.00   0.171329   0.441971   0.1514019    0.170900    0.441400    0.1512000
48953.00   0.171871   0.439582   0.1493071    0.171400    0.439000    0.1490900
48954.00   0.172586   0.437181   0.1471611    0.172000    0.436600    0.1469400
48955.00   0.173419   0.434829   0.1449299    0.172700    0.434200    0.1447300
48956.00   0.174288   0.432567   0.1425977    0.173500    0.432000    0.1424200
48957.00   0.175124   0.430416   0.1401658    0.174400    0.429900    0.1400100
48958.00   0.175909   0.428369   0.1376364    0.175600    0.427800    0.1374800
48959.00   0.176811   0.426428   0.1350035    0.176900    0.425800    0.1348500
48960.00   0.178006   0.424602   0.1323019    0.178200    0.424000    0.1321700
48961.00   0.179261   0.422835   0.1296009    0.179500    0.422400    0.1294800
48962.00   0.180442   0.421016   0.1269445    0.180600    0.420700    0.1268200
48963.00   0.181507   0.419048   0.1243624    0.181600    0.418900    0.1242500
48964.00   0.182424   0.416981   0.1218870    0.182400    0.416800    0.1217800
48965.00   0.183234   0.414896   0.1195148    0.183300    0.414600    0.1194100
48966.00   0.184075   0.412781   0.1171967    0.184100    0.412300    0.1170700
48967.00   0.185114   0.410653   0.1148636    0.185100    0.410100    0.1147100
48968.00   0.186391   0.408560   0.1124375    0.186200    0.407900    0.1122700
48969.00   0.187772   0.406530   0.1098522    0.187400    0.405800    0.1096700
48970.00   0.189068   0.404548   0.1070804    0.188600    0.403800    0.1069000
48971.00   0.190156   0.402565   0.1041438    0.189800    0.401900    0.1039600
48972.00   0.190995   0.400504   0.1011071    0.190800    0.400000    0.1009100
48973.00   0.191741   0.398313   0.0980773    0.191700    0.397900    0.0978900
48974.00   0.192464   0.395974   0.0951610    0.192700    0.395500    0.0949800
48975.00   0.193139   0.393493   0.0924394    0.193500    0.393000    0.0922800
48976.00   0.193720   0.390895   0.0899542    0.194200    0.390300    0.0898200
48977.00   0.194234   0.388228   0.0877011    0.194800    0.387700    0.0875800
48978.00   0.194827   0.385566   0.0856314    0.195500    0.385200    0.0855100
48979.00   0.195638   0.382963   0.0836635    0.196100    0.382700    0.0835200
48980.00   0.196651   0.380395   0.0817043    0.196700    0.380300    0.0815400
48981.00   0.197901   0.377836   0.0796786    0.197700    0.377700    0.0794900
48982.00   0.199439   0.375287   0.0775356    0.199200    0.375100    0.0773400
48983.00   0.201252   0.372765   0.0752484    0.201000    0.372400    0.0750600
48984.00   0.203210   0.370284   0.0728132    0.203100    0.369800    0.0726400
48985.00   0.205074   0.367837   0.0702468    0.205100    0.367200    0.0701000
48986.00   0.206599   0.365331   0.0675835    0.206700    0.364700    0.0674400
48987.00   0.207631   0.362604   0.0648749    0.207800    0.362000    0.0647400
48988.00   0.208194   0.359648   0.0621615    0.208500    0.359100    0.0620200
48989.00   0.208431   0.356562   0.0594783    0.208700    0.355900    0.0593100
48990.00   0.208526   0.353449   0.0568545    0.208800    0.352600    0.0566700
48991.00   0.208647   0.350396   0.0543068    0.208900    0.349600    0.0541300
48992.00   0.208921   0.347431   0.0518327    0.209000    0.346600    0.0516600
48993.00   0.209421   0.344530   0.0494074    0.209300    0.343800    0.0492500
48994.00   0.210159   0.341695   0.0469999    0.209700    0.341100    0.0468700
48995.00   0.211067   0.338925   0.0445590    0.210600    0.338400    0.0444300
48996.00   0.212049   0.336234   0.0420253    0.211600    0.335800    0.0418800
48997.00   0.213045   0.333641   0.0393377    0.212800    0.333200    0.0392000
48998.00   0.213955   0.331154   0.0364839    0.213900    0.330800    0.0363500
48999.00   0.214684   0.328784   0.0335118    0.214800    0.328400    0.0333800
49000.00   0.215132   0.326497   0.0305107    0.215300    0.326200    0.0303900
49001.00   0.215226   0.324183   0.0275822    0.215500    0.324100    0.0274700
49002.00   0.214978   0.321737   0.0248090    0.215300    0.321800    0.0247000
49003.00   0.214461   0.319091   0.0222319    0.214500    0.319200    0.0221400
49004.00   0.213815   0.316306   0.0198540    0.213700    0.316400    0.0197600
49005.00   0.213184   0.313454   0.0176442    0.212800    0.313300    0.0175500
49006.00   0.212639   0.310580   0.0155523    0.212300    0.310100    0.0154500
49007.00   0.212180   0.307690   0.0135130    0.212000    0.306900    0.0133900
49008.00   0.211925   0.304822   0.0114464    0.211900    0.303900    0.0113300
49009.00   0.211898   0.302089   0.0093022    0.212000    0.301000    0.0091800
49010.00   0.211999   0.299570   0.0070530    0.212100    0.298500    0.0069300
49011.00   0.212110   0.297312   0.0046827    0.212300    0.296300    0.0045600
49012.00   0.212144   0.295279   0.0021893    0.212400    0.294300    0.0020500
49013.00   0.212037   0.293336  -0.0004160    0.212300    0.292300   -0.0005600
49014.00   0.211751   0.291318  -0.0031141    0.211800    0.290300   -0.0032600
49015.00   0.211304   0.289155  -0.0058559    0.211100    0.288300   -0.0059900
49016.00   0.210612   0.286843  -0.0085770    0.210200    0.286100   -0.0087000
49017.00   0.209635   0.284374  -0.0112341    0.209100    0.283700   -0.0113600
49018.00   0.208394   0.281767  -0.0137992    0.208000    0.281100   -0.0139300
49019.00   0.207041   0.279023  -0.0162659    0.206800    0.278400   -0.0164000
49020.00   0.205890   0.276161  -0.0186504    0.205800    0.275500   -0.0187800
49021.00   0.205272   0.273272  -0.0210032    0.205600    0.272600   -0.0211300
49022.00   0.205181   0.270501  -0.0234080    0.205600    0.269600   -0.0235400
49023.00   0.205410   0.267923  -0.0259570    0.205700    0.266800   -0.0261000
49024.00   0.205674   0.265552  -0.0287298    0.205700    0.264600   -0.0288900
49025.00   0.205728   0.263317  -0.0317594    0.205700    0.262400   -0.0319500
49026.00   0.205400   0.261104  -0.0350095    0.205400    0.260200   -0.0352200
49027.00   0.204693   0.258794  -0.0383773    0.204900    0.257800   -0.0386000
49028.00   0.203779   0.256316  -0.0417285    0.204200    0.255300   -0.0419400
49029.00   0.202761   0.253763  -0.0449247    0.203400    0.252700   -0.0451200
49030.00   0.201616   0.251195  -0.0478655    0.202200    0.250100   -0.0480400
49031.00   0.200385   0.248588  -0.0505214    0.200900    0.247500   -0.0506900
49032.00   0.199315   0.245908  -0.0529393    0.199500    0.245000   -0.0531000
49033.00   0.198417   0.243224  -0.0552035    0.198400    0.242500   -0.0553600
49034.00   0.197692   0.240590  -0.0574059    0.197600    0.240100   -0.0575600
49035.00   0.197110   0.238066  -0.0596344    0.197100    0.237400   -0.0597700
49036.00   0.196581   0.235758  -0.0619457    0.196800    0.234900   -0.0620600
49037.00   0.195886   0.233727  -0.0643816    0.196300    0.232700   -0.0644800
49038.00   0.194803   0.232000  -0.0669627    0.195400    0.230900   -0.0670500
49039.00   0.193264   0.230511  -0.0696740    0.193900    0.229400   -0.0697600
49040.00   0.191321   0.229092  -0.0724767    0.191900    0.228000   -0.0725800
49041.00   0.189105   0.227541  -0.0753148    0.189600    0.226700   -0.0754400
49042.00   0.186790   0.225705  -0.0781292    0.187300    0.224800   -0.0782800
49043.00   0.184497   0.223638  -0.0808761    0.184900    0.222900   -0.0810400
49044.00   0.182313   0.221451  -0.0835222    0.182600    0.220800   -0.0836700
49045.00   0.180270   0.219255  -0.0860470    0.180600    0.218600   -0.0861700
49046.00   0.178323   0.217119  -0.0884464    0.178600    0.216500   -0.0885500
49047.00   0.176433   0.215094  -0.0907343    0.176600    0.214400   -0.0908200
49048.00   0.174589   0.213215  -0.0929467    0.174600    0.212500   -0.0930500
49049.00   0.172837   0.211506  -0.0951493    0.172700    0.210700   -0.0952700
49050.00   0.171272   0.209920  -0.0974343    0.171200    0.209000   -0.0975700
49051.00   0.169878   0.208394  -0.0998884    0.169800    0.207600   -0.1000400
49052.00   0.168575   0.206865  -0.1025715    0.168400    0.206100   -0.1027400
49053.00   0.167251   0.205305  -0.1055072    0.167000    0.204500   -0.1056700
49054.00   0.165878   0.203710  -0.1086556    0.165800    0.202900   -0.1088200
49055.00   0.164621   0.202094  -0.1119204    0.164700    0.201400   -0.1120700
49056.00   0.163704   0.200494  -0.1151810    0.163700    0.199800   -0.1153000
49057.00   0.163151   0.198951  -0.1183182    0.163100    0.198300   -0.1184100
49058.00   0.162596   0.197466  -0.1212618    0.162600    0.196900   -0.1213400
49059.00   0.161644   0.196015  -0.1240068    0.161900    0.195500   -0.1240900
49060.00   0.160152   0.194585  -0.1266037    0.160500    0.194100   -0.1267000
49061.00   0.158171   0.193139  -0.1291206    0.158500    0.192700   -0.1292200
49062.00   0.155860   0.191669  -0.1316158    0.156000    0.191200   -0.1317200
49063.00   0.153408   0.190202  -0.1341389    0.153600    0.189700   -0.1342400
49064.00   0.150961   0.188755  -0.1367249    0.151100    0.188200   -0.1368200
49065.00   0.148646   0.187318  -0.1393946    0.148600    0.186700   -0.1394800
49066.00   0.146522   0.185882  -0.1421530    0.146500    0.185300   -0.1422400
49067.00   0.144578   0.184458  -0.1449878    0.144600    0.183900   -0.1450800
49068.00   0.142711   0.183056  -0.1478704    0.142700    0.182600   -0.1479800
49069.00   0.140784   0.181682  -0.1507614    0.140900    0.181100   -0.1508900
49070.00   0.138650   0.180349  -0.1536223    0.138700    0.179700   -0.1537700
49071.00   0.136190   0.179107  -0.1564082    0.136200    0.178400   -0.1565700
49072.00   0.133300   0.177912  -0.1590735    0.133300    0.177200   -0.1592400
49073.00   0.130164   0.176669  -0.1616137    0.130200    0.175900   -0.1617700
49074.00   0.126954   0.175365  -0.1640387    0.127000    0.174400   -0.1641800
49075.00   0.123795   0.174030  -0.1663745    0.123700    0.173000   -0.1665100
49076.00   0.120808   0.172734  -0.1686651    0.120500    0.171600   -0.1687800
49077.00   0.118065   0.171571  -0.1709796    0.117700    0.170700   -0.1711000
49078.00   0.115461   0.170608  -0.1734106    0.115200    0.169800   -0.1735300
49079.00   0.112819   0.169850  -0.1760396    0.112800    0.169100   -0.1761600
49080.00   0.109985   0.169234  -0.1789125    0.110400    0.168500   -0.1790400
49081.00   0.106929   0.168672  -0.1820214    0.107500    0.167900   -0.1821500
49082.00   0.103742   0.168107  -0.1852993    0.104400    0.167300   -0.1854200
49083.00   0.100497   0.167543  -0.1886393    0.101000    0.166800   -0.1887400
49084.00   0.097190   0.166999  -0.1919310    0.097400    0.166300   -0.1920200
49085.00   0.093870   0.166460  -0.1950761    0.093800    0.165900   -0.1951500
49086.00   0.090617   0.165924  -0.1980306    0.090200    0.165400   -0.1981000
49087.00   0.087503   0.165434  -0.2008148    0.087100    0.164900   -0.2008700
49088.00   0.084599   0.165031  -0.2034890    0.084300    0.164400   -0.2035500
49089.00   0.081980   0.164749  -0.2061209    0.081800    0.163900   -0.2061900
49090.00   0.079691   0.164583  -0.2087601    0.079700    0.163600   -0.2088500
49091.00   0.077753   0.164501  -0.2114531    0.077900    0.163600   -0.2115600
49092.00   0.076037   0.164432  -0.2142464    0.076200    0.163600   -0.2143700
49093.00   0.074297   0.164311  -0.2171315    0.074400    0.163600   -0.2172500
49094.00   0.072364   0.164130  -0.2200758    0.072400    0.163500   -0.2201900
49095.00   0.070167   0.163952  -0.2230453    0.070300    0.163500   -0.2231600
49096.00   0.067678   0.163854  -0.2260020    0.068000    0.163400   -0.2261100
49097.00   0.064991   0.163886  -0.2289063    0.065500    0.163400   -0.2290100
49098.00   0.062269   0.164046  -0.2317394    0.062800    0.163400   -0.2318600
49099.00   0.059560   0.164214  -0.2345184    0.060000    0.163300   -0.2346600
49100.00   0.056815   0.164291  -0.2372510    0.057000    0.163100   -0.2373800
49101.00   0.054017   0.164249  -0.2399097    0.054000    0.162900   -0.2400300
49102.00   0.051235   0.164158  -0.2424968    0.051100    0.162800   -0.2426200
49103.00   0.048568   0.164102  -0.2450409    0.048300    0.163000   -0.2451500
49104.00   0.046083   0.164147  -0.2475844    0.045800    0.163400   -0.2477200
49105.00   0.043828   0.164335  -0.2502105    0.043400    0.163800   -0.2503800
49106.00   0.041787   0.164665  -0.2530275    0.041400    0.164200   -0.2532100
49107.00   0.039911   0.165073  -0.2560917    0.039500    0.164600   -0.2562600
49108.00   0.038162   0.165485  -0.2593800    0.038000    0.165000   -0.2595300
49109.00   0.036530   0.165871  -0.2628226    0.036600    0.165300   -0.2629600
49110.00   0.034937   0.166200  -0.2663070    0.035100    0.165600   -0.2664400
49111.00   0.033243   0.166454  -0.2696980    0.033300    0.165800   -0.2698200
49112.00   0.031379   0.166619  -0.2728791    0.031400    0.166100   -0.2730100
49113.00   0.029478   0.166678  -0.2758004    0.029500    0.166200   -0.2759200
49114.00   0.027545   0.166609  -0.2784700    0.027700    0.166400   -0.2785800
49115.00   0.025583   0.166474  -0.2809558    0.025900    0.166400   -0.2810600
49116.00   0.023567   0.166356  -0.2833422    0.024000    0.166400   -0.2834500
49117.00   0.021584   0.166332  -0.2857034    0.022100    0.166300   -0.2858100
49118.00   0.019770   0.166462  -0.2880885    0.020100    0.166200   -0.2882100
49119.00   0.018154   0.166749  -0.2905120    0.018200    0.166100   -0.2906300
49120.00   0.016659   0.167191  -0.2929677    0.016600    0.166400   -0.2931100
49121.00   0.015280   0.167765  -0.2954686    0.015300    0.166800   -0.2956200
49122.00   0.014000   0.168440  -0.2980239    0.014000    0.167400   -0.2981900
49123.00   0.012715   0.169193  -0.3006133    0.012700    0.168200   -0.3007600
49124.00   0.011395   0.170002  -0.3032040    0.011400    0.169000   -0.3033500
49125.00   0.010122   0.170851  -0.3057593    0.010200    0.170000   -0.3059000
49126.00   0.008962   0.171744  -0.3082467    0.009000    0.170900   -0.3083700
49127.00   0.007802   0.172669  -0.3106349    0.007600    0.171900   -0.3107400
49128.00   0.006488   0.173605  -0.3129097    0.006000    0.172900   -0.3130200
49129.00   0.004962   0.174529  -0.3150881    0.004000    0.173900   -0.3152100
49130.00   0.003180   0.175435  -0.3172081    0.001900    0.174900   -0.3173300
49131.00   0.001001   0.176264  -0.3193324   -0.000400    0.175700   -0.3194600
49132.00  -0.001543   0.176968  -0.3215329   -0.002700    0.176500   -0.3216700
49133.00  -0.004186   0.177552  -0.3238725   -0.004900    0.177000   -0.3240100
49134.00  -0.006612   0.178039  -0.3263804   -0.006900    0.177400   -0.3265300
49135.00  -0.008664   0.178485  -0.3290562   -0.008700    0.177700   -0.3292300
49136.00  -0.010426   0.178935  -0.3318619   -0.010400    0.178000   -0.3320500
49137.00  -0.012046   0.179405  -0.3347233   -0.012000    0.178400   -0.3349100
49138.00  -0.013693   0.179884  -0.3375466   -0.013700    0.178900   -0.3377400
49139.00  -0.015457   0.180333  -0.3402389   -0.015400    0.179500   -0.3404000
49140.00  -0.017306   0.180721  -0.3427283   -0.017100    0.180000   -0.3428600
49141.00  -0.019162   0.181046  -0.3449825   -0.018900    0.180500   -0.3450900
49142.00  -0.020994   0.181454  -0.3470279   -0.020900    0.180900   -0.3471100
49143.00  -0.022821   0.182091  -0.3489347   -0.022800    0.181500   -0.3489900
49144.00  -0.024651   0.182945  -0.3507899   -0.024600    0.182400   -0.3508500
49145.00  -0.026472   0.183944  -0.3526721   -0.026500    0.183300   -0.3527500
49146.00  -0.028260   0.184996  -0.3546329   -0.028300    0.184300   -0.3547500
49147.00  -0.029986   0.186010  -0.3566907   -0.030200    0.185300   -0.3568300
49148.00  -0.031655   0.186928  -0.3588295   -0.032000    0.186200   -0.3590000
49149.00  -0.033229   0.187816  -0.3610373   -0.033500    0.187000   -0.3612300
49150.00  -0.034528   0.188782  -0.3632832   -0.034700    0.188100   -0.3634800
49151.00  -0.035578   0.189930  -0.3655243   -0.035600    0.189300   -0.3657100
49152.00  -0.036543   0.191288  -0.3677157   -0.036600    0.190600   -0.3678700
49153.00  -0.037651   0.192787  -0.3698172   -0.037800    0.192000   -0.3699400
49154.00  -0.039083   0.194308  -0.3718005   -0.039200    0.193500   -0.3719100
49155.00  -0.040805   0.195682  -0.3736641   -0.040900    0.194800   -0.3737700
49156.00  -0.042804   0.196851  -0.3754291   -0.042900    0.195900   -0.3755400
49157.00  -0.045006   0.197823  -0.3771254   -0.045100    0.196900   -0.3772600
49158.00  -0.047278   0.198658  -0.3788066   -0.047200    0.197800   -0.3789600
49159.00  -0.049500   0.199429  -0.3805425   -0.049300    0.198600   -0.3807100
49160.00  -0.051507   0.200208  -0.3823984   -0.051300    0.199300   -0.3825600
49161.00  -0.053139   0.201109  -0.3844143   -0.053000    0.200200   -0.3845700
49162.00  -0.054384   0.202161  -0.3865801   -0.054400    0.201400   -0.3867400
49163.00  -0.055378   0.203307  -0.3888537   -0.055600    0.202600   -0.3890300
49164.00  -0.056273   0.204479  -0.3911756   -0.056600    0.203800   -0.3913600
49165.00  -0.057333   0.205615  -0.3934676   -0.057700    0.204800   -0.3936400
49166.00  -0.058551   0.206700  -0.3956403   -0.058800    0.205900   -0.3958000
49167.00  -0.059828   0.207760  -0.3976239   -0.060000    0.206900   -0.3977900
49168.00  -0.061112   0.208846  -0.3993921   -0.061200    0.208100   -0.3995700
49169.00  -0.062437   0.210047   0.5990240   -0.062300    0.209300    0.5988300
49170.00  -0.063739   0.211328   0.5975692   -0.063500    0.210600    0.5974000
49171.00  -0.064926   0.212596   0.5961771   -0.064700    0.211800    0.5960200
49172.00  -0.065948   0.213794   0.5947836   -0.065800    0.213000    0.5946400
49173.00  -0.066764   0.214898   0.5933425   -0.066800    0.214100    0.5932100
49174.00  -0.067351   0.215906   0.5918315   -0.067600    0.215200    0.5917300
49175.00  -0.067751   0.216822   0.5902532   -0.068100    0.216100    0.5901800
49176.00  -0.068022   0.217671   0.5886301   -0.068300    0.216800    0.5885900
49177.00  -0.068127   0.218538   0.5869959   -0.068400    0.217600    0.5869700
49178.00  -0.068091   0.219466   0.5853818   -0.068500    0.218600    0.5853600
49179.00  -0.068029   0.220478   0.5838113   -0.068500    0.219600    0.5837500
49180.00  -0.068167   0.221597   0.5822997   -0.068700    0.220900    0.5821800
49181.00  -0.068638   0.222851   0.5808530   -0.069000    0.222300    0.5806900
49182.00  -0.069396   0.224261   0.5794633   -0.069500    0.223800    0.5792900
49183.00  -0.070293   0.225760   0.5781232   -0.070200    0.225100    0.5779600
49184.00  -0.071136   0.227328   0.5768387   -0.071100    0.226600    0.5767200
49185.00  -0.071804   0.228951   0.5755861   -0.071900    0.228000    0.5755000
49186.00  -0.072163   0.230617   0.5743088   -0.072400    0.229700    0.5742500
49187.00  -0.072376   0.232328   0.5729212   -0.072800    0.231500    0.5728500
49188.00  -0.072659   0.234071   0.5713467   -0.073100    0.233300    0.5712500
49189.00  -0.073162   0.235815   0.5695413   -0.073400    0.235100    0.5694000
49190.00  -0.073761   0.237549   0.5674973   -0.073800    0.236700    0.5673200
49191.00  -0.074331   0.239305   0.5652901   -0.074300    0.238300    0.5651100
49192.00  -0.074925   0.241023   0.5630454   -0.074900    0.239900    0.5628700
49193.00  -0.075668   0.242640   0.5608853   -0.075600    0.241500    0.5607100
49194.00  -0.076631   0.244148   0.5588963   -0.076500    0.243100    0.5587400
49195.00  -0.077778   0.245624   0.5571142   -0.077700    0.244800    0.5569700
49196.00  -0.078981   0.247191   0.5555234   -0.078900    0.246600    0.5553900
49197.00  -0.080118   0.248935   0.5540600   -0.080000    0.248400    0.5539300
49198.00  -0.081227   0.250760   0.5526319   -0.081100    0.250200    0.5525200
49199.00  -0.082366   0.252510   0.5511802   -0.082200    0.252100    0.5510800
49200.00  -0.083461   0.254212   0.5496530   -0.083200    0.253900    0.5495600
49201.00  -0.084451   0.255956   0.5480175   -0.084100    0.255600    0.5479300
49202.00  -0.085351   0.257807   0.5462633   -0.085100    0.257300    0.5461500
49203.00  -0.086260   0.259752   0.5443991   -0.086300    0.259100    0.5442500
49204.00  -0.087499   0.261732   0.5424427   -0.087800    0.261100    0.5422800
49205.00  -0.089023   0.263722   0.5404353   -0.089300    0.263000    0.5402800
49206.00  -0.090640   0.265695   0.5384455   -0.090700    0.265000    0.5382800
49207.00  -0.092153   0.267658   0.5365244   -0.092100    0.267000    0.5363500
49208.00  -0.093437   0.269647   0.5347066   -0.093100    0.268900    0.5345300
49209.00  -0.094417   0.271698   0.5330118   -0.094100    0.270900    0.5328700
49210.00  -0.095113   0.273838   0.5314421   -0.094700    0.273000    0.5313200
49211.00  -0.095676   0.276076   0.5299608   -0.095300    0.275200    0.5298800
49212.00  -0.096200   0.278363   0.5285077   -0.095700    0.277400    0.5284700
49213.00  -0.096752   0.280621   0.5270114   -0.096300    0.279500    0.5270100
49214.00  -0.097412   0.282790   0.5253905   -0.097000    0.281600    0.5254000
49215.00  -0.098178   0.284807   0.5235760   -0.097800    0.283500    0.5235700
49216.00  -0.098964   0.286624   0.5215295   -0.098800    0.285400    0.5214800
49217.00  -0.099720   0.288258   0.5192544   -0.099800    0.287100    0.5191600
49218.00  -0.100408   0.289796   0.5167887   -0.100700    0.288800    0.5166500
49219.00  -0.101032   0.291317   0.5142204   -0.101400    0.290500    0.5140600
49220.00  -0.101549   0.292889   0.5116758   -0.101800    0.292100    0.5115200
49221.00  -0.101885   0.294559   0.5092718   -0.102100    0.293700    0.5091100
49222.00  -0.102012   0.296341   0.5070777   -0.102100    0.295500    0.5069000
49223.00  -0.101942   0.298233   0.5051082   -0.102000    0.297300    0.5049300
49224.00  -0.101719   0.300269   0.5033333   -0.101700    0.299400    0.5031500
49225.00  -0.101402   0.302496   0.5016905   -0.101500    0.301700    0.5015000
49226.00  -0.101072   0.304851   0.5001094   -0.101100    0.304100    0.4999300
49227.00  -0.100733   0.307233   0.4985168   -0.100800    0.306500    0.4983600
49228.00  -0.100362   0.309577   0.4968559   -0.100500    0.308900    0.4967200
49229.00  -0.099972   0.311833   0.4950917   -0.100100    0.311100    0.4949600
49230.00  -0.099671   0.313947   0.4932110   -0.099800    0.313100    0.4930800
49231.00  -0.099584   0.315892   0.4912200   -0.099500    0.315100    0.4910800
49232.00  -0.099550   0.317749   0.4891461   -0.099300    0.316900    0.4890000
49233.00  -0.099476   0.319598   0.4870423   -0.099200    0.318800    0.4868900
49234.00  -0.099417   0.321454   0.4849612   -0.099200    0.320600    0.4847900
49235.00  -0.099508   0.323283   0.4829426   -0.099400    0.322300    0.4827600
49236.00  -0.099829   0.325038   0.4810086   -0.099800    0.324000    0.4808200
49237.00  -0.100319   0.326663   0.4791607   -0.100300    0.325600    0.4789900
49238.00  -0.100783   0.328160   0.4773845   -0.100900    0.327100    0.4772400
49239.00  -0.101141   0.329689   0.4756590   -0.101300    0.328700    0.4755400
49240.00  -0.101269   0.331310   0.4739299   -0.101400    0.330300    0.4738300
49241.00  -0.101089   0.333037   0.4721218   -0.101200    0.332100    0.4720200
49242.00  -0.100565   0.334903   0.4701547   -0.100600    0.334000    0.4700600
49243.00  -0.099728   0.336973   0.4679612   -0.099800    0.336100    0.4678600
49244.00  -0.098778   0.339250   0.4655123   -0.099000    0.338400    0.4654000
49245.00  -0.097920   0.341636   0.4628345   -0.098100    0.340900    0.4627000
49246.00  -0.097307   0.344011   0.4600161   -0.097400    0.343300    0.4598700
49247.00  -0.096914   0.346228   0.4571881   -0.096900    0.345600    0.4570400
49248.00  -0.096709   0.348151   0.4544796   -0.096700    0.347600    0.4543300
49249.00  -0.096650   0.349767   0.4519736   -0.096700    0.349400    0.4518200
49250.00  -0.096757   0.351130   0.4496859   -0.096800    0.350800    0.4495400
49251.00  -0.096961   0.352364   0.4475688   -0.097100    0.352000    0.4474300
49252.00  -0.097137   0.353660   0.4455356   -0.097300    0.353200    0.4454100
49253.00  -0.097226   0.355198   0.4435103   -0.097300    0.354400    0.4434000
49254.00  -0.097154   0.356944   0.4414471   -0.097200    0.355900    0.4413300
49255.00  -0.096846   0.358816   0.4393042   -0.096800    0.357700    0.4391800
49256.00  -0.096384   0.360749   0.4370666   -0.096400    0.359600    0.4369400
49257.00  -0.095887   0.362707   0.4347408   -0.095900    0.361700    0.4346100
49258.00  -0.095487   0.364679   0.4323504   -0.095600    0.363900    0.4322300
49259.00  -0.095344   0.366640   0.4299340   -0.095400    0.366000    0.4298200
49260.00  -0.095565   0.368552   0.4275414   -0.095400    0.368000    0.4274400
49261.00  -0.095760   0.370405   0.4251976   -0.095400    0.369900    0.4250900
49262.00  -0.095500   0.372243   0.4229157   -0.095300    0.371700    0.4228100
49263.00  -0.094925   0.374109   0.4207044   -0.094900    0.373400    0.4206100
49264.00  -0.094225   0.376028   0.4185569   -0.094300    0.375200    0.4184500
49265.00  -0.093568   0.377975   0.4164492   -0.093900    0.377100    0.4163300
49266.00  -0.093027   0.379897   0.4143430   -0.093500    0.378900    0.4142100
49267.00  -0.092536   0.381742   0.4121963   -0.092800    0.380700    0.4120700
49268.00  -0.091935   0.383500   0.4099864   -0.092100    0.382500    0.4098600
49269.00  -0.091076   0.385238   0.4076651   -0.091100    0.384200    0.4075300
49270.00  -0.089912   0.387006   0.4051709   -0.089900    0.386000    0.4050400
49271.00  -0.088541   0.388858   0.4024546   -0.088500    0.387900    0.4023200
49272.00  -0.087093   0.390877   0.3995030   -0.087000    0.390000    0.3993700
49273.00  -0.085687   0.393093   0.3963491   -0.085600    0.392300    0.3962100
49274.00  -0.084433   0.395382   0.3930678   -0.084300    0.394500    0.3929500
49275.00  -0.083389   0.397498   0.3898032   -0.083200    0.396600    0.3897000
49276.00  -0.082597   0.399324   0.3866909   -0.082400    0.398400    0.3865900
49277.00  -0.082066   0.400879   0.3838085   -0.081800    0.399900    0.3837000
49278.00  -0.081697   0.402206   0.3811629   -0.081400    0.401200    0.3810500
49279.00  -0.081249   0.403378   0.3787015   -0.081000    0.402400    0.3785800
49280.00  -0.080501   0.404517   0.3763403   -0.080700    0.403700    0.3762200
49281.00  -0.079780   0.405850   0.3739861   -0.080300    0.405100    0.3738500
49282.00  -0.079255   0.407354   0.3715641   -0.079800    0.406700    0.3714300
49283.00  -0.078848   0.408918   0.3690462   -0.079300    0.408300    0.3689200
49284.00  -0.078395   0.410502   0.3664339   -0.078600    0.410000    0.3663200
49285.00  -0.077753   0.412128   0.3637438   -0.077900    0.411700    0.3636400
49286.00  -0.076914   0.413836   0.3610009   -0.077100    0.413400    0.3609000
49287.00  -0.076031   0.415576   0.3582377   -0.076400    0.415100    0.3581400
49288.00  -0.075370   0.417185   0.3554951   -0.075800    0.416700    0.3554000
49289.00  -0.074954   0.418609   0.3528138   -0.075300    0.418000    0.3527000
49290.00  -0.074635   0.419832   0.3502215   -0.074900    0.419100    0.3500800
49291.00  -0.074213   0.420862   0.3477349   -0.074400    0.420000    0.3475800
49292.00  -0.073492   0.421760   0.3453578   -0.073600    0.420800    0.3451900
49293.00  -0.072270   0.422619   0.3430772   -0.072500    0.421500    0.3429200
49294.00  -0.070455   0.423522   0.3408636   -0.071000    0.422300    0.3407300
49295.00  -0.068458   0.424564   0.3386838   -0.069100    0.423400    0.3385700
49296.00  -0.066409   0.425838   0.3364799   -0.066900    0.424700    0.3363600
49297.00  -0.064303   0.427336   0.3341689   -0.064600    0.426300    0.3340500
49298.00  -0.062188   0.428971   0.3316825   -0.062300    0.428100    0.3315700
49299.00  -0.060083   0.430629   0.3289829   -0.060100    0.429800    0.3288600
49300.00  -0.058051   0.432202   0.3260761   -0.058100    0.431400    0.3259500
49301.00  -0.056232   0.433615   0.3230175   -0.056400    0.432900    0.3229000
49302.00  -0.054719   0.434848   0.3199125   -0.054900    0.434200    0.3197900
49303.00  -0.053383   0.435925   0.3168850   -0.053500    0.435300    0.3167600
49304.00  -0.052073   0.436873   0.3140291   -0.052100    0.436100    0.3139000
49305.00  -0.050757   0.437726   0.3113888   -0.050800    0.436900    0.3112500
49306.00  -0.049472   0.438542   0.3089486   -0.049500    0.437600    0.3088100
49307.00  -0.048279   0.439395   0.3066469   -0.048500    0.438500    0.3065200
49308.00  -0.047288   0.440342   0.3044064   -0.047700    0.439400    0.3042900
49309.00  -0.046610   0.441395   0.3021613   -0.047000    0.440400    0.3020400
49310.00  -0.046115   0.442500   0.2998652   -0.046400    0.441500    0.2997400
49311.00  -0.045686   0.443609   0.2975016   -0.045900    0.442600    0.2973700
49312.00  -0.045176   0.444669   0.2950769   -0.045300    0.443700    0.2949600
49313.00  -0.044412   0.445671   0.2926107   -0.044600    0.444800    0.2925000
49314.00  -0.043359   0.446638   0.2901289   -0.043700    0.445900    0.2900300
49315.00  -0.042190   0.447596   0.2876619   -0.042700    0.447000    0.2875600
49316.00  -0.041254   0.448548   0.2852456   -0.041700    0.448000    0.2851600
49317.00  -0.040560   0.449434   0.2829184   -0.040900    0.448900    0.2828300
49318.00  -0.039980   0.450216   0.2806996   -0.040100    0.449600    0.2806200
49319.00  -0.039440   0.450907   0.2785978   -0.039300    0.450300    0.2785100
49320.00  -0.038813   0.451524   0.2766129   -0.038600    0.450800    0.2765200
49321.00  -0.037886   0.452118   0.2747398   -0.037700    0.451300    0.2746400
49322.00  -0.036491   0.452767   0.2729459   -0.036600    0.451900    0.2728200
49323.00  -0.035037   0.453502   0.2711337   -0.035300    0.452600    0.2710000
49324.00  -0.033629   0.454320   0.2692482   -0.033800    0.453400    0.2690900
49325.00  -0.032184   0.455219   0.2672266   -0.032100    0.454600    0.2671000
49326.00  -0.030695   0.456183   0.2650228   -0.030600    0.455600    0.2648700
49327.00  -0.029197   0.457189   0.2626230   -0.029000    0.456600    0.2624600
49328.00  -0.027689   0.458224   0.2600475   -0.027600    0.457600    0.2598800
49329.00  -0.026169   0.459296   0.2573503   -0.026300    0.458600    0.2572000
49330.00  -0.024876   0.460349   0.2546337   -0.025000    0.459500    0.2545100
49331.00  -0.023654   0.461368   0.2519902   -0.023700    0.460400    0.2518700
49332.00  -0.022373   0.462389   0.2494811   -0.022400    0.461400    0.2493700
49333.00  -0.021116   0.463459   0.2471210   -0.021200    0.462400    0.2470100
49334.00  -0.019978   0.464619   0.2448779   -0.020100    0.463600    0.2447600
49335.00  -0.018938   0.465875   0.2426803   -0.019000    0.465000    0.2425400
49336.00  -0.017978   0.467130   0.2404463   -0.017900    0.466300    0.2403000
49337.00  -0.016999   0.468233   0.2381032   -0.017000    0.467500    0.2379400
49338.00  -0.015881   0.469162   0.2356355   -0.016000    0.468500    0.2354700
49339.00  -0.014635   0.469955   0.2330778   -0.014800    0.469300    0.2329100
49340.00  -0.013258   0.470683   0.2304656   -0.013500    0.470000    0.2303000
49341.00  -0.011691   0.471433   0.2278282   -0.011700    0.470700    0.2276700
49342.00  -0.009752   0.472284   0.2251854   -0.009700    0.471500    0.2250500
49343.00  -0.007342   0.473280   0.2225628   -0.007400    0.472500    0.2224700
49344.00  -0.004758   0.474365   0.2200279   -0.005000    0.473600    0.2199400
49345.00  -0.002260   0.475357   0.2176001   -0.002700    0.474600    0.2175100
49346.00  -0.000079   0.476105   0.2152727   -0.000600    0.475300    0.2151800
49347.00   0.001645   0.476538   0.2130411    0.001200    0.475800    0.2129400
49348.00   0.002979   0.476647   0.2108865    0.002600    0.475900    0.2107800
49349.00   0.004130   0.476509   0.2087733    0.003900    0.475800    0.2086600
49350.00   0.005326   0.476268   0.2066509    0.005000    0.475600    0.2065100
49351.00   0.006736   0.476099   0.2044548    0.006200    0.475500    0.2042600
49352.00   0.008448   0.476147   0.2020948    0.007800    0.475500    0.2018500
49353.00   0.010488   0.476399   0.1995489    0.009700    0.475600    0.1992800
49354.00   0.012823   0.476816   0.1968449    0.012000    0.476000    0.1965900
49355.00   0.015382   0.477358   0.1940457    0.014700    0.476700    0.1938000
49356.00   0.018130   0.477976   0.1912390    0.017600    0.477300    0.1910200
49357.00   0.021020   0.478639   0.1885171    0.020600    0.478000    0.1883300
49358.00   0.023887   0.479288   0.1859460    0.023600    0.478600    0.1857800
49359.00   0.026706   0.479806   0.1835517    0.026400    0.479000    0.1834100
49360.00   0.029429   0.480131   0.1813388    0.029100    0.479200    0.1812100
49361.00   0.031915   0.480235   0.1792719    0.031600    0.479300    0.1791600
49362.00   0.034135   0.480135   0.1772787    0.033900    0.479200    0.1771700
49363.00   0.036207   0.479908   0.1752855    0.036200    0.479000    0.1751800
49364.00   0.038357   0.479664   0.1732344    0.038400    0.478900    0.1731100
49365.00   0.040806   0.479395   0.1710573    0.040800    0.478700    0.1709500
49366.00   0.043564   0.479149   0.1687462    0.043200    0.478700    0.1686700
49367.00   0.046270   0.479033   0.1663712    0.045600    0.478600    0.1663300
49368.00   0.048614   0.479092   0.1640261    0.047900    0.478700    0.1639700
49369.00   0.050696   0.479199   0.1617348    0.050100    0.478700    0.1616500
49370.00   0.052590   0.479158   0.1594831    0.052300    0.478500    0.1593800
49371.00   0.054280   0.478859   0.1572956    0.054300    0.478200    0.1572000
49372.00   0.055909   0.478392   0.1552205    0.056300    0.477600    0.1551100
49373.00   0.057689   0.477780   0.1532311    0.058400    0.477000    0.1531100
49374.00   0.059822   0.477049   0.1512759    0.060500    0.476400    0.1511700
49375.00   0.062349   0.476481   0.1493481    0.062700    0.475900    0.1492600
49376.00   0.065142   0.476263   0.1474173    0.065100    0.475500    0.1473300
49377.00   0.067938   0.476205   0.1454482    0.067700    0.475200    0.1453500
49378.00   0.070662   0.475982   0.1433702    0.070400    0.474900    0.1432400
49379.00   0.073391   0.475402   0.1410971    0.073200    0.474500    0.1409600
49380.00   0.076083   0.474665   0.1386113    0.076000    0.473900    0.1384800
49381.00   0.078769   0.473851   0.1359433    0.078700    0.473200    0.1358100
49382.00   0.081448   0.472951   0.1331513    0.081500    0.472300    0.1330100
49383.00   0.084148   0.471983   0.1303264    0.084200    0.471400    0.1301900
49384.00   0.086895   0.471012   0.1275677    0.086900    0.470400    0.1274300
49385.00   0.089671   0.470130   0.1249677    0.089600    0.469600    0.1248200
49386.00   0.092442   0.469412   0.1225727    0.092300    0.468800    0.1224200
49387.00   0.095098   0.468762   0.1203722    0.095000    0.468000    0.1202300
49388.00   0.097505   0.468057   0.1183323    0.097500    0.467300    0.1182000
49389.00   0.099674   0.467277   0.1163942    0.099900    0.466600    0.1162700
49390.00   0.101698   0.466450   0.1144788    0.102000    0.465800    0.1143600
49391.00   0.103663   0.465580   0.1125030    0.104100    0.464900    0.1123800
49392.00   0.105628   0.464636   0.1104216    0.106100    0.464000    0.1103000
49393.00   0.107685   0.463574   0.1082301    0.108000    0.463000    0.1081000
49394.00   0.109662   0.462451   0.1059464    0.109800    0.462000    0.1058200
49395.00   0.111429   0.461331   0.1036106    0.111500    0.460800    0.1034800
49396.00   0.113118   0.460239   0.1012573    0.113100    0.459700    0.1011200
49397.00   0.114866   0.459172   0.0989138    0.114700    0.458500    0.0987800
49398.00   0.116741   0.458065   0.0966117    0.116500    0.457300    0.0964700
49399.00   0.118747   0.456839   0.0943824    0.118300    0.456100    0.0942400
49400.00   0.120837   0.455491   0.0922419    0.120200    0.454800    0.0920800
49401.00   0.122767   0.454064   0.0901704    0.122200    0.453400    0.0900000
49402.00   0.124543   0.452625   0.0881463    0.124200    0.452000    0.0879700
49403.00   0.126444   0.451326   0.0861344    0.126400    0.450800    0.0859700
49404.00   0.128682   0.450311   0.0840749    0.128800    0.449800    0.0839300
49405.00   0.131239   0.449616   0.0819021    0.131400    0.449100    0.0817700
49406.00   0.133898   0.449154   0.0795498    0.134000    0.448600    0.0794300
49407.00   0.136340   0.448793   0.0769470    0.136400    0.448300    0.0768400
49408.00   0.138371   0.448401   0.0740647    0.138400    0.447900    0.0739700
49409.00   0.139965   0.447866   0.0709302    0.140100    0.447400    0.0708400
49410.00   0.141211   0.447137   0.0676205    0.141400    0.446600    0.0675100
49411.00   0.142256   0.446175   0.0642490    0.142500    0.445600    0.0641200
49412.00   0.143219   0.444899   0.0609375    0.143400    0.444200    0.0607900
49413.00   0.144190   0.443314   0.0577774    0.144300    0.442700    0.0576300
49414.00   0.145240   0.441509   0.0548062    0.145200    0.440900    0.0546700
49415.00   0.146278   0.439625   0.0520263    0.146200    0.439000    0.0519500
49416.00   0.147211   0.437777   0.0494116    0.147300    0.437200    0.0493600
49417.00   0.148071   0.436001   0.0469051    0.148200    0.435400    0.0468600
49418.00   0.148970   0.434307   0.0444290    0.149100    0.433800    0.0443700
49419.00   0.149918   0.432679   0.0419256    0.150000    0.432200    0.0418500
49420.00   0.150889   0.431067   0.0393615    0.150900    0.430500    0.0392600
49421.00   0.151945   0.429415   0.0367221    0.151800    0.428800    0.0366200
49422.00   0.153095   0.427708   0.0340371    0.153000    0.427100    0.0339500
49423.00   0.154380   0.425975   0.0313733    0.154200    0.425200    0.0312900
49424.00   0.155842   0.424297   0.0287840    0.155700    0.423500    0.0286800
49425.00   0.157393   0.422761   0.0262872    0.157200    0.421800    0.0261500
49426.00   0.158931   0.421377   0.0238883    0.158800    0.420400    0.0237300
49427.00   0.160366   0.420007   0.0215796    0.160300    0.419000    0.0214200
49428.00   0.161723   0.418500   0.0193435    0.161500    0.417700    0.0192100
49429.00   0.162780   0.416933   0.0171856    0.162500    0.416200    0.0170800
49430.00   0.163469   0.415334   0.0150740    0.163100    0.414700    0.0149800
49431.00   0.163895   0.413673   0.0129631    0.163500    0.413100    0.0128700
49432.00   0.164155   0.411919   0.0107951    0.163800    0.411400    0.0107000
49433.00   0.164345   0.410066   0.0085070    0.164200    0.409600    0.0084200
49434.00   0.164664   0.408178   0.0060379    0.164700    0.407700    0.0059400
49435.00   0.165351   0.406360   0.0033379    0.165600    0.405800    0.0032300
49436.00   0.166358   0.404603   0.0004004    0.166500    0.403900    0.0002800
49437.00   0.167468   0.402813  -0.0027475    0.167500    0.402000   -0.0028700
49438.00   0.168527   0.400966  -0.0060032    0.168400    0.400100   -0.0061200
49439.00   0.169439   0.399053  -0.0092285    0.169300    0.398200   -0.0093300
49440.00   0.170178   0.397074  -0.0122952    0.170300    0.396300   -0.0124100
49441.00   0.170917   0.395070  -0.0151299    0.171400    0.394400   -0.0152600
49442.00   0.172023   0.393179  -0.0177504    0.172600    0.392600   -0.0178900
49443.00   0.173479   0.391451  -0.0202159    0.174000    0.390800   -0.0203400
49444.00   0.175073   0.389822  -0.0225980    0.175300    0.389100   -0.0227200
49445.00   0.176575   0.388195  -0.0249739    0.176500    0.387500   -0.0251000
49446.00   0.177850   0.386499  -0.0273956    0.177700    0.385800   -0.0274900
49447.00   0.178909   0.384736  -0.0298724    0.178800    0.384200   -0.0299700
49448.00   0.179853   0.382938  -0.0323972    0.179800    0.382400   -0.0325000
49449.00   0.180783   0.381137  -0.0349731    0.180800    0.380700   -0.0350900
49450.00   0.181636   0.379343  -0.0375888    0.181700    0.379000   -0.0377100
49451.00   0.182329   0.377572  -0.0402176    0.182400    0.377300   -0.0403500
49452.00   0.182867   0.375874  -0.0428274    0.183000    0.375600   -0.0429600
49453.00   0.183229   0.374257  -0.0453837    0.183300    0.373900   -0.0455200
49454.00   0.183341   0.372623  -0.0478529    0.183400    0.372200   -0.0479800
49455.00   0.183248   0.370836  -0.0502164    0.183300    0.370400   -0.0503400
49456.00   0.183142   0.368777  -0.0524756    0.183100    0.368500   -0.0525900
49457.00   0.183089   0.366542  -0.0546441    0.183100    0.366300   -0.0547500
49458.00   0.183155   0.364319  -0.0567524    0.183200    0.364000   -0.0568600
49459.00   0.183364   0.362224  -0.0588633    0.183400    0.361800   -0.0589700
49460.00   0.183638   0.360311  -0.0610425    0.183600    0.359700   -0.0611500
49461.00   0.183851   0.358589  -0.0633504    0.183800    0.357800   -0.0634500
49462.00   0.183927   0.357041  -0.0658290    0.184000    0.356200   -0.0659100
49463.00   0.183893   0.355593  -0.0684853    0.183900    0.354800   -0.0685800
49464.00   0.183783   0.354125  -0.0713343    0.183800    0.353400   -0.0714500
49465.00   0.183580   0.352535  -0.0743644    0.183600    0.351900   -0.0744800
49466.00   0.183329   0.350751  -0.0775031    0.183300    0.350200   -0.0776000
49467.00   0.183076   0.348730  -0.0806300    0.183000    0.348200   -0.0806900
49468.00   0.182904   0.346445  -0.0836211    0.182800    0.345900   -0.0836600
49469.00   0.182861   0.343925  -0.0864020    0.182700    0.343200   -0.0864600
49470.00   0.182883   0.341266  -0.0889845    0.182700    0.340400   -0.0890600
49471.00   0.183010   0.338645  -0.0914518    0.183000    0.337700   -0.0915600
49472.00   0.183316   0.336208  -0.0938945    0.183300    0.335200   -0.0940100
49473.00   0.183751   0.333988  -0.0963720    0.183800    0.332900   -0.0964900
49474.00   0.184268   0.331918  -0.0989092    0.184300    0.330900   -0.0990100
49475.00   0.184802   0.329910  -0.1014984    0.184400    0.329300   -0.1016100
49476.00   0.185248   0.327875  -0.1041177    0.184700    0.327300   -0.1042400
49477.00   0.185493   0.325771  -0.1067517    0.184900    0.325100   -0.1068800
49478.00   0.185617   0.323560  -0.1093766    0.185200    0.322800   -0.1095100
49479.00   0.185787   0.321227  -0.1119535    0.185500    0.320400   -0.1120800
49480.00   0.186127   0.318824  -0.1144563    0.186000    0.318000   -0.1145800
49481.00   0.186656   0.316455  -0.1168720    0.186700    0.315600   -0.1169900
49482.00   0.187338   0.314204  -0.1191899    0.187400    0.313400   -0.1193000
49483.00   0.188084   0.312099  -0.1214190    0.188200    0.311300   -0.1215400
49484.00   0.188701   0.310098  -0.1236014    0.188700    0.309300   -0.1237200
49485.00   0.189149   0.308105  -0.1257618    0.189000    0.307400   -0.1258600
49486.00   0.189254   0.306043  -0.1279101    0.189000    0.305400   -0.1280100
49487.00   0.188985   0.303929  -0.1300973    0.188800    0.303300   -0.1301900
49488.00   0.188471   0.301845  -0.1323644    0.188400    0.301200   -0.1324700
49489.00   0.187907   0.299837  -0.1347430    0.188000    0.299100   -0.1348500
49490.00   0.187447   0.297844  -0.1372496    0.187600    0.297000   -0.1373600
49491.00   0.187258   0.295802  -0.1398852    0.187300    0.295000   -0.1400100
49492.00   0.187165   0.293799  -0.1426253    0.187000    0.293100   -0.1427500
49493.00   0.186911   0.291936  -0.1454033    0.186600    0.291300   -0.1455300
49494.00   0.186381   0.290234  -0.1481329    0.186000    0.289700   -0.1482500
49495.00   0.185530   0.288644  -0.1507284    0.185200    0.288100   -0.1508300
49496.00   0.184389   0.287063  -0.1531330    0.184200    0.286400   -0.1532300
49497.00   0.183055   0.285359  -0.1553305    0.183100    0.284700   -0.1554300
49498.00   0.181653   0.283438  -0.1573496    0.181900    0.282700   -0.1574600
49499.00   0.180293   0.281331  -0.1592708    0.180600    0.280600   -0.1593900
49500.00   0.179012   0.279090  -0.1611620    0.179200    0.278400   -0.1612800
49501.00   0.177800   0.276742  -0.1630720    0.177900    0.276100   -0.1632000
49502.00   0.176635   0.274317  -0.1650226    0.176700    0.273600   -0.1651600
49503.00   0.175513   0.271880  -0.1670147    0.175500    0.271300   -0.1671600
49504.00   0.174487   0.269528  -0.1690326    0.174500    0.268900   -0.1691800
49505.00   0.173610   0.267345  -0.1710389    0.173500    0.266700   -0.1711600
49506.00   0.172730   0.265339  -0.1729923    0.172400    0.264700   -0.1731100
49507.00   0.171669   0.263474  -0.1748627    0.171400    0.262700   -0.1749800
49508.00   0.170453   0.261702  -0.1766318    0.170200    0.260900   -0.1767500
49509.00   0.169134   0.259973  -0.1782903    0.169100    0.259100   -0.1784000
49510.00   0.167779   0.258226  -0.1798374    0.167900    0.257300   -0.1799400
49511.00   0.166542   0.256394  -0.1812913    0.166800    0.255500   -0.1813900
49512.00   0.165561   0.254458  -0.1826856    0.165700    0.253600   -0.1827900
49513.00   0.164659   0.252447  -0.1840720    0.164600    0.251700   -0.1842000
49514.00   0.163719   0.250366  -0.1855180    0.163600    0.249600   -0.1856600
49515.00   0.162763   0.248207  -0.1870737    0.162600    0.247400   -0.1872300
49516.00   0.161851   0.245977  -0.1887704    0.161800    0.245200   -0.1889200
49517.00   0.161026   0.243751  -0.1906238    0.161000    0.243100   -0.1907700
49518.00   0.160281   0.241641  -0.1926234    0.160200    0.241000   -0.1927500
49519.00   0.159534   0.239746  -0.1947203    0.159500    0.239100   -0.1948300
49520.00   0.158676   0.237991  -0.1968565    0.158700    0.237400   -0.1969500
49521.00   0.157611   0.236226  -0.1989637    0.157700    0.235600   -0.1990500
49522.00   0.156276   0.234349  -0.2009653    0.156500    0.233800   -0.2010400
49523.00   0.154689   0.232316  -0.2027923    0.155100    0.231800   -0.2028700
49524.00   0.152998   0.230146  -0.2044062    0.153500    0.229600   -0.2045000
49525.00   0.151432   0.227937  -0.2058193    0.151900    0.227300   -0.2059300
49526.00   0.149986   0.225843  -0.2071000    0.150100    0.225100   -0.2072300
49527.00   0.148533   0.223884  -0.2083200    0.148300    0.223100   -0.2084500
49528.00   0.146973   0.222011  -0.2095412    0.146500    0.221200   -0.2096800
49529.00   0.145298   0.220177  -0.2108058    0.144800    0.219300   -0.2109400
49530.00   0.143565   0.218360  -0.2121185    0.143000    0.217500   -0.2122400
49531.00   0.141813   0.216582  -0.2134590    0.141400    0.215800   -0.2135700
49532.00   0.140036   0.214909  -0.2147803    0.139800    0.214200   -0.2148800
49533.00   0.138313   0.213438  -0.2160203    0.138300    0.212700   -0.2161400
49534.00   0.136704   0.212123   0.7828134    0.136800    0.211500    0.7826700
49535.00   0.135090   0.210874   0.7817000    0.135000    0.210300    0.7815500
49536.00   0.133370   0.209627   0.7806540    0.133300    0.209000    0.7805200
49537.00   0.131521   0.208338   0.7796814    0.131400    0.207600    0.7795600
49538.00   0.129613   0.206974   0.7787730    0.129500    0.206200    0.7786700
49539.00   0.127726   0.205520   0.7779060    0.127700    0.204600    0.7778100
49540.00   0.125890   0.203972   0.7770472    0.125900    0.203000    0.7769300
49541.00   0.124100   0.202429   0.7761321    0.124100    0.201400    0.7759900
49542.00   0.122316   0.200998   0.7750765    0.122400    0.199900    0.7749200
49543.00   0.120582   0.199702   0.7738352    0.120600    0.198700    0.7737000
49544.00   0.118900   0.198504   0.7723924    0.118800    0.197600    0.7722700
49545.00   0.117262   0.197367   0.7707577    0.117100    0.196600    0.7706400
49546.00   0.115585   0.196254   0.7689693    0.115300    0.195500    0.7688400
49547.00   0.113774   0.195114   0.7670815    0.113500    0.194400    0.7669300
49548.00   0.111917   0.193886   0.7651629    0.111700    0.193100    0.7649800
49549.00   0.110060   0.192527   0.7632581    0.109900    0.191700    0.7630900
49550.00   0.108157   0.191009   0.7614317    0.108000    0.190200    0.7613000
49551.00   0.106172   0.189314   0.7597348    0.106000    0.188400    0.7596400
49552.00   0.104134   0.187488   0.7581907    0.104000    0.186600    0.7581200
49553.00   0.102165   0.185697   0.7567906    0.102000    0.184800    0.7567200
49554.00   0.100269   0.184109   0.7554917    0.100100    0.183100    0.7553900
49555.00   0.098391   0.182709   0.7542115    0.098200    0.181700    0.7540600
49556.00   0.096537   0.181392   0.7528672    0.096400    0.180400    0.7526900
49557.00   0.094755   0.180140   0.7514222    0.094600    0.179200    0.7512600
49558.00   0.092961   0.178983   0.7499005    0.092700    0.178100    0.7497800
49559.00   0.091017   0.177952   0.7483472    0.090700    0.177100    0.7482500
49560.00   0.088891   0.177080   0.7468139    0.088500    0.176200    0.7467100
49561.00   0.086705   0.176385   0.7453424    0.086300    0.175400    0.7451900
49562.00   0.084616   0.175803   0.7439290    0.084200    0.174700    0.7437300
49563.00   0.082635   0.175254   0.7425566    0.082100    0.174200    0.7423500
49564.00   0.080660   0.174710   0.7412436    0.080200    0.173800    0.7410500
49565.00   0.078707   0.174217   0.7400066    0.078500    0.173400    0.7398500
49566.00   0.076835   0.173815   0.7388476    0.076800    0.173100    0.7387200
49567.00   0.075074   0.173500   0.7377391    0.075100    0.172800    0.7376000
49568.00   0.073460   0.173232   0.7366003    0.073400    0.172500    0.7364400
49569.00   0.071866   0.172970   0.7353776    0.071600    0.172200    0.7352000
49570.00   0.070233   0.172666   0.7340370    0.069900    0.171700    0.7339000
49571.00   0.068588   0.172309   0.7325559    0.068300    0.171400    0.7324300
49572.00   0.067030   0.171954   0.7309394    0.066800    0.171300    0.7308300
49573.00   0.065656   0.171684   0.7292203    0.065400    0.171200    0.7291200
49574.00   0.064458   0.171547   0.7274593    0.064100    0.171200    0.7273400
49575.00   0.063177   0.171524   0.7256921    0.062700    0.171200    0.7255600
49576.00   0.061639   0.171505   0.7239814    0.061100    0.171000    0.7238400
49577.00   0.059681   0.171353   0.7223951    0.059100    0.170700    0.7222500
49578.00   0.057308   0.170981   0.7209662    0.056900    0.170200    0.7208100
49579.00   0.054665   0.170386   0.7196757    0.054500    0.169600    0.7195100
49580.00   0.052050   0.169688   0.7184603    0.052000    0.168900    0.7183000
49581.00   0.049759   0.169084   0.7172468    0.049700    0.168300    0.7171100
49582.00   0.047661   0.168749   0.7159904    0.047300    0.168000    0.7158700
49583.00   0.045502   0.168670   0.7146430    0.045000    0.167800    0.7145300
49584.00   0.043003   0.168739   0.7131745    0.042400    0.167900    0.7130500
49585.00   0.040105   0.168840   0.7115798    0.039800    0.168000    0.7114500
49586.00   0.036966   0.168869   0.7098798    0.037000    0.168000    0.7097400
49587.00   0.033817   0.168787   0.7081159    0.034200    0.167900    0.7079800
49588.00   0.030911   0.168608   0.7063369    0.031400    0.167600    0.7062200
49589.00   0.028467   0.168424   0.7045966    0.029000    0.167400    0.7044700
49590.00   0.026502   0.168362   0.7029378    0.026800    0.167300    0.7027900
49591.00   0.024679   0.168471   0.7013413    0.024700    0.167400    0.7011900
49592.00   0.022800   0.168698   0.6998036    0.022700    0.167700    0.6996800
49593.00   0.020795   0.169007   0.6983214    0.020600    0.168100    0.6982400
49594.00   0.018609   0.169415   0.6968824    0.018400    0.168600    0.6968200
49595.00   0.016183   0.169907   0.6954573    0.016100    0.169000    0.6953800
49596.00   0.013552   0.170355   0.6939768    0.013700    0.169400    0.6938700
49597.00   0.010952   0.170717   0.6923683    0.011200    0.169800    0.6922400
49598.00   0.008574   0.171044   0.6905787    0.008800    0.170200    0.6904400
49599.00   0.006431   0.171426   0.6885696    0.006400    0.170700    0.6884300
49600.00   0.004323   0.171935   0.6863372    0.004000    0.171000    0.6862300
49601.00   0.002002   0.172597   0.6839238    0.001600    0.171800    0.6838300
49602.00  -0.000616   0.173385   0.6814098   -0.000800    0.172700    0.6813000
49603.00  -0.003456   0.174249   0.6788784   -0.003500    0.173600    0.6787400
49604.00  -0.006148   0.175135   0.6763470   -0.006100    0.174600    0.6762100
49605.00  -0.008596   0.176085   0.6738930   -0.008500    0.175500    0.6737700
49606.00  -0.010833   0.177119   0.6715460   -0.010800    0.176500    0.6714500
49607.00  -0.013072   0.178169   0.6692901   -0.013100    0.177400    0.6692100
49608.00  -0.015556   0.179143   0.6670788   -0.015600    0.178200    0.6670100
49609.00  -0.018422   0.179980   0.6648563   -0.018400    0.179100    0.6647800
49610.00  -0.021599   0.180790   0.6625777   -0.021400    0.179800    0.6624700
49611.00  -0.024813   0.181577   0.6601997   -0.024700    0.180600    0.6600700
49612.00  -0.027798   0.182332   0.6576960   -0.027800    0.181300    0.6575600
49613.00  -0.030505   0.183089   0.6551011   -0.030700    0.182200    0.6549800
49614.00  -0.033007   0.183934   0.6524739   -0.033300    0.183100    0.6523600
49615.00  -0.035461   0.184962   0.6498753   -0.035800    0.184200    0.6497700
49616.00  -0.038015   0.186147   0.6473536   -0.038400    0.185400    0.6472300
49617.00  -0.040832   0.187296   0.6449207   -0.041000    0.186600    0.6447800
49618.00  -0.043818   0.188375   0.6426013   -0.043800    0.187700    0.6424600
49619.00  -0.046775   0.189470   0.6404117   -0.046600    0.188700    0.6402600
49620.00  -0.049585   0.190626   0.6383387   -0.049400    0.189700    0.6381900
49621.00  -0.052280   0.191848   0.6363505   -0.052300    0.190900    0.6362000
49622.00  -0.054909   0.193105   0.6344068   -0.055100    0.192100    0.6342700
49623.00  -0.057521   0.194405   0.6324646   -0.057900    0.193600    0.6323400
49624.00  -0.060233   0.195865   0.6304856   -0.060700    0.195100    0.6303600
49625.00  -0.062857   0.197484   0.6284157   -0.063300    0.196800    0.6282800
49626.00  -0.065164   0.199217   0.6261970   -0.065500    0.198500    0.6260500
49627.00  -0.067149   0.201047   0.6237941   -0.067400    0.200300    0.6236400
49628.00  -0.068989   0.202944   0.6212049   -0.069200    0.202200    0.6210500
49629.00  -0.070976   0.204837   0.6184532   -0.071200    0.204000    0.6183100
49630.00  -0.073424   0.206629   0.6155998   -0.073900    0.205500    0.6155100
49631.00  -0.076446   0.208213   0.6127461   -0.076800    0.207100    0.6126800
49632.00  -0.079838   0.209601   0.6100058   -0.080000    0.208600    0.6099500
49633.00  -0.083262   0.210886   0.6074385   -0.083300    0.210000    0.6073700
49634.00  -0.086479   0.212130   0.6050286   -0.086500    0.211300    0.6049500
49635.00  -0.089290   0.213380   0.6027164   -0.089300    0.212600    0.6026200
49636.00  -0.091505   0.214693   0.6004284   -0.091600    0.214000    0.6003300
49637.00  -0.093166   0.216160   0.5981027   -0.093400    0.215500    0.5980000
49638.00  -0.094538   0.217881   0.5957062   -0.094800    0.217200    0.5956100
49639.00  -0.095750   0.219840   0.5932373   -0.095900    0.219100    0.5931400
49640.00  -0.096889   0.221990   0.5907151   -0.096900    0.221100    0.5906300
49641.00  -0.098078   0.224264   0.5881772   -0.098000    0.223400    0.5881000
49642.00  -0.099501   0.226604   0.5856753   -0.099500    0.225700    0.5856200
49643.00  -0.101377   0.228955   0.5832655   -0.101500    0.228000    0.5832200
49644.00  -0.103841   0.231268   0.5809929   -0.104100    0.230300    0.5809500
49645.00  -0.106752   0.233466   0.5788597   -0.107100    0.232600    0.5788000
49646.00  -0.109750   0.235599   0.5768260   -0.110100    0.234900    0.5767600
49647.00  -0.112530   0.237770   0.5748551   -0.112800    0.237100    0.5747800
49648.00  -0.114973   0.239947   0.5729195   -0.115100    0.239300    0.5728500
49649.00  -0.117092   0.242100   0.5709849   -0.117200    0.241300    0.5709100
49650.00  -0.119084   0.244217   0.5690110   -0.119200    0.243300    0.5689300
49651.00  -0.121195   0.246300   0.5669543   -0.121400    0.245300    0.5668700
49652.00  -0.123525   0.248390   0.5647789   -0.123800    0.247300    0.5646900
49653.00  -0.125949   0.250477   0.5624625   -0.126100    0.249400    0.5623800
49654.00  -0.128152   0.252528   0.5599782   -0.128300    0.251500    0.5599200
49655.00  -0.130001   0.254583   0.5573138   -0.130200    0.253700    0.5572700
49656.00  -0.131520   0.256710   0.5544892   -0.131800    0.255900    0.5544400
49657.00  -0.132859   0.258913   0.5515578   -0.133200    0.258200    0.5515000
49658.00  -0.134179   0.261087   0.5485981   -0.134500    0.260400    0.5485300
49659.00  -0.135582   0.263155   0.5457003   -0.135800    0.262600    0.5456100
49660.00  -0.136997   0.265187   0.5429500   -0.137200    0.264900    0.5428600
49661.00  -0.138425   0.267286   0.5403769   -0.138600    0.267000    0.5402800
49662.00  -0.139887   0.269503   0.5379537   -0.140100    0.269100    0.5378600
49663.00  -0.141344   0.271822   0.5356169   -0.141700    0.271300    0.5355300
49664.00  -0.142740   0.274220   0.5333062   -0.143100    0.273600    0.5332300
49665.00  -0.143972   0.276693   0.5309772   -0.144300    0.276000    0.5309100
49666.00  -0.144804   0.279285   0.5285867   -0.145200    0.278700    0.5285300
49667.00  -0.145287   0.281983   0.5261314   -0.145700    0.281400    0.5260800
49668.00  -0.145653   0.284744   0.5236320   -0.146200    0.284200    0.5236000
49669.00  -0.146085   0.287529   0.5211225   -0.146500    0.286900    0.5210900
49670.00  -0.146623   0.290267   0.5186373   -0.146800    0.289600    0.5186000
49671.00  -0.147213   0.292902   0.5162031   -0.147200    0.292300    0.5161600
49672.00  -0.147808   0.295464   0.5138394   -0.147700    0.294900    0.5137800
49673.00  -0.148488   0.298075   0.5115623   -0.148300    0.297500    0.5114900
49674.00  -0.149331   0.300760   0.5093815   -0.149200    0.300200    0.5093100
49675.00  -0.150308   0.303477   0.5072894   -0.150300    0.302900    0.5072100
49676.00  -0.151335   0.306191   0.5052594   -0.151400    0.305600    0.5051700
49677.00  -0.152336   0.308941   0.5032454   -0.152500    0.308400    0.5031400
49678.00  -0.153136   0.311793   0.5011934   -0.153400    0.311100    0.5010800
49679.00  -0.153511   0.314720   0.4990493   -0.153800    0.313900    0.4989500
49680.00  -0.153354   0.317579   0.4967655   -0.153700    0.316700    0.4967000
49681.00  -0.152777   0.320381   0.4943244   -0.153100    0.319500    0.4942900
49682.00  -0.152113   0.323160   0.4917358   -0.152300    0.322300    0.4917300
49683.00  -0.151650   0.325909   0.4890285   -0.151600    0.325100    0.4890400
49684.00  -0.151460   0.328635   0.4862510   -0.151200    0.327900    0.4862600
49685.00  -0.151383   0.331360   0.4834753   -0.151200    0.330600    0.4834500
49686.00  -0.151275   0.334074   0.4807701   -0.151400    0.333400    0.4806900
49687.00  -0.151498   0.336727   0.4781455   -0.151700    0.336100    0.4780300
49688.00  -0.152003   0.339262   0.4756244   -0.152200    0.338700    0.4755000
49689.00  -0.152556   0.341652   0.4732183   -0.152500    0.341100    0.4730900
49690.00  -0.152865   0.343888   0.4708950   -0.152900    0.343200    0.4707300
49691.00  -0.152737   0.346018   0.4685954   -0.152900    0.345300    0.4684300
49692.00  -0.152319   0.348133   0.4662553   -0.152600    0.347400    0.4661100
49693.00  -0.151855   0.350338   0.4638417   -0.152200    0.349600    0.4637200
49694.00  -0.151502   0.352762   0.4613657   -0.151900    0.352100    0.4612800
49695.00  -0.151377   0.355413   0.4588597   -0.151700    0.354700    0.4587800
49696.00  -0.151519   0.358227   0.4563534   -0.151700    0.357600    0.4562800
49697.00  -0.152018   0.361091   0.4538684   -0.152000    0.360500    0.4537800
49698.00  -0.152813   0.363880   0.4514189   -0.152600    0.363300    0.4513200
49699.00  -0.153503   0.366531   0.4490111   -0.153200    0.366000    0.4489200
49700.00  -0.153781   0.369106   0.4466544   -0.153800    0.368500    0.4465900
49701.00  -0.153973   0.371747   0.4443857   -0.154400    0.370900    0.4443300
49702.00  -0.154240   0.374469   0.4421722   -0.154900    0.373300    0.4421100
49703.00  -0.154662   0.377245   0.4399678   -0.155400    0.375900    0.4398900
49704.00  -0.155272   0.380014   0.4377180   -0.156000    0.378700    0.4376300
49705.00  -0.156060   0.382715   0.4353743   -0.156700    0.381500    0.4352700
49706.00  -0.156932   0.385263   0.4328925   -0.157400    0.384300    0.4327900
49707.00  -0.157709   0.387602   0.4302489   -0.158000    0.386800    0.4301800
49708.00  -0.158271   0.389863   0.4274840   -0.158600    0.389100    0.4274400
49709.00  -0.158674   0.392127   0.4246131   -0.159000    0.391400    0.4245700
49710.00  -0.158946   0.394483   0.4216396   -0.159200    0.393700    0.4215900
49711.00  -0.159032   0.397043   0.4185905   -0.159300    0.396200    0.4185400
49712.00  -0.158912   0.399861   0.4155133   -0.159200    0.399100    0.4154600
49713.00  -0.158656   0.402918   0.4124665   -0.159000    0.402200    0.4124000
49714.00  -0.158336   0.406112   0.4095072   -0.158700    0.405500    0.4094300
49715.00  -0.157891   0.409294   0.4066683   -0.158100    0.408700    0.4065700
49716.00  -0.156905   0.412426   0.4039580   -0.157100    0.411700    0.4038300
49717.00  -0.155298   0.415519   0.4013094   -0.155600    0.414800    0.4011600
49718.00  -0.153189   0.418559   0.3986542   -0.153600    0.417700    0.3985000
49719.00  -0.150825   0.421482   0.3959327   -0.151300    0.420500    0.3957900
49720.00  -0.148493   0.424222   0.3931052   -0.148900    0.423300    0.3929800
49721.00  -0.146361   0.426771   0.3901717   -0.146700    0.426000    0.3900700
49722.00  -0.144479   0.429174   0.3871759   -0.144700    0.428500    0.3870900
49723.00  -0.142828   0.431398   0.3841933   -0.143100    0.430800    0.3841100
49724.00  -0.141374   0.433434   0.3812858   -0.141600    0.432800    0.3812000
49725.00  -0.140045   0.435337   0.3785005   -0.140300    0.434700    0.3784200
49726.00  -0.138689   0.437218   0.3758672   -0.138900    0.436700    0.3757900
49727.00  -0.137139   0.439265   0.3734000   -0.137400    0.438800    0.3733300
49728.00  -0.135392   0.441655   0.3710942   -0.135800    0.441100    0.3710100
49729.00  -0.133709   0.444245   0.3689076   -0.134100    0.443500    0.3688100
49730.00  -0.132167   0.446876   0.3667940   -0.132600    0.446100    0.3666900
49731.00  -0.130820   0.449483   0.3647144   -0.131200    0.448700    0.3646100
49732.00  -0.129771   0.452053   0.3626227   -0.130200    0.451300    0.3625200
49733.00  -0.129050   0.454549   0.3604814   -0.129400    0.453800    0.3603800
49734.00  -0.128552   0.456895   0.3582618   -0.128800    0.456200    0.3581600
49735.00  -0.128075   0.459036   0.3559323   -0.128200    0.458300    0.3558300
49736.00  -0.127274   0.460979   0.3534489   -0.127500    0.460200    0.3533500
49737.00  -0.126173   0.462741   0.3508263   -0.126600    0.461900    0.3507400
49738.00  -0.124927   0.464397   0.3480913   -0.125400    0.463400    0.3480000
49739.00  -0.123597   0.466094   0.3452808   -0.124000    0.465200    0.3452000
49740.00  -0.122176   0.468000   0.3424368   -0.122500    0.467100    0.3423600
49741.00  -0.120697   0.470190   0.3396079   -0.120900    0.469400    0.3395300
49742.00  -0.119243   0.472586   0.3368351   -0.119300    0.471900    0.3367500
49743.00  -0.117856   0.475101   0.3341227   -0.117900    0.474400    0.3340300
49744.00  -0.116658   0.477515   0.3314510   -0.116700    0.476800    0.3313600
49745.00  -0.115778   0.479680   0.3287997   -0.115800    0.479000    0.3287100
49746.00  -0.115216   0.481614   0.3261178   -0.115300    0.480900    0.3260400
49747.00  -0.114986   0.483338   0.3233651   -0.115200    0.482600    0.3233000
49748.00  -0.115087   0.484913   0.3205334   -0.115400    0.484200    0.3204800
49749.00  -0.115431   0.486423   0.3176520   -0.115900    0.485700    0.3175900
49750.00  -0.115770   0.487929   0.3147682   -0.116200    0.487200    0.3146800
49751.00  -0.115750   0.489384   0.3119068   -0.116300    0.488600    0.3118000
49752.00  -0.115037   0.490757   0.3090844   -0.115800    0.489900    0.3089800
49753.00  -0.113739   0.492107   0.3063359   -0.114600    0.491300    0.3062500
49754.00  -0.111844   0.493562   0.3036856   -0.112700    0.492800    0.3036200
49755.00  -0.109299   0.495255   0.3011561   -0.110100    0.494600    0.3011100
49756.00  -0.106276   0.497280   0.2987650   -0.107000    0.496600    0.2987300
49757.00  -0.103092   0.499653   0.2965034   -0.103800    0.498900    0.2964500
49758.00  -0.100159   0.502148   0.2943105   -0.100900    0.501300    0.2942500
49759.00  -0.097808   0.504465   0.2921455   -0.098400    0.503500    0.2920700
49760.00  -0.096094   0.506447   0.2899714   -0.096600    0.505500    0.2899000
49761.00  -0.094893   0.508087   0.2877376   -0.095200    0.507300    0.2876600
49762.00  -0.093920   0.509472   0.2853989   -0.094100    0.508700    0.2853100
49763.00  -0.092755   0.510757   0.2829181   -0.092800    0.510100    0.2828300
49764.00  -0.091000   0.512165   0.2802679   -0.091300    0.511400    0.2801800
49765.00  -0.088903   0.513700   0.2774850   -0.089500    0.512800    0.2774100
49766.00  -0.086820   0.515241   0.2746413   -0.087700    0.514200    0.2745700
49767.00  -0.084959   0.516735   0.2718026   -0.085900    0.515600    0.2717300
49768.00  -0.083343   0.518078   0.2690284   -0.084200    0.517000    0.2689500
49769.00  -0.081869   0.519239   0.2663575   -0.082600    0.518400    0.2662800
49770.00  -0.080396   0.520331   0.2637974   -0.081000    0.519800    0.2637300
49771.00  -0.078734   0.521570   0.2613248   -0.079200    0.521300    0.2612700
49772.00  -0.076638   0.523062   0.2588847   -0.077000    0.522800    0.2588400
49773.00  -0.073891   0.524836   0.2564009   -0.074300    0.524500    0.2563800
49774.00  -0.070608   0.526809   0.2538179   -0.071300    0.526200    0.2538100
49775.00  -0.067041   0.528787   0.2511060   -0.067900    0.528000    0.2511100
49776.00  -0.063404   0.530614   0.2482696   -0.064300    0.529700    0.2482600
49777.00  -0.059834   0.532244   0.2453351   -0.060400    0.531300    0.2452600
49778.00  -0.056421   0.533667   0.2423301   -0.057000    0.532700    0.2422100
49779.00  -0.053150   0.534943   0.2392855   -0.053700    0.534200    0.2391700
49780.00  -0.049859   0.536159   0.2362316   -0.050300    0.535400    0.2361300
49781.00  -0.046533   0.537369   0.2332219   -0.047000    0.536600    0.2331600
49782.00  -0.043210   0.538620   0.2303048   -0.043600    0.537800    0.2302700
49783.00  -0.039960   0.539942   0.2275100   -0.040400    0.539000    0.2274800
49784.00  -0.036857   0.541301   0.2248388   -0.037300    0.540300    0.2247700
49785.00  -0.034054   0.542584   0.2222167   -0.034500    0.541600    0.2221100
49786.00  -0.031586   0.543697   0.2195729   -0.032000    0.542800    0.2194600
49787.00  -0.029449   0.544584   0.2168735   -0.029900    0.543800    0.2167900
49788.00  -0.027596   0.545229   0.2141008   -0.028000    0.544400    0.2140400
49789.00  -0.025967   0.545574   0.2112397   -0.026300    0.544800    0.2112100
49790.00  -0.024318   0.545700   0.2082900   -0.024500    0.545000    0.2082700
49791.00  -0.022230   0.545858   0.2052493   -0.022400    0.545200    0.2052000
49792.00  -0.019570   0.546291   0.2020894   -0.019900    0.545500    0.2020200
49793.00  -0.016638   0.547022   0.1988327   -0.017100    0.546100    0.1987600
49794.00  -0.013712   0.547927   0.1955371   -0.014100    0.547000    0.1954600
49795.00  -0.010970   0.548911   0.1922824   -0.011300    0.548000    0.1922100
49796.00  -0.008609   0.549912   0.1891428   -0.009000    0.549000    0.1890800
49797.00  -0.006664   0.550852   0.1861914   -0.007200    0.550000    0.1861400
49798.00  -0.004915   0.551625   0.1834651   -0.005500    0.550700    0.1834100
49799.00  -0.003080   0.552167   0.1809253   -0.003700    0.551200    0.1808400
49800.00  -0.000718   0.552558   0.1784517   -0.001100    0.551600    0.1783400
49801.00   0.002665   0.552945   0.1759392    0.002200    0.552000    0.1758500
49802.00   0.007068   0.553526   0.1733344    0.006500    0.552600    0.1732600
49803.00   0.012125   0.554424   0.1706200    0.011300    0.553600    0.1705600
49804.00   0.017209   0.555609   0.1678072    0.016300    0.554800    0.1677500
49805.00   0.021783   0.556881   0.1649300    0.021000    0.556000    0.1648600
49806.00   0.025737   0.557853   0.1620269    0.025100    0.557000    0.1619500
49807.00   0.029145   0.558411   0.1591455    0.028700    0.557600    0.1590500
49808.00   0.032223   0.558606   0.1563266    0.031800    0.557800    0.1562300
49809.00   0.035253   0.558563   0.1535919    0.034800    0.557700    0.1535000
49810.00   0.038395   0.558415   0.1509506    0.037700    0.557500    0.1508600
49811.00   0.041610   0.558191   0.1484005    0.041000    0.557300    0.1483300
49812.00   0.044799   0.557877   0.1459346    0.044300    0.557000    0.1458700
49813.00   0.048055   0.557657   0.1435147    0.047800    0.556900    0.1434500
49814.00   0.051330   0.557646   0.1410720    0.051100    0.556800    0.1410100
49815.00   0.054471   0.557796   0.1385650    0.054200    0.557000    0.1385200
49816.00   0.057417   0.557972   0.1359808    0.057100    0.557200    0.1359400
49817.00   0.060287   0.558056   0.1333095    0.059800    0.557300    0.1332500
49818.00   0.063186   0.557998   0.1305124    0.062500    0.557300    0.1304400
49819.00   0.066106   0.557795   0.1275648    0.065300    0.557100    0.1274900
49820.00   0.069162   0.557477   0.1244732    0.068300    0.556600    0.1244100
49821.00   0.072319   0.557059   0.1213199    0.071600    0.556200    0.1212700
49822.00   0.075646   0.556623   0.1181739    0.075100    0.555700    0.1181200
49823.00   0.079115   0.556274   0.1150863    0.078700    0.555400    0.1150300
49824.00   0.082588   0.556036   0.1120940    0.082200    0.555100    0.1120400
49825.00   0.085904   0.555871   0.1092209    0.085600    0.555000    0.1091800
49826.00   0.088995   0.555759   0.1064576    0.088700    0.555000    0.1064300
49827.00   0.091859   0.555687   0.1037831    0.091600    0.554900    0.1037200
49828.00   0.094840   0.555488   0.1011338    0.094700    0.554700    0.1010300
49829.00   0.098282   0.555027   0.0984390    0.097900    0.554300    0.0983000
49830.00   0.101923   0.554313   0.0956750    0.101300    0.553600    0.0955200
49831.00   0.105677   0.553421   0.0928361    0.105100    0.552800    0.0926800
49832.00   0.109648   0.552409   0.0899362    0.109200    0.551800    0.0897900
49833.00   0.113828   0.551295   0.0870060    0.113400    0.550600    0.0869000
49834.00   0.118052   0.550083   0.0841042    0.117600    0.549400    0.0840200
49835.00   0.122201   0.548781   0.0812932    0.121800    0.548000    0.0812200
49836.00   0.126200   0.547400   0.0786103    0.125900    0.546600    0.0785400
49837.00   0.130004   0.545963   0.0760682    0.129800    0.545100    0.0759800
49838.00   0.133625   0.544472   0.0736575    0.133600    0.543700    0.0735500
49839.00   0.137151   0.542978   0.0713226    0.137100    0.542200    0.0712000
49840.00   0.140652   0.541540   0.0689971    0.140500    0.540700    0.0688500
49841.00   0.144150   0.540101   0.0666340    0.144000    0.539100    0.0664900
49842.00   0.147689   0.538598   0.0642119    0.147600    0.537600    0.0640600
49843.00   0.151386   0.537040   0.0617241    0.151400    0.536000    0.0615800
49844.00   0.155353   0.535497   0.0591702    0.155400    0.534400    0.0590300
49845.00   0.159560   0.533999   0.0565425    0.159500    0.533000    0.0564200
49846.00   0.163824   0.532527   0.0538021    0.163600    0.531600    0.0536900
49847.00   0.167886   0.531033   0.0509297    0.167600    0.530200    0.0508200
49848.00   0.171598   0.529473   0.0479442    0.171400    0.528700    0.0478400
49849.00   0.174931   0.527820   0.0449067    0.175000    0.527100    0.0448200
49850.00   0.178042   0.526120   0.0419048    0.178400    0.525500    0.0418100
49851.00   0.181104   0.524458   0.0389846    0.181500    0.523800    0.0388900
49852.00   0.184123   0.522872   0.0361612    0.184300    0.522100    0.0360800
49853.00   0.187027   0.521341   0.0334480    0.186900    0.520400    0.0333900
49854.00   0.189688   0.519782   0.0308279    0.189300    0.518700    0.0307800
49855.00   0.191958   0.518055   0.0282646    0.191600    0.516900    0.0282100
49856.00   0.193890   0.516107   0.0257150    0.193700    0.514900    0.0256500
49857.00   0.195623   0.513903   0.0231537    0.195700    0.512800    0.0230700
49858.00   0.197336   0.511469   0.0205831    0.197600    0.510400    0.0204900
49859.00   0.199225   0.508960   0.0180327    0.199500    0.508100    0.0179500
49860.00   0.201339   0.506500   0.0155409    0.201300    0.505700    0.0154600
49861.00   0.203530   0.504116   0.0131463    0.203100    0.503400    0.0130500
49862.00   0.205615   0.501788   0.0108704    0.205000    0.501000    0.0107500
49863.00   0.207613   0.499451   0.0086859    0.207000    0.498600    0.0085600
49864.00   0.209581   0.497026   0.0065837    0.209000    0.496100    0.0064700
49865.00   0.211530   0.494489   0.0045724    0.211100    0.493600    0.0044800
49866.00   0.213501   0.491824   0.0026326    0.213200    0.491000    0.0025600
49867.00   0.215531   0.489023   0.0007373    0.215300    0.488400    0.0006700
49868.00   0.217624   0.486128  -0.0011437    0.217400    0.485500   -0.0012200
49869.00   0.219839   0.483227  -0.0030435    0.219700    0.482600   -0.0031400
49870.00   0.222301   0.480281  -0.0050071    0.222200    0.479500   -0.0051200
49871.00   0.225108   0.477193  -0.0070698    0.224900    0.476300   -0.0071900
49872.00   0.228205   0.473977  -0.0092459    0.227900    0.473100   -0.0093500
49873.00   0.231450   0.470731  -0.0115205    0.231000    0.469800   -0.0116100
49874.00   0.234633   0.467602  -0.0138775    0.234200    0.466700   -0.0139500
49875.00   0.237641   0.464714  -0.0162951    0.237400    0.463800   -0.0163700
49876.00   0.240594   0.462046  -0.0187550    0.240300    0.461000   -0.0188200
49877.00   0.243439   0.459261  -0.0212012    0.243100    0.458200   -0.0212500
49878.00   0.246051   0.456323  -0.0235719    0.245600    0.455300   -0.0236100
49879.00   0.248386   0.453343  -0.0258309    0.247900    0.452300   -0.0258700
49880.00   0.250452   0.450340  -0.0279733    0.250100    0.449300   -0.0280200
49881.00   0.252350   0.447248  -0.0300289    0.252100    0.446300   -0.0300900
49882.00   0.254267   0.444027  -0.0320660    0.254200    0.443200   -0.0321300
49883.00   0.256310   0.440739  -0.0341466    0.256200    0.440000   -0.0342100
49884.00   0.258509   0.437481  -0.0362715    0.258400    0.436800   -0.0363500
49885.00   0.260839   0.434277  -0.0384633    0.260600    0.433600   -0.0385600
49886.00   0.263215   0.431106  -0.0407064    0.262900    0.430300   -0.0408200
49887.00   0.265545   0.427896  -0.0429534    0.265100    0.427000   -0.0430700
49888.00   0.267697   0.424553  -0.0451547    0.267300    0.423600   -0.0452600
49889.00   0.269577   0.421018  -0.0472665    0.269200    0.420100   -0.0473600
49890.00   0.271154   0.417398  -0.0492487    0.270800    0.416500   -0.0493200
49891.00   0.272392   0.413796  -0.0510626    0.272100    0.412900   -0.0511200
49892.00   0.273290   0.410267  -0.0526763    0.273000    0.409400   -0.0527200
49893.00   0.273966   0.406811  -0.0540931    0.273700    0.405800   -0.0541400
49894.00   0.274637   0.403337  -0.0553614    0.274400    0.402300   -0.0554100
49895.00   0.275453   0.399721  -0.0565304    0.275100    0.398700   -0.0565800
49896.00   0.276446   0.395963  -0.0576556    0.276100    0.395100   -0.0577100
49897.00   0.277574   0.392210  -0.0588041    0.277300    0.391400   -0.0588700
49898.00   0.278839   0.388463  -0.0600344    0.278600    0.387600   -0.0601100
49899.00   0.280135   0.384623  -0.0613867    0.279900    0.383700   -0.0614700
49900.00   0.281307   0.380660  -0.0628822    0.281100    0.379700   -0.0629700
49901.00   0.282279   0.376569  -0.0645201    0.282100    0.375600   -0.0646000
49902.00   0.283155   0.372366  -0.0662537    0.283000    0.371400   -0.0663200
49903.00   0.284080   0.368160  -0.0680185    0.283900    0.367200   -0.0680800
49904.00   0.284998   0.364071  -0.0697585    0.284700    0.363000   -0.0698300
49905.00   0.285752   0.360096  -0.0714445    0.285500    0.358900   -0.0715200
49906.00   0.286264   0.356144  -0.0730519    0.286100    0.354900   -0.0731300
49907.00   0.286592   0.352185  -0.0745701    0.286500    0.351000   -0.0746500
49908.00   0.286847   0.348271  -0.0760160    0.286800    0.347200   -0.0760900
49909.00   0.287167   0.344456  -0.0774314    0.287100    0.343500   -0.0774900
49910.00   0.287522   0.340770  -0.0788750    0.287200    0.339900   -0.0789200
49911.00   0.287691   0.337184  -0.0803920    0.287400    0.336400   -0.0804300
49912.00   0.287724   0.333635  -0.0819965    0.287400    0.332800   -0.0820500
49913.00   0.287795   0.330040  -0.0836972    0.287500    0.329200   -0.0837700
49914.00   0.287949   0.326344  -0.0854542    0.287600    0.325500   -0.0855200
49915.00   0.288082   0.322556  -0.0872007    0.287700    0.321700   -0.0872600
49916.00   0.288062   0.318743  -0.0888665    0.287800    0.317800   -0.0889200
49917.00   0.287868   0.314950  -0.0904009    0.287700    0.313900   -0.0904600
49918.00   0.287689   0.311145  -0.0917787    0.287600    0.309900   -0.0918600
49919.00   0.287565   0.307292  -0.0929977    0.287400    0.306000   -0.0931000
49920.00   0.287387   0.303396  -0.0940641    0.287100    0.302100   -0.0941900
49921.00   0.287031   0.299471  -0.0950056    0.286700    0.298300   -0.0951400
49922.00   0.286566   0.295521  -0.0958652    0.286300    0.294500   -0.0959900
49923.00   0.286095   0.291575  -0.0966853    0.285800    0.290600   -0.0968000
49924.00   0.285505   0.287660  -0.0975064    0.285100    0.286800   -0.0975900
49925.00   0.284645   0.283792  -0.0983658    0.284300    0.282900   -0.0984300
49926.00   0.283658   0.280001  -0.0992918    0.283300    0.279100   -0.0993500
49927.00   0.282595   0.276263  -0.1003121    0.282200    0.275300   -0.1003800
49928.00   0.281448   0.272477  -0.1014508    0.281100    0.271500   -0.1015400
49929.00   0.280368   0.268586  -0.1027208    0.280100    0.267700   -0.1028100
49930.00   0.279541   0.264644  -0.1041002    0.279200    0.263800   -0.1041800
49931.00   0.278952   0.260708  -0.1055396    0.278500    0.259900   -0.1056100
49932.00   0.278360   0.256799  -0.1069717    0.277900    0.255900   -0.1070400
49933.00   0.277631   0.252861  -0.1083570    0.277200    0.251900   -0.1084400
49934.00   0.276791   0.248912  -0.1096881    0.276500    0.248000   -0.1097900
49935.00   0.275892   0.245043  -0.1109876    0.275900    0.244100   -0.1110900
49936.00   0.274915   0.241303  -0.1122929    0.274800    0.240400   -0.1123800
49937.00   0.273771   0.237673  -0.1136461    0.273500    0.236700   -0.1137100
49938.00   0.272359   0.234099  -0.1150900    0.272100    0.233100   -0.1151400
49939.00   0.270663   0.230520  -0.1166522    0.270600    0.229600   -0.1167000
49940.00   0.269001   0.226934  -0.1183333    0.269100    0.226000   -0.1183800
49941.00   0.267541   0.223342  -0.1200937    0.267600    0.222500   -0.1201600
49942.00   0.266166   0.219764  -0.1218769    0.266100    0.218900   -0.1219600
49943.00   0.264644   0.216284  -0.1236236    0.264400    0.215300   -0.1237100
49944.00   0.262691   0.212933  -0.1252897    0.262400    0.211900   -0.1253800
49945.00   0.260241   0.209642  -0.1268567    0.260100    0.208500   -0.1269500
49946.00   0.257691   0.206449  -0.1283241    0.257700    0.205300   -0.1284100
49947.00   0.255336   0.203412  -0.1296985    0.255300    0.202300   -0.1297800
49948.00   0.253179   0.200506  -0.1310131    0.253000    0.199500   -0.1311000
49949.00   0.251097   0.197685  -0.1323117    0.250800    0.196800   -0.1324000
49950.00   0.249107   0.194904  -0.1336314    0.248900    0.194000   -0.1337000
49951.00   0.247201   0.192091  -0.1350051    0.246900    0.191200   -0.1350600
49952.00   0.245183   0.189208  -0.1364567    0.244800    0.188400   -0.1364900
49953.00   0.242878   0.186348  -0.1379952    0.242600    0.185400   -0.1380200
49954.00   0.240438   0.183450  -0.1396425    0.240300    0.182400   -0.1396900
49955.00   0.238156   0.180477  -0.1414378    0.238000    0.179500   -0.1414900
49956.00   0.236101   0.177546  -0.1433880    0.235800    0.176700   -0.1434400
49957.00   0.234106   0.174753  -0.1454513    0.233600    0.173900   -0.1454900
49958.00   0.232124   0.172120  -0.1475858    0.231500    0.171200   -0.1476000
49959.00   0.229971   0.169548  -0.1496976    0.229300    0.168500   -0.1497300
49960.00   0.227437   0.166958  -0.1517621    0.227000    0.165700   -0.1518200
49961.00   0.224672   0.164364  -0.1537776    0.224600    0.163100   -0.1538500
49962.00   0.221943   0.161813  -0.1557561    0.222000    0.160600   -0.1558300
49963.00   0.219408   0.159389  -0.1577167    0.219600    0.158400   -0.1577800
49964.00   0.217128   0.157140  -0.1596912    0.217200    0.156300   -0.1597400
49965.00   0.215002   0.155058  -0.1617171    0.214800    0.154300   -0.1617900
49966.00   0.212740   0.153069  -0.1638234    0.212500    0.152300   -0.1638800
49967.00   0.210029   0.151075  -0.1660164    0.209800    0.150200   -0.1660900
49968.00   0.206969   0.148852  -0.1682977    0.206900    0.147800   -0.1684000
49969.00   0.203795   0.146375  -0.1706431    0.203600    0.145200   -0.1707500
49970.00   0.200570   0.143742  -0.1729846    0.200300    0.142400   -0.1730900
49971.00   0.197305   0.140984  -0.1752536    0.197000    0.139500   -0.1753400
49972.00   0.194074   0.138110  -0.1774091    0.193700    0.136700   -0.1774800
49973.00   0.191035   0.135293  -0.1794394    0.190800    0.134100   -0.1794900
49974.00   0.188269   0.132860  -0.1813611    0.188000    0.131900   -0.1814000
49975.00   0.185662   0.130861  -0.1832127    0.185400    0.129800   -0.1832300
49976.00   0.182997   0.129117  -0.1850363    0.182800    0.127900   -0.1850200
49977.00   0.180140   0.127395  -0.1868638    0.180200    0.126100   -0.1868200
49978.00   0.177142   0.125569  -0.1887169    0.177500    0.124300   -0.1886600
49979.00   0.174227   0.123629  -0.1906144    0.174600    0.122600   -0.1905900
49980.00   0.171426   0.121661  -0.1925842    0.171500    0.120800   -0.1926200
49981.00   0.168433   0.119799  -0.1946974    0.168300    0.119100   -0.1947900
49982.00   0.165227   0.118066  -0.1969832    0.165000    0.117300   -0.1971000
49983.00   0.161888   0.116469  -0.1994317    0.161700    0.115600   -0.1995500
49984.00   0.158666   0.114917  -0.2020139    0.158400    0.113900   -0.2021200
49985.00   0.155648   0.113415  -0.2046817    0.155400    0.112400   -0.2047700
49986.00   0.152758   0.112022  -0.2073726    0.152500    0.111000   -0.2074300
49987.00   0.149886   0.110801  -0.2100182    0.149700    0.109800   -0.2100500
49988.00   0.147073   0.109840  -0.2125541    0.146900    0.108800   -0.2125800
49989.00   0.144280   0.108970  -0.2149738    0.144100    0.107800   -0.2150100
49990.00   0.141336   0.108038  -0.2173092    0.141100    0.106900   -0.2173700
49991.00   0.138111   0.107025  -0.2196143    0.137900    0.105900   -0.2196900
49992.00   0.134567   0.105987  -0.2219501    0.134300    0.105000   -0.2220200
49993.00   0.130695   0.105001  -0.2243638    0.130600    0.104100   -0.2244200
49994.00   0.126575   0.104045  -0.2268727    0.126600    0.103100   -0.2269100
49995.00   0.122609   0.103062  -0.2294525    0.122500    0.102000   -0.2295000
49996.00   0.118773   0.101939  -0.2320905    0.118500    0.100900   -0.2321600
49997.00   0.114860   0.100643  -0.2347659    0.114600    0.099600   -0.2348500
49998.00   0.110837   0.099201  -0.2374358    0.110600    0.098100   -0.2375100
49999.00   0.106690   0.097625  -0.2400381    0.106400    0.096500   -0.2401000
50000.00   0.102471   0.095946  -0.2425086    0.102200    0.094900   -0.2425500
50001.00   0.098323   0.094278  -0.2448171    0.098200    0.093200   -0.2448700
50002.00   0.094472   0.092742  -0.2469890    0.094400    0.091700   -0.2470300
50003.00   0.090997   0.091469  -0.2490365    0.090900    0.090200   -0.2490800
50004.00   0.087895   0.090594  -0.2509869    0.087800    0.089400   -0.2510300
50005.00   0.084727   0.090020  -0.2528981    0.084800    0.088800   -0.2529600
50006.00   0.081140   0.089428  -0.2548170    0.081100    0.088200   -0.2548900
50007.00   0.077223   0.088633  -0.2567910    0.077100    0.087500   -0.2568600
50008.00   0.073319   0.087696  -0.2588592    0.072900    0.086700   -0.2589200
50009.00   0.069832   0.086810  -0.2610189    0.069400    0.085700   -0.2610700
50010.00   0.066975   0.086104  -0.2632595    0.066600    0.084900   -0.2633200
50011.00   0.064561   0.085696  -0.2656028    0.064500    0.084600   -0.2656600
50012.00   0.062087   0.085544  -0.2680337    0.062100    0.084500   -0.2680800
50013.00   0.059125   0.085440  -0.2705006    0.059000    0.084300   -0.2705500
50014.00   0.055535   0.085180  -0.2729630    0.055100    0.084100   -0.2730200
50015.00   0.051426   0.084676  -0.2753887    0.051100    0.083700   -0.2754500
50016.00   0.047101   0.084034  -0.2777537    0.046900    0.083200   -0.2778100
50017.00   0.042802   0.083316  -0.2800474    0.042600    0.082400   -0.2800900
50018.00   0.038761   0.082671  -0.2823000    0.038600    0.081800   -0.2823500
50019.00   0.035078   0.082295  -0.2845748    0.034900    0.081400   -0.2846300
50020.00   0.031665   0.082253  -0.2869319    0.031500    0.081300   -0.2870000
50021.00   0.028365   0.082439  -0.2894134    0.028200    0.081400   -0.2894800
50022.00   0.025113   0.082725  -0.2920343    0.025000    0.081700   -0.2921000
50023.00   0.021946   0.083061  -0.2947758    0.021800    0.082100   -0.2948200
50024.00   0.018673   0.083419  -0.2975496    0.018300    0.082400   -0.2975700
50025.00   0.015135   0.083780  -0.3002725    0.014900    0.082700   -0.3003000
50026.00   0.011387   0.084118  -0.3028973    0.011200    0.083000   -0.3029300
50027.00   0.007541   0.084428  -0.3053956    0.007600    0.083300   -0.3054500
50028.00   0.003739   0.084751  -0.3077684    0.003700    0.083600   -0.3078300
50029.00   0.000001   0.085124  -0.3100311   -0.000200    0.083900   -0.3100700
50030.00  -0.003744   0.085488  -0.3121888   -0.004100    0.084300   -0.3122000
50031.00  -0.007475   0.085790  -0.3142379   -0.007800    0.084600   -0.3142500
50032.00  -0.011231   0.086077  -0.3162171   -0.011500    0.084900   -0.3162400
50033.00  -0.014987   0.086408  -0.3181895   -0.015200    0.085300   -0.3182300
50034.00  -0.018569   0.086804  -0.3202225   -0.018800    0.085700   -0.3202700
50035.00  -0.021862   0.087327  -0.3223659   -0.022300    0.086300   -0.3224300
50036.00  -0.025065   0.088127  -0.3246626   -0.025800    0.087100   -0.3247200
50037.00  -0.028782   0.089292  -0.3271535   -0.029500    0.088100   -0.3271800
50038.00  -0.033035   0.090654  -0.3298032   -0.033600    0.089400   -0.3298000
50039.00  -0.037476   0.092091  -0.3325547   -0.037800    0.090800   -0.3325600
50040.00  -0.041719   0.093516  -0.3353883   -0.042100    0.092200   -0.3354100
50041.00  -0.045724   0.094850  -0.3382631   -0.046300    0.093600   -0.3383100
50042.00  -0.049751   0.096014  -0.3411295   -0.050400    0.094800   -0.3411800
50043.00  -0.053914   0.096986  -0.3439446   -0.054400    0.096000   -0.3440000
50044.00  -0.057976   0.097979  -0.3466769   -0.058300    0.097200   -0.3467200
50045.00  -0.061727   0.099130  -0.3493369   -0.061900    0.098300   -0.3493700
50046.00  -0.065201   0.100487  -0.3519652   -0.065400    0.099600   -0.3519800
50047.00  -0.068566   0.102026  -0.3546099   -0.068900    0.101000   -0.3546300
50048.00  -0.071992   0.103675  -0.3573086   -0.072400    0.102600   -0.3573300
50049.00  -0.075682   0.105386  -0.3600689   -0.076300    0.104400   -0.3601100
50050.00  -0.079882   0.107134  -0.3628755   -0.080600    0.106100   -0.3629200
50051.00  -0.084668   0.108887  -0.3656937   -0.085300    0.107800   -0.3657400
50052.00  -0.089793   0.110581  -0.3684577   -0.090300    0.109500   -0.3685100
50053.00  -0.094910   0.112190  -0.3711199   -0.095300    0.111200   -0.3711900
50054.00  -0.099728   0.113810  -0.3736715   -0.100100    0.112800   -0.3737600
50055.00  -0.104255   0.115578  -0.3761191   -0.104800    0.114500   -0.3762000
50056.00  -0.108571   0.117528  -0.3784535   -0.109200    0.116400   -0.3785200
50057.00  -0.112580   0.119567  -0.3806794   -0.113200    0.118500   -0.3807300
50058.00  -0.116132   0.121605  -0.3828140   -0.116600    0.120700   -0.3828500
50059.00  -0.119291   0.123582  -0.3849046   -0.119700    0.122700   -0.3849300
50060.00  -0.122360   0.125522  -0.3870040   -0.122600    0.124600   -0.3870300
50061.00  -0.125428   0.127453  -0.3891584   -0.125800    0.126400   -0.3891800
50062.00  -0.128714   0.129439  -0.3913900   -0.129100    0.128400   -0.3914100
50063.00  -0.132294   0.131545  -0.3937117   -0.132600    0.130400   -0.3937500
50064.00  -0.135762   0.133872  -0.3961394   -0.135900    0.132800   -0.3961900
50065.00  -0.138554   0.136542  -0.3986872   -0.138900    0.135500   -0.3987300
50066.00  -0.140929   0.139485  -0.4013079   -0.141300    0.138400   -0.4013500
50067.00  -0.143210   0.142573  -0.4039535   -0.143500    0.141400   -0.4040000
50068.00  -0.145513   0.145731  -0.4066048   -0.145700    0.144600   -0.4066600
50069.00  -0.147835   0.148873  -0.4092583   -0.148000    0.147700   -0.4093200
50070.00  -0.150201   0.151908  -0.4118837   -0.150400    0.150800   -0.4119500
50071.00  -0.152541   0.154799  -0.4144558   -0.152900    0.153700   -0.4145200
50072.00  -0.154776   0.157666  -0.4169546   -0.155200    0.156600   -0.4170000
50073.00  -0.156826   0.160665  -0.4193989   -0.157100    0.159500   -0.4194400
50074.00  -0.158669   0.163912  -0.4218509   -0.158900    0.162800   -0.4218800
50075.00  -0.160459   0.167387  -0.4243901   -0.160700    0.166200   -0.4244100
50076.00  -0.162335   0.170951  -0.4270547   -0.162700    0.169900   -0.4270700
50077.00  -0.164330   0.174443  -0.4298117   -0.164800    0.173400   -0.4298400
50078.00  -0.166407   0.177742  -0.4325949   -0.167000    0.176600   -0.4326300
50079.00  -0.168495   0.180798  -0.4353285   -0.169000    0.179500   -0.4353800
50080.00  -0.170527   0.183633  -0.4379429   -0.170900    0.182300   -0.4379900
50081.00  -0.172465   0.186350  -0.4403853   -0.172700    0.185100   -0.4404300
50082.00  -0.174304   0.189077  -0.4426252   -0.174500    0.188000   -0.4426700
50083.00  -0.175934   0.191874   0.5553429   -0.176200    0.190800    0.5552900
50084.00  -0.177203   0.194733   0.5534992   -0.177700    0.193700    0.5534400
50085.00  -0.178219   0.197661   0.5518040   -0.178700    0.196600    0.5517600
50086.00  -0.179271   0.200769   0.5502108   -0.179700    0.199600    0.5501600
50087.00  -0.180413   0.204061   0.5486679   -0.180700    0.202900    0.5486300
50088.00  -0.181716   0.207436   0.5471137   -0.182100    0.206200    0.5471000
50089.00  -0.183392   0.210670   0.5454827   -0.183900    0.209600    0.5454800
50090.00  -0.185233   0.213575   0.5437364   -0.185700    0.212600    0.5437200
50091.00  -0.186902   0.216171   0.5418803   -0.187100    0.215200    0.5418400
50092.00  -0.188610   0.218633   0.5399478   -0.189000    0.217500    0.5399000
50093.00  -0.190544   0.221323   0.5379721   -0.191000    0.220100    0.5379200
50094.00  -0.192621   0.224329   0.5359773   -0.192700    0.223000    0.5359300
50095.00  -0.194690   0.227472   0.5339774   -0.194800    0.226200    0.5339400
50096.00  -0.196600   0.230482   0.5319852   -0.197000    0.229500    0.5319200
50097.00  -0.198256   0.233199   0.5300178   -0.198600    0.232300    0.5299700
50098.00  -0.199573   0.235746   0.5280928   -0.200000    0.234700    0.5280700
50099.00  -0.200722   0.238434   0.5262338   -0.201300    0.237100    0.5262100
50100.00  -0.202042   0.241575   0.5244563   -0.202500    0.240200    0.5244100
50101.00  -0.203464   0.245190   0.5227037   -0.203700    0.244000    0.5227000
50102.00  -0.204972   0.249073   0.5208840   -0.205300    0.248100    0.5209000
50103.00  -0.206515   0.252890   0.5189387   -0.207100    0.252000    0.5189200
50104.00  -0.208097   0.256437   0.5168645   -0.208500    0.255500    0.5168300
50105.00  -0.209673   0.259782   0.5147185   -0.209900    0.258800    0.5146800
50106.00  -0.210988   0.263176   0.5125896   -0.211400    0.262100    0.5125500
50107.00  -0.211914   0.266751   0.5105347   -0.212400    0.265600    0.5104800
50108.00  -0.212703   0.270456   0.5085976   -0.213000    0.269400    0.5085400
50109.00  -0.213735   0.274297   0.5067973   -0.213900    0.273300    0.5067400
50110.00  -0.215159   0.278183   0.5051407   -0.215500    0.277300    0.5051000
50111.00  -0.216851   0.281901   0.5036132   -0.217200    0.281000    0.5035800
50112.00  -0.218493   0.285363   0.5021832   -0.218800    0.284400    0.5021500
50113.00  -0.219824   0.288726   0.5008057   -0.220200    0.287700    0.5007700
50114.00  -0.220800   0.292186   0.4994203   -0.221300    0.290900    0.4993900
50115.00  -0.221440   0.295824   0.4979729   -0.221800    0.294600    0.4979800
50116.00  -0.221815   0.299586   0.4964256   -0.222200    0.298700    0.4964100
50117.00  -0.222065   0.303384   0.4947668   -0.222300    0.302300    0.4947300
50118.00  -0.222381   0.307187   0.4930004   -0.222400    0.305900    0.4929300
50119.00  -0.222896   0.310942   0.4911259   -0.223200    0.309700    0.4910300
50120.00  -0.223554   0.314574   0.4891368   -0.223900    0.313300    0.4890800
50121.00  -0.224342   0.318023   0.4870476   -0.224600    0.316900    0.4870400
50122.00  -0.225044   0.321171   0.4849035   -0.225300    0.320300    0.4848600
50123.00  -0.225181   0.323983   0.4827588   -0.225300    0.322900    0.4827400
50124.00  -0.224580   0.326681   0.4806567   -0.224700    0.325500    0.4806600
50125.00  -0.223400   0.329470   0.4786206   -0.223900    0.328400    0.4786100
50126.00  -0.221975   0.332497   0.4766505   -0.222400    0.331400    0.4766200
50127.00  -0.220650   0.335894   0.4747223   -0.221000    0.334800    0.4746900
50128.00  -0.219519   0.339747   0.4727933   -0.219800    0.338500    0.4727600
50129.00  -0.218710   0.344051   0.4707968   -0.219100    0.342700    0.4707600
50130.00  -0.218381   0.348607   0.4686632   -0.218900    0.347600    0.4686900
50131.00  -0.218571   0.353126   0.4663566   -0.219000    0.352200    0.4664100
50132.00  -0.219284   0.357369   0.4638910   -0.219800    0.356500    0.4639200
50133.00  -0.220255   0.361221   0.4613243   -0.220800    0.360200    0.4613000
50134.00  -0.221031   0.364694   0.4587397   -0.221300    0.363600    0.4586900
50135.00  -0.221356   0.367982   0.4562191   -0.221700    0.366900    0.4562000
50136.00  -0.221356   0.371356   0.4538542   -0.221500    0.369900    0.4538500
50137.00  -0.221173   0.375065   0.4517135   -0.221400    0.373500    0.4516400
50138.00  -0.220760   0.379108   0.4497550   -0.221200    0.378000    0.4496300
50139.00  -0.220267   0.383241   0.4479084   -0.220700    0.382200    0.4477600
50140.00  -0.219849   0.387230   0.4461162   -0.220100    0.386100    0.4459900
50141.00  -0.219416   0.391075   0.4443430   -0.219800    0.390000    0.4442800
50142.00  -0.218720   0.394877   0.4425576   -0.219200    0.393500    0.4425900
50143.00  -0.217592   0.398724   0.4406961   -0.218100    0.397500    0.4407400
50144.00  -0.216046   0.402709   0.4387105   -0.216400    0.401800    0.4386800
50145.00  -0.214256   0.406820   0.4365826   -0.214400    0.405800    0.4365700
50146.00  -0.212377   0.410989   0.4343027   -0.212700    0.409800    0.4343200
50147.00  -0.210462   0.415165   0.4318862   -0.210800    0.413800    0.4318900
50148.00  -0.208540   0.419342   0.4293659   -0.209000    0.418200    0.4293400
50149.00  -0.206795   0.423380   0.4267812   -0.207100    0.422300    0.4267300
50150.00  -0.205259   0.427213   0.4241680   -0.205900    0.425900    0.4241600
50151.00  -0.203908   0.430867   0.4215619   -0.204300    0.429800    0.4216000
50152.00  -0.202582   0.434377   0.4189899   -0.203000    0.433300    0.4190100
50153.00  -0.201172   0.437787   0.4164748   -0.201800    0.436600    0.4164900
50154.00  -0.199681   0.441159   0.4140508   -0.199800    0.440100    0.4140600
50155.00  -0.198181   0.444555   0.4117438   -0.198600    0.443400    0.4117000
50156.00  -0.196547   0.448062   0.4095361   -0.197100    0.447000    0.4094800
50157.00  -0.194698   0.451546   0.4073526   -0.195100    0.450500    0.4073300
50158.00  -0.192737   0.454954   0.4051230   -0.193100    0.453800    0.4051100
50159.00  -0.190621   0.458387   0.4028131   -0.191100    0.457400    0.4028100
50160.00  -0.188103   0.461977   0.4004263   -0.188700    0.460700    0.4004400
50161.00  -0.185015   0.465952   0.3979922   -0.185500    0.464600    0.3979900
50162.00  -0.181736   0.470274   0.3955522   -0.182000    0.469400    0.3955200
50163.00  -0.178926   0.474524   0.3931553   -0.179100    0.473800    0.3931500
50164.00  -0.176775   0.478401   0.3908599   -0.177000    0.477600    0.3908500
50165.00  -0.175051   0.481739   0.3886987   -0.175600    0.480800    0.3886500
50166.00  -0.173268   0.484606   0.3866632   -0.173900    0.483500    0.3866500
50167.00  -0.171139   0.487249   0.3847174   -0.171600    0.486200    0.3847200
50168.00  -0.168588   0.489916   0.3828287   -0.169100    0.488800    0.3828000
50169.00  -0.165644   0.492745   0.3809636   -0.166000    0.491600    0.3809300
50170.00  -0.162586   0.495671   0.3790850   -0.162900    0.494600    0.3790600
50171.00  -0.159679   0.498650   0.3771505   -0.160200    0.497700    0.3771400
50172.00  -0.156908   0.501603   0.3751298   -0.157200    0.500500    0.3751100
50173.00  -0.154212   0.504539   0.3730040   -0.154600    0.503400    0.3729600
50174.00  -0.151663   0.507519   0.3707596   -0.152300    0.506400    0.3708000
50175.00  -0.149362   0.510501   0.3683888   -0.149700    0.509400    0.3685000
50176.00  -0.147360   0.513289   0.3659173   -0.147900    0.512200    0.3659300
50177.00  -0.145638   0.515645   0.3634127   -0.146000    0.514500    0.3633400
50178.00  -0.143920   0.517579   0.3609107   -0.144200    0.516300    0.3609000
50179.00  -0.142117   0.519318   0.3584370   -0.142300    0.518100    0.3584400
50180.00  -0.140191   0.521063   0.3560213   -0.140400    0.519900    0.3560200
50181.00  -0.137977   0.522959   0.3536761   -0.138500    0.521600    0.3536600
50182.00  -0.135234   0.525188   0.3513918   -0.135700    0.523700    0.3513800
50183.00  -0.132187   0.527816   0.3491286   -0.132700    0.526700    0.3491000
50184.00  -0.129341   0.530702   0.3468257   -0.129400    0.529800    0.3468200
50185.00  -0.126573   0.533654   0.3444367   -0.126700    0.532700    0.3444800
50186.00  -0.123540   0.536510   0.3419479   -0.123800    0.535500    0.3419800
50187.00  -0.120077   0.539229   0.3393835   -0.120300    0.538200    0.3393300
50188.00  -0.116351   0.541835   0.3367947   -0.116700    0.540600    0.3367600
50189.00  -0.112714   0.544371   0.3342362   -0.112900    0.543100    0.3342400
50190.00  -0.109479   0.546890   0.3317556   -0.109600    0.545800    0.3317400
50191.00  -0.106534   0.549353   0.3293821   -0.107000    0.548400    0.3293200
50192.00  -0.103718   0.551690   0.3271622   -0.104200    0.550600    0.3271400
50193.00  -0.100881   0.553900   0.3250953   -0.100900    0.552900    0.3250900
50194.00  -0.097922   0.556020   0.3231337   -0.098000    0.554900    0.3231400
50195.00  -0.094702   0.558058   0.3212225   -0.095100    0.556600    0.3212000
50196.00  -0.091203   0.559985   0.3193323   -0.091300    0.558900    0.3192800
50197.00  -0.087651   0.561722   0.3174315   -0.088000    0.560600    0.3174000
50198.00  -0.084232   0.563198   0.3154816   -0.084800    0.562300    0.3154700
50199.00  -0.080698   0.564540   0.3134595   -0.081100    0.563800    0.3134500
50200.00  -0.076772   0.565959   0.3113307   -0.077100    0.564900    0.3113000
50201.00  -0.072472   0.567693   0.3090793   -0.072700    0.566400    0.3090500
50202.00  -0.068033   0.569841   0.3067111   -0.068300    0.568500    0.3066900
50203.00  -0.063732   0.572237   0.3042392   -0.064000    0.571100    0.3042100
50204.00  -0.059829   0.574547   0.3016817   -0.059900    0.573600    0.3016500
50205.00  -0.056414   0.576487   0.2990626   -0.056600    0.575600    0.2990300
50206.00  -0.053179   0.578097   0.2964375   -0.053500    0.577000    0.2964200
50207.00  -0.049736   0.579512   0.2938736   -0.049900    0.578500    0.2938600
50208.00  -0.045973   0.580829   0.2914053   -0.046000    0.579900    0.2913700
50209.00  -0.042012   0.582102   0.2890282   -0.042100    0.581000    0.2890300
50210.00  -0.037918   0.583347   0.2866998   -0.038000    0.582200    0.2867100
50211.00  -0.033632   0.584594   0.2843591   -0.033800    0.583500    0.2843400
50212.00  -0.029180   0.585848   0.2819499   -0.029300    0.584800    0.2819500
50213.00  -0.024728   0.587025   0.2794478   -0.024900    0.586000    0.2794900
50214.00  -0.020330   0.588093   0.2768482   -0.020800    0.587000    0.2768600
50215.00  -0.015922   0.589125   0.2741811   -0.016300    0.587800    0.2741700
50216.00  -0.011521   0.590154   0.2715088   -0.011700    0.589000    0.2714900
50217.00  -0.007268   0.591099   0.2688973   -0.007800    0.589800    0.2688800
50218.00  -0.003399   0.591911   0.2663992   -0.004000    0.590700    0.2663800
50219.00  -0.000024   0.592626   0.2640413   -0.000300    0.591600    0.2640100
50220.00   0.003144   0.593209   0.2618504    0.003000    0.592300    0.2618600
50221.00   0.006435   0.593685   0.2598275    0.006000    0.592600    0.2598300
50222.00   0.009919   0.594127   0.2579410    0.009700    0.592900    0.2579500
50223.00   0.013491   0.594555   0.2561562    0.013400    0.593600    0.2561500
50224.00   0.017124   0.594917   0.2544473    0.017100    0.593900    0.2544200
50225.00   0.020937   0.595164   0.2527826    0.020800    0.594100    0.2527500
50226.00   0.025152   0.595261   0.2511090    0.024800    0.594000    0.2511000
50227.00   0.029779   0.595317   0.2493911    0.029600    0.594000    0.2493600
50228.00   0.034665   0.595469   0.2476132    0.034400    0.594300    0.2476200
50229.00   0.039753   0.595702   0.2457632    0.039400    0.594600    0.2457400
50230.00   0.044841   0.595957   0.2438479    0.044700    0.594700    0.2438100
50231.00   0.049615   0.596238   0.2418917    0.049500    0.594900    0.2418500
50232.00   0.053882   0.596541   0.2399269    0.053800    0.595400    0.2398900
50233.00   0.057700   0.596714   0.2379830    0.057500    0.595600    0.2379800
50234.00   0.061444   0.596642   0.2361074    0.061200    0.595600    0.2361100
50235.00   0.065503   0.596277   0.2343259    0.065300    0.595400    0.2343000
50236.00   0.069860   0.595604   0.2326331    0.069800    0.594500    0.2326100
50237.00   0.074230   0.594696   0.2309860    0.074300    0.593500    0.2309700
50238.00   0.078467   0.593622   0.2293212    0.078400    0.592900    0.2292900
50239.00   0.082604   0.592449   0.2275791    0.082300    0.591600    0.2275400
50240.00   0.086784   0.591323   0.2257463    0.086400    0.590000    0.2257100
50241.00   0.090816   0.590282   0.2238242    0.090500    0.589000    0.2237900
50242.00   0.094546   0.589194   0.2218261    0.094500    0.588000    0.2218100
50243.00   0.098025   0.587957   0.2197756    0.097900    0.586900    0.2198100
50244.00   0.101457   0.586564   0.2177168    0.101200    0.585400    0.2177500
50245.00   0.105120   0.585084   0.2157148    0.104900    0.583900    0.2156800
50246.00   0.109158   0.583575   0.2138240    0.108900    0.582500    0.2137800
50247.00   0.113468   0.581998   0.2120760    0.113200    0.580900    0.2121100
50248.00   0.117895   0.580426   0.2104819    0.117800    0.579200    0.2104800
50249.00   0.122258   0.578845   0.2090393    0.122200    0.577800    0.2089500
50250.00   0.126467   0.577104   0.2077336    0.126100    0.576400    0.2077400
50251.00   0.130498   0.575237   0.2065038    0.130300    0.574100    0.2064900
50252.00   0.134268   0.573331   0.2053055    0.134300    0.572000    0.2052500
50253.00   0.137862   0.571399   0.2040955    0.137800    0.570400    0.2040700
50254.00   0.141523   0.569469   0.2028277    0.141400    0.568400    0.2028700
50255.00   0.145303   0.567674   0.2014758    0.145100    0.566600    0.2015300
50256.00   0.149172   0.566173   0.2000356    0.148900    0.565100    0.2000600
50257.00   0.153039   0.564948   0.1985142    0.152900    0.564000    0.1984900
50258.00   0.156765   0.563751   0.1969418    0.156600    0.562700    0.1969100
50259.00   0.160185   0.562310   0.1953602    0.159800    0.561300    0.1953400
50260.00   0.163281   0.560423   0.1938095    0.162900    0.559500    0.1937800
50261.00   0.166362   0.558025   0.1923025    0.166200    0.556800    0.1923000
50262.00   0.169493   0.555334   0.1908709    0.169200    0.554100    0.1908900
50263.00   0.172608   0.552597   0.1895423    0.172200    0.551400    0.1895400
50264.00   0.175817   0.549915   0.1883068    0.175600    0.548600    0.1882900
50265.00   0.179070   0.547255   0.1871278    0.179000    0.545900    0.1871200
50266.00   0.182205   0.544555   0.1859475    0.182300    0.543100    0.1859300
50267.00   0.185266   0.541804   0.1846984    0.185200    0.540600    0.1846700
50268.00   0.188487   0.539052   0.1833305    0.188100    0.537900    0.1833800
50269.00   0.191979   0.536334   0.1818802    0.191700    0.534600    0.1820100
50270.00   0.195778   0.533729   0.1804193    0.195600    0.531800    0.1805700
50271.00   0.199792   0.531295   0.1790079    0.199700    0.529500    0.1791100
50272.00   0.203823   0.528995   0.1776848    0.203900    0.527500    0.1777200
50273.00   0.207687   0.526712   0.1764712    0.207800    0.525300    0.1764400
50274.00   0.211388   0.524315   0.1753711    0.211100    0.523000    0.1753400
50275.00   0.215158   0.521696   0.1743692    0.215000    0.520300    0.1743700
50276.00   0.218752   0.518866   0.1734575    0.218500    0.517300    0.1734500
50277.00   0.221889   0.515895   0.1726196    0.221500    0.514400    0.1725800
50278.00   0.224827   0.512845   0.1718092    0.224800    0.511400    0.1718100
50279.00   0.227709   0.509712   0.1709819    0.227600    0.508500    0.1710000
50280.00   0.230519   0.506559   0.1701089    0.230200    0.505200    0.1701000
50281.00   0.233085   0.503531   0.1691727    0.232800    0.502000    0.1691400
50282.00   0.235301   0.500701   0.1681581    0.235000    0.499200    0.1681300
50283.00   0.237275   0.497932   0.1670524    0.237200    0.497000    0.1670400
50284.00   0.238918   0.495123   0.1658696    0.239100    0.493900    0.1658600
50285.00   0.240184   0.492260   0.1646247    0.240000    0.490700    0.1645800
50286.00   0.241314   0.489368   0.1633338    0.241100    0.487900    0.1632900
50287.00   0.242591   0.486495   0.1620133    0.242800    0.484800    0.1620200
50288.00   0.244009   0.483674   0.1606780    0.244000    0.482100    0.1606700
50289.00   0.245469   0.480888   0.1593401    0.245000    0.479800    0.1593400
50290.00   0.247079   0.478037   0.1580361    0.246800    0.476700    0.1580200
50291.00   0.248835   0.475059   0.1567921    0.248700    0.473500    0.1567500
50292.00   0.250734   0.472110   0.1555719    0.250700    0.470400    0.1555600
50293.00   0.252661   0.469292   0.1543073    0.252700    0.467600    0.1542900
50294.00   0.254453   0.466543   0.1529305    0.254300    0.465200    0.1529300
50295.00   0.256087   0.463725   0.1513964    0.255900    0.462600    0.1513900
50296.00   0.257649   0.460694   0.1497082    0.257700    0.459300    0.1496800
50297.00   0.259242   0.457382   0.1479439    0.259000    0.456300    0.1479100
50298.00   0.260754   0.453772   0.1462136    0.260500    0.452800    0.1461800
50299.00   0.262152   0.449899   0.1446201    0.262200    0.448300    0.1445800
50300.00   0.263615   0.445865   0.1432182    0.263600    0.444600    0.1432100
50301.00   0.265323   0.441767   0.1420121    0.265100    0.440500    0.1420100
50302.00   0.267376   0.437702   0.1409883    0.267100    0.436500    0.1410100
50303.00   0.269796   0.433842   0.1401274    0.269400    0.432600    0.1401400
50304.00   0.272298   0.430200   0.1393817    0.272200    0.429000    0.1394400
50305.00   0.274464   0.426635   0.1386936    0.274400    0.425200    0.1386800
50306.00   0.276292   0.423082   0.1380287    0.276000    0.421400    0.1379900
50307.00   0.278048   0.419545   0.1373368    0.277800    0.418000    0.1372800
50308.00   0.279980   0.416016   0.1365864    0.279900    0.414800    0.1365800
50309.00   0.282112   0.412506   0.1357628    0.282000    0.411200    0.1357600
50310.00   0.284194   0.409021   0.1348547    0.283900    0.407800    0.1348200
50311.00   0.285973   0.405504   0.1338546    0.286100    0.404200    0.1338600
50312.00   0.287390   0.401913   0.1327661    0.287200    0.400700    0.1327800
50313.00   0.288667   0.398273   0.1316146    0.288100    0.396900    0.1315700
50314.00   0.290024   0.394658   0.1304407    0.289900    0.393200    0.1304000
50315.00   0.291404   0.391108   0.1292722    0.291000    0.389900    0.1292800
50316.00   0.292692   0.387592   0.1281259    0.292200    0.386400    0.1281100
50317.00   0.293933   0.384110   0.1270006    0.293900    0.382600    0.1269900
50318.00   0.295088   0.380662   0.1258849    0.294800    0.379300    0.1258700
50319.00   0.296087   0.377192   0.1247746    0.295600    0.376000    0.1247200
50320.00   0.296841   0.373579   0.1236414    0.296700    0.372300    0.1235900
50321.00   0.297290   0.369723   0.1224278    0.297100    0.368300    0.1224000
50322.00   0.297493   0.365659   0.1210837    0.297000    0.364100    0.1210700
50323.00   0.297670   0.361446   0.1195813    0.297300    0.360100    0.1195700
50324.00   0.298033   0.357036   0.1178957    0.297900    0.355700    0.1179000
50325.00   0.298180   0.352481   0.1160999    0.297700    0.351500    0.1161200
50326.00   0.297996   0.347920   0.1142992    0.297500    0.346700    0.1143200
50327.00   0.297595   0.343439   0.1125912    0.297200    0.342200    0.1126200
50328.00   0.297111   0.339045   0.1110459    0.296800    0.337900    0.1111500
50329.00   0.296552   0.334745   0.1096902    0.296500    0.333200    0.1098300
50330.00   0.295960   0.330523   0.1085160    0.295700    0.329200    0.1085500
50331.00   0.295473   0.326376   0.1074717    0.295100    0.325300    0.1073800
50332.00   0.294897   0.322302   0.1065122    0.294600    0.321100    0.1064600
50333.00   0.294281   0.318273   0.1055830    0.294000    0.316900    0.1055800
50334.00   0.293581   0.314370   0.1046463    0.293300    0.313300    0.1046500
50335.00   0.292918   0.310562   0.1036476    0.292600    0.309500    0.1036700
50336.00   0.292468   0.306814   0.1025295    0.292200    0.305500    0.1025400
50337.00   0.292078   0.303180   0.1012360    0.291700    0.302000    0.1012300
50338.00   0.291441   0.299621   0.0997288    0.291100    0.298400    0.0997500
50339.00   0.290440   0.295973   0.0980515    0.290200    0.294600    0.0980600
50340.00   0.289166   0.292145   0.0962769    0.288800    0.291300    0.0962500
50341.00   0.287719   0.288083   0.0944635    0.287500    0.287200    0.0944700
50342.00   0.286237   0.283819   0.0926574    0.286000    0.282600    0.0927000
50343.00   0.284921   0.279497   0.0909065    0.284000    0.278100    0.0908900
50344.00   0.283911   0.275292   0.0892429    0.283300    0.274100    0.0892200
50345.00   0.283203   0.271200   0.0876477    0.282900    0.270000    0.0876400
50346.00   0.282657   0.267301   0.0860787    0.282500    0.266000    0.0860000
50347.00   0.282139   0.263790   0.0844801    0.281900    0.262400    0.0844400
50348.00   0.281419   0.260549   0.0828080    0.281100    0.259300    0.0828300
50349.00   0.280372   0.257324   0.0809917    0.280100    0.256600    0.0810400
50350.00   0.278936   0.253900   0.0789841    0.278500    0.253000    0.0790100
50351.00   0.277230   0.250239   0.0767836    0.276800    0.249000    0.0767800
50352.00   0.275516   0.246473   0.0744490    0.275400    0.245200    0.0744500
50353.00   0.273808   0.242655   0.0720875    0.273500    0.241500    0.0720500
50354.00   0.272150   0.238863   0.0698002    0.271400    0.237300    0.0697300
50355.00   0.270516   0.235209   0.0676504    0.269700    0.233500    0.0676500
50356.00   0.268914   0.231685   0.0656491    0.268400    0.230500    0.0656900
50357.00   0.267380   0.228141   0.0637705    0.266800    0.227100    0.0638000
50358.00   0.265754   0.224491   0.0619873    0.265200    0.223300    0.0619900
50359.00   0.263829   0.220650   0.0603299    0.263400    0.219300    0.0603100
50360.00   0.261799   0.216746   0.0587553    0.261400    0.215700    0.0587300
50361.00   0.259851   0.213089   0.0572015    0.259500    0.212000    0.0571500
50362.00   0.257961   0.209664   0.0556113    0.257600    0.208500    0.0555600
50363.00   0.256087   0.206436   0.0539591    0.255700    0.205200    0.0539600
50364.00   0.254144   0.203440   0.0522227    0.253800    0.202300    0.0522300
50365.00   0.252026   0.200631   0.0503866    0.251600    0.199400    0.0503900
50366.00   0.249757   0.197861   0.0484432    0.249400    0.196800    0.0484400
50367.00   0.247358   0.194971   0.0464105    0.246900    0.193900    0.0463800
50368.00   0.244908   0.191925   0.0443206    0.244400    0.190700    0.0443200
50369.00   0.242479   0.188831   0.0422045    0.242000    0.187700    0.0422100
50370.00   0.239981   0.185792   0.0400921    0.239500    0.184700    0.0401100
50371.00   0.237451   0.182854   0.0380178    0.236900    0.181500    0.0380400
50372.00   0.235135   0.180027   0.0360083    0.234600    0.178800    0.0360100
50373.00   0.232875   0.177326   0.0340670    0.232300    0.176200    0.0340600
50374.00   0.230420   0.174678   0.0321772    0.230000    0.173400    0.0321500
50375.00   0.227845   0.172031   0.0302706    0.227500    0.170800    0.0302700
50376.00   0.225250   0.169455   0.0282566    0.224900    0.168300    0.0283100
50377.00   0.222714   0.166943   0.0261129    0.222200    0.165600    0.0261100
50378.00   0.220149   0.164399   0.0238554    0.219700    0.163000    0.0238100
50379.00   0.217347   0.161682   0.0215014    0.217100    0.160500    0.0215000
50380.00   0.214308   0.158809   0.0190585    0.213900    0.157900    0.0190400
50381.00   0.211321   0.155815   0.0166062    0.210900    0.154600    0.0165600
50382.00   0.208747   0.152758   0.0142398    0.208300    0.151400    0.0142000
50383.00   0.206648   0.149723   0.0120193    0.206100    0.148400    0.0119700
50384.00   0.204727   0.146782   0.0099692    0.204300    0.145500    0.0099500
50385.00   0.202616   0.143945   0.0080787    0.202100    0.142900    0.0080900
50386.00   0.200095   0.141147   0.0063248    0.199500    0.139900    0.0063400
50387.00   0.197246   0.138301   0.0046700    0.197100    0.137000    0.0046300
50388.00   0.194360   0.135259   0.0030512    0.194300    0.134100    0.0030100
50389.00   0.191481   0.132248   0.0014209    0.191000    0.130900    0.0014500
50390.00   0.188491   0.129471  -0.0002731    0.188200    0.128200   -0.0002500
50391.00   0.185317   0.126988  -0.0020740    0.185100    0.125800   -0.0021100
50392.00   0.181928   0.124826  -0.0040039    0.181500    0.123400   -0.0040700
50393.00   0.178262   0.122939  -0.0060643    0.177700    0.121700   -0.0060700
50394.00   0.174164   0.121176  -0.0082014    0.173600    0.120000   -0.0081500
50395.00   0.170037   0.119377  -0.0103803    0.169500    0.118000   -0.0104100
50396.00   0.166197   0.117456  -0.0125639    0.165800    0.116000   -0.0126300
50397.00   0.162466   0.115589  -0.0146986    0.162100    0.114300   -0.0147400
50398.00   0.158663   0.113955  -0.0167781    0.158200    0.112600   -0.0168200
50399.00   0.154633   0.112544  -0.0188187    0.154300    0.111200   -0.0188400
50400.00   0.150422   0.111200  -0.0208427    0.150200    0.109900   -0.0208200
50401.00   0.146079   0.109862  -0.0228148    0.145700    0.108800   -0.0228400
50402.00   0.141568   0.108374  -0.0246957    0.141500    0.107300   -0.0247200
50403.00   0.137457   0.106632  -0.0265370    0.137400    0.105400   -0.0264900
50404.00   0.134081   0.104805  -0.0284527    0.133700    0.103500   -0.0284100
50405.00   0.131054   0.103105  -0.0304736    0.130800    0.101900   -0.0304600
50406.00   0.128026   0.101643  -0.0325821    0.127800    0.100400   -0.0325900
50407.00   0.125019   0.100437  -0.0347399    0.124600    0.099200   -0.0347400
50408.00   0.122162   0.099507  -0.0369011    0.121700    0.098300   -0.0369000
50409.00   0.119269   0.098733  -0.0390000    0.118800    0.097400   -0.0390000
50410.00   0.116042   0.097932  -0.0409795    0.115600    0.096900   -0.0409600
50411.00   0.112575   0.097007  -0.0428249    0.112100    0.096000   -0.0427700
50412.00   0.108895   0.096055  -0.0445572    0.108500    0.094800   -0.0444900
50413.00   0.105076   0.095273  -0.0462060    0.104700    0.094000   -0.0461600
50414.00   0.101293   0.094701  -0.0478085    0.100900    0.093400   -0.0478000
50415.00   0.097465   0.094238  -0.0493838    0.097000    0.093200   -0.0493900
50416.00   0.093540   0.093769  -0.0509576    0.093000    0.092800   -0.0509700
50417.00   0.089593   0.093199  -0.0525574    0.089100    0.092000   -0.0525600
50418.00   0.085827   0.092517  -0.0542025    0.085800    0.091500   -0.0541800
50419.00   0.082281   0.091772  -0.0558923    0.082300    0.090600   -0.0558700
50420.00   0.078743   0.091073  -0.0576114    0.078300    0.089700   -0.0576100
50421.00   0.074984   0.090512  -0.0593535    0.074600    0.089400   -0.0593300
50422.00   0.070877   0.089989  -0.0611357    0.070700    0.089000   -0.0611100
50423.00   0.066593   0.089367  -0.0629445    0.066600    0.088100   -0.0629300
50424.00   0.062411   0.088604  -0.0647376    0.062400    0.087300   -0.0647300
50425.00   0.058416   0.087729  -0.0664852    0.058100    0.086500   -0.0664800
50426.00   0.054504   0.086825  -0.0681764    0.054200    0.085500   -0.0681700
50427.00   0.050574   0.085999  -0.0698227    0.050200    0.084500   -0.0697800
50428.00   0.046689   0.085384  -0.0714549    0.046200    0.084100   -0.0714300
50429.00   0.043010   0.085082  -0.0731165    0.042500    0.084000   -0.0731400
50430.00   0.039688   0.085081  -0.0748463    0.039400    0.083000   -0.0748400
50431.00   0.036684   0.085362  -0.0766865    0.036500    0.083600   -0.0766400
50432.00   0.033789   0.085870  -0.0786548    0.033500    0.084600   -0.0786500
50433.00   0.030822   0.086510  -0.0807293    0.030700    0.085300   -0.0807400
50434.00   0.027731   0.087197  -0.0828705    0.027600    0.085900   -0.0828800
50435.00   0.024552   0.087895  -0.0850383    0.024300    0.086600   -0.0850300
50436.00   0.021384   0.088618  -0.0871961    0.020900    0.087200   -0.0871800
50437.00   0.018204   0.089314  -0.0892816    0.017800    0.088000   -0.0892900
50438.00   0.015098   0.089938  -0.0912487    0.014900    0.088500   -0.0912500
50439.00   0.012264   0.090507  -0.0931030    0.012000    0.089100   -0.0930700
50440.00   0.009778   0.091040  -0.0948805    0.009400    0.089700   -0.0948400
50441.00   0.007387   0.091534  -0.0966031    0.007100    0.090300   -0.0965900
50442.00   0.004683   0.091983  -0.0982859    0.004500    0.090800   -0.0982600
50443.00   0.001482   0.092365  -0.0999606    0.001200    0.091300   -0.0999300
50444.00  -0.002138   0.092697  -0.1016613   -0.002300    0.091500   -0.1016500
50445.00  -0.006054   0.093050  -0.1034141   -0.006000    0.091700   -0.1034200
50446.00  -0.010233   0.093503  -0.1052325   -0.010500    0.092100   -0.1052300
50447.00  -0.014631   0.094090  -0.1071181   -0.014800    0.092900   -0.1071000
50448.00  -0.019065   0.094720  -0.1090616   -0.019400    0.093700   -0.1090300
50449.00  -0.023125   0.095292  -0.1110467   -0.023120    0.095270   -0.1110260
50450.00  -0.026846   0.095921  -0.1130512   -0.026650    0.095730   -0.1129910
50451.00  -0.030356   0.096804  -0.1150536   -0.030320    0.096580   -0.1150660
50452.00  -0.033659   0.098009  -0.1170274   -0.033580    0.097740   -0.1170900
50453.00  -0.036894   0.099459  -0.1189536   -0.036610    0.099330   -0.1189530
50454.00  -0.040341   0.100969  -0.1208302   -0.040400    0.100800   -0.1208340
50455.00  -0.043963   0.102347  -0.1226704   -0.044180    0.102110   -0.1226990
50456.00  -0.047384   0.103560  -0.1245101   -0.047410    0.103440   -0.1245240
50457.00  -0.050363   0.104719  -0.1263955   -0.050390    0.104490   -0.1264190
50458.00  -0.053191   0.105897  -0.1283614   -0.053080    0.105700   -0.1283790
50459.00  -0.056069   0.107078  -0.1304323   -0.055890    0.106970   -0.1304310
50460.00  -0.058933   0.108271  -0.1325930   -0.058900    0.108160   -0.1326170
50461.00  -0.061619   0.109534  -0.1348093   -0.061840    0.109360   -0.1347970
50462.00  -0.063963   0.110918  -0.1370449   -0.063990    0.110710   -0.1370150
50463.00  -0.066046   0.112506  -0.1392469   -0.065980    0.112380   -0.1392600
50464.00  -0.068034   0.114400  -0.1413615   -0.068080    0.114440   -0.1413620
50465.00  -0.069960   0.116470  -0.1433426   -0.069680    0.115950   -0.1433430
50466.00  -0.071941   0.118545  -0.1451623   -0.071350    0.117780   -0.1451910
50467.00  -0.074152   0.120610  -0.1468202   -0.074030    0.120500   -0.1468210
50468.00  -0.076773   0.122686  -0.1483487   -0.076670    0.122510   -0.1483560
50469.00  -0.079660   0.124753  -0.1497922   -0.079820    0.124740   -0.1498140
50470.00  -0.082335   0.126769  -0.1512048   -0.082480    0.126830   -0.1512110
50471.00  -0.084929   0.128732  -0.1526485   -0.084950    0.128440   -0.1526570
50472.00  -0.087687   0.130552  -0.1541269   -0.087820    0.130140   -0.1541470
50473.00  -0.090542   0.132279  -0.1556175   -0.090550    0.132210   -0.1556260
50474.00  -0.093642   0.133992  -0.1571430   -0.093280    0.134020   -0.1571430
50475.00  -0.096798   0.135756  -0.1587242   -0.096530    0.135560   -0.1586830
50476.00  -0.099828   0.137597  -0.1603627   -0.099770    0.137440   -0.1603380
50477.00  -0.102756   0.139487  -0.1620217   -0.102820    0.139450   -0.1620400
50478.00  -0.105545   0.141428  -0.1636253   -0.105760    0.141240   -0.1636150
50479.00  -0.108317   0.143490  -0.1651635   -0.108290    0.143260   -0.1651560
50480.00  -0.111349   0.145610  -0.1666459   -0.111150    0.145580   -0.1666790
50481.00  -0.114391   0.147746  -0.1680324   -0.114590    0.147850   -0.1680380
50482.00  -0.117215   0.149884  -0.1693291   -0.117340    0.149870   -0.1693300
50483.00  -0.119869   0.152077  -0.1705907   -0.119820    0.151850   -0.1705910
50484.00  -0.122471   0.154427  -0.1718955   -0.122580    0.154440   -0.1718900
50485.00  -0.124786   0.156838  -0.1733379   -0.124840    0.156950   -0.1733440
50486.00  -0.126743   0.159259  -0.1749635   -0.126880    0.159370   -0.1749570
50487.00  -0.128511   0.161777  -0.1767825   -0.128590    0.161690   -0.1767640
50488.00  -0.130350   0.164433  -0.1787477   -0.130260    0.164120   -0.1787810
50489.00  -0.132250   0.167200  -0.1807865   -0.132220    0.167330   -0.1807960
50490.00  -0.134165   0.170000  -0.1828595   -0.134060    0.170390   -0.1828460
50491.00  -0.136191   0.172752  -0.1849226   -0.136190    0.172770   -0.1849320
50492.00  -0.138295   0.175444  -0.1868678   -0.138400    0.175240   -0.1868910
50493.00  -0.140379   0.178160  -0.1886653   -0.140490    0.178200   -0.1886420
50494.00  -0.142530   0.180941  -0.1903477   -0.142460    0.181110   -0.1903170
50495.00  -0.144884   0.183697  -0.1919402   -0.144880    0.183840   -0.1919650
50496.00  -0.147478   0.186326  -0.1934698   -0.147590    0.186540   -0.1934630
50497.00  -0.150122   0.188791  -0.1949925   -0.150110    0.188740   -0.1949620
50498.00  -0.152594   0.191120  -0.1965482   -0.152560    0.191020   -0.1965500
50499.00  -0.154965   0.193390  -0.1981573   -0.155120    0.193450   -0.1981660
50500.00  -0.157097   0.195697  -0.1998452   -0.157190    0.195650   -0.1998380
50501.00  -0.158915   0.198140  -0.2016223   -0.158970    0.197900   -0.2016180
50502.00  -0.160453   0.200800  -0.2034968   -0.160360    0.200690   -0.2034930
50503.00  -0.161818   0.203733  -0.2054597   -0.161690    0.203580   -0.2054440
50504.00  -0.163299   0.206941  -0.2074795   -0.163220    0.206860   -0.2074620
50505.00  -0.165215   0.210308  -0.2095110   -0.165150    0.210200   -0.2095060
50506.00  -0.167652   0.213624  -0.2115238   -0.167740    0.213480   -0.2115180
50507.00  -0.170138   0.216857  -0.2135309   -0.170330    0.216900   -0.2135090
50508.00  -0.172256   0.220043  -0.2155422   -0.172380    0.219970   -0.2155140
50509.00  -0.173879   0.223231  -0.2175595   -0.173970    0.223050   -0.2175420
50510.00  -0.174995   0.226453  -0.2195849   -0.175070    0.226410   -0.2195720
50511.00  -0.175740   0.229709  -0.2216355   -0.175650    0.229730   -0.2216320
50512.00  -0.176415   0.232987  -0.2237518   -0.176420    0.232950   -0.2237540
50513.00  -0.177300   0.236295  -0.2259897   -0.177190    0.236190   -0.2259670
50514.00  -0.178558   0.239568  -0.2284127   -0.178250    0.239750   -0.2283680
50515.00  -0.180253   0.242757  -0.2310411   -0.180110    0.242900   -0.2310240
50516.00  -0.182213   0.245858  -0.2338346   -0.182130    0.245820   -0.2338510
50517.00  -0.184152   0.248905  -0.2367006   -0.184210    0.248920   -0.2366890
50518.00  -0.185660   0.251986  -0.2395438   -0.185880    0.251900   -0.2395060
50519.00  -0.186433   0.255167  -0.2422867   -0.186520    0.255110   -0.2422750
50520.00  -0.186654   0.258479  -0.2448840   -0.186640    0.258650   -0.2449000
50521.00  -0.186547   0.262016  -0.2473473   -0.186430    0.261920   -0.2473450
50522.00  -0.186532   0.265890  -0.2497212   -0.186230    0.265770   -0.2496900
50523.00  -0.186927   0.270001  -0.2520565   -0.186860    0.270210   -0.2520300
50524.00  -0.187669   0.274026  -0.2543915   -0.187830    0.274290   -0.2543900
50525.00  -0.188374   0.277782  -0.2567473   -0.188480    0.277770   -0.2567630
50526.00  -0.188751   0.281365  -0.2591447   -0.188700    0.281390   -0.2591520
50527.00  -0.188948   0.284964  -0.2615966   -0.188980    0.285030   -0.2615730
50528.00  -0.189277   0.288636  -0.2640664   -0.189010    0.288660   -0.2640260
50529.00  -0.189584   0.292340  -0.2665641   -0.189180    0.292380   -0.2665350
50530.00  -0.189715   0.296049  -0.2691041   -0.189770    0.296020   -0.2691000
50531.00  -0.189650   0.299799  -0.2716708   -0.189710    0.299790   -0.2716640
50532.00  -0.189501   0.303650  -0.2742439   -0.189510    0.303670   -0.2742150
50533.00  -0.189576   0.307593  -0.2767977   -0.189610    0.307610   -0.2767820
50534.00  -0.190011   0.311542  -0.2793072   -0.190060    0.311790   -0.2793000
50535.00  -0.190465   0.315430  -0.2817635   -0.190390    0.315590   -0.2817270
50536.00  -0.190817   0.319244  -0.2841799   -0.190700    0.319190   -0.2841550
50537.00  -0.191111   0.322923  -0.2865724   -0.191090    0.323120   -0.2865830
50538.00  -0.191277   0.326401  -0.2889662   -0.191330    0.326200   -0.2889710
50539.00  -0.191095   0.329761  -0.2913990   -0.191030    0.329370   -0.2913530
50540.00  -0.190396   0.333126  -0.2939066   -0.190470    0.333060   -0.2938890
50541.00  -0.189369   0.336798  -0.2965213   -0.189510    0.336850   -0.2965170
50542.00  -0.188326   0.340644  -0.2992707   -0.188320    0.340750   -0.2992520
50543.00  -0.187324   0.344421  -0.3021543   -0.186950    0.344770   -0.3021410
50544.00  -0.186426   0.348044  -0.3051186   -0.186080    0.348490   -0.3050560
50545.00  -0.185573   0.351535  -0.3080759   -0.185710    0.351620   -0.3080380
50546.00  -0.184596   0.354973  -0.3109377   -0.184670    0.355100   -0.3109070
50547.00  -0.183491   0.358473  -0.3136437   -0.183910    0.358510   -0.3136330
50548.00  -0.182447   0.362076  -0.3161928   -0.182710    0.362170   -0.3162020
50549.00  -0.181423   0.365823  -0.3185995   -0.181650    0.365730   -0.3186020
50550.00  -0.180458   0.369697  -0.3208959   -0.180750    0.369460   -0.3209070
50551.00  -0.179741   0.373586  -0.3231184   -0.179540    0.373610   -0.3231080
50552.00  -0.179301   0.377335  -0.3253059   -0.179130    0.377460   -0.3253080
50553.00  -0.178935   0.380843  -0.3274896   -0.179170    0.381090   -0.3275180
50554.00  -0.178449   0.384082  -0.3296974   -0.178510    0.384090   -0.3297100
50555.00  -0.177770   0.387200  -0.3319711   -0.177840    0.387160   -0.3319570
50556.00  -0.176894   0.390339  -0.3342906   -0.177080    0.390390   -0.3342830
50557.00  -0.175898   0.393568  -0.3366294   -0.175800    0.393490   -0.3366160
50558.00  -0.174918   0.396920  -0.3389891   -0.174820    0.396880   -0.3389690
50559.00  -0.174074   0.400408  -0.3413517   -0.173790    0.400430   -0.3413440
50560.00  -0.173393   0.404014  -0.3436733   -0.173130    0.404030   -0.3436830
50561.00  -0.172759   0.407606  -0.3459204   -0.172750    0.407590   -0.3459270
50562.00  -0.171839   0.410966  -0.3480859   -0.172230    0.411360   -0.3480680
50563.00  -0.170499   0.414152  -0.3501739   -0.170760    0.414200   -0.3501490
50564.00  -0.168831   0.417314  -0.3521945   -0.168870    0.417240   -0.3521830
50565.00  -0.167106   0.420468  -0.3541611   -0.167060    0.420570   -0.3541560
50566.00  -0.165634   0.423541  -0.3561064   -0.165470    0.423620   -0.3560980
50567.00  -0.164540   0.426430  -0.3580823   -0.164390    0.426550   -0.3580740
50568.00  -0.163574   0.429110  -0.3601397   -0.163620    0.429130   -0.3601370
50569.00  -0.162447   0.431668  -0.3623133   -0.162550    0.431430   -0.3623130
50570.00  -0.160959   0.434208  -0.3645947   -0.161010    0.434320   -0.3645950
50571.00  -0.158952   0.436863  -0.3669830   -0.159020    0.437110   -0.3669560
50572.00  -0.156442   0.439744  -0.3694605   -0.156530    0.439490   -0.3694140
50573.00  -0.153614   0.442881  -0.3719702   -0.153640    0.442850   -0.3719270
50574.00  -0.150798   0.446180  -0.3744440   -0.150610    0.446380   -0.3744430
50575.00  -0.148127   0.449423  -0.3768402   -0.148120    0.449590   -0.3768500
50576.00  -0.145405   0.452426  -0.3790965   -0.145420    0.452510   -0.3790580
50577.00  -0.142482   0.455307  -0.3812199   -0.142440    0.455210   -0.3811930
50578.00  -0.139426   0.458227  -0.3832642   -0.139410    0.458130   -0.3832900
50579.00  -0.136461   0.461179  -0.3852533   -0.136280    0.461250   -0.3852540
50580.00  -0.133867   0.464047  -0.3872115   -0.133860    0.464070   -0.3872040
50581.00  -0.131687   0.466720  -0.3891616   -0.131640    0.466690   -0.3891660
50582.00  -0.129668   0.469178  -0.3911154   -0.129560    0.469170   -0.3911180
50583.00  -0.127578   0.471457  -0.3930758   -0.127760    0.471830   -0.3930820
50584.00  -0.125217   0.473621  -0.3950526   -0.125190    0.473650   -0.3950390
50585.00  -0.122492   0.475779  -0.3970639   -0.122280    0.475780   -0.3970140
50586.00  -0.119535   0.478059  -0.3991144   -0.119350    0.478040   -0.3990670
50587.00  -0.116559   0.480544  -0.4011911   -0.116500    0.480480   -0.4011750
50588.00  -0.113641   0.483188  -0.4032818   -0.113540    0.483140   -0.4032990
50589.00  -0.110776   0.485865  -0.4053710   -0.110730    0.485760   -0.4053930
50590.00  -0.108256   0.488391  -0.4074257   -0.108270    0.488390   -0.4074370
50591.00  -0.105963   0.490720  -0.4094314   -0.105880    0.490770   -0.4094310
50592.00  -0.103700   0.492983  -0.4114046   -0.103560    0.492970   -0.4114080
50593.00  -0.101447   0.495252  -0.4133742   -0.101400    0.495370   -0.4133980
50594.00  -0.099172   0.497478  -0.4153798   -0.099110    0.497570   -0.4154060
50595.00  -0.096785   0.499650  -0.4174722   -0.096900    0.499300   -0.4174680
50596.00  -0.094267   0.501741  -0.4196953   -0.094180    0.501500   -0.4197000
50597.00  -0.091850   0.503791  -0.4220672   -0.091740    0.504070   -0.4220830
50598.00  -0.089584   0.505799  -0.4245581   -0.089680    0.506070   -0.4245640
50599.00  -0.087350   0.507760  -0.4270965   -0.087270    0.507660   -0.4271100
50600.00  -0.085071   0.509688  -0.4296072   -0.084900    0.509870   -0.4295920
50601.00  -0.082698   0.511540  -0.4320282   -0.082550    0.511740   -0.4320310
50602.00  -0.080141   0.513310  -0.4342951   -0.080290    0.513170   -0.4342640
50603.00  -0.077450   0.515008  -0.4363661   -0.077560    0.514830   -0.4363590
50604.00  -0.074955   0.516512  -0.4382224   -0.074960    0.516480   -0.4382470
50605.00  -0.072662   0.517746  -0.4398921   -0.072650    0.517730   -0.4398790
50606.00  -0.070423   0.518722  -0.4414443   -0.070340    0.518680   -0.4414520
50607.00  -0.068053   0.519422  -0.4429291   -0.068210    0.519640   -0.4429350
50608.00  -0.065268   0.519887  -0.4443891   -0.065500    0.520040   -0.4443870
50609.00  -0.061898   0.520349  -0.4458636   -0.061880    0.520140   -0.4458620
50610.00  -0.058127   0.521097  -0.4473822   -0.058090    0.520920   -0.4473900
50611.00  -0.054367   0.522302  -0.4489535   -0.054330    0.522280   -0.4489650
50612.00  -0.050642   0.523897  -0.4505582   -0.050440    0.523870   -0.4505490
50613.00  -0.046970   0.525560  -0.4521676   -0.046980    0.525830   -0.4521290
50614.00  -0.043365   0.526958  -0.4537530   -0.043510    0.527200   -0.4537240
50615.00  -0.039765   0.528003  -0.4552828   -0.039660    0.528020   -0.4552880
50616.00  -0.036136   0.528829  -0.4567309   -0.036070    0.528570   -0.4567500
50617.00  -0.032476   0.529592  -0.4580759   -0.032510    0.529440   -0.4580800
50618.00  -0.028867   0.530411  -0.4592748   -0.028920    0.530430   -0.4592590
50619.00  -0.025152   0.531246  -0.4603396   -0.025010    0.531400   -0.4603310
50620.00  -0.021281   0.532003  -0.4613282   -0.021080    0.532140   -0.4613360
50621.00  -0.017250   0.532620  -0.4623065   -0.017230    0.532690   -0.4623090
50622.00  -0.013076   0.533105  -0.4633442   -0.012820    0.533010   -0.4633470
50623.00  -0.008959   0.533538  -0.4644849   -0.008700    0.533480   -0.4644800
50624.00  -0.005037   0.533969  -0.4657361   -0.004870    0.533880   -0.4657440
50625.00  -0.001305   0.534422  -0.4670736   -0.001160    0.534400   -0.4670770
50626.00   0.002419   0.534850  -0.4684479    0.002430    0.534990   -0.4684540
50627.00   0.006322   0.535197  -0.4697869    0.006390    0.535310   -0.4698040
50628.00   0.010476   0.535489  -0.4710285    0.010520    0.535600   -0.4710160
50629.00   0.014809   0.535883  -0.4721332    0.014850    0.535860   -0.4721370
50630.00   0.019205   0.536419   0.5269220    0.019150    0.536250    0.5268940
50631.00   0.023493   0.536912   0.5261374    0.023390    0.536680    0.5261270
50632.00   0.027452   0.537141   0.5254967    0.027540    0.537280    0.5255080
50633.00   0.031223   0.537076   0.5249515    0.031140    0.536960    0.5249520
50634.00   0.034962   0.536773   0.5244340    0.034850    0.536560    0.5244230
50635.00   0.038689   0.536291   0.5238814    0.038740    0.536120    0.5238950
50636.00   0.042534   0.535696   0.5232476    0.042370    0.535810    0.5232340
50637.00   0.046663   0.535063   0.5225157    0.046380    0.534930    0.5224760
50638.00   0.050873   0.534487   0.5216906    0.050830    0.534450    0.5216790
50639.00   0.054750   0.534055   0.5207857    0.054960    0.534310    0.5207760
50640.00   0.058275   0.533596   0.5198074    0.058500    0.533840    0.5198110
50641.00   0.061703   0.532970   0.5187691    0.061880    0.533060    0.5187780
50642.00   0.065250   0.532212   0.5176801    0.065180    0.532240    0.5176940
50643.00   0.068880   0.531426   0.5165642    0.068750    0.531420    0.5166260
50644.00   0.072463   0.530698   0.5154546    0.072390    0.530670    0.5154970
50645.00   0.075783   0.530020   0.5143902    0.075690    0.529910    0.5143660
50646.00   0.078739   0.529321   0.5133592    0.078780    0.529110    0.5133850
50647.00   0.081527   0.528578   0.5122953    0.081560    0.528620    0.5123300
50648.00   0.084482   0.527746   0.5111334    0.084430    0.527980    0.5111090
50649.00   0.087863   0.526792   0.5098259    0.087470    0.526420    0.5098570
50650.00   0.091630   0.525731   0.5083296    0.091370    0.525420    0.5083920
50651.00   0.095462   0.524636   0.5066364    0.095540    0.524670    0.5066460
50652.00   0.099070   0.523593   0.5047789    0.099300    0.523600    0.5047620
50653.00   0.102369   0.522632   0.5028128    0.102360    0.522590    0.5028580
50654.00   0.105406   0.521769   0.5007884    0.105250    0.521650    0.5008370
50655.00   0.108028   0.520860   0.4988149    0.108100    0.520900    0.4987890
50656.00   0.110314   0.519815   0.4969636    0.110350    0.519920    0.4969520
50657.00   0.112515   0.518611   0.4952704    0.112490    0.518700    0.4952740
50658.00   0.114866   0.517276   0.4937342    0.114770    0.517170    0.4937570
50659.00   0.117460   0.515918   0.4923373    0.117530    0.515740    0.4923430
50660.00   0.120245   0.514597   0.4910524    0.120280    0.514540    0.4910370
50661.00   0.123226   0.513301   0.4898217    0.123130    0.513310    0.4898480
50662.00   0.126325   0.512004   0.4885897    0.126390    0.512030    0.4885980
50663.00   0.129373   0.510695   0.4873339    0.129470    0.510800    0.4872900
50664.00   0.132300   0.509356   0.4860454    0.132500    0.509470    0.4860610
50665.00   0.135125   0.507996   0.4847079    0.135210    0.508000    0.4847340
50666.00   0.137790   0.506654   0.4833214    0.137730    0.506730    0.4833070
50667.00   0.140168   0.505311   0.4818941    0.140190    0.505620    0.4819060
50668.00   0.142406   0.503863   0.4804318    0.142330    0.503990    0.4804660
50669.00   0.144656   0.502196   0.4789539    0.144720    0.502370    0.4789680
50670.00   0.146894   0.500298   0.4774990    0.146900    0.500350    0.4775170
50671.00   0.149084   0.498268   0.4761027    0.149040    0.498160    0.4761580
50672.00   0.151262   0.496249   0.4747824    0.151260    0.496060    0.4748590
50673.00   0.153451   0.494316   0.4735354    0.153290    0.494020    0.4735610
50674.00   0.155554   0.492263   0.4723490    0.155510    0.492230    0.4723190
50675.00   0.157518   0.490077   0.4711881    0.157600    0.489950    0.4711990
50676.00   0.159400   0.487885   0.4699843    0.159390    0.487510    0.4700320
50677.00   0.161219   0.485756   0.4686609    0.161220    0.485780    0.4686570
50678.00   0.163022   0.483664   0.4671734    0.162940    0.483860    0.4671290
50679.00   0.164917   0.481520   0.4655203    0.165070    0.481530    0.4655210
50680.00   0.166942   0.479299   0.4637208    0.167120    0.479130    0.4637370
50681.00   0.169141   0.476973   0.4618231    0.169090    0.476780    0.4617800
50682.00   0.171583   0.474577   0.4599375    0.171650    0.474590    0.4599200
50683.00   0.174167   0.472261   0.4581597    0.174220    0.472300    0.4581840
50684.00   0.176778   0.470154   0.4565369    0.176740    0.470020    0.4564810
50685.00   0.179283   0.468296   0.4550755    0.179480    0.468220    0.4549860
50686.00   0.181563   0.466641   0.4537300    0.181730    0.466700    0.4537580
50687.00   0.183704   0.465033   0.4524304    0.183670    0.465180    0.4524560
50688.00   0.185879   0.463308   0.4511285    0.186040    0.463220    0.4510470
50689.00   0.188047   0.461515   0.4498180    0.188200    0.461540    0.4497610
50690.00   0.190182   0.459681   0.4484854    0.190040    0.459870    0.4484800
50691.00   0.192397   0.457851   0.4471108    0.192810    0.457580    0.4470950
50692.00   0.194835   0.456075   0.4456687    0.195190    0.455900    0.4456580
50693.00   0.197512   0.454304   0.4441490    0.197410    0.454390    0.4441620
50694.00   0.200273   0.452464   0.4425676    0.199960    0.452670    0.4425770
50695.00   0.202819   0.450531   0.4409528    0.202790    0.450800    0.4409470
50696.00   0.204834   0.448415   0.4393440    0.204910    0.448760    0.4393220
50697.00   0.206425   0.446053   0.4377641    0.206370    0.446300    0.4377530
50698.00   0.207950   0.443508   0.4362179    0.207950    0.443560    0.4362150
50699.00   0.209613   0.440941   0.4347090    0.209570    0.440850    0.4347020
50700.00   0.211333   0.438467   0.4332717    0.211080    0.438240    0.4332700
50701.00   0.212799   0.435949   0.4319120    0.212530    0.435910    0.4319150
50702.00   0.214129   0.433249   0.4305354    0.213980    0.433250    0.4305350
50703.00   0.215443   0.430595   0.4290757    0.215450    0.430440    0.4290670
50704.00   0.216636   0.428209   0.4274979    0.216880    0.428020    0.4275020
50705.00   0.217447   0.426056   0.4257653    0.217650    0.426110    0.4257870
50706.00   0.217825   0.423914   0.4238243    0.218030    0.424210    0.4238360
50707.00   0.217939   0.421578   0.4216578    0.218030    0.421720    0.4216490
50708.00   0.218042   0.419053   0.4193071    0.217980    0.419020    0.4192990
50709.00   0.218405   0.416554   0.4168661    0.218320    0.416550    0.4168570
50710.00   0.219060   0.414120   0.4144571    0.219070    0.414120    0.4144540
50711.00   0.219824   0.411705   0.4121859    0.219840    0.411700    0.4122050
50712.00   0.220552   0.409271   0.4100988    0.220580    0.409270    0.4101310
50713.00   0.221159   0.406759   0.4081784    0.221230    0.406690    0.4081940
50714.00   0.221544   0.404116   0.4063782    0.221670    0.403970    0.4063660
50715.00   0.221639   0.401267   0.4046411    0.221680    0.400980    0.4046340
50716.00   0.221427   0.398075   0.4029151    0.221290    0.397770    0.4029280
50717.00   0.221148   0.394691   0.4011444    0.221180    0.394520    0.4011560
50718.00   0.220967   0.391340   0.3992871    0.220850    0.391110    0.3992790
50719.00   0.220896   0.388141   0.3973575    0.220760    0.387900    0.3973340
50720.00   0.220936   0.385125   0.3953779    0.220990    0.385200    0.3953510
50721.00   0.221029   0.382236   0.3933771    0.221110    0.382080    0.3933600
50722.00   0.221183   0.379339   0.3913652    0.221130    0.379260    0.3913550
50723.00   0.221438   0.376317   0.3893063    0.221440    0.376660    0.3893070
50724.00   0.221678   0.373215   0.3872347    0.221760    0.373380    0.3872330
50725.00   0.221852   0.370134   0.3852065    0.221910    0.370090    0.3852180
50726.00   0.222066   0.367211   0.3832492    0.222050    0.367100    0.3832650
50727.00   0.222328   0.364524   0.3813624    0.222270    0.364270    0.3813700
50728.00   0.222531   0.362045   0.3795218    0.222490    0.361950    0.3795040
50729.00   0.222583   0.359663   0.3776878    0.222450    0.359630    0.3776800
50730.00   0.222463   0.357334   0.3758081    0.222590    0.357400    0.3758620
50731.00   0.222364   0.354973   0.3738415    0.222250    0.355160    0.3739320
50732.00   0.222546   0.352483   0.3717573    0.222270    0.352650    0.3718190
50733.00   0.223066   0.349874   0.3695248    0.223130    0.349980    0.3695390
50734.00   0.223742   0.347247   0.3671319    0.224030    0.347190    0.3671270
50735.00   0.224350   0.344654   0.3646101    0.224420    0.344320    0.3646070
50736.00   0.224829   0.342047   0.3620202    0.224770    0.341830    0.3620180
50737.00   0.225233   0.339341   0.3594312    0.225390    0.339510    0.3594170
50738.00   0.225513   0.336514   0.3569238    0.225690    0.336490    0.3568930
50739.00   0.225723   0.333587   0.3545707    0.225510    0.333780    0.3545530
50740.00   0.226071   0.330617   0.3524006    0.225840    0.330710    0.3524200
50741.00   0.226734   0.327713   0.3503925    0.226660    0.327500    0.3504260
50742.00   0.227583   0.324971   0.3485072    0.227620    0.324710    0.3485250
50743.00   0.228135   0.322377   0.3467023    0.228130    0.322290    0.3467090
50744.00   0.228073   0.319805   0.3449452    0.227930    0.319980    0.3449410
50745.00   0.227639   0.317177   0.3431894    0.227590    0.317140    0.3431750
50746.00   0.227015   0.314451   0.3413928    0.227000    0.314360    0.3413770
50747.00   0.226260   0.311590   0.3395366    0.226170    0.311650    0.3395010
50748.00   0.225349   0.308591   0.3376163    0.225500    0.308760    0.3375650
50749.00   0.224117   0.305464   0.3356391    0.224230    0.305610    0.3356010
50750.00   0.222553   0.302189   0.3336090    0.222490    0.302310    0.3336030
50751.00   0.220887   0.298780   0.3315353    0.221120    0.298860    0.3315420
50752.00   0.219360   0.295439   0.3294279    0.219130    0.295250    0.3294120
50753.00   0.218197   0.292331   0.3272972    0.217830    0.292330    0.3272540
50754.00   0.217440   0.289537   0.3251797    0.217660    0.290260    0.3251270
50755.00   0.216911   0.287060   0.3231026    0.217200    0.287420    0.3230750
50756.00   0.216413   0.284799   0.3210639    0.216380    0.285030    0.3210520
50757.00   0.215856   0.282591   0.3190230    0.215990    0.282700    0.3190130
50758.00   0.215208   0.280313   0.3168940    0.215420    0.280340    0.3168880
50759.00   0.214575   0.278014   0.3146522    0.214490    0.278000    0.3146430
50760.00   0.213973   0.275719   0.3123008    0.213790    0.275840    0.3122920
50761.00   0.213355   0.273388   0.3098278    0.213340    0.273380    0.3098240
50762.00   0.212621   0.271003   0.3072218    0.212890    0.271220    0.3072180
50763.00   0.211614   0.268548   0.3045421    0.211850    0.268880    0.3045330
50764.00   0.210284   0.266043   0.3018805    0.210220    0.266070    0.3018760
50765.00   0.208730   0.263564   0.2993329    0.208840    0.263480    0.2993360
50766.00   0.207088   0.261177   0.2969961    0.207230    0.261170    0.2969980
50767.00   0.205438   0.258919   0.2949190    0.205490    0.258980    0.2949020
50768.00   0.203918   0.256761   0.2930689    0.203880    0.256780    0.2930260
50769.00   0.202655   0.254669   0.2913779    0.202760    0.254780    0.2913250
50770.00   0.201619   0.252564   0.2897821    0.201850    0.252560    0.2897440
50771.00   0.200584   0.250318   0.2882163    0.200620    0.250230    0.2882030
50772.00   0.199174   0.247864   0.2866280    0.199210    0.248060    0.2866450
50773.00   0.197451   0.245209   0.2850227    0.197520    0.245450    0.2850530
50774.00   0.195727   0.242394   0.2834162    0.195750    0.242480    0.2834300
50775.00   0.194034   0.239527   0.2817959    0.194200    0.239640    0.2817920
50776.00   0.192232   0.236767   0.2801566    0.192380    0.236780    0.2801520
50777.00   0.190303   0.234238   0.2785077    0.190440    0.234200    0.2785100
50778.00   0.188296   0.231988   0.2768699    0.188400    0.232120    0.2768720
50779.00   0.186082   0.230043   0.2752722    0.186160    0.230400    0.2752670
50780.00   0.183599   0.228284   0.2737303    0.183680    0.228470    0.2737230
50781.00   0.180925   0.226584   0.2722504    0.181050    0.226750    0.2722450
50782.00   0.178200   0.224851   0.2708259    0.178370    0.225150    0.2708160
50783.00   0.175672   0.223009   0.2694351    0.175500    0.223390    0.2694290
50784.00   0.173588   0.221047   0.2680505    0.173170    0.221480    0.2680540
50785.00   0.171942   0.219053   0.2666417    0.171810    0.219080    0.2666530
50786.00   0.170344   0.217157   0.2651830    0.170440    0.217090    0.2651940
50787.00   0.168527   0.215369   0.2636186    0.168750    0.215580    0.2636170
50788.00   0.166342   0.213626   0.2618905    0.166520    0.213890    0.2618910
50789.00   0.163903   0.211872   0.2599495    0.164000    0.212020    0.2599740
50790.00   0.161422   0.210090   0.2577994    0.161480    0.210280    0.2578130
50791.00   0.159046   0.208306   0.2555327    0.159250    0.208410    0.2555200
50792.00   0.157016   0.206578   0.2532611    0.157260    0.206590    0.2532500
50793.00   0.155360   0.204964   0.2510794    0.155610    0.204990    0.2510800
50794.00   0.153813   0.203422   0.2490314    0.154140    0.203490    0.2490330
50795.00   0.151960   0.201840   0.2471484    0.152290    0.202230    0.2471530
50796.00   0.149526   0.200084   0.2454378    0.149870    0.200740    0.2454510
50797.00   0.146669   0.198079   0.2438609    0.146680    0.198370    0.2438760
50798.00   0.143768   0.195933   0.2423544    0.143740    0.196060    0.2423610
50799.00   0.141075   0.193902   0.2408754    0.141160    0.194160    0.2408750
50800.00   0.138876   0.192194   0.2393864    0.139040    0.192400    0.2393930
50801.00   0.137047   0.190980   0.2378658    0.137340    0.191070    0.2378620
50802.00   0.134949   0.190057   0.2362873    0.135090    0.190480    0.2362660
50803.00   0.132348   0.189130   0.2346470    0.132320    0.189640    0.2346450
50804.00   0.129498   0.188011   0.2329639    0.129690    0.188190    0.2329880
50805.00   0.126543   0.186609   0.2312498    0.126820    0.186830    0.2312730
50806.00   0.123555   0.184907   0.2295451    0.123590    0.185080    0.2295430
50807.00   0.120723   0.183142   0.2278943    0.120750    0.183220    0.2278720
50808.00   0.118041   0.181462   0.2263238    0.118120    0.181490    0.2263070
50809.00   0.115429   0.179926   0.2248520    0.115510    0.179870    0.2248460
50810.00   0.112782   0.178571   0.2234795    0.112950    0.178530    0.2234750
50811.00   0.110042   0.177409   0.2221795    0.110410    0.177530    0.2221700
50812.00   0.107282   0.176420   0.2208913    0.107600    0.176500    0.2208800
50813.00   0.104669   0.175520   0.2195567    0.104840    0.175500    0.2195510
50814.00   0.102330   0.174610   0.2181268    0.102620    0.174590    0.2181430
50815.00   0.100067   0.173756   0.2165474    0.100400    0.173810    0.2165920
50816.00   0.097717   0.173046   0.2147880    0.097860    0.173110    0.2148370
50817.00   0.095308   0.172486   0.2128524    0.095580    0.172660    0.2128680
50818.00   0.092881   0.172032   0.2107892    0.093160    0.172300    0.2107640
50819.00   0.090425   0.171596   0.2087156    0.090530    0.171710    0.2086890
50820.00   0.087912   0.171078   0.2067344    0.088120    0.171270    0.2067320
50821.00   0.085272   0.170438   0.2048885    0.085520    0.170630    0.2048730
50822.00   0.082407   0.169723   0.2032072    0.082510    0.169920    0.2031800
50823.00   0.079324   0.169046   0.2016899    0.079420    0.168960    0.2016870
50824.00   0.076072   0.168515   0.2002746    0.076390    0.168470    0.2002920
50825.00   0.072675   0.168147   0.1988820    0.072880    0.168310    0.1988680
50826.00   0.069398   0.167910   0.1974576    0.069500    0.167940    0.1974300
50827.00   0.066566   0.167768   0.1959508    0.066770    0.167790    0.1959580
50828.00   0.063657   0.167608   0.1943544    0.063900    0.167680    0.1943530
50829.00   0.060477   0.167464   0.1927001    0.060510    0.167550    0.1926850
50830.00   0.057260   0.167422   0.1910127    0.057290    0.167510    0.1910200
50831.00   0.054151   0.167516   0.1892952    0.054110    0.167560    0.1893100
50832.00   0.051100   0.167743   0.1875474    0.051120    0.167890    0.1875500
50833.00   0.047984   0.167986   0.1857901    0.048350    0.168320    0.1857890
50834.00   0.044715   0.168028   0.1840492    0.044980    0.168210    0.1840490
50835.00   0.041334   0.167746   0.1823291    0.041680    0.167720    0.1823160
50836.00   0.037958   0.167314   0.1806273    0.038150    0.167320    0.1806180
50837.00   0.034688   0.166906   0.1789316    0.034730    0.167260    0.1789340
50838.00   0.031556   0.166612   0.1772322    0.031770    0.167010    0.1772150
50839.00   0.028551   0.166534   0.1755271    0.028770    0.166600    0.1754970
50840.00   0.025795   0.166733   0.1737632    0.025910    0.166860    0.1737480
50841.00   0.023234   0.167166   0.1718530    0.023200    0.167300    0.1718700
50842.00   0.020394   0.167717   0.1697221    0.020430    0.167790    0.1697400
50843.00   0.017343   0.168286   0.1673762    0.017520    0.168400    0.1673530
50844.00   0.014234   0.168811   0.1648804    0.014380    0.168980    0.1648510
50845.00   0.011108   0.169359   0.1623325    0.011350    0.169560    0.1623420
50846.00   0.007955   0.170019   0.1597821    0.007820    0.170180    0.1597890
50847.00   0.004686   0.170837   0.1572725    0.004450    0.170980    0.1572640
50848.00   0.001321   0.171691   0.1548339    0.001740    0.171850    0.1548260
50849.00  -0.001925   0.172410   0.1524679   -0.001740    0.172650    0.1524600
50850.00  -0.004907   0.173114   0.1502065   -0.005010    0.173440    0.1501780
50851.00  -0.007577   0.173869   0.1480662   -0.007560    0.174140    0.1480560
50852.00  -0.010035   0.174566   0.1459967   -0.009850    0.174770    0.1460250
50853.00  -0.012460   0.175079   0.1439594   -0.012370    0.175200    0.1439480
50854.00  -0.015089   0.175334   0.1419780   -0.014930    0.175270    0.1419500
50855.00  -0.017954   0.175401   0.1400520   -0.017950    0.175420    0.1400530
50856.00  -0.020654   0.175617   0.1381159   -0.020750    0.175750    0.1381030
50857.00  -0.023038   0.176036   0.1361486   -0.022900    0.176290    0.1361190
50858.00  -0.025089   0.176594   0.1341574   -0.025110    0.176620    0.1341540
50859.00  -0.026885   0.177371   0.1321610   -0.026860    0.177210    0.1321700
50860.00  -0.028529   0.178429   0.1301747   -0.028500    0.178670    0.1302110
50861.00  -0.030138   0.179743   0.1282129   -0.030170    0.179970    0.1282310
50862.00  -0.032005   0.181204   0.1263079   -0.031880    0.181340    0.1262970
50863.00  -0.034594   0.182632   0.1244965   -0.034580    0.182820    0.1244970
50864.00  -0.037751   0.183914   0.1227247   -0.037650    0.184250    0.1227710
50865.00  -0.041186   0.185022   0.1209348   -0.040900    0.185400    0.1210210
50866.00  -0.044703   0.185960   0.1191234   -0.044630    0.186210    0.1191930
50867.00  -0.047998   0.186807   0.1172605   -0.048200    0.186940    0.1172860
50868.00  -0.050931   0.187634   0.1152941   -0.051200    0.187930    0.1152930
50869.00  -0.053569   0.188438   0.1131771   -0.053470    0.188800    0.1131760
50870.00  -0.055810   0.189277   0.1108978   -0.055720    0.189430    0.1109010
50871.00  -0.057486   0.190283   0.1084770   -0.057560    0.190280    0.1084740
50872.00  -0.058657   0.191598   0.1059310   -0.058660    0.191770    0.1059310
50873.00  -0.059602   0.193205   0.1032905   -0.059380    0.193340    0.1033060
50874.00  -0.060660   0.194960   0.1006586   -0.060390    0.194970    0.1006710
50875.00  -0.062008   0.196729   0.0981386   -0.061790    0.196830    0.0981390
50876.00  -0.063592   0.198476   0.0957946   -0.063460    0.198530    0.0957850
50877.00  -0.065267   0.200360   0.0936210   -0.065140    0.200500    0.0935970
50878.00  -0.066905   0.202319   0.0915841   -0.066730    0.202460    0.0915420
50879.00  -0.068490   0.204312   0.0896482   -0.068240    0.204350    0.0895940
50880.00  -0.070085   0.206386   0.0877786   -0.070080    0.206330    0.0877340
50881.00  -0.071696   0.208509   0.0859377   -0.071740    0.208600    0.0859110
50882.00  -0.073337   0.210604   0.0840788   -0.073230    0.210690    0.0840630
50883.00  -0.074912   0.212602   0.0821452   -0.074840    0.212610    0.0821340
50884.00  -0.076183   0.214536   0.0800910   -0.076150    0.214770    0.0801100
50885.00  -0.077239   0.216649   0.0779831   -0.077210    0.216810    0.0780040
50886.00  -0.078422   0.218857   0.0758586   -0.078270    0.219010    0.0758610
50887.00  -0.080159   0.220952   0.0737412   -0.079990    0.221170    0.0737280
50888.00  -0.082383   0.222816   0.0716611   -0.082370    0.222800    0.0716340
50889.00  -0.084734   0.224483   0.0696389   -0.084700    0.224290    0.0696090
50890.00  -0.086987   0.226085   0.0676945   -0.086850    0.226100    0.0676700
50891.00  -0.089008   0.227692   0.0658367   -0.088830    0.227490    0.0658220
50892.00  -0.090879   0.229385   0.0640498   -0.090580    0.229270    0.0640470
50893.00  -0.092870   0.231116   0.0623018   -0.092640    0.231340    0.0623090
50894.00  -0.094860   0.232676   0.0605486   -0.094790    0.232860    0.0605620
50895.00  -0.096558   0.234047   0.0587419   -0.096640    0.234260    0.0587590
50896.00  -0.097957   0.235445   0.0568313   -0.097950    0.235530    0.0568400
50897.00  -0.099289   0.237069   0.0547597   -0.099210    0.237070    0.0547480
50898.00  -0.100687   0.238870   0.0524515   -0.100620    0.239000    0.0524510
50899.00  -0.102256   0.240823   0.0499414   -0.102090    0.240920    0.0499410
50900.00  -0.104010   0.242915   0.0473499   -0.103850    0.242890    0.0473420
50901.00  -0.105925   0.245145   0.0447784   -0.105760    0.245180    0.0447980
50902.00  -0.107733   0.247444   0.0422919   -0.107670    0.247570    0.0423000
50903.00  -0.109077   0.249741   0.0399650   -0.109050    0.249770    0.0399470
50904.00  -0.109935   0.252103   0.0378239   -0.109830    0.252060    0.0378020
50905.00  -0.110527   0.254548   0.0358353   -0.110280    0.254420    0.0358140
50906.00  -0.111154   0.256961   0.0339580   -0.110870    0.256870    0.0339240
50907.00  -0.112007   0.259254   0.0321401   -0.111810    0.259280    0.0321020
50908.00  -0.112987   0.261411   0.0303301   -0.112870    0.261520    0.0303230
50909.00  -0.113778   0.263513   0.0284947   -0.113770    0.263420    0.0285300
50910.00  -0.114131   0.265742   0.0266181   -0.114090    0.265490    0.0266580
50911.00  -0.114147   0.268209   0.0246935   -0.114030    0.268270    0.0247080
50912.00  -0.113999   0.270830   0.0227298   -0.113910    0.270980    0.0227410
50913.00  -0.113829   0.273649   0.0207804   -0.113910    0.273640    0.0207910
50914.00  -0.113728   0.276606   0.0188422   -0.113670    0.276770    0.0188450
50915.00  -0.113850   0.279529   0.0168902   -0.113640    0.279590    0.0168970
50916.00  -0.114218   0.282316   0.0149437   -0.114090    0.282260    0.0149670
50917.00  -0.114694   0.284973   0.0130558   -0.114540    0.285160    0.0130720
50918.00  -0.115071   0.287594   0.0112541   -0.114800    0.287640    0.0112440
50919.00  -0.114962   0.290211   0.0095180   -0.114880    0.290140    0.0095240
50920.00  -0.114593   0.292907   0.0078497   -0.114520    0.292890    0.0078650
50921.00  -0.114123   0.295738   0.0061926   -0.113800    0.295860    0.0061990
50922.00  -0.113765   0.298599   0.0044955   -0.113500    0.298690    0.0044940
50923.00  -0.113651   0.301376   0.0027115   -0.113460    0.301360    0.0027230
50924.00  -0.113687   0.304101   0.0007922   -0.113590    0.304190    0.0008070
50925.00  -0.113745   0.306874  -0.0013031   -0.113720    0.307070   -0.0012960
50926.00  -0.113785   0.309763  -0.0035829   -0.113540    0.309850   -0.0035750
50927.00  -0.113731   0.312527  -0.0060392   -0.113670    0.312610   -0.0060240
50928.00  -0.113542   0.314955  -0.0086030   -0.113670    0.315030   -0.0085900
50929.00  -0.113192   0.317088  -0.0111380   -0.113000    0.317070   -0.0111280
50930.00  -0.112849   0.319179  -0.0135214   -0.112520    0.319060   -0.0135040
50931.00  -0.112779   0.321423  -0.0156958   -0.112730    0.321280   -0.0156750
50932.00  -0.113003   0.323784  -0.0176699   -0.113080    0.323640   -0.0176610
50933.00  -0.113272   0.326044  -0.0195105   -0.113090    0.326010   -0.0195140
50934.00  -0.113419   0.328142  -0.0212989   -0.113480    0.328220   -0.0213010
50935.00  -0.113532   0.330140  -0.0230801   -0.113460    0.330150   -0.0230680
50936.00  -0.113724   0.332146  -0.0248627   -0.113500    0.332250   -0.0248360
50937.00  -0.113999   0.334250  -0.0266435   -0.113900    0.334350   -0.0266060
50938.00  -0.114283   0.336511  -0.0284218   -0.114060    0.336460   -0.0283880
50939.00  -0.114503   0.338910  -0.0302130   -0.114270    0.338950   -0.0301970
50940.00  -0.114596   0.341219  -0.0320567   -0.114420    0.341170   -0.0320350
50941.00  -0.114527   0.343367  -0.0339048   -0.114350    0.343360   -0.0338790
50942.00  -0.114308   0.345406  -0.0357187   -0.114230    0.345460   -0.0357040
50943.00  -0.113923   0.347417  -0.0374953   -0.113610    0.347380   -0.0374910
50944.00  -0.113420   0.349476  -0.0392108   -0.113120    0.349430   -0.0392160
50945.00  -0.112913   0.351594  -0.0408403   -0.112850    0.351680   -0.0408540
50946.00  -0.112428   0.353738  -0.0423730   -0.112340    0.353770   -0.0423860
50947.00  -0.111946   0.355832  -0.0438200   -0.111790    0.355760   -0.0438250
50948.00  -0.111435   0.357812  -0.0452267   -0.111280    0.357820   -0.0452220
50949.00  -0.110968   0.359665  -0.0466667   -0.110670    0.359770   -0.0466610
50950.00  -0.110639   0.361433  -0.0482169   -0.110410    0.361540   -0.0482240
50951.00  -0.110376   0.363189  -0.0499317   -0.110290    0.363160   -0.0499590
50952.00  -0.110102   0.365018  -0.0518421   -0.110140    0.365110   -0.0518730
50953.00  -0.109967   0.367001  -0.0539483   -0.109960    0.367090   -0.0539550
50954.00  -0.109945   0.369171  -0.0562109   -0.109810    0.369190   -0.0561900
50955.00  -0.109673   0.371698  -0.0585571   -0.109650    0.371850   -0.0585430
50956.00  -0.109234   0.374455  -0.0609492   -0.109220    0.374630   -0.0609400
50957.00  -0.108731   0.377218  -0.0632756   -0.108590    0.377330   -0.0632740
50958.00  -0.108142   0.379851  -0.0654284   -0.107930    0.379900   -0.0654430
50959.00  -0.107668   0.382295  -0.0673610   -0.107430    0.382270   -0.0673860
50960.00  -0.107472   0.384492  -0.0690754   -0.107250    0.384510   -0.0690950
50961.00  -0.107423   0.386358  -0.0705961   -0.107410    0.386640   -0.0706060
50962.00  -0.107151   0.387984  -0.0719801   -0.107110    0.388050   -0.0719760
50963.00  -0.106549   0.389639  -0.0733016   -0.106410    0.389480   -0.0732880
50964.00  -0.105883   0.391519  -0.0746174   -0.105720    0.391520   -0.0746120
50965.00  -0.105316   0.393568  -0.0759485   -0.105150    0.393650   -0.0759530
50966.00  -0.104823   0.395623  -0.0772754   -0.104610    0.395670   -0.0772840
50967.00  -0.104525   0.397545  -0.0785861   -0.104580    0.397600   -0.0785930
50968.00  -0.104589   0.399252  -0.0798820   -0.104650    0.399280   -0.0798900
50969.00  -0.104719   0.400837  -0.0811497   -0.104610    0.400860   -0.0811560
50970.00  -0.104591   0.402402  -0.0823602   -0.104480    0.402480   -0.0823650
50971.00  -0.104185   0.403981  -0.0834622   -0.104060    0.404030   -0.0834740
50972.00  -0.103655   0.405577  -0.0844369   -0.103460    0.405670   -0.0844450
50973.00  -0.103042   0.407182  -0.0852883   -0.102880    0.407220   -0.0852860
50974.00  -0.102217   0.408801  -0.0860368   -0.102140    0.408820   -0.0860440
50975.00  -0.101272   0.410408  -0.0867308   -0.101130    0.410530   -0.0867380
50976.00  -0.100513   0.411926  -0.0874101   -0.100270    0.412130   -0.0873920
50977.00  -0.100010   0.413302  -0.0881062   -0.099840    0.413470   -0.0880890
50978.00  -0.099407   0.414567  -0.0888650   -0.099300    0.414620   -0.0888680
50979.00  -0.098389   0.415830  -0.0897238   -0.098200    0.415820   -0.0897280
50980.00  -0.097022   0.417175  -0.0906571   -0.096830    0.417220   -0.0906520
50981.00  -0.095357   0.418640  -0.0916396   -0.095290    0.418670   -0.0916240
50982.00  -0.093646   0.420329  -0.0926459   -0.093450    0.420380   -0.0926230
50983.00  -0.091783   0.421990  -0.0936208   -0.091580    0.422120   -0.0936100
50984.00  -0.089921   0.423490  -0.0945457   -0.089720    0.423670   -0.0945390
50985.00  -0.088168   0.424852  -0.0953771   -0.087960    0.425010   -0.0953740
50986.00  -0.086454   0.426143  -0.0960672   -0.086300    0.426230   -0.0960770
50987.00  -0.084694   0.427473  -0.0966007   -0.084560    0.427490   -0.0966180
50988.00  -0.082934   0.428940  -0.0970187   -0.082690    0.428930   -0.0970360
50989.00  -0.081371   0.430507  -0.0974038   -0.081120    0.430630   -0.0974240
50990.00  -0.079860   0.431951  -0.0977963   -0.079670    0.432110   -0.0978250
50991.00  -0.078218   0.433227  -0.0982229   -0.078070    0.433380   -0.0982420
50992.00  -0.076251   0.434408  -0.0986901   -0.076120    0.434520   -0.0986920
50993.00  -0.073849   0.435647  -0.0992107   -0.073650    0.435640   -0.0992050
50994.00  -0.071100   0.437082  -0.0997910   -0.070940    0.437030   -0.0997880
50995.00  -0.068239   0.438694  -0.1004131   -0.068160    0.438840   -0.1004110
50996.00  -0.065567   0.440347  -0.1010373   -0.065400    0.440690   -0.1010300
50997.00  -0.063009   0.441996  -0.1016024   -0.062830    0.442190   -0.1015890
50998.00  -0.060511   0.443674  -0.1020711   -0.060370    0.443770   -0.1020530
50999.00  -0.057993   0.445381  -0.1024447   -0.057850    0.445490   -0.1024230
51000.00  -0.055404   0.447048  -0.1027229   -0.055190    0.447270   -0.1027270
51001.00  -0.052822   0.448568  -0.1029010   -0.052640    0.448880   -0.1029200
51002.00  -0.050272   0.449909  -0.1029867   -0.050110    0.450080   -0.1030040
51003.00  -0.047789   0.451171  -0.1030078   -0.047580    0.451160   -0.1030060
51004.00  -0.045284   0.452559  -0.1030458   -0.045060    0.452530   -0.1030150
51005.00  -0.042770   0.454154  -0.1031990   -0.042630    0.454360   -0.1031510
51006.00  -0.040237   0.455835  -0.1035270   -0.040080    0.456150   -0.1034910
51007.00  -0.037743   0.457466  -0.1040342   -0.037610    0.457660   -0.1040260
51008.00  -0.035317   0.458998  -0.1046856   -0.035190    0.459100   -0.1046950
51009.00  -0.032985   0.460388  -0.1054234   -0.032820    0.460470   -0.1054320
51010.00  -0.030768   0.461506  -0.1061780   -0.030630    0.461620   -0.1061790
51011.00  -0.028607   0.462383  -0.1068703   -0.028420    0.462510   -0.1068730
51012.00  -0.026513   0.463176  -0.1074437   -0.026280    0.463320   -0.1074530
51013.00  -0.024528   0.463998  -0.1078768   -0.024350    0.464190   -0.1078910
51014.00  -0.022578   0.464858  -0.1081687   -0.022400    0.465070   -0.1081780
51015.00  -0.020654   0.465732  -0.1083355   -0.020390    0.465930   -0.1083390
51016.00  -0.018742   0.466609  -0.1084270   -0.018520    0.466820   -0.1084240
51017.00  -0.016591   0.467461  -0.1085268   -0.016390    0.467730   -0.1085030
51018.00  -0.014288   0.468234  -0.1086888   -0.014030    0.468560   -0.1086470
51019.00  -0.011898   0.468963  -0.1089490   -0.011710    0.469190   -0.1089050
51020.00  -0.009354   0.469790  -0.1093187   -0.009170    0.469900   -0.1092880
51021.00  -0.006753   0.470803  -0.1097667   -0.006510    0.470970   -0.1097590
51022.00  -0.004257   0.471952  -0.1102513   -0.004050    0.472140   -0.1102550
51023.00  -0.001928   0.473168  -0.1107348   -0.001800    0.473270   -0.1107300
51024.00   0.000141   0.474366  -0.1111979    0.000400    0.474440   -0.1111900
51025.00   0.002045   0.475412  -0.1116748    0.002240    0.475590   -0.1116620
51026.00   0.003902   0.476287  -0.1121413    0.004030    0.476470   -0.1121250
51027.00   0.005810   0.476934  -0.1125566    0.006030    0.477150   -0.1125390
51028.00   0.007707   0.477354  -0.1129220    0.007910    0.477580   -0.1129010
51029.00   0.009695   0.477689  -0.1132513    0.009780    0.477780   -0.1132420
51030.00   0.011888   0.478048  -0.1135649    0.011970    0.478280   -0.1135780
51031.00   0.014036   0.478378  -0.1138882    0.014310    0.478670   -0.1138850
51032.00   0.016013   0.478564  -0.1142787    0.016310    0.478810   -0.1142650
51033.00   0.017857   0.478532  -0.1147998    0.018000    0.478750   -0.1147840
51034.00   0.019846   0.478394  -0.1154884    0.020000    0.478530   -0.1154780
51035.00   0.022136   0.478349  -0.1163435    0.022360    0.478550   -0.1163610
51036.00   0.024683   0.478428  -0.1173135    0.024920    0.478620   -0.1172870
51037.00   0.027507   0.478537  -0.1183214    0.027750    0.478650   -0.1183140
51038.00   0.030469   0.478490  -0.1192916    0.030740    0.478710   -0.1193330
51039.00   0.033161   0.478373  -0.1201373    0.033470    0.478530   -0.1201380
51040.00   0.035385   0.478230  -0.1208043    0.035640    0.478380   -0.1208020
51041.00   0.037338   0.477954  -0.1212799    0.037440    0.478200   -0.1212930
51042.00   0.039383   0.477571  -0.1215970    0.039480    0.477780   -0.1215910
51043.00   0.041616   0.477282  -0.1218310    0.041850    0.477460   -0.1217910
51044.00   0.043877   0.477170  -0.1220399    0.044010    0.477310   -0.1220280
51045.00   0.046118   0.477172  -0.1222411    0.046250    0.477350   -0.1222380
51046.00   0.048308   0.477138  -0.1224999    0.048530    0.477440   -0.1224530
51047.00   0.050364   0.476926  -0.1228631    0.050550    0.477220   -0.1228260
51048.00   0.052280   0.476613  -0.1233193    0.052440    0.476810   -0.1233090
51049.00   0.054145   0.476412  -0.1238454    0.054320    0.476560   -0.1238350
51050.00   0.056077   0.476410  -0.1244283    0.056240    0.476540   -0.1244130
51051.00   0.058154   0.476479  -0.1250667    0.058240    0.476620   -0.1250660
51052.00   0.060476   0.476406  -0.1257468    0.060590    0.476610   -0.1257590
51053.00   0.063022   0.476301  -0.1263679    0.063220    0.476500   -0.1263670
51054.00   0.065457   0.476258  -0.1269255    0.065630    0.476440   -0.1268960
51055.00   0.067554   0.476216  -0.1274719    0.067680    0.476380   -0.1274620
51056.00   0.069401   0.476025  -0.1280318    0.069550    0.476230   -0.1280370
51057.00   0.071120   0.475561  -0.1286135    0.071240    0.475620   -0.1285890
51058.00   0.072844   0.474730  -0.1292386    0.073020    0.474780   -0.1292390
51059.00   0.074764   0.473551  -0.1299286    0.074860    0.473590   -0.1299930
51060.00   0.077100   0.472242  -0.1307263    0.077130    0.472220   -0.1307450
51061.00   0.079771   0.471042  -0.1316873    0.079940    0.471050   -0.1316510
51062.00   0.082436   0.470009  -0.1328413    0.082560    0.470090   -0.1328540
51063.00   0.084904   0.469113  -0.1341544    0.084950    0.469130   -0.1341840
51064.00   0.087182   0.468379  -0.1355772    0.087280    0.468310   -0.1355640
51065.00   0.089300   0.467798  -0.1370359    0.089440    0.467860   -0.1370290
51066.00   0.091338   0.467196  -0.1384475    0.091430    0.467320   -0.1384850
51067.00   0.093191   0.466586  -0.1397068    0.093290    0.466610   -0.1397250
51068.00   0.094945   0.466045  -0.1407607    0.095020    0.466090   -0.1407430
51069.00   0.096838   0.465596  -0.1416295    0.096750    0.465690   -0.1416630
51070.00   0.099104   0.465229  -0.1423579    0.099100    0.465260   -0.1423780
51071.00   0.101649   0.464944  -0.1430406    0.101750    0.464930   -0.1430220
51072.00   0.104134   0.464679  -0.1437528    0.104290    0.464720   -0.1437630
51073.00   0.106262   0.464282  -0.1445295    0.106540    0.464300   -0.1445660
51074.00   0.107886   0.463595  -0.1453877    0.108060    0.463730   -0.1453830
51075.00   0.109157   0.462458  -0.1463485    0.109190    0.462570   -0.1463160
51076.00   0.110451   0.461014  -0.1474139    0.110510    0.460960   -0.1474310
51077.00   0.112012   0.459494  -0.1485386    0.112080    0.459540   -0.1485550
51078.00   0.113860   0.457995  -0.1496770    0.113860    0.458050   -0.1496660
51079.00   0.115813   0.456545  -0.1507847    0.115840    0.456520   -0.1507800
51080.00   0.117554   0.455099  -0.1518337    0.117640    0.455060   -0.1518410
51081.00   0.119055   0.453760  -0.1528303    0.119170    0.453760   -0.1528260
51082.00   0.120278   0.452516  -0.1537788    0.120390    0.452570   -0.1537680
51083.00   0.121282   0.451171  -0.1546743    0.121340    0.451320   -0.1546930
51084.00   0.122230   0.449599  -0.1555100    0.122300    0.449720   -0.1555430
51085.00   0.123196   0.447930  -0.1563226    0.123320    0.447910   -0.1563210
51086.00   0.124155   0.446382  -0.1571765    0.124320    0.446400   -0.1571750
51087.00   0.125228   0.445043  -0.1581667    0.125350    0.445040   -0.1581770
51088.00   0.126461   0.443833  -0.1593503    0.126530    0.443810   -0.1593500
51089.00   0.128001   0.442525  -0.1607548    0.128040    0.442560   -0.1607750
51090.00   0.129722   0.441128  -0.1623864    0.129790    0.441260   -0.1623690
51091.00   0.131406   0.439608  -0.1642040    0.131470    0.439610   -0.1641980
51092.00   0.132907   0.437892  -0.1661050    0.132950    0.438040   -0.1661190
51093.00   0.134223   0.435948  -0.1679813    0.134300    0.436030   -0.1679800
51094.00   0.135605   0.433878  -0.1697762    0.135650    0.433830   -0.1697670
51095.00   0.137157   0.431974  -0.1714343    0.137210    0.431860   -0.1714380
51096.00   0.138748   0.430520  -0.1729566    0.138840    0.430600   -0.1729550
51097.00   0.140117   0.429469  -0.1743488    0.140170    0.429510   -0.1743740
51098.00   0.141200   0.428517  -0.1756317    0.141300    0.428710   -0.1756750
51099.00   0.142006   0.427407  -0.1768635    0.142080    0.427600   -0.1768890
51100.00   0.142798   0.426003  -0.1781129    0.142800    0.426040   -0.1781180
51101.00   0.143900   0.424493  -0.1794441    0.144040    0.424490   -0.1794610
51102.00   0.145221   0.423152  -0.1808316    0.145380    0.423230   -0.1808420
51103.00   0.146618   0.422003  -0.1822482    0.146710    0.422100   -0.1822120
51104.00   0.147994   0.420910  -0.1836933    0.148110    0.420990   -0.1836610
51105.00   0.149208   0.419738  -0.1851581    0.149290    0.419730   -0.1851800
51106.00   0.150207   0.418399  -0.1866206    0.150230    0.418400   -0.1866130
51107.00   0.151112   0.416821  -0.1880692    0.151150    0.416880   -0.1880530
51108.00   0.151751   0.414917  -0.1894838    0.151950    0.414940   -0.1895090
51109.00   0.152151   0.412904  -0.1908182    0.152320    0.412880   -0.1908230
51110.00   0.152450   0.411039  -0.1920780    0.152530    0.411040   -0.1920590
51111.00   0.152867   0.409395  -0.1933079    0.152960    0.409450   -0.1933040
51112.00   0.153419   0.407837  -0.1945276    0.153510    0.407950   -0.1945460
51113.00   0.154100   0.406206  -0.1957206    0.154190    0.406270   -0.1957380
51114.00   0.154951   0.404482  -0.1969058    0.155000    0.404560   -0.1969190
51115.00   0.155988   0.402752  -0.1981645    0.156040    0.402790   -0.1981300
51116.00   0.157099   0.401147  -0.1995944    0.157170    0.401180   -0.1995050
51117.00   0.158205   0.399656  -0.2012498    0.158280    0.399690   -0.2011920
51118.00   0.159372   0.398227  -0.2031347    0.159470    0.398270   -0.2031340
51119.00   0.160608   0.396796  -0.2051970    0.160720    0.396800   -0.2052100
51120.00   0.161800   0.395350  -0.2073295    0.161840    0.395320   -0.2073330
51121.00   0.162759   0.393866  -0.2094137    0.162790    0.393910   -0.2094130
51122.00   0.163186   0.392206  -0.2113694    0.163190    0.392310   -0.2113550
51123.00   0.163127   0.390338  -0.2131451    0.163130    0.390500   -0.2131330
51124.00   0.163177   0.388193  -0.2147595    0.163230    0.388320   -0.2147600
51125.00   0.163540   0.385840  -0.2162531    0.163570    0.385860   -0.2162550
51126.00   0.164135   0.383444  -0.2176863    0.164150    0.383480   -0.2176810
51127.00   0.164793   0.381095  -0.2191246    0.164860    0.381130   -0.2191100
51128.00   0.165431   0.378844  -0.2205953    0.165440    0.378810   -0.2205850
51129.00   0.166094   0.376752  -0.2220940    0.166110    0.376800   -0.2220960
51130.00   0.166560   0.374724  -0.2236125    0.166620    0.374820   -0.2236190
51131.00   0.166577   0.372674  -0.2251363    0.166590    0.372680   -0.2251430
51132.00   0.166129   0.370621  -0.2266458    0.166180    0.370690   -0.2266690
51133.00   0.165389   0.368567  -0.2281187    0.165440    0.368620   -0.2281310
51134.00   0.164616   0.366565  -0.2295496    0.164590    0.366530   -0.2295470
51135.00   0.164092   0.364644  -0.2309382    0.164060    0.364670   -0.2309380
51136.00   0.163768   0.362711  -0.2322849    0.163740    0.362710   -0.2322770
51137.00   0.163194   0.360797  -0.2335826    0.163200    0.360760   -0.2335820
51138.00   0.161963   0.358907  -0.2348381    0.162040    0.359040   -0.2348520
51139.00   0.160085   0.356946  -0.2360666    0.160030    0.357130   -0.2360610
51140.00   0.158115   0.354896  -0.2372925    0.158090    0.354910   -0.2372750
51141.00   0.156354   0.352913  -0.2385373    0.156480    0.352940   -0.2385630
51142.00   0.154814   0.351026  -0.2398232    0.154930    0.351080   -0.2398440
51143.00   0.153691   0.349091  -0.2412084    0.153770    0.349160   -0.2411550
51144.00   0.152791   0.347042  -0.2427449    0.152870    0.347140   -0.2427040
51145.00   0.151834   0.344872  -0.2444448    0.151860    0.344890   -0.2444480
51146.00   0.150915   0.342720  -0.2462737    0.150870    0.342630   -0.2462790
51147.00   0.150141   0.340779  -0.2481367    0.150250    0.340730   -0.2481490
51148.00   0.149184   0.339098  -0.2499346    0.149440    0.339290   -0.2499460
51149.00   0.147951   0.337562  -0.2515983    0.148060    0.337590   -0.2516030
51150.00   0.147004   0.336146  -0.2531202    0.146980    0.336120   -0.2531290
51151.00   0.146455   0.335017  -0.2544842    0.146520    0.335080   -0.2544910
51152.00   0.145863   0.334151  -0.2557114    0.145960    0.334300   -0.2557150
51153.00   0.144933   0.333320  -0.2568539    0.144940    0.333360   -0.2568680
51154.00   0.143695   0.332385  -0.2579548    0.143730    0.332270   -0.2579490
51155.00   0.142269   0.331265  -0.2590365    0.142260    0.331140   -0.2590450
51156.00   0.140845   0.329776  -0.2601098    0.140850    0.329720   -0.2601250
51157.00   0.139654   0.327889  -0.2612229    0.139700    0.327880   -0.2611980
51158.00   0.138670   0.325829  -0.2623954    0.138680    0.325810   -0.2623830
51159.00   0.137880   0.323810  -0.2635872    0.137890    0.323810   -0.2636020
51160.00   0.137344   0.321899  -0.2647402    0.137390    0.321940   -0.2647510
51161.00   0.137118   0.320090  -0.2658320    0.137150    0.320130   -0.2658350
51162.00   0.137191   0.318439  -0.2668510    0.137240    0.318410   -0.2668620
51163.00   0.137482   0.317021  -0.2677836    0.137450    0.316970   -0.2677810
51164.00   0.137993   0.315738  -0.2686203    0.137950    0.315730   -0.2686130
51165.00   0.138867   0.314494  -0.2693765    0.138870    0.314470   -0.2693900
51166.00   0.140070   0.313420  -0.2700640    0.140080    0.313340   -0.2700750
51167.00   0.141362   0.312536  -0.2707054    0.141430    0.312550   -0.2706980
51168.00   0.142330   0.311541  -0.2713404    0.142400    0.311680   -0.2713370
51169.00   0.142795   0.310097  -0.2720051    0.142860    0.310170   -0.2720570
51170.00   0.142988   0.308356  -0.2727487    0.143050    0.308250   -0.2727810
51171.00   0.143090   0.306710  -0.2736544    0.143130    0.306690   -0.2735780
51172.00   0.143080   0.305222  -0.2747547    0.143110    0.305330   -0.2746410
51173.00   0.142815   0.303796  -0.2760051    0.142820    0.303820   -0.2759310
51174.00   0.142282   0.302444  -0.2773357    0.142260    0.302430   -0.2773300
51175.00   0.141721   0.301186  -0.2786798    0.141690    0.301160   -0.2787160
51176.00   0.141207   0.299985  -0.2799819    0.141210    0.299910   -0.2800170
51177.00   0.140598   0.298726  -0.2812143    0.140690    0.298710   -0.2812110
51178.00   0.139675   0.297292  -0.2823385    0.139760    0.297390   -0.2823330
51179.00   0.138577   0.295556   0.7166587    0.138510    0.295650    0.7166370
51180.00   0.137785   0.293577   0.7157494    0.137710    0.293550    0.7157410
51181.00   0.137421   0.291696   0.7148885    0.137480    0.291660    0.7148720
51182.00   0.137132   0.290124   0.7140379    0.137190    0.290230    0.7139820
51183.00   0.136733   0.288814   0.7131775    0.136690    0.288940    0.7131390
51184.00   0.136397   0.287754   0.7122751    0.136360    0.287820    0.7122810
51185.00   0.136247   0.287027   0.7112608    0.136280    0.287070    0.7112410
51186.00   0.136118   0.286554   0.7101793    0.136140    0.286610    0.7101380
51187.00   0.135752   0.286182   0.7091003    0.135710    0.286270    0.7091040
51188.00   0.134909   0.285701   0.7080310    0.134860    0.285720    0.7080490
51189.00   0.133471   0.284873   0.7069893    0.133490    0.284910    0.7069560
51190.00   0.131464   0.283567   0.7060440    0.131450    0.283640    0.7060060
51191.00   0.129180   0.281889   0.7052302    0.129100    0.281870    0.7052330
51192.00   0.126962   0.279990   0.7044958    0.126900    0.280070    0.7044610
51193.00   0.124851   0.277989   0.7038139    0.124920    0.278020    0.7037620
51194.00   0.122714   0.276071   0.7032033    0.122820    0.276030    0.7031910
51195.00   0.120630   0.274356   0.7026480    0.120620    0.274400    0.7026250
51196.00   0.118887   0.272823   0.7021026    0.118870    0.272900    0.7020740
51197.00   0.117525   0.271405   0.7014865    0.117530    0.271450    0.7014750
51198.00   0.116539   0.270022   0.7007330    0.116510    0.270050    0.7007330
51199.00   0.116083   0.268687   0.6997928    0.116100    0.268630    0.6997900
51200.00   0.116118   0.267493   0.6986675    0.116140    0.267460    0.6986490
51201.00   0.116223   0.266420   0.6973983    0.116330    0.266480    0.6973720
51202.00   0.115937   0.265363   0.6960300    0.116040    0.265470    0.6960030
51203.00   0.115117   0.264256   0.6946208    0.115100    0.264350    0.6945500
51204.00   0.113991   0.263174   0.6932696    0.113920    0.263120    0.6931850
51205.00   0.112826   0.262237   0.6920205    0.112830    0.262250    0.6919960
51206.00   0.111620   0.261398   0.6908379    0.111640    0.261450    0.6908520
51207.00   0.110525   0.260526   0.6896941    0.110480    0.260550    0.6896900
51208.00   0.109379   0.259573   0.6885405    0.109400    0.259590    0.6885240
51209.00   0.108080   0.258531   0.6873571    0.108160    0.258590    0.6873410
51210.00   0.106598   0.257341   0.6861313    0.106640    0.257490    0.6861150
51211.00   0.105004   0.256005   0.6848593    0.105030    0.256080    0.6848460
51212.00   0.103396   0.254659   0.6835503    0.103380    0.254690    0.6835470
51213.00   0.101922   0.253439   0.6822214    0.101750    0.253390    0.6822120
51214.00   0.100916   0.252566   0.6808880    0.100770    0.252400    0.6808730
51215.00   0.100335   0.252224   0.6795667    0.100380    0.252260    0.6795660
51216.00   0.099624   0.252238   0.6782837    0.099720    0.252380    0.6782890
51217.00   0.098384   0.252265   0.6770716    0.098340    0.252260    0.6770550
51218.00   0.096675   0.252190   0.6759507    0.096530    0.252090    0.6759100
51219.00   0.094706   0.251925   0.6749074    0.094590    0.252050    0.6748970
51220.00   0.092622   0.251225   0.6739383    0.092500    0.251370    0.6739270
51221.00   0.090736   0.250235   0.6730319    0.090610    0.250190    0.6730310
51222.00   0.089163   0.249217   0.6721348    0.089120    0.249330    0.6721840
51223.00   0.087881   0.248238   0.6711759    0.087860    0.248370    0.6711830
51224.00   0.086783   0.247431   0.6701095    0.086770    0.247460    0.6701030
51225.00   0.085708   0.246965   0.6689138    0.085630    0.246990    0.6689060
51226.00   0.084445   0.246805   0.6675690    0.084480    0.246820    0.6675580
51227.00   0.082689   0.246707   0.6660476    0.082810    0.246830    0.6660510
51228.00   0.080806   0.246425   0.6643896    0.080790    0.246630    0.6643680
51229.00   0.079313   0.245935   0.6626922    0.079250    0.246020    0.6626600
51230.00   0.078445   0.245457   0.6610367    0.078400    0.245460    0.6610490
51231.00   0.078153   0.245134   0.6594679    0.078140    0.245200    0.6594700
51232.00   0.078078   0.244906   0.6580462    0.078080    0.244950    0.6580360
51233.00   0.077632   0.244669   0.6568065    0.077660    0.244710    0.6568110
51234.00   0.076472   0.244314   0.6557266    0.076510    0.244390    0.6557030
51235.00   0.074875   0.243781   0.6547633    0.074890    0.243870    0.6547300
51236.00   0.073082   0.243098   0.6538706    0.073090    0.243170    0.6538810
51237.00   0.071378   0.242384   0.6529831    0.071330    0.242420    0.6529950
51238.00   0.069983   0.241806   0.6520627    0.069960    0.241870    0.6520380
51239.00   0.068909   0.241487   0.6511207    0.068880    0.241600    0.6510780
51240.00   0.068114   0.241469   0.6501709    0.068060    0.241560    0.6501610
51241.00   0.067407   0.241688   0.6491932    0.067400    0.241730    0.6492320
51242.00   0.066561   0.242023   0.6481793    0.066570    0.242140    0.6481930
51243.00   0.065483   0.242354   0.6471690    0.065460    0.242450    0.6471360
51244.00   0.064348   0.242547   0.6462538    0.064360    0.242600    0.6462500
51245.00   0.063278   0.242556   0.6454247    0.063280    0.242620    0.6454270
51246.00   0.062192   0.242377   0.6446631    0.062040    0.242430    0.6446490
51247.00   0.061032   0.242009   0.6439529    0.060890    0.242050    0.6439460
51248.00   0.059969   0.241610   0.6432600    0.059840    0.241620    0.6432690
51249.00   0.058807   0.241239   0.6425445    0.058710    0.241350    0.6425460
51250.00   0.057514   0.240861   0.6417607    0.057520    0.241090    0.6417470
51251.00   0.056092   0.240433   0.6408596    0.056150    0.240550    0.6408520
51252.00   0.054562   0.239984   0.6397960    0.054620    0.239970    0.6397940
51253.00   0.052907   0.239553   0.6385563    0.052900    0.239580    0.6385570
51254.00   0.051136   0.239142   0.6371559    0.051100    0.239140    0.6371530
51255.00   0.049793   0.238932   0.6356238    0.049790    0.238830    0.6356030
51256.00   0.048941   0.239050   0.6340022    0.049020    0.238990    0.6339940
51257.00   0.048186   0.239430   0.6323403    0.048260    0.239470    0.6323600
51258.00   0.047327   0.239931   0.6306782    0.047260    0.239980    0.6306790
51259.00   0.046514   0.240468   0.6290778    0.046430    0.240490    0.6290540
51260.00   0.045565   0.240966   0.6276165    0.045540    0.241010    0.6275870
51261.00   0.044085   0.241305   0.6263131    0.044080    0.241400    0.6263030
51262.00   0.042017   0.241415   0.6251109    0.041950    0.241450    0.6251350
51263.00   0.039295   0.241416   0.6239616    0.039180    0.241430    0.6239720
51264.00   0.036347   0.241357   0.6227854    0.036230    0.241480    0.6227770
51265.00   0.033747   0.241145   0.6215430    0.033680    0.241250    0.6215430
51266.00   0.031676   0.240915   0.6202226    0.031690    0.240850    0.6202090
51267.00   0.029843   0.240902   0.6188504    0.029860    0.240820    0.6188340
51268.00   0.027952   0.241025   0.6174612    0.028000    0.241080    0.6174570
51269.00   0.025972   0.240966   0.6160514    0.026030    0.241020    0.6160780
51270.00   0.023889   0.240663   0.6146313    0.023870    0.240740    0.6146500
51271.00   0.021820   0.240215   0.6132443    0.021760    0.240220    0.6132240
51272.00   0.020052   0.239794   0.6119391    0.019960    0.239760    0.6119380
51273.00   0.018652   0.239541   0.6107150    0.018570    0.239620    0.6107220
51274.00   0.017384   0.239548   0.6095457    0.017320    0.239570    0.6095590
51275.00   0.015829   0.239833   0.6084018    0.015740    0.239860    0.6084080
51276.00   0.013791   0.240165   0.6072974    0.013730    0.240310    0.6072760
51277.00   0.012055   0.240386   0.6062115    0.011990    0.240520    0.6061980
51278.00   0.010998   0.240635   0.6050749    0.010940    0.240690    0.6050670
51279.00   0.010475   0.241143   0.6038335    0.010500    0.241200    0.6038210
51280.00   0.010119   0.241969   0.6024322    0.010210    0.242090    0.6024510
51281.00   0.009565   0.242944   0.6008268    0.009610    0.243030    0.6008480
51282.00   0.008800   0.243956   0.5990280    0.008830    0.243840    0.5990220
51283.00   0.008074   0.245070   0.5971222    0.008020    0.244910    0.5971310
51284.00   0.007323   0.246324   0.5951849    0.007300    0.246280    0.5951890
51285.00   0.006257   0.247512   0.5932963    0.006360    0.247560    0.5932790
51286.00   0.004782   0.248353   0.5915380    0.004820    0.248450    0.5915350
51287.00   0.003071   0.248755   0.5899323    0.002980    0.248890    0.5899240
51288.00   0.001508   0.248848   0.5884751    0.001420    0.248930    0.5884800
51289.00   0.000190   0.248839   0.5871312    0.000130    0.248850    0.5871390
51290.00  -0.001057   0.248911   0.5858655   -0.001090    0.248950    0.5858710
51291.00  -0.002271   0.249270   0.5846479   -0.002300    0.249360    0.5846520
51292.00  -0.003651   0.249966   0.5834051   -0.003630    0.250120    0.5833930
51293.00  -0.005339   0.250849   0.5820993   -0.005340    0.251010    0.5820920
51294.00  -0.006985   0.251766   0.5807227   -0.007100    0.251870    0.5807220
51295.00  -0.008027   0.252694   0.5792838   -0.008140    0.252780    0.5792780
51296.00  -0.008362   0.253742   0.5778108   -0.008440    0.253770    0.5777930
51297.00  -0.008472   0.255001   0.5763380   -0.008530    0.255000    0.5763270
51298.00  -0.008673   0.256408   0.5749065   -0.008740    0.256480    0.5749090
51299.00  -0.009270   0.257734   0.5735522   -0.009340    0.257860    0.5735560
51300.00  -0.010432   0.258759   0.5722963   -0.010510    0.258900    0.5723070
51301.00  -0.011958   0.259424   0.5711562   -0.011990    0.259570    0.5711640
51302.00  -0.013543   0.259790   0.5701485   -0.013550    0.260020    0.5701520
51303.00  -0.014882   0.260006   0.5692803   -0.014970    0.260010    0.5692870
51304.00  -0.015809   0.260357   0.5685207   -0.015880    0.260350    0.5685460
51305.00  -0.016511   0.260980   0.5677978   -0.016510    0.261130    0.5678080
51306.00  -0.017204   0.261793   0.5670197   -0.017230    0.261940    0.5670120
51307.00  -0.017955   0.262620   0.5661215   -0.018020    0.262790    0.5661330
51308.00  -0.018562   0.263437   0.5650617   -0.018650    0.263510    0.5650480
51309.00  -0.018908   0.264417   0.5638338   -0.019000    0.264410    0.5638010
51310.00  -0.019144   0.265626   0.5624372   -0.019220    0.265740    0.5624390
51311.00  -0.019272   0.267017   0.5608976   -0.019370    0.267170    0.5609190
51312.00  -0.019234   0.268489   0.5593032   -0.019350    0.268670    0.5593160
51313.00  -0.019058   0.270015   0.5577666   -0.019090    0.270160    0.5577750
51314.00  -0.019061   0.271612   0.5563793   -0.019060    0.271710    0.5563890
51315.00  -0.019409   0.273248   0.5551731   -0.019510    0.273340    0.5551900
51316.00  -0.019872   0.274767   0.5541002   -0.019990    0.274890    0.5541190
51317.00  -0.020213   0.275981   0.5530726   -0.020290    0.276130    0.5530890
51318.00  -0.020417   0.276839   0.5520267   -0.020500    0.276930    0.5520360
51319.00  -0.020523   0.277505   0.5509281   -0.020570    0.277570    0.5509490
51320.00  -0.020535   0.278185   0.5497378   -0.020560    0.278270    0.5497680
51321.00  -0.020552   0.278928   0.5484707   -0.020600    0.279020    0.5484720
51322.00  -0.020768   0.279657   0.5471797   -0.020760    0.279750    0.5471860
51323.00  -0.021347   0.280333   0.5458784   -0.021300    0.280390    0.5459010
51324.00  -0.022250   0.280942   0.5446124   -0.022280    0.280980    0.5446230
51325.00  -0.023138   0.281436   0.5434745   -0.023170    0.281490    0.5434710
51326.00  -0.023752   0.281994   0.5424832   -0.023750    0.282100    0.5424970
51327.00  -0.024118   0.282646   0.5416162   -0.024110    0.282830    0.5416450
51328.00  -0.024418   0.283263   0.5408527   -0.024450    0.283410    0.5408500
51329.00  -0.024737   0.283829   0.5401746   -0.024820    0.283930    0.5401390
51330.00  -0.025164   0.284461   0.5395663   -0.025220    0.284540    0.5395750
51331.00  -0.025839   0.285250   0.5389945   -0.025920    0.285380    0.5390250
51332.00  -0.026663   0.286131   0.5384164   -0.026790    0.286290    0.5383850
51333.00  -0.027370   0.287157   0.5377925   -0.027450    0.287220    0.5377750
51334.00  -0.027956   0.288463   0.5370730   -0.027980    0.288510    0.5371050
51335.00  -0.028608   0.290007   0.5362194   -0.028550    0.290050    0.5362130
51336.00  -0.029271   0.291489   0.5352299   -0.029220    0.291540    0.5352240
51337.00  -0.029839   0.292673   0.5340830   -0.029720    0.292750    0.5341110
51338.00  -0.030385   0.293489   0.5327898   -0.030240    0.293620    0.5327920
51339.00  -0.030823   0.293963   0.5314166   -0.030730    0.294060    0.5314210
51340.00  -0.031123   0.294357   0.5300536   -0.031020    0.294390    0.5300850
51341.00  -0.031394   0.294908   0.5287990   -0.031350    0.295020    0.5287960
51342.00  -0.031599   0.295656   0.5277405   -0.031630    0.295780    0.5277610
51343.00  -0.031741   0.296616   0.5268796   -0.031650    0.296690    0.5269420
51344.00  -0.032060   0.297675   0.5261601   -0.031880    0.297780    0.5261980
51345.00  -0.032633   0.298575   0.5255218   -0.032610    0.298690    0.5255170
51346.00  -0.033005   0.299226   0.5249077   -0.033010    0.299280    0.5249170
51347.00  -0.033064   0.299759   0.5242518   -0.032930    0.299810    0.5242620
51348.00  -0.032912   0.300307   0.5235385   -0.032790    0.300340    0.5235260
51349.00  -0.032633   0.301003   0.5227939   -0.032530    0.301030    0.5228120
51350.00  -0.032416   0.301872   0.5220497   -0.032260    0.301940    0.5220930
51351.00  -0.032382   0.302784   0.5213298   -0.032230    0.302870    0.5213500
51352.00  -0.032414   0.303630   0.5206856   -0.032430    0.303730    0.5206850
51353.00  -0.032237   0.304449   0.5201823   -0.032270    0.304480    0.5202060
51354.00  -0.032009   0.305351   0.5198199   -0.031920    0.305360    0.5198390
51355.00  -0.032072   0.306343   0.5195874   -0.031990    0.306370    0.5195890
51356.00  -0.032424   0.307330   0.5194846   -0.032390    0.307400    0.5195020
51357.00  -0.032681   0.308172   0.5194888   -0.032680    0.308260    0.5194870
51358.00  -0.032643   0.308831   0.5195759   -0.032600    0.308870    0.5196000
51359.00  -0.032439   0.309415   0.5196994   -0.032410    0.309380    0.5197040
51360.00  -0.032311   0.310020   0.5198139   -0.032200    0.309950    0.5198250
51361.00  -0.032153   0.310745   0.5198820   -0.032030    0.310750    0.5199040
51362.00  -0.031784   0.311739   0.5198545   -0.031690    0.311740    0.5198140
51363.00  -0.031170   0.313045   0.5196951   -0.031120    0.313080    0.5197340
51364.00  -0.030442   0.314529   0.5193487   -0.030430    0.314630    0.5194090
51365.00  -0.029704   0.315956   0.5188292   -0.029680    0.316030    0.5188420
51366.00  -0.028910   0.317201   0.5181918   -0.028900    0.317270    0.5181920
51367.00  -0.027983   0.318324   0.5175273   -0.028030    0.318330    0.5175160
51368.00  -0.027037   0.319481   0.5169244   -0.027030    0.319480    0.5169230
51369.00  -0.026224   0.320703   0.5164345   -0.026250    0.320820    0.5164500
51370.00  -0.025557   0.321908   0.5160590   -0.025590    0.321960    0.5160600
51371.00  -0.025019   0.323101   0.5157613   -0.024980    0.323000    0.5157550
51372.00  -0.024667   0.324344   0.5154946   -0.024670    0.324210    0.5154940
51373.00  -0.024535   0.325578   0.5152068   -0.024560    0.325580    0.5152140
51374.00  -0.024744   0.326635   0.5148456   -0.024670    0.326630    0.5148690
51375.00  -0.025238   0.327339   0.5144052   -0.025120    0.327330    0.5144310
51376.00  -0.025708   0.327855   0.5138917   -0.025670    0.327860    0.5138980
51377.00  -0.025892   0.328401   0.5133447   -0.025820    0.328410    0.5133180
51378.00  -0.025770   0.329054   0.5128171   -0.025650    0.329040    0.5127800
51379.00  -0.025384   0.329837   0.5123367   -0.025280    0.329830    0.5123250
51380.00  -0.024803   0.330652   0.5119213   -0.024770    0.330670    0.5119280
51381.00  -0.024166   0.331389   0.5115879   -0.024170    0.331470    0.5115740
51382.00  -0.023612   0.332029   0.5113555   -0.023650    0.332070    0.5113690
51383.00  -0.023436   0.332554   0.5112222   -0.023290    0.332570    0.5112600
51384.00  -0.023690   0.332988   0.5111749   -0.023610    0.333050    0.5111350
51385.00  -0.023985   0.333417   0.5111988   -0.023970    0.333480    0.5111610
51386.00  -0.024026   0.333921   0.5112401   -0.023980    0.333980    0.5112580
51387.00  -0.023857   0.334593   0.5112419   -0.023810    0.334630    0.5112540
51388.00  -0.023510   0.335462   0.5111595   -0.023400    0.335520    0.5111360
51389.00  -0.023000   0.336427   0.5109628   -0.022860    0.336460    0.5109910
51390.00  -0.022362   0.337453   0.5105973   -0.022280    0.337490    0.5106410
51391.00  -0.021640   0.338517   0.5100551   -0.021570    0.338540    0.5100190
51392.00  -0.020859   0.339539   0.5093789   -0.020830    0.339690    0.5093670
51393.00  -0.019878   0.340497   0.5085788   -0.019910    0.340720    0.5086130
51394.00  -0.018583   0.341387   0.5077202   -0.018720    0.341550    0.5077120
51395.00  -0.017112   0.342266   0.5069471   -0.017190    0.342340    0.5069180
51396.00  -0.015757   0.343305   0.5063317   -0.015620    0.343440    0.5063360
51397.00  -0.014781   0.344488   0.5058809   -0.014670    0.344680    0.5058930
51398.00  -0.014169   0.345595   0.5055680   -0.014300    0.345840    0.5055380
51399.00  -0.013827   0.346439   0.5053520   -0.013890    0.346680    0.5053180
51400.00  -0.013570   0.347008   0.5051508   -0.013640    0.347170    0.5051770
51401.00  -0.013229   0.347413   0.5048772   -0.013310    0.347500    0.5048890
51402.00  -0.012743   0.347767   0.5044897   -0.012860    0.347800    0.5044840
51403.00  -0.012239   0.348141   0.5040260   -0.012470    0.348220    0.5040580
51404.00  -0.011835   0.348680   0.5034709   -0.011940    0.348780    0.5034900
51405.00  -0.011719   0.349523   0.5028289   -0.011760    0.349630    0.5028440
51406.00  -0.011590   0.350631   0.5021460   -0.011790    0.350780    0.5021740
51407.00  -0.011034   0.351884   0.5014710   -0.011220    0.352100    0.5014320
51408.00  -0.010319   0.353153   0.5008619   -0.010320    0.353250    0.5008390
51409.00  -0.009797   0.354359   0.5003492   -0.009880    0.354600    0.5003400
51410.00  -0.009297   0.355503   0.4999451   -0.009530    0.355730    0.4999570
51411.00  -0.008671   0.356678   0.4996400   -0.008740    0.356860    0.4997250
51412.00  -0.008248   0.357883   0.4993711   -0.008330    0.358130    0.4993600
51413.00  -0.008243   0.358996   0.4991033   -0.008270    0.359220    0.4990810
51414.00  -0.008483   0.359983   0.4988082   -0.008450    0.360160    0.4988010
51415.00  -0.008694   0.360823   0.4984339   -0.008880    0.360930    0.4984360
51416.00  -0.008598   0.361514   0.4978839   -0.008690    0.361790    0.4979120
51417.00  -0.008393   0.362115   0.4971095   -0.008440    0.362310    0.4971170
51418.00  -0.008182   0.362641   0.4961321   -0.008280    0.362810    0.4961240
51419.00  -0.007823   0.363098   0.4950086   -0.007930    0.363190    0.4950170
51420.00  -0.007289   0.363548   0.4937904   -0.007340    0.363690    0.4937990
51421.00  -0.006771   0.364020   0.4925551   -0.006770    0.364210    0.4925550
51422.00  -0.006488   0.364447   0.4913924   -0.006490    0.364650    0.4913850
51423.00  -0.006386   0.364778   0.4903690   -0.006430    0.364930    0.4903750
51424.00  -0.006220   0.365077   0.4894913   -0.006220    0.365200    0.4895020
51425.00  -0.005751   0.365411   0.4887284   -0.005850    0.365580    0.4887250
51426.00  -0.004880   0.365869   0.4880370   -0.004960    0.366010    0.4880420
51427.00  -0.003703   0.366428   0.4873721   -0.003810    0.366600    0.4873840
51428.00  -0.002464   0.367003   0.4866972   -0.002570    0.367190    0.4867060
51429.00  -0.001309   0.367620   0.4859923   -0.001440    0.367610    0.4860000
51430.00  -0.000411   0.368267   0.4852548   -0.000550    0.368300    0.4852780
51431.00   0.000061   0.368863   0.4844846    0.000030    0.369070    0.4845120
51432.00   0.000383   0.369397   0.4836996    0.000460    0.369580    0.4837120
51433.00   0.000863   0.369937   0.4829502    0.000800    0.370170    0.4829480
51434.00   0.001600   0.370608   0.4822679    0.001620    0.370730    0.4822670
51435.00   0.002414   0.371490   0.4816712    0.002450    0.371490    0.4816770
51436.00   0.003040   0.372432   0.4811759    0.003040    0.372620    0.4811780
51437.00   0.003503   0.373142   0.4807967    0.003510    0.373430    0.4807760
51438.00   0.003889   0.373599   0.4805028    0.003850    0.373750    0.4804930
51439.00   0.004184   0.373979   0.4802355    0.004070    0.374060    0.4802480
51440.00   0.004345   0.374430   0.4799329    0.004280    0.374520    0.4799360
51441.00   0.004513   0.374913   0.4795506    0.004470    0.375080    0.4795610
51442.00   0.004887   0.375305   0.4790321    0.004820    0.375420    0.4790480
51443.00   0.005344   0.375576   0.4783296    0.005330    0.375590    0.4783330
51444.00   0.005458   0.375778   0.4774428    0.005560    0.375850    0.4774500
51445.00   0.005210   0.375829   0.4763994    0.005150    0.376030    0.4764010
51446.00   0.004983   0.375759   0.4752638    0.004960    0.375910    0.4752540
51447.00   0.005018   0.375787   0.4740970    0.005000    0.375900    0.4741130
51448.00   0.005262   0.376086   0.4729339    0.005160    0.376130    0.4729480
51449.00   0.005564   0.376625   0.4718474    0.005430    0.376760    0.4718160
51450.00   0.005826   0.377307   0.4708876    0.005810    0.377530    0.4708750
51451.00   0.006099   0.378097   0.4700343    0.006070    0.378340    0.4700530
51452.00   0.006366   0.378984   0.4692888    0.006260    0.379200    0.4692770
51453.00   0.006616   0.379890   0.4686406    0.006580    0.380060    0.4686480
51454.00   0.007091   0.380748   0.4679841    0.007070    0.380920    0.4680100
51455.00   0.007760   0.381484   0.4671962    0.007850    0.381800    0.4672270
51456.00   0.008441   0.382034   0.4662445    0.008400    0.382310    0.4662570
51457.00   0.009156   0.382437   0.4651338    0.009120    0.382600    0.4651320
51458.00   0.009792   0.382579   0.4638922    0.010140    0.382930    0.4639000
51459.00   0.010453   0.382483   0.4625759    0.010710    0.382670    0.4625900
51460.00   0.011302   0.382442   0.4612270    0.011250    0.382540    0.4612430
51461.00   0.012327   0.382576   0.4598931    0.012270    0.382700    0.4599020
51462.00   0.013291   0.382712   0.4586308    0.013270    0.382940    0.4586320
51463.00   0.013933   0.382739   0.4574905    0.013950    0.382940    0.4574970
51464.00   0.014160   0.382696   0.4564699    0.014140    0.382830    0.4564730
51465.00   0.014011   0.382620   0.4555245    0.013960    0.382790    0.4555120
51466.00   0.013764   0.382574   0.4546679    0.013670    0.382780    0.4546620
51467.00   0.013723   0.382518   0.4539027    0.013670    0.382760    0.4539230
51468.00   0.013998   0.382379   0.4531777    0.014010    0.382650    0.4531920
51469.00   0.014481   0.382265   0.4524251    0.014510    0.382440    0.4524180
51470.00   0.015066   0.382334   0.4515871    0.015050    0.382360    0.4515800
51471.00   0.015704   0.382570   0.4505951    0.015740    0.382680    0.4505970
51472.00   0.016335   0.382806   0.4493644    0.016400    0.382990    0.4493660
51473.00   0.016759   0.382957   0.4478747    0.016850    0.383150    0.4478740
51474.00   0.017150   0.383056   0.4461607    0.017130    0.383230    0.4461670
51475.00   0.017702   0.383229   0.4442931    0.017730    0.383390    0.4442970
51476.00   0.018291   0.383481   0.4423756    0.018330    0.383650    0.4423640
51477.00   0.018863   0.383621   0.4405168    0.018810    0.383830    0.4405100
51478.00   0.019452   0.383532   0.4388010    0.019430    0.383710    0.4387960
51479.00   0.019978   0.383305   0.4372960    0.019970    0.383500    0.4372900
51480.00   0.020327   0.383128   0.4359633    0.020230    0.383360    0.4359710
51481.00   0.020502   0.383004   0.4347173    0.020480    0.383150    0.4347180
51482.00   0.020765   0.382805   0.4334775    0.020760    0.382990    0.4334870
51483.00   0.021271   0.382449   0.4321898    0.021280    0.382720    0.4321920
51484.00   0.021918   0.381946   0.4308357    0.021890    0.382230    0.4308260
51485.00   0.022609   0.381443   0.4294020    0.022700    0.381380    0.4293980
51486.00   0.023219   0.380905   0.4278975    0.023300    0.380950    0.4279030
51487.00   0.023757   0.380406   0.4263817    0.023730    0.380400    0.4263920
51488.00   0.024151   0.380035   0.4248891    0.024130    0.380020    0.4249070
51489.00   0.024358   0.379606   0.4234446    0.024420    0.379640    0.4234540
51490.00   0.024501   0.378912   0.4220772    0.024490    0.378880    0.4220890
51491.00   0.024892   0.378025   0.4207713    0.024840    0.377880    0.4207840
51492.00   0.025657   0.377145   0.4195125    0.025610    0.377150    0.4195120
51493.00   0.026741   0.376460   0.4183198    0.026750    0.376460    0.4183170
51494.00   0.027764   0.376262   0.4171923    0.027750    0.376140    0.4172030
51495.00   0.028474   0.376609   0.4160811    0.028440    0.376550    0.4160980
51496.00   0.028809   0.377310   0.4149095    0.028950    0.377350    0.4149150
51497.00   0.028761   0.377949   0.4136514    0.028830    0.378060    0.4136300
51498.00   0.028712   0.378224   0.4123109    0.028600    0.378260    0.4122870
51499.00   0.029229   0.378250   0.4108591    0.029220    0.378260    0.4108540
51500.00   0.030311   0.378225   0.4092440    0.030320    0.378220    0.4092360
51501.00   0.031599   0.378298   0.4075068    0.031550    0.378290    0.4074990
51502.00   0.032630   0.378479   0.4057008    0.032670    0.378520    0.4057080
51503.00   0.033130   0.378618   0.4038769    0.033180    0.378650    0.4038770
51504.00   0.033152   0.378618   0.4021328    0.033160    0.378630    0.4021340
51505.00   0.032879   0.378417   0.4005584    0.032830    0.378490    0.4005630
51506.00   0.032516   0.378016   0.3991948    0.032520    0.378050    0.3991930
51507.00   0.032158   0.377578   0.3980249    0.032220    0.377580    0.3980150
51508.00   0.031840   0.377205   0.3969956    0.031880    0.377270    0.3969800
51509.00   0.031731   0.376900   0.3960227    0.031730    0.376960    0.3960080
51510.00   0.032013   0.376716   0.3950159    0.031980    0.376690    0.3950130
51511.00   0.032624   0.376739   0.3939021    0.032620    0.376770    0.3939120
51512.00   0.033305   0.377007   0.3926455    0.033360    0.377030    0.3926480
51513.00   0.033866   0.377511   0.3912784    0.033910    0.377480    0.3912670
51514.00   0.034243   0.378168   0.3898971    0.034260    0.378180    0.3898730
51515.00   0.034482   0.378767   0.3885654    0.034480    0.378850    0.3885010
51516.00   0.034712   0.379145   0.3873141    0.034700    0.379180    0.3872730
51517.00   0.034806   0.379274   0.3861571    0.034850    0.379330    0.3861610
51518.00   0.034636   0.379187   0.3851032    0.034710    0.379240    0.3851200
51519.00   0.034509   0.378991   0.3841467    0.034490    0.378970    0.3841480
51520.00   0.034839   0.378900   0.3832822    0.034790    0.378900    0.3832790
51521.00   0.035705   0.379108   0.3824822    0.035700    0.379150    0.3824670
51522.00   0.036626   0.379542   0.3816877    0.036690    0.379600    0.3816790
51523.00   0.037157   0.379986   0.3808536    0.037230    0.380060    0.3808610
51524.00   0.037313   0.380340   0.3799565    0.037340    0.380370    0.3799460
51525.00   0.037388   0.380650   0.3789967    0.037370    0.380650    0.3790130
51526.00   0.037709   0.381013   0.3779240    0.037680    0.380980    0.3779550
51527.00   0.038233   0.381469   0.3767143    0.038290    0.381490    0.3767130
51528.00   0.038411   0.381831   0.3753863    0.038470    0.381890    0.3753720
51529.00   0.038307   0.381983   0.3739443    0.038300    0.381920    0.3739430
51530.00   0.038151   0.382020   0.3724233    0.038120    0.381980    0.3724420
51531.00   0.037966   0.382019   0.3708867    0.037990    0.382080    0.3709520
51532.00   0.037613   0.381863   0.3694136    0.037700    0.381940    0.3694790
51533.00   0.037076   0.381420   0.3680734    0.037210    0.381360    0.3680520
51534.00   0.036608   0.380682   0.3668939    0.036610    0.380730    0.3668750
51535.00   0.036570   0.379666   0.3658297    0.036540    0.379730    0.3658610
51536.00   0.037112   0.378618   0.3648087    0.037160    0.378560    0.3647670
51537.00   0.038004   0.377845   0.3637629    0.038060    0.377680    0.3636580
51538.00   0.039000   0.377510   0.3626369    0.039020    0.377410    0.3625410
51539.00   0.040049   0.377548   0.3614129    0.040050    0.377580    0.3613690
51540.00   0.041137   0.377788   0.3601152    0.041120    0.377740    0.3601150
51541.00   0.042052   0.378106   0.3588103    0.041930    0.378160    0.3588120
51542.00   0.042547   0.378200   0.3575773    0.042450    0.378270    0.3575540
51543.00   0.042890   0.377991   0.3564633    0.042860    0.377980    0.3564530
51544.00   0.043215   0.377697   0.3554732    0.043190    0.377700    0.3554990
51545.00   0.043455   0.377468   0.3545966    0.043480    0.377510    0.3546330
51546.00   0.043512   0.377238   0.3538464    0.043590    0.377270    0.3538640
51547.00   0.043363   0.376945   0.3532360    0.043410    0.376940    0.3532310
51548.00   0.043134   0.376623   0.3527537    0.043160    0.376600    0.3527960
51549.00   0.043149   0.376297   0.3523431    0.043140    0.376270    0.3524010
51550.00   0.043422   0.376104   0.3519484    0.043440    0.376070    0.3519450
51551.00   0.043659   0.375969   0.3515404    0.043730    0.376020    0.3515040
51552.00   0.043675   0.375686   0.3510966    0.043690    0.375760    0.3510900
51553.00   0.043604   0.375254   0.3505534    0.043590    0.375250    0.3505590
51554.00   0.043745   0.374881   0.3498790    0.043740    0.374760    0.3498330
51555.00   0.044251   0.374731   0.3490532    0.044220    0.374640    0.3489670
51556.00   0.045178   0.374726   0.3480742    0.045170    0.374690    0.3479980
51557.00   0.046378   0.374757   0.3469483    0.046490    0.374730    0.3469090
51558.00   0.047518   0.374783   0.3457480    0.047640    0.374810    0.3457280
51559.00   0.048487   0.374789   0.3445662    0.048510    0.374820    0.3445610
51560.00   0.049484   0.374848   0.3434739    0.049450    0.374840    0.3435070
51561.00   0.050671   0.375099   0.3424895    0.050690    0.375130    0.3425460
51562.00   0.051944   0.375468   0.3415968    0.051980    0.375540    0.3416250
51563.00   0.053115   0.375682   0.3407635    0.053160    0.375720    0.3407420
51564.00   0.054190   0.375869   0.3399193    0.054210    0.375830    0.3398860
51565.00   0.055094   0.376229   0.3390041    0.055110    0.376210    0.3389880
51566.00   0.055780   0.376695   0.3379742    0.055820    0.376690    0.3379660
51567.00   0.056228   0.377100   0.3368184    0.056210    0.377100    0.3368040
51568.00   0.056440   0.377321   0.3355604    0.056420    0.377350    0.3355310
51569.00   0.056569   0.377302   0.3342584    0.056570    0.377290    0.3342110
51570.00   0.056930   0.377024   0.3329659    0.056980    0.376990    0.3329220
51571.00   0.057279   0.376691   0.3317549    0.057300    0.376720    0.3317330
51572.00   0.057260   0.376406   0.3306897    0.057180    0.376380    0.3306810
51573.00   0.057053   0.376159   0.3297764    0.056980    0.376130    0.3297760
51574.00   0.056920   0.375899   0.3289928    0.056930    0.375950    0.3290060
51575.00   0.056955   0.375515   0.3283083    0.056890    0.375520    0.3283220
51576.00   0.057214   0.374985   0.3276983    0.057200    0.375010    0.3276990
51577.00   0.057620   0.374341   0.3271605    0.057660    0.374400    0.3271500
51578.00   0.058222   0.373714   0.3266641    0.058190    0.373750    0.3266670
51579.00   0.058993   0.373135   0.3261312    0.059040    0.373130    0.3261480
51580.00   0.059938   0.372624   0.3254829    0.059970    0.372620    0.3254630
51581.00   0.061017   0.372235   0.3246859    0.061040    0.372220    0.3245860
51582.00   0.062195   0.371971   0.3237181    0.062240    0.371940    0.3236430
51583.00   0.063502   0.371823   0.3225902    0.063470    0.371980    0.3225890
51584.00   0.064771   0.371580   0.3213657    0.064720    0.371710    0.3213750
51585.00   0.065761   0.371153   0.3201477    0.065790    0.371160    0.3201260
51586.00   0.066202   0.370649   0.3190448    0.066240    0.370670    0.3190220
51587.00   0.066157   0.370171   0.3181117    0.066190    0.370140    0.3181430
51588.00   0.066000   0.369722   0.3173178    0.065970    0.369710    0.3173170
51589.00   0.066136   0.369254   0.3166298    0.066020    0.369250    0.3166280
51590.00   0.066699   0.368822   0.3159886    0.066650    0.368810    0.3159960
51591.00   0.067329   0.368509   0.3153378    0.067380    0.368490    0.3153000
51592.00   0.067939   0.368369   0.3146275    0.067960    0.368340    0.3145900
51593.00   0.068516   0.368291   0.3137951    0.068520    0.368310    0.3138080
51594.00   0.069027   0.368146   0.3127835    0.069000    0.368190    0.3128270
51595.00   0.069214   0.367844   0.3116045    0.069170    0.367900    0.3116160
51596.00   0.069035   0.367356   0.3103486    0.068980    0.367350    0.3103220
51597.00   0.068730   0.366746   0.3091149    0.068720    0.366770    0.3091040
51598.00   0.068361   0.366024   0.3079714    0.068400    0.366050    0.3079750
51599.00   0.067890   0.365197   0.3069563    0.067930    0.365220    0.3069360
51600.00   0.067390   0.364288   0.3060864    0.067440    0.364350    0.3060680
51601.00   0.066951   0.363382   0.3053466    0.066970    0.363430    0.3053490
51602.00   0.066617   0.362566   0.3047064    0.066620    0.362640    0.3046720
51603.00   0.066422   0.361905   0.3041427    0.066450    0.361910    0.3041150
51604.00   0.066401   0.361388   0.3036098    0.066400    0.361470    0.3036080
51605.00   0.066648   0.360890   0.3030436    0.066580    0.360960    0.3030390
51606.00   0.067130   0.360477   0.3024079    0.067140    0.360330    0.3024040
51607.00   0.067620   0.360236   0.3016646    0.067760    0.360170    0.3016670
51608.00   0.067948   0.360099   0.3007691    0.067950    0.360180    0.3007680
51609.00   0.068216   0.359961   0.2996940    0.068160    0.360020    0.2996990
51610.00   0.068525   0.359801   0.2984518    0.068600    0.359770    0.2984570
51611.00   0.068828   0.359586   0.2970918    0.068820    0.359720    0.2970870
51612.00   0.069387   0.359217   0.2956919    0.069280    0.359300    0.2956890
51613.00   0.070402   0.358866   0.2943263    0.070270    0.358810    0.2943390
51614.00   0.071773   0.358686   0.2930544    0.071690    0.358680    0.2930720
51615.00   0.073083   0.358599   0.2919128    0.073060    0.358650    0.2919190
51616.00   0.073990   0.358364   0.2909174    0.073940    0.358480    0.2909220
51617.00   0.074480   0.357854   0.2900542    0.074370    0.357960    0.2900640
51618.00   0.074671   0.357111   0.2892761    0.074620    0.357200    0.2892770
51619.00   0.074758   0.356241   0.2884848    0.074740    0.356290    0.2884850
51620.00   0.074596   0.355401   0.2876281    0.074570    0.355470    0.2876310
51621.00   0.074245   0.354616   0.2867043    0.074260    0.354760    0.2867060
51622.00   0.073913   0.353859   0.2857300    0.073980    0.353950    0.2857400
51623.00   0.073747   0.353172   0.2847254    0.073730    0.353110    0.2847510
51624.00   0.073826   0.352606   0.2836875    0.073800    0.352620    0.2837170
51625.00   0.073986   0.352100   0.2826302    0.074010    0.352130    0.2826370
51626.00   0.073990   0.351575   0.2816146    0.073980    0.351510    0.2815880
51627.00   0.073949   0.351028   0.2807146    0.073900    0.351030    0.2807060
51628.00   0.073762   0.350394   0.2799580    0.073770    0.350450    0.2799650
51629.00   0.073420   0.349596   0.2793488    0.073380    0.349600    0.2793210
51630.00   0.073080   0.348740   0.2788852    0.073100    0.348650    0.2789080
51631.00   0.072772   0.347935   0.2784878    0.072860    0.347950    0.2785310
51632.00   0.072757   0.347135   0.2780890    0.072710    0.347190    0.2780890
51633.00   0.073380   0.346415   0.2776678    0.073380    0.346410    0.2776610
51634.00   0.074374   0.345977   0.2771617    0.074460    0.346060    0.2771740
51635.00   0.075198   0.345904   0.2764928    0.075220    0.345980    0.2765170
51636.00   0.075808   0.346131   0.2756134    0.075680    0.346120    0.2756560
51637.00   0.076481   0.346510   0.2745277    0.076340    0.346510    0.2745730
51638.00   0.076985   0.346828   0.2732774    0.077030    0.346880    0.2732930
51639.00   0.077059   0.346914   0.2719400    0.077060    0.346950    0.2719320
51640.00   0.077093   0.346707   0.2706251    0.077060    0.346750    0.2706330
51641.00   0.077296   0.346262   0.2694147    0.077310    0.346310    0.2694350
51642.00   0.077573   0.345685   0.2683416    0.077600    0.345730    0.2683450
51643.00   0.077806   0.345015   0.2674068    0.077800    0.345120    0.2674040
51644.00   0.078238   0.344262   0.2665760    0.078180    0.344290    0.2665780
51645.00   0.079142   0.343638   0.2657834    0.079090    0.343600    0.2657810
51646.00   0.080330   0.343365   0.2649542    0.080370    0.343360    0.2649460
51647.00   0.081333   0.343380   0.2640252    0.081460    0.343390    0.2640320
51648.00   0.081906   0.343576   0.2629513    0.081990    0.343570    0.2629550
51649.00   0.082086   0.343849   0.2617145    0.082090    0.343870    0.2617140
51650.00   0.082136   0.344069   0.2603384    0.082110    0.344100    0.2603470
51651.00   0.082226   0.344150   0.2588795    0.082280    0.344150    0.2588640
51652.00   0.082276   0.344044   0.2574198    0.082430    0.344110    0.2574370
51653.00   0.082219   0.343715   0.2560309    0.082280    0.343740    0.2560440
51654.00   0.082294   0.343161   0.2547592    0.082350    0.343120    0.2547520
51655.00   0.082424   0.342461   0.2536047    0.082580    0.342510    0.2536740
51656.00   0.082541   0.341696   0.2525701    0.082560    0.341730    0.2526650
51657.00   0.082838   0.340923   0.2516714    0.082870    0.340860    0.2517210
51658.00   0.083396   0.340229   0.2509021    0.083440    0.340130    0.2509180
51659.00   0.084129   0.339694   0.2502312    0.084160    0.339640    0.2502580
51660.00   0.084942   0.339305   0.2496080    0.084990    0.339270    0.2496080
51661.00   0.085776   0.338979   0.2489548    0.085840    0.338870    0.2489720
51662.00   0.086596   0.338677   0.2481768    0.086640    0.338570    0.2481970
51663.00   0.087438   0.338335   0.2472104    0.087450    0.338270    0.2471880
51664.00   0.088310   0.337912   0.2460469    0.088320    0.337850    0.2460670
51665.00   0.089074   0.337501   0.2447165    0.089060    0.337400    0.2447320
51666.00   0.089646   0.337119   0.2432550    0.089650    0.337110    0.2432530
51667.00   0.089943   0.336653   0.2417404    0.089980    0.336700    0.2417460
51668.00   0.089876   0.335967   0.2402498    0.089850    0.336090    0.2402460
51669.00   0.089512   0.335028   0.2388797    0.089490    0.334990    0.2388380
51670.00   0.089040   0.333967   0.2376950    0.089050    0.333810    0.2376060
51671.00   0.088496   0.332907   0.2366841    0.088530    0.332910    0.2365990
51672.00   0.087926   0.331857   0.2357910    0.087960    0.331860    0.2357550
51673.00   0.087469   0.330886   0.2349382    0.087530    0.330830    0.2349480
51674.00   0.087221   0.330148   0.2340443    0.087260    0.330140    0.2340480
51675.00   0.087388   0.329677   0.2330322    0.087380    0.329760    0.2330110
51676.00   0.088025   0.329575   0.2319108    0.088070    0.329580    0.2318930
51677.00   0.088812   0.329617   0.2307012    0.088870    0.329580    0.2307180
51678.00   0.089475   0.329668   0.2294361    0.089470    0.329690    0.2294520
51679.00   0.090028   0.329588   0.2281687    0.090050    0.329610    0.2281330
51680.00   0.090488   0.329187   0.2269698    0.090540    0.329170    0.2269170
51681.00   0.090846   0.328477   0.2258826    0.090870    0.328450    0.2258710
51682.00   0.091393   0.327755   0.2248928    0.091390    0.327710    0.2248910
51683.00   0.092217   0.327154   0.2240194    0.092280    0.327100    0.2239890
51684.00   0.093187   0.326636   0.2232798    0.093220    0.326590    0.2232440
51685.00   0.093994   0.326187   0.2226631    0.094040    0.326130    0.2226540
51686.00   0.094457   0.325675   0.2221314    0.094520    0.325650    0.2221350
51687.00   0.094541   0.324805   0.2216301    0.094640    0.324730    0.2216290
51688.00   0.094765   0.323507   0.2211125    0.094850    0.323410    0.2210940
51689.00   0.095304   0.322391   0.2205648    0.095340    0.322360    0.2205220
51690.00   0.096112   0.321571   0.2199668    0.096140    0.321540    0.2199430
51691.00   0.097312   0.320835   0.2192941    0.097340    0.320780    0.2193000
51692.00   0.098918   0.320093   0.2185232    0.098910    0.320120    0.2185070
51693.00   0.100678   0.319359   0.2176552    0.100690    0.319400    0.2176300
51694.00   0.102331   0.318691   0.2167245    0.102300    0.318690    0.2167470
51695.00   0.103800   0.318055   0.2157888    0.103790    0.318060    0.2157980
51696.00   0.105087   0.317341   0.2149209    0.105050    0.317360    0.2149210
51697.00   0.106400   0.316492   0.2141761    0.106310    0.316510    0.2141970
51698.00   0.107684   0.315507   0.2135716    0.107760    0.315500    0.2135470
51699.00   0.108770   0.314486   0.2130846    0.108820    0.314500    0.2130840
51700.00   0.109818   0.313510   0.2126473    0.109820    0.313540    0.2126560
51701.00   0.110928   0.312639   0.2121691    0.110970    0.312620    0.2121930
51702.00   0.111937   0.311860   0.2115752    0.111870    0.311870    0.2115840
51703.00   0.112461   0.311070   0.2108262    0.112450    0.311120    0.2108200
51704.00   0.112535   0.310143   0.2099522    0.112510    0.310180    0.2099400
51705.00   0.112490   0.308914   0.2090299    0.112470    0.308970    0.2090050
51706.00   0.112729   0.307475   0.2081422    0.112680    0.307450    0.2081520
51707.00   0.113194   0.306099   0.2073506    0.113130    0.306060    0.2073440
51708.00   0.113500   0.304864   0.2067048    0.113470    0.304900    0.2067100
51709.00   0.113577   0.303639   0.2062475    0.113620    0.303680    0.2062480
51710.00   0.113645   0.302472   0.2060009    0.113600    0.302480    0.2059850
51711.00   0.113161   0.301332   0.2059520    0.113100    0.301300    0.2059900
51712.00   0.112189   0.300267   0.2060449    0.112160    0.300250    0.2060860
51713.00   0.110999   0.299135   0.2062115    0.111010    0.299210    0.2061740
51714.00   0.109831   0.297643   0.2064062    0.109870    0.297710    0.2063480
51715.00   0.108880   0.295971   0.2065859    0.108870    0.296020    0.2065770
51716.00   0.108124   0.294316   0.2066983    0.108140    0.294340    0.2067080
51717.00   0.107741   0.292556   0.2067001    0.107770    0.292570    0.2066590
51718.00   0.107635   0.290771   0.2065948    0.107700    0.290810    0.2065550
51719.00   0.107822   0.289158   0.2063949    0.107890    0.289170    0.2064170
51720.00   0.108185   0.287884   0.2061000    0.108190    0.287890    0.2061060
51721.00   0.108554   0.286664   0.2057138    0.108550    0.286670    0.2056990
51722.00   0.108995   0.285324   0.2052783    0.108990    0.285330    0.2053220
51723.00   0.109531   0.283989   0.2048415    0.109520    0.283980    0.2048650
51724.00   0.110044   0.282821   0.2044716    0.110020    0.282840    0.2044680
51725.00   0.110221   0.281535   0.2042304    0.110210    0.281560    0.2042410
51726.00   0.110169   0.280039   0.2041293    0.110140    0.280000    0.2040530
51727.00   0.109967   0.278617   0.2041166    0.109940    0.278620    0.2039720
51728.00   0.109546   0.277387   0.2040917    0.109520    0.277410    0.2039550
51729.00   0.108963   0.276322   0.2039568    0.108970    0.276340    0.2038820
51730.00   0.108195   0.275448   0.2036533    0.108210    0.275460    0.2036680
51731.00   0.107386   0.274682   0.2031755    0.107390    0.274680    0.2031930
51732.00   0.107012   0.273910   0.2025619    0.106990    0.273890    0.2025540
51733.00   0.106830   0.273235   0.2018964    0.106810    0.273230    0.2018930
51734.00   0.106345   0.272676   0.2012574    0.106320    0.272700    0.2012680
51735.00   0.105472   0.272081   0.2006965    0.105450    0.272070    0.2007080
51736.00   0.104471   0.271366   0.2002445    0.104450    0.271300    0.2002440
51737.00   0.103658   0.270383   0.1999051    0.103620    0.270380    0.1999000
51738.00   0.102881   0.269207   0.1996952    0.102910    0.269240    0.1996870
51739.00   0.102127   0.268078   0.1996037    0.102150    0.268100    0.1996080
51740.00   0.101213   0.266972   0.1996296    0.101200    0.267020    0.1996010
51741.00   0.100163   0.265843   0.1997601    0.100110    0.265850    0.1997040
51742.00   0.099235   0.264837   0.1999437    0.099230    0.264830    0.1999110
51743.00   0.098285   0.263948   0.2001382    0.098270    0.263900    0.2001430
51744.00   0.097161   0.262947   0.2003128    0.097120    0.262910    0.2003170
51745.00   0.096019   0.261634   0.2004413    0.096020    0.261600    0.2004180
51746.00   0.094818   0.260257   0.2005212    0.094860    0.260160    0.2005040
51747.00   0.093439   0.259074   0.2005555    0.093450    0.259050    0.2005770
51748.00   0.092112   0.258017   0.2005297    0.092080    0.258090    0.2005480
51749.00   0.091249   0.256975   0.2004521    0.091250    0.257010    0.2004300
51750.00   0.090774   0.256140   0.2003567    0.090800    0.256130    0.2003190
51751.00   0.090467   0.255547   0.2002801    0.090420    0.255640    0.2002770
51752.00   0.090291   0.255049   0.2002659    0.090210    0.255130    0.2002820
51753.00   0.089877   0.254516   0.2003391    0.089820    0.254560    0.2003350
51754.00   0.089117   0.253907   0.2004866    0.089090    0.253970    0.2004870
51755.00   0.088353   0.253164   0.2006483    0.088320    0.253210    0.2006530
51756.00   0.087624   0.252369   0.2007368    0.087600    0.252400    0.2007420
51757.00   0.086922   0.251692   0.2006819    0.086920    0.251760    0.2006950
51758.00   0.086416   0.251127   0.2004629    0.086350    0.251190    0.2004710
51759.00   0.085879   0.250675   0.2001140    0.085880    0.250750    0.2000900
51760.00   0.085277   0.250228   0.1997081    0.085310    0.250310    0.1997160
51761.00   0.084583   0.249655   0.1993192    0.084600    0.249680    0.1993260
51762.00   0.083909   0.249042   0.1990109    0.083890    0.249060    0.1990050
51763.00   0.083208   0.248525   0.1988276    0.083200    0.248580    0.1988220
51764.00   0.082305   0.248115   0.1987890    0.082270    0.248180    0.1987940
51765.00   0.081267   0.247773   0.1988874    0.081170    0.247790    0.1988930
51766.00   0.079976   0.247487   0.1990782    0.079980    0.247550    0.1990860
51767.00   0.078346   0.247089   0.1993185    0.078360    0.247210    0.1993320
51768.00   0.076607   0.246398   0.1995682    0.076600    0.246450    0.1995820
51769.00   0.075050   0.245638   0.1997864    0.075080    0.245660    0.1997900
51770.00   0.073685   0.245040   0.1999357    0.073680    0.245120    0.1999360
51771.00   0.072650   0.244535   0.1999812    0.072610    0.244590    0.1999960
51772.00   0.071939   0.244191   0.1998923    0.071990    0.244180    0.1999100
51773.00   0.071315   0.244107   0.1996358    0.071320    0.244120    0.1996310
51774.00   0.070374   0.244145   0.1992137    0.070350    0.244190    0.1992030
51775.00   0.069083   0.244139   0.1986598    0.069080    0.244150    0.1986760
51776.00   0.067529   0.244006   0.1980179    0.067510    0.244020    0.1980460
51777.00   0.065843   0.243813   0.1973375    0.065840    0.243870    0.1973380
51778.00   0.063909   0.243619   0.1966686    0.063950    0.243660    0.1966380
51779.00   0.062076   0.243350   0.1960529    0.062070    0.243450    0.1960370
51780.00   0.060596   0.243028   0.1955095    0.060540    0.243110    0.1955580
51781.00   0.059118   0.242771   0.1950637    0.059070    0.242770    0.1951390
51782.00   0.057453   0.242702   0.1946679    0.057380    0.242750    0.1946870
51783.00   0.055584   0.242638   0.1942311    0.055540    0.242700    0.1942120
51784.00   0.053762   0.242461   0.1936784    0.053770    0.242480    0.1936680
51785.00   0.052242   0.242168   0.1929644    0.052240    0.242200    0.1929680
51786.00   0.051091   0.241829   0.1920968    0.051050    0.241840    0.1920900
51787.00   0.050026   0.241689   0.1911429    0.050050    0.241700    0.1911300
51788.00   0.049004   0.241787   0.1901885    0.049000    0.241830    0.1902050
51789.00   0.047868   0.241878   0.1893152    0.047870    0.241900    0.1893390
51790.00   0.046627   0.241895   0.1885815    0.046610    0.241930    0.1885410
51791.00   0.045163   0.241966   0.1880169    0.045120    0.242050    0.1879720
51792.00   0.043394   0.242041   0.1876245    0.043370    0.242120    0.1875600
51793.00   0.041253   0.242044   0.1873924    0.041300    0.242150    0.1873680
51794.00   0.038987   0.241874   0.1872994    0.038960    0.241980    0.1873270
51795.00   0.036646   0.241519   0.1873119    0.036650    0.241590    0.1873080
51796.00   0.034228   0.241045   0.1873757    0.034220    0.241120    0.1874040
51797.00   0.031863   0.240490   0.1874162    0.031860    0.240520    0.1874630
51798.00   0.029800   0.240042   0.1873909    0.029850    0.240070    0.1874080
51799.00   0.027756   0.239711   0.1872765    0.027770    0.239730    0.1872670
51800.00   0.025131   0.239553   0.1870392    0.025180    0.239550    0.1870400
51801.00   0.022100   0.239613   0.1866261    0.022170    0.239660    0.1866420
51802.00   0.019235   0.239702   0.1860446    0.019230    0.239770    0.1860490
51803.00   0.016892   0.239768   0.1853451    0.016920    0.239800    0.1853450
51804.00   0.015146   0.239926   0.1846132    0.015190    0.239960    0.1845970
51805.00   0.013673   0.240390   0.1839280    0.013700    0.240450    0.1839060
51806.00   0.012234   0.241177   0.1833480    0.012240    0.241170    0.1833410
51807.00   0.010639   0.242107   0.1828855    0.010580    0.242100    0.1828890
51808.00   0.008784   0.242995   0.1824901    0.008730    0.243030    0.1824890
51809.00   0.006877   0.243489   0.1821322    0.006910    0.243550    0.1821650
51810.00   0.005374   0.243521   0.1817526    0.005410    0.243510    0.1817180
51811.00   0.004180   0.243406   0.1812846    0.004180    0.243400    0.1812110
51812.00   0.002961   0.243379   0.1806641    0.002940    0.243410    0.1806320
51813.00   0.001685   0.243522   0.1798529    0.001720    0.243530    0.1798730
51814.00   0.000637   0.243908   0.1788651    0.000670    0.243960    0.1788750
51815.00  -0.000618   0.244567   0.1777557   -0.000600    0.244620    0.1777340
51816.00  -0.002327   0.245461   0.1766239   -0.002350    0.245470    0.1766000
51817.00  -0.004224   0.246291   0.1755666   -0.004230    0.246310    0.1756310
51818.00  -0.005825   0.246948   0.1746510   -0.005830    0.246970    0.1747260
51819.00  -0.007317   0.247621   0.1739216   -0.007300    0.247640    0.1739250
51820.00  -0.009224   0.248297   0.1733949   -0.009170    0.248320    0.1733650
51821.00  -0.011143   0.248950   0.1730499   -0.011180    0.248870    0.1730460
51822.00  -0.013069   0.249438   0.1728087   -0.013050    0.249390    0.1728150
51823.00  -0.014665   0.249912   0.1725813   -0.014670    0.249930    0.1725740
51824.00  -0.016139   0.250291   0.1722903   -0.016150    0.250310    0.1723010
51825.00  -0.017636   0.250548   0.1718754   -0.017650    0.250520    0.1718640
51826.00  -0.019065   0.250992   0.1712972   -0.019100    0.250930    0.1712420
51827.00  -0.020494   0.251829   0.1705340   -0.020520    0.251850    0.1704830
51828.00  -0.021762   0.253062   0.1695809   -0.021790    0.253120    0.1695750
51829.00  -0.022955   0.254629   0.1684621   -0.022930    0.254700    0.1684640
51830.00  -0.024334   0.256374   0.1672188   -0.024370    0.256430    0.1672620
51831.00  -0.026199   0.257929   0.1659060   -0.026230    0.257910    0.1658840
51832.00  -0.028276   0.259197   0.1645897   -0.028270    0.259150    0.1644540
51833.00  -0.030364   0.260226   0.1633355   -0.030370    0.260220    0.1631760
51834.00  -0.032237   0.261068   0.1621903   -0.032240    0.261070    0.1621250
51835.00  -0.034006   0.261825   0.1611638   -0.033940    0.261820    0.1611760
51836.00  -0.035697   0.262610   0.1602119   -0.035650    0.262640    0.1601930
51837.00  -0.037440   0.263490   0.1592914   -0.037410    0.263500    0.1593100
51838.00  -0.039119   0.264415   0.1583268   -0.039160    0.264420    0.1584290
51839.00  -0.040594   0.265452   0.1572384   -0.040620    0.265410    0.1573430
51840.00  -0.041999   0.266789   0.1559864   -0.042050    0.266770    0.1560110
51841.00  -0.043325   0.268351   0.1545737   -0.043340    0.268370    0.1545450
51842.00  -0.044307   0.269937   0.1530409   -0.044330    0.269950    0.1530330
51843.00  -0.045559   0.271645   0.1514582   -0.045520    0.271650    0.1514710
51844.00  -0.046947   0.273406   0.1499040   -0.046990    0.273440    0.1499100
51845.00  -0.048312   0.274938   0.1484473   -0.048330    0.274930    0.1484300
51846.00  -0.049258   0.276441   0.1471312   -0.049290    0.276360    0.1471610
51847.00  -0.050029   0.278336   0.1459646   -0.050100    0.278260    0.1460480
51848.00  -0.051245   0.280534   0.1449376   -0.051190    0.280530    0.1449780
51849.00  -0.052365   0.282579   0.1440273   -0.052430    0.282600    0.1440070
51850.00  -0.053768   0.284278   0.1432139   -0.053760    0.284260    0.1432280
51851.00  -0.055168   0.285920   0.1424100   -0.055120    0.285960    0.1424240
51852.00  -0.056466   0.287605   0.1415673   -0.056420    0.287660    0.1415700
51853.00  -0.057701   0.289318   0.1406684   -0.057720    0.289250    0.1406590
51854.00  -0.059197   0.291235   0.1396914   -0.059220    0.291140    0.1396830
51855.00  -0.060735   0.293436   0.1386201   -0.060760    0.293410    0.1386150
51856.00  -0.062207   0.295705   0.1374452   -0.062220    0.295680    0.1374380
51857.00  -0.063703   0.297752   0.1361688   -0.063730    0.297700    0.1361610
51858.00  -0.065070   0.299403   0.1348301   -0.065100    0.299370    0.1348130
51859.00  -0.065971   0.300644   0.1335009   -0.066020    0.300590    0.1334650
51860.00  -0.066267   0.301799   0.1322709   -0.066280    0.301690    0.1322310
51861.00  -0.066492   0.303333   0.1312182   -0.066450    0.303290    0.1312040
51862.00  -0.067493   0.305215   0.1303689   -0.067400    0.305250    0.1303790
51863.00  -0.069107   0.306966   0.1296774   -0.069160    0.307050    0.1296860
51864.00  -0.071252   0.308424   0.1290646   -0.071220    0.308460    0.1290580
51865.00  -0.073154   0.309840   0.1284567   -0.073120    0.309810    0.1284520
51866.00  -0.074727   0.311485   0.1277697   -0.074710    0.311500    0.1277780
51867.00  -0.075653   0.313425   0.1269444   -0.075660    0.313440    0.1269430
51868.00  -0.075902   0.315632   0.1259690   -0.075870    0.315600    0.1259530
51869.00  -0.075832   0.317969   0.1248704   -0.075810    0.317980    0.1248720
51870.00  -0.075847   0.320194   0.1236988   -0.075840    0.320240    0.1237180
51871.00  -0.076126   0.322251   0.1225155   -0.076120    0.322250    0.1224790
51872.00  -0.076569   0.324131   0.1214167   -0.076580    0.324110    0.1213050
51873.00  -0.077090   0.325916   0.1204631   -0.077060    0.325860    0.1203310
51874.00  -0.077734   0.327749   0.1196786   -0.077740    0.327710    0.1195830
51875.00  -0.078464   0.329650   0.1190476   -0.078510    0.329660    0.1190050
51876.00  -0.079156   0.331507   0.1185260   -0.079060    0.331530    0.1185190
51877.00  -0.079387   0.333385   0.1180405   -0.079330    0.333330    0.1180470
51878.00  -0.079572   0.335195   0.1175256   -0.079610    0.335150    0.1175220
51879.00  -0.080077   0.336962   0.1169465   -0.080070    0.336980    0.1169220
51880.00  -0.080633   0.338725   0.1162730   -0.080610    0.338690    0.1162800
51881.00  -0.080874   0.340453   0.1154659   -0.080890    0.340360    0.1155090
51882.00  -0.080959   0.342134   0.1145151   -0.081000    0.342100    0.1145360
51883.00  -0.081277   0.343792   0.1134289   -0.081290    0.343710    0.1134120
51884.00  -0.081778   0.345435   0.1122263   -0.081830    0.345320    0.1122210
51885.00  -0.082321   0.347178   0.1109317   -0.082340    0.347130    0.1109530
51886.00  -0.082764   0.349073   0.1095995   -0.082810    0.349020    0.1095820
51887.00  -0.083349   0.350969   0.1083132   -0.083330    0.350940    0.1083340
51888.00  -0.083714   0.352612   0.1071406   -0.083680    0.352570    0.1071950
51889.00  -0.083829   0.353999   0.1061295   -0.083840    0.354000    0.1061520
51890.00  -0.083649   0.355350   0.1052914   -0.083610    0.355370    0.1052740
51891.00  -0.082749   0.357031   0.1045855   -0.082670    0.356990    0.1045790
51892.00  -0.081454   0.359066   0.1039318   -0.081380    0.359130    0.1039370
51893.00  -0.080187   0.361234   0.1032411   -0.080170    0.361250    0.1032250
51894.00  -0.079088   0.363461   0.1024684   -0.079090    0.363400    0.1024390
51895.00  -0.078140   0.365712   0.1016101   -0.078160    0.365680    0.1014840
51896.00  -0.077838   0.367832   0.1006813   -0.077860    0.367890    0.1004880
51897.00  -0.078183   0.369725   0.0997235   -0.078140    0.369680    0.0996230
51898.00  -0.078693   0.371616   0.0987847   -0.078760    0.371540    0.0987910
51899.00  -0.078656   0.373822   0.0979190   -0.078790    0.373900    0.0978530
51900.00  -0.078397   0.376311   0.0971744   -0.078300    0.376360    0.0971970
51901.00  -0.078015   0.378911   0.0965589   -0.077960    0.378920    0.0966350
51902.00  -0.077568   0.381524   0.0960664   -0.077570    0.381510    0.0961140
51903.00  -0.077052   0.384097   0.0956855   -0.077090    0.384100    0.0956820
51904.00  -0.076627   0.386538   0.0953894   -0.076580    0.386520    0.0953610
51905.00  -0.076313   0.388743   0.0951401   -0.076400    0.388660    0.0951180
51906.00  -0.076058   0.390710   0.0948989   -0.076070    0.390660    0.0948940
51907.00  -0.075340   0.392637   0.0946252   -0.075390    0.392710    0.0946300
51908.00  -0.074867   0.394535   0.0942721   -0.074860    0.394520    0.0942860
51909.00  -0.074232   0.396311   0.0938013   -0.074200    0.396280    0.0938240
51910.00  -0.073475   0.398000   0.0932012   -0.073450    0.397930    0.0932210
51911.00  -0.072616   0.399776   0.0924807   -0.072570    0.399630    0.0924880
51912.00  -0.071574   0.401696   0.0916585   -0.071560    0.401750    0.0916580
51913.00  -0.071043   0.403552   0.0907643   -0.071020    0.403630    0.0907650
51914.00  -0.070727   0.405169   0.0898571   -0.070740    0.405100    0.0898580
51915.00  -0.070375   0.406607   0.0890085   -0.070400    0.406550    0.0890200
51916.00  -0.070175   0.407955   0.0882806   -0.070180    0.407910    0.0883060
51917.00  -0.070202   0.409286   0.0876993   -0.070120    0.409250    0.0877260
51918.00  -0.070110   0.410656   0.0872305   -0.070060    0.410700    0.0872420
51919.00  -0.069867   0.412121   0.0868107   -0.069810    0.412100    0.0868070
51920.00  -0.069253   0.413913   0.0863871   -0.069330    0.413860    0.0863720
51921.00  -0.068491   0.415946   0.0858811   -0.068490    0.415910    0.0858980
51922.00  -0.067476   0.418035   0.0852171   -0.067480    0.418010    0.0852290
51923.00  -0.066439   0.420036   0.0843862   -0.066440    0.420030    0.0843870
51924.00  -0.065330   0.421837   0.0834544   -0.065340    0.421820    0.0834490
51925.00  -0.063996   0.423433   0.0825093   -0.064050    0.423420    0.0825050
51926.00  -0.062707   0.424929   0.0816517   -0.062730    0.424880    0.0816480
51927.00  -0.061468   0.426305   0.0809688   -0.061460    0.426190    0.0809690
51928.00  -0.060311   0.427747   0.0804814   -0.060340    0.427710    0.0804850
51929.00  -0.059229   0.429112   0.0801680   -0.059270    0.429150    0.0801190
51930.00  -0.058108   0.430179   0.0800094   -0.058160    0.430160    0.0799550
51931.00  -0.056802   0.431143   0.0799699   -0.056820    0.431050    0.0799820
51932.00  -0.055433   0.432399   0.0800133   -0.055400    0.432420    0.0800690
51933.00  -0.054105   0.434088   0.0800967   -0.054080    0.434170    0.0801060
51934.00  -0.052244   0.435907   0.0801067   -0.052310    0.435870    0.0800960
51935.00  -0.050480   0.437795   0.0799898   -0.050530    0.437790    0.0799840
51936.00  -0.049071   0.439653   0.0797378   -0.049080    0.439600    0.0797570
51937.00  -0.047516   0.441457   0.0793490   -0.047500    0.441380    0.0794010
51938.00  -0.045591   0.443202   0.0788464   -0.045590    0.443170    0.0789010
51939.00  -0.043693   0.444798   0.0782754   -0.043680    0.444700    0.0782950
51940.00  -0.042033   0.446206   0.0776959   -0.042080    0.446190    0.0776930
51941.00  -0.040636   0.447190   0.0771815   -0.040620    0.447160    0.0771880
51942.00  -0.039126   0.447931   0.0767659   -0.039100    0.447830    0.0767630
51943.00  -0.037703   0.448626   0.0764797   -0.037700    0.448620    0.0764750
51944.00  -0.036061   0.449368   0.0763355   -0.036070    0.449360    0.0763320
51945.00  -0.034020   0.450341   0.0762962   -0.034080    0.450270    0.0763010
51946.00  -0.032180   0.451589   0.0762796   -0.032090    0.451620    0.0762880
51947.00  -0.030365   0.453000   0.0761678   -0.030410    0.453010    0.0761720
51948.00  -0.028369   0.454523   0.0758262   -0.028520    0.454470    0.0758360
51949.00  -0.026513   0.456074   0.0752100   -0.026520    0.456090    0.0751990
51950.00  -0.024700   0.457538   0.0743443   -0.024720    0.457560    0.0743150
51951.00  -0.023433   0.458809   0.0733026   -0.023390    0.458870    0.0732830
51952.00  -0.022363   0.459792   0.0721740   -0.022340    0.459760    0.0721790
51953.00  -0.020906   0.460725   0.0710272   -0.020910    0.460680    0.0710400
51954.00  -0.019204   0.461937   0.0699186   -0.019230    0.461970    0.0699210
51955.00  -0.017628   0.463232   0.0689386   -0.017580    0.463260    0.0689260
51956.00  -0.015910   0.464556   0.0681089   -0.015900    0.464530    0.0681100
51957.00  -0.014070   0.465865   0.0674058   -0.014070    0.465820    0.0673560
51958.00  -0.012282   0.467076   0.0667945   -0.012260    0.467050    0.0667340
51959.00  -0.010501   0.468197   0.0662114   -0.010490    0.468140    0.0661950
51960.00  -0.008318   0.469373   0.0656072   -0.008260    0.469310    0.0656190
51961.00  -0.005520   0.470698   0.0649585   -0.005540    0.470720    0.0649590
51962.00  -0.002296   0.472165   0.0642607   -0.002380    0.472160    0.0642450
51963.00   0.000948   0.473902   0.0634634    0.001010    0.473850    0.0634730
51964.00   0.004069   0.475723   0.0625081    0.004070    0.475750    0.0625000
51965.00   0.006803   0.477346   0.0613757    0.006820    0.477360    0.0613410
51966.00   0.009390   0.478757   0.0600802    0.009410    0.478700    0.0600530
51967.00   0.011992   0.479986   0.0586678    0.011990    0.479910    0.0586680
51968.00   0.014200   0.481045   0.0572087    0.014300    0.481000    0.0572140
51969.00   0.016153   0.481998   0.0557767    0.016090    0.481990    0.0557520
51970.00   0.017276   0.482700   0.0544494    0.017280    0.482630    0.0544200
51971.00   0.018496   0.483232   0.0532711    0.018470    0.483100    0.0532710
51972.00   0.020341   0.483840   0.0522268    0.020380    0.483750    0.0522360
51973.00   0.022588   0.484558   0.0512724    0.022620    0.484550    0.0512640
51974.00   0.024503   0.485112   0.0503386    0.024500    0.485160    0.0503260
51975.00   0.026284   0.485380   0.0493333    0.026380    0.485330    0.0493410
51976.00   0.028795   0.485434   0.0481232    0.028660    0.485440    0.0481510
51977.00   0.031018   0.485399   0.0466901    0.031050    0.485380    0.0466690
51978.00   0.033359   0.485373   0.0451120    0.033350    0.485300    0.0451310
51979.00   0.035564   0.485413   0.0434664    0.035550    0.485400    0.0435500
51980.00   0.038022   0.485524   0.0418693    0.037980    0.485480    0.0419400
51981.00   0.040915   0.485734   0.0404265    0.040870    0.485670    0.0404350
51982.00   0.043874   0.486103   0.0392186    0.043920    0.486220    0.0392130
51983.00   0.046406   0.486377   0.0382843    0.046450    0.486420    0.0383080
51984.00   0.048681   0.486655   0.0375617    0.048650    0.486610    0.0375840
51985.00   0.050978   0.487043   0.0369778    0.050980    0.487060    0.0369820
51986.00   0.053555   0.487408   0.0364941    0.053540    0.487400    0.0364890
51987.00   0.056329   0.487821   0.0360676    0.056310    0.487770    0.0360630
51988.00   0.059135   0.488394   0.0356430    0.059060    0.488390    0.0356370
51989.00   0.061688   0.488864   0.0351568    0.061640    0.488880    0.0351550
51990.00   0.064613   0.489050   0.0345635    0.064420    0.489130    0.0345770
51991.00   0.067318   0.489461   0.0338698    0.067340    0.489510    0.0338570
51992.00   0.070277   0.490025   0.0330839    0.070240    0.490030    0.0330900
51993.00   0.073332   0.490497   0.0321623    0.073320    0.490500    0.0321940
51994.00   0.076391   0.490842   0.0311235    0.076380    0.490860    0.0311380
51995.00   0.079270   0.491052   0.0300255    0.079230    0.491060    0.0300160
51996.00   0.081797   0.491117   0.0289424    0.081730    0.491080    0.0289390
51997.00   0.084181   0.491078   0.0279322    0.084070    0.491050    0.0279420
51998.00   0.086363   0.490780   0.0270475    0.086360    0.490830    0.0270520
51999.00   0.088580   0.490263   0.0262681    0.088550    0.490340    0.0262730
52000.00   0.090657   0.489693   0.0255680    0.090660    0.489730    0.0255590
52001.00   0.092713   0.489218   0.0248977    0.092710    0.489170    0.0248780
52002.00   0.094742   0.488819   0.0241865    0.094770    0.488820    0.0241770
52003.00   0.096970   0.488212   0.0233415    0.097060    0.488230    0.0233470
52004.00   0.099146   0.487316   0.0222831    0.099230    0.487290    0.0222820
52005.00   0.101639   0.486689   0.0210200    0.101620    0.486670    0.0210190
52006.00   0.104372   0.486451   0.0196018    0.104330    0.486450    0.0196170
52007.00   0.106684   0.486230   0.0181065    0.106650    0.486230    0.0181290
52008.00   0.108446   0.485677   0.0167021    0.108450    0.485660    0.0167110
52009.00   0.110408   0.484787   0.0155036    0.110420    0.484780    0.0155010
52010.00   0.112966   0.483921   0.0145483    0.113020    0.483870    0.0145520
52011.00   0.115877   0.483273   0.0138282    0.115940    0.483200    0.0138300
52012.00   0.118552   0.482764   0.0133060    0.118580    0.482740    0.0132910
52013.00   0.120993   0.482036   0.0129373    0.121010    0.481980    0.0129400
52014.00   0.123648   0.481138   0.0126343    0.123680    0.481070    0.0126510
52015.00   0.126521   0.480220   0.0122983    0.126590    0.480190    0.0123230
52016.00   0.129576   0.479260   0.0118375    0.129610    0.479320    0.0118590
52017.00   0.132758   0.478579   0.0112160    0.132870    0.478610    0.0112190
52018.00   0.136404   0.478052   0.0104241    0.136310    0.478060    0.0104330
52019.00   0.139400   0.477581   0.0095180    0.139470    0.477590    0.0095310
52020.00   0.142322   0.476918   0.0085454    0.142300    0.476880    0.0085640
52021.00   0.144945   0.476117   0.0075411    0.144920    0.476040    0.0075520
52022.00   0.147340   0.475404   0.0065665    0.147380    0.475340    0.0065630
52023.00   0.149333   0.474680   0.0056600    0.149330    0.474630    0.0056590
52024.00   0.151014   0.473687   0.0048331    0.151040    0.473690    0.0048440
52025.00   0.153471   0.472377   0.0040681    0.153320    0.472380    0.0040670
52026.00   0.155789   0.471026   0.0033913    0.155790    0.470940    0.0033730
52027.00   0.157806   0.469570   0.0028082    0.157800    0.469490    0.0028290
52028.00   0.159603   0.467985   0.0022319    0.159600    0.467950    0.0022510
52029.00   0.161444   0.466243   0.0015624    0.161460    0.466200    0.0015540
52030.00   0.163356   0.464304   0.0007169    0.163170    0.464260    0.0006960
52031.00   0.164950   0.462522  -0.0003369    0.164950    0.462500   -0.0003420
52032.00   0.167277   0.461283  -0.0016044    0.167170    0.461160   -0.0015850
52033.00   0.169451   0.460079  -0.0030462    0.169470    0.460060   -0.0030340
52034.00   0.171731   0.458504  -0.0046043    0.171710    0.458490   -0.0046170
52035.00   0.173634   0.456540  -0.0061441    0.173660    0.456560   -0.0061660
52036.00   0.175770   0.454417  -0.0075479    0.175750    0.454430   -0.0075520
52037.00   0.178361   0.452275  -0.0087514    0.178400    0.452300   -0.0087500
52038.00   0.181152   0.450055  -0.0097479    0.181190    0.450110   -0.0097520
52039.00   0.183899   0.447804  -0.0105429    0.183850    0.447870   -0.0105440
52040.00   0.186558   0.445713  -0.0111874    0.186520    0.445780   -0.0111840
52041.00   0.189162   0.444034  -0.0117606    0.189130    0.444060   -0.0117580
52042.00   0.191399   0.442523  -0.0123357    0.191380    0.442540   -0.0123210
52043.00   0.193310   0.440749  -0.0129715    0.193240    0.440740   -0.0129560
52044.00   0.194797   0.438595  -0.0137153    0.194970    0.438620   -0.0137180
52045.00   0.196885   0.436321  -0.0145805    0.196880    0.436330   -0.0145870
52046.00   0.198612   0.433526  -0.0155485    0.198680    0.433650   -0.0155280
52047.00   0.200793   0.430724  -0.0166117    0.200760    0.430710   -0.0166130
52048.00   0.203161   0.427891  -0.0177380    0.203180    0.427890   -0.0177410
52049.00   0.205174   0.425164  -0.0188736    0.205110    0.425180   -0.0188620
52050.00   0.206955   0.422557  -0.0199526    0.206910    0.422590   -0.0199380
52051.00   0.208746   0.420125  -0.0209135    0.208850    0.420250   -0.0209080
52052.00   0.210426   0.417989  -0.0216892    0.210410    0.418040   -0.0216940
52053.00   0.212039   0.415612  -0.0222479    0.211890    0.415630   -0.0222490
52054.00   0.213256   0.413088  -0.0226142    0.213350    0.413120   -0.0226100
52055.00   0.214679   0.410347  -0.0228347    0.214620    0.410370   -0.0228330
52056.00   0.215942   0.407372  -0.0230140    0.215880    0.407350   -0.0230120
52057.00   0.217326   0.404456  -0.0232574    0.217320    0.404480   -0.0232580
52058.00   0.219019   0.401751  -0.0236287    0.219030    0.401800   -0.0236350
52059.00   0.220923   0.399153  -0.0241428    0.220930    0.399220   -0.0241480
52060.00   0.222844   0.396603  -0.0247593    0.222860    0.396660   -0.0247580
52061.00   0.224462   0.394024  -0.0254085    0.224420    0.394050   -0.0253810
52062.00   0.225856   0.391301  -0.0260285    0.225790    0.391340   -0.0260010
52063.00   0.227208   0.388448  -0.0265294    0.227200    0.388480   -0.0265140
52064.00   0.228755   0.385506  -0.0268396    0.228700    0.385520   -0.0268270
52065.00   0.230305   0.382461  -0.0269233    0.230520    0.382550   -0.0268950
52066.00   0.232394   0.379951  -0.0267701    0.232380    0.380060   -0.0267660
52067.00   0.234494   0.377269  -0.0264129    0.234400    0.377400   -0.0264180
52068.00   0.236427   0.374759  -0.0259398    0.236450    0.374730   -0.0259510
52069.00   0.238000   0.372435  -0.0254444    0.237980    0.372450   -0.0254460
52070.00   0.239149   0.370013  -0.0250118    0.239120    0.370100   -0.0250090
52071.00   0.240122   0.367384  -0.0247004    0.240140    0.367450   -0.0246970
52072.00   0.241075   0.364662  -0.0245354    0.241010    0.364630   -0.0245310
52073.00   0.241862   0.361668  -0.0245107    0.241850    0.361720   -0.0245030
52074.00   0.243205   0.358359  -0.0245966    0.243170    0.358550   -0.0245960
52075.00   0.244809   0.355242  -0.0247260    0.244820    0.355300   -0.0247330
52076.00   0.246266   0.352304  -0.0248955    0.246230    0.352330   -0.0248900
52077.00   0.247366   0.349444  -0.0250968    0.247330    0.349550   -0.0250730
52078.00   0.248189   0.346490  -0.0252880    0.248170    0.346560   -0.0252650
52079.00   0.248439   0.343539  -0.0254205    0.248480    0.343620   -0.0254190
52080.00   0.248322   0.340726  -0.0254431    0.248350    0.340790   -0.0254530
52081.00   0.248209   0.337798  -0.0253430    0.248270    0.337830   -0.0253190
52082.00   0.248422   0.334848  -0.0251893    0.248430    0.334900   -0.0252160
52083.00   0.248662   0.331828  -0.0250212    0.248720    0.331890   -0.0249870
52084.00   0.248931   0.328775  -0.0249081    0.248970    0.328800   -0.0248170
52085.00   0.249514   0.325692  -0.0249313    0.249480    0.325730   -0.0248560
52086.00   0.250305   0.322581  -0.0251681    0.250410    0.322600   -0.0251460
52087.00   0.251263   0.319736  -0.0256329    0.251270    0.319770   -0.0256330
52088.00   0.252011   0.317012  -0.0262455    0.251940    0.316990   -0.0262050
52089.00   0.252360   0.313934  -0.0268484    0.252380    0.313920   -0.0268050
52090.00   0.252992   0.310715  -0.0273415    0.252990    0.310720   -0.0273470
52091.00   0.253731   0.307575  -0.0276738    0.253780    0.307610   -0.0277010
52092.00   0.253964   0.304394  -0.0278178    0.253940    0.304430   -0.0278370
52093.00   0.253753   0.301145  -0.0277834    0.253750    0.301190   -0.0277890
52094.00   0.254215   0.298188  -0.0276027    0.254090    0.298230   -0.0276160
52095.00   0.254232   0.295468  -0.0273324    0.254290    0.295550   -0.0273580
52096.00   0.253911   0.292761  -0.0270278    0.253890    0.292770   -0.0270370
52097.00   0.253524   0.290040  -0.0267282    0.253530    0.290050   -0.0267140
52098.00   0.252708   0.287256  -0.0264986    0.252700    0.287310   -0.0264760
52099.00   0.251813   0.284150  -0.0263669    0.251720    0.284140   -0.0263590
52100.00   0.251686   0.280793  -0.0263067    0.251690    0.280760   -0.0263210
52101.00   0.251944   0.277620  -0.0263047    0.251980    0.277670   -0.0263080
52102.00   0.251507   0.274653  -0.0263530    0.251470    0.274620   -0.0263440
52103.00   0.250977   0.271726  -0.0264534    0.250880    0.271650   -0.0264360
52104.00   0.250420   0.268800  -0.0265857    0.250360    0.268790   -0.0265840
52105.00   0.249489   0.265680  -0.0266888    0.249470    0.265690   -0.0266870
52106.00   0.248487   0.262337  -0.0267108    0.248500    0.262310   -0.0266970
52107.00   0.248045   0.259044  -0.0266166    0.248020    0.259030   -0.0265990
52108.00   0.247899   0.255898  -0.0263879    0.247930    0.255930   -0.0263840
52109.00   0.247886   0.252693  -0.0260054    0.247880    0.252780   -0.0260360
52110.00   0.247644   0.249621  -0.0255194    0.247620    0.249630   -0.0255320
52111.00   0.247124   0.246549  -0.0250172    0.247110    0.246510   -0.0250070
52112.00   0.246308   0.243497  -0.0246244    0.246310    0.243480   -0.0245960
52113.00   0.245303   0.240604  -0.0244283    0.245290    0.240600   -0.0243980
52114.00   0.244181   0.237844  -0.0244490    0.244230    0.237850   -0.0244370
52115.00   0.243624   0.235369  -0.0246366    0.243550    0.235400   -0.0246340
52116.00   0.242989   0.232644  -0.0248666    0.242970    0.232700   -0.0248580
52117.00   0.242022   0.229827  -0.0250474    0.242000    0.229780   -0.0250340
52118.00   0.240668   0.226879  -0.0250822    0.240630    0.226830   -0.0250700
52119.00   0.239018   0.223779  -0.0249085    0.239010    0.223820   -0.0249070
52120.00   0.237308   0.220720  -0.0245315    0.237300    0.220680   -0.0245330
52121.00   0.235872   0.217961  -0.0239862    0.235850    0.217860   -0.0239860
52122.00   0.234708   0.215461  -0.0233285    0.234740    0.215420   -0.0233300
52123.00   0.233413   0.213496  -0.0226143    0.233290    0.213440   -0.0226280
52124.00   0.230934   0.211330  -0.0219419    0.230970    0.211380   -0.0219510
52125.00   0.228252   0.208668  -0.0213853    0.228190    0.208600   -0.0213740
52126.00   0.225848   0.205783  -0.0209760    0.225820    0.205680   -0.0209610
52127.00   0.223854   0.203137  -0.0207247    0.223840    0.203130   -0.0207250
52128.00   0.221846   0.200695  -0.0206206    0.221850    0.200830   -0.0206260
52129.00   0.219641   0.198602  -0.0206566    0.219630    0.198630   -0.0206580
52130.00   0.217156   0.196301  -0.0208393    0.217110    0.196290   -0.0208430
52131.00   0.214270   0.194048  -0.0211293    0.214300    0.194010   -0.0211170
52132.00   0.211292   0.191558  -0.0214996    0.211260    0.191530   -0.0215140
52133.00   0.208443   0.188809  -0.0218695    0.208400    0.188780   -0.0219090
52134.00   0.205986   0.186155  -0.0221796    0.206010    0.186150   -0.0222080
52135.00   0.203661   0.183652  -0.0223872    0.203770    0.183640   -0.0223950
52136.00   0.201030   0.181204  -0.0224832    0.201050    0.181170   -0.0224850
52137.00   0.198726   0.178978  -0.0225064    0.198400    0.178940   -0.0225100
52138.00   0.195935   0.176831  -0.0225537    0.196010    0.176810   -0.0225520
52139.00   0.193417   0.174597  -0.0227462    0.193410    0.174570   -0.0227320
52140.00   0.190985   0.172340  -0.0231581    0.190970    0.172310   -0.0231440
52141.00   0.188799   0.170234  -0.0238223    0.188770    0.170270   -0.0238140
52142.00   0.186205   0.168172  -0.0246828    0.186480    0.168150   -0.0246870
52143.00   0.183852   0.165911  -0.0256448    0.183820    0.165890   -0.0256510
52144.00   0.181210   0.163907  -0.0265834    0.181090    0.163910   -0.0265740
52145.00   0.178677   0.162045  -0.0273417    0.178690    0.162090   -0.0273220
52146.00   0.176475   0.160131  -0.0278971    0.176480    0.160180   -0.0279020
52147.00   0.174361   0.158092  -0.0282024    0.174360    0.158120   -0.0282170
52148.00   0.172421   0.156000  -0.0282814    0.172380    0.156010   -0.0282800
52149.00   0.170433   0.153890  -0.0281922    0.170520    0.154080   -0.0281840
52150.00   0.168322   0.152401  -0.0279987    0.168310    0.152450   -0.0280010
52151.00   0.166083   0.150982  -0.0277811    0.165940    0.151010   -0.0277760
52152.00   0.163282   0.149983  -0.0276358    0.163320    0.150020   -0.0276410
52153.00   0.160290   0.149077  -0.0275677    0.160240    0.149120   -0.0275220
52154.00   0.157071   0.147756  -0.0276349    0.157030    0.147790   -0.0275400
52155.00   0.153925   0.146230  -0.0278569    0.153930    0.146230   -0.0278290
52156.00   0.150804   0.144646  -0.0282213    0.150800    0.144700   -0.0282350
52157.00   0.147452   0.142777  -0.0286907    0.147470    0.142820   -0.0286930
52158.00   0.144611   0.140770  -0.0292332    0.144570    0.140680   -0.0292230
52159.00   0.141812   0.139100  -0.0297340    0.141940    0.139040   -0.0296950
52160.00   0.139469   0.137762  -0.0301363    0.139480    0.137780   -0.0301450
52161.00   0.137173   0.136680  -0.0304103    0.137220    0.136710   -0.0304570
52162.00   0.134793   0.135598  -0.0305519    0.134820    0.135600   -0.0305810
52163.00   0.131937   0.134534  -0.0305697    0.132050    0.134440   -0.0305690
52164.00   0.128799   0.133191  -0.0305005    0.128800    0.133200   -0.0304980
52165.00   0.125569   0.132151  -0.0304014    0.125660    0.132030   -0.0304240
52166.00   0.122462   0.130991  -0.0303880    0.122490    0.130970   -0.0304260
52167.00   0.118823   0.129921  -0.0305704    0.118860    0.129900   -0.0305830
52168.00   0.115134   0.129008  -0.0310339    0.115160    0.129020   -0.0310310
52169.00   0.111702   0.128161  -0.0317828    0.111710    0.128160   -0.0317820
52170.00   0.108312   0.127305  -0.0327193    0.108320    0.127300   -0.0327230
52171.00   0.104560   0.126560  -0.0336945    0.104560    0.126580   -0.0336970
52172.00   0.101202   0.125935  -0.0345894    0.101130    0.125960   -0.0345850
52173.00   0.097832   0.125409  -0.0353300    0.097880    0.125390   -0.0353410
52174.00   0.094515   0.124864  -0.0358762    0.094530    0.124880   -0.0358710
52175.00   0.091429   0.124165  -0.0362401    0.091460    0.124210   -0.0362300
52176.00   0.088536   0.123182  -0.0364427    0.088580    0.123200   -0.0364470
52177.00   0.085411   0.122051  -0.0365260    0.085470    0.122040   -0.0365380
52178.00   0.082376   0.120940  -0.0365832    0.082290    0.120950   -0.0365820
52179.00   0.078852   0.119978  -0.0366762    0.078960    0.119830   -0.0366910
52180.00   0.075375   0.119070  -0.0368739    0.075340    0.118980   -0.0368680
52181.00   0.071799   0.118503  -0.0372183    0.071810    0.118500   -0.0372090
52182.00   0.068626   0.118099  -0.0376932    0.068640    0.118080   -0.0376640
52183.00   0.065428   0.117780  -0.0382971    0.065420    0.117780   -0.0382510
52184.00   0.061701   0.117636  -0.0390380    0.061680    0.117630   -0.0390180
52185.00   0.057927   0.117397  -0.0398955    0.057890    0.117430   -0.0399000
52186.00   0.054765   0.117299  -0.0407777    0.054770    0.117230   -0.0407620
52187.00   0.052007   0.117381  -0.0416711    0.052010    0.117390   -0.0416520
52188.00   0.048970   0.117600  -0.0425184    0.049030    0.117650   -0.0425430
52189.00   0.045981   0.117726  -0.0432326    0.045990    0.117750   -0.0432790
52190.00   0.043041   0.117743  -0.0438207    0.043020    0.117720   -0.0438420
52191.00   0.039838   0.117721  -0.0443233    0.039870    0.117720   -0.0443200
52192.00   0.036029   0.117573  -0.0448060    0.036070    0.117610   -0.0447990
52193.00   0.031916   0.117281  -0.0453585    0.031890    0.117280   -0.0453630
52194.00   0.027453   0.117238  -0.0460502    0.027530    0.117290   -0.0460900
52195.00   0.023095   0.117487  -0.0469466    0.023160    0.117520   -0.0469310
52196.00   0.019346   0.117756  -0.0481163    0.019360    0.117720   -0.0480670
52197.00   0.015946   0.118233  -0.0495361    0.015960    0.118200   -0.0495160
52198.00   0.012831   0.118897  -0.0511037    0.012800    0.118850   -0.0511100
52199.00   0.009771   0.119369  -0.0526870    0.009780    0.119370   -0.0526840
52200.00   0.006624   0.119915  -0.0541499    0.006640    0.119920   -0.0541550
52201.00   0.003117   0.120419  -0.0553755    0.003130    0.120460   -0.0553510
52202.00  -0.000633   0.121004  -0.0563214   -0.000630    0.121030   -0.0563460
52203.00  -0.004548   0.121787  -0.0570287   -0.004550    0.121810   -0.0571110
52204.00  -0.008592   0.122717  -0.0575979   -0.008610    0.122720   -0.0576820
52205.00  -0.012764   0.123691  -0.0581052   -0.012680    0.123650   -0.0581450
52206.00  -0.016471   0.124646  -0.0586147   -0.016540    0.124620   -0.0586110
52207.00  -0.020057   0.125720  -0.0591595   -0.020140    0.125640   -0.0591720
52208.00  -0.023592   0.126873  -0.0598171   -0.023560    0.126840   -0.0598170
52209.00  -0.027016   0.128062  -0.0606384   -0.027010    0.128060   -0.0606310
52210.00  -0.030363   0.129127  -0.0616118   -0.030400    0.129080   -0.0616080
52211.00  -0.033489   0.130207  -0.0626844   -0.033430    0.130180   -0.0626800
52212.00  -0.036312   0.131409  -0.0638054   -0.036440    0.131310   -0.0637910
52213.00  -0.039723   0.132495  -0.0649117   -0.039670    0.132430   -0.0649050
52214.00  -0.042998   0.133687  -0.0659738   -0.043040    0.133660   -0.0659630
52215.00  -0.046638   0.134773  -0.0669227   -0.046640    0.134770   -0.0669370
52216.00  -0.050417   0.135809  -0.0676901   -0.050340    0.135800   -0.0676910
52217.00  -0.053930   0.136813  -0.0683200   -0.053880    0.136820   -0.0683050
52218.00  -0.056874   0.137877  -0.0688598   -0.056890    0.137870   -0.0688520
52219.00  -0.059567   0.139242  -0.0693496   -0.059350    0.139300   -0.0693540
52220.00  -0.061636   0.140902  -0.0698298   -0.061630    0.140970   -0.0698350
52221.00  -0.063465   0.142802  -0.0704038   -0.063600    0.142770   -0.0703970
52222.00  -0.065483   0.144986  -0.0712220   -0.065480    0.145000   -0.0712120
52223.00  -0.067793   0.147468  -0.0723560   -0.067800    0.147470   -0.0723670
52224.00  -0.069810   0.149958  -0.0737262   -0.069820    0.149910   -0.0737430
52225.00  -0.071468   0.152519  -0.0752515   -0.071500    0.152520   -0.0752510
52226.00  -0.073350   0.155089  -0.0768355   -0.073310    0.155070   -0.0768330
52227.00  -0.075332   0.157245  -0.0783711   -0.075350    0.157260   -0.0783700
52228.00  -0.077750   0.159099  -0.0796914   -0.077860    0.159060   -0.0796860
52229.00  -0.080457   0.160740  -0.0807265   -0.080460    0.160730   -0.0807140
52230.00  -0.082630   0.162556  -0.0815412   -0.082630    0.162600   -0.0815400
52231.00  -0.084537   0.164432  -0.0821981   -0.084550    0.164490   -0.0822050
52232.00  -0.086599   0.166367  -0.0827684   -0.086610    0.166400   -0.0827700
52233.00  -0.088961   0.168447  -0.0833152   -0.088970    0.168490   -0.0833120
52234.00  -0.091666   0.170548  -0.0838756   -0.091650    0.170580   -0.0838760
52235.00  -0.094439   0.172912  -0.0844874   -0.094470    0.172930   -0.0844770
52236.00  -0.097417   0.175528  -0.0852001   -0.097430    0.175550   -0.0851540
52237.00  -0.100610   0.178082  -0.0860027   -0.100640    0.178070   -0.0859420
52238.00  -0.103621   0.180536  -0.0868873   -0.103680    0.180540   -0.0868450
52239.00  -0.106097   0.183056  -0.0878437   -0.106080    0.183040   -0.0878340
52240.00  -0.108161   0.185529  -0.0888340   -0.108120    0.185520   -0.0888440
52241.00  -0.110184   0.187897  -0.0898046   -0.110230    0.187940   -0.0898050
52242.00  -0.112626   0.190242  -0.0906958   -0.112570    0.190300   -0.0906720
52243.00  -0.115319   0.192771  -0.0914748   -0.115330    0.192810   -0.0914570
52244.00  -0.118472   0.195444  -0.0921087   -0.118480    0.195510   -0.0921210
52245.00  -0.121686   0.197956  -0.0925504   -0.121680    0.198010   -0.0925740
52246.00  -0.124538   0.200158  -0.0928592   -0.124610    0.200230   -0.0928610
52247.00  -0.127367   0.202499  -0.0931227   -0.127150    0.202470   -0.0931050
52248.00  -0.129424   0.205211  -0.0934180   -0.129470    0.205230   -0.0934140
52249.00  -0.131746   0.208532  -0.0938524   -0.131820    0.208530   -0.0938520
52250.00  -0.134559   0.211661  -0.0944922   -0.134560    0.211710   -0.0944960
52251.00  -0.137796   0.214373  -0.0953455   -0.137790    0.214400   -0.0953380
52252.00  -0.140993   0.216887  -0.0963972   -0.140970    0.216840   -0.0963730
52253.00  -0.143845   0.219614  -0.0975759   -0.143840    0.219610   -0.0975250
52254.00  -0.146663   0.222530  -0.0987595   -0.146720    0.222550   -0.0986800
52255.00  -0.149955   0.225288  -0.0998250   -0.149810    0.225270   -0.0997520
52256.00  -0.152619   0.227892  -0.1007198   -0.152690    0.227810   -0.1006790
52257.00  -0.155312   0.230578  -0.1014175   -0.155270    0.230440   -0.1014000
52258.00  -0.157721   0.233138  -0.1018974   -0.157710    0.233150   -0.1018990
52259.00  -0.159985   0.235805  -0.1022319   -0.159980    0.235780   -0.1022370
52260.00  -0.161987   0.238560  -0.1025397   -0.161990    0.238560   -0.1025390
52261.00  -0.163912   0.241535  -0.1029096   -0.163910    0.241570   -0.1029110
52262.00  -0.165861   0.244801  -0.1033804   -0.165910    0.244800   -0.1033780
52263.00  -0.167850   0.248402  -0.1039633   -0.167810    0.248290   -0.1039500
52264.00  -0.169230   0.251819  -0.1047528   -0.169310    0.251770   -0.1047380
52265.00  -0.170330   0.255332  -0.1057456   -0.170420    0.255330   -0.1057660
52266.00  -0.171339   0.258892  -0.1068441   -0.171340    0.258950   -0.1068720
52267.00  -0.172082   0.262522  -0.1080049   -0.172130    0.262500   -0.1080060
52268.00  -0.172610   0.266399  -0.1091917   -0.172630    0.266380   -0.1091660
52269.00  -0.173029   0.270501  -0.1103666   -0.172980    0.270520   -0.1103540
52270.00  -0.173564   0.274604  -0.1114947   -0.173600    0.274890   -0.1114930
52271.00  -0.174569   0.278560  -0.1125366   -0.174540    0.278470   -0.1125380
52272.00  -0.175316   0.282350  -0.1134552   -0.175190    0.282350   -0.1134560
52273.00  -0.175984   0.286373  -0.1142677   -0.175920    0.286410   -0.1142540
52274.00  -0.176653   0.290272  -0.1150324   -0.176950    0.290250   -0.1149770
52275.00  -0.177016   0.293921  -0.1158152   -0.177000    0.293620   -0.1158230
52276.00  -0.177495   0.297612  -0.1166808   -0.177470    0.297200   -0.1166920
52277.00  -0.178336   0.300810  -0.1177100   -0.178340    0.300940   -0.1177150
52278.00  -0.179101   0.303585  -0.1189101   -0.179090    0.303680   -0.1189030
52279.00  -0.179532   0.306461  -0.1202228   -0.179550    0.306440   -0.1202550
52280.00  -0.180020   0.309511  -0.1215588   -0.179970    0.309560   -0.1216410
52281.00  -0.180675   0.312707  -0.1228480   -0.180630    0.312730   -0.1229070
52282.00  -0.181819   0.315313  -0.1239725   -0.181690    0.315560   -0.1239680
52283.00  -0.182661   0.318169  -0.1248182   -0.182690    0.318280   -0.1248070
52284.00  -0.183034   0.321152  -0.1254127   -0.183060    0.321190   -0.1254210
52285.00  -0.183124   0.324202  -0.1258003   -0.183040    0.324220   -0.1257940
52286.00  -0.182606   0.327370  -0.1260104   -0.182770    0.327380   -0.1260400
52287.00  -0.182290   0.330466  -0.1260705   -0.182260    0.330390   -0.1261170
52288.00  -0.181735   0.333568  -0.1260606   -0.181660    0.333550   -0.1260720
52289.00  -0.181305   0.336868  -0.1260645   -0.181260    0.336820   -0.1260550
52290.00  -0.180666   0.339816  -0.1261542   -0.180660    0.339780   -0.1261430
52291.00  -0.179799   0.342945  -0.1263182   -0.179880    0.342870   -0.1263090
52292.00  -0.179235   0.346080  -0.1265902   -0.179240    0.346120   -0.1265880
52293.00  -0.178756   0.349176  -0.1270231   -0.178740    0.349230   -0.1270260
52294.00  -0.178420   0.352206  -0.1275466   -0.178410    0.352280   -0.1275570
52295.00  -0.178175   0.355254  -0.1281161   -0.178170    0.355300   -0.1281260
52296.00  -0.177717   0.358445  -0.1287129   -0.177750    0.358510   -0.1287150
52297.00  -0.177120   0.361868  -0.1293129   -0.177120    0.361930   -0.1293080
52298.00  -0.176579   0.365288  -0.1298667   -0.176510    0.365290   -0.1298590
52299.00  -0.175468   0.368698  -0.1303104   -0.175730    0.368690   -0.1303060
52300.00  -0.174998   0.372115  -0.1306448   -0.175000    0.372170   -0.1306280
52301.00  -0.174316   0.375411  -0.1309512   -0.174370    0.375470   -0.1309230
52302.00  -0.173598   0.378730  -0.1313384   -0.173550    0.378710   -0.1313120
52303.00  -0.172607   0.382056  -0.1319137   -0.172820    0.382030   -0.1319070
52304.00  -0.172389   0.385066  -0.1327493   -0.172060    0.385140   -0.1327840
52305.00  -0.170719   0.388310  -0.1338791   -0.170750    0.388250   -0.1339120
52306.00  -0.168875   0.391546  -0.1351973   -0.168940    0.391530   -0.1352080
52307.00  -0.167477   0.394739  -0.1366556   -0.167400    0.394750   -0.1365590
52308.00  -0.166425   0.397897  -0.1381554   -0.166390    0.397840   -0.1380160
52309.00  -0.165568   0.400893  -0.1395328   -0.165460    0.400780   -0.1394740
52310.00  -0.164218   0.403149  -0.1407285   -0.164370    0.403580   -0.1407190
52311.00  -0.163276   0.406446  -0.1417207   -0.163320    0.406310   -0.1417360
52312.00  -0.162284   0.409364  -0.1424592   -0.162230    0.409320   -0.1424540
52313.00  -0.161022   0.412491  -0.1430272   -0.161130    0.412430   -0.1430230
52314.00  -0.159842   0.415394  -0.1434514   -0.159750    0.415430   -0.1434440
52315.00  -0.157943   0.418781  -0.1438265   -0.157950    0.418820   -0.1438150
52316.00  -0.156070   0.422412  -0.1442607   -0.156050    0.422450   -0.1442500
52317.00  -0.154331   0.425633  -0.1448045   -0.154400    0.425740   -0.1447930
52318.00  -0.153348   0.428706  -0.1454279   -0.153250    0.428820   -0.1454300
52319.00  -0.152471   0.431713  -0.1461593   -0.152390    0.431700   -0.1461620
52320.00  -0.151431   0.434433  -0.1469919   -0.151390    0.434420   -0.1469910
52321.00  -0.150089   0.437078  -0.1479225   -0.150100    0.437100   -0.1479090
52322.00  -0.148485   0.439730  -0.1489536   -0.148490    0.439730   -0.1489370
52323.00  -0.146818   0.442441  -0.1500204   -0.146780    0.442390   -0.1500170
52324.00  -0.145248   0.445256  -0.1510529   -0.145260    0.445150   -0.1510560
52325.00  -0.143908   0.447804  -0.1520116   -0.143730    0.447920   -0.1520210
52326.00  -0.142017   0.450844  -0.1528875   -0.142030    0.450810   -0.1528980
52327.00  -0.140236   0.453903  -0.1536583   -0.140240    0.453930   -0.1536530
52328.00  -0.138470   0.457214  -0.1543530   -0.138440    0.457220   -0.1543870
52329.00  -0.136564   0.460595  -0.1550116   -0.136510    0.460600   -0.1551080
52330.00  -0.134094   0.463762  -0.1557661   -0.134050    0.463790   -0.1558460
52331.00  -0.131075   0.466899  -0.1567270   -0.131080    0.466900   -0.1567280
52332.00  -0.128411   0.470196  -0.1579544   -0.128360    0.470160   -0.1579220
52333.00  -0.125976   0.473454  -0.1594256   -0.125970    0.473440   -0.1594490
52334.00  -0.123473   0.476420  -0.1610247   -0.123360    0.476540   -0.1610230
52335.00  -0.120773   0.479750  -0.1626879   -0.120890    0.479830   -0.1626750
52336.00  -0.118537   0.482904  -0.1642927   -0.118380    0.482830   -0.1642830
52337.00  -0.116662   0.485901  -0.1656830   -0.116640    0.485860   -0.1656820
52338.00  -0.114402   0.488895  -0.1668039   -0.114530    0.488880   -0.1668110
52339.00  -0.111601   0.491674  -0.1677040   -0.111870    0.491710   -0.1677050
52340.00  -0.108721   0.494389  -0.1684320   -0.108770    0.494280   -0.1684280
52341.00  -0.105539   0.497043  -0.1690387   -0.105510    0.497000   -0.1690330
52342.00  -0.102297   0.499702  -0.1695899   -0.102260    0.499710   -0.1696080
52343.00  -0.099240   0.502427  -0.1701263   -0.099160    0.502440   -0.1701600
52344.00  -0.096907   0.505134  -0.1707381   -0.096810    0.505150   -0.1707500
52345.00  -0.095010   0.507537  -0.1714858   -0.095040    0.507560   -0.1714790
52346.00  -0.092703   0.509844  -0.1723819   -0.092840    0.509890   -0.1723820
52347.00  -0.090280   0.512133  -0.1733703   -0.090220    0.512070   -0.1733690
52348.00  -0.087647   0.514321  -0.1743650   -0.087660    0.514370   -0.1743580
52349.00  -0.084887   0.516458  -0.1753014   -0.084860    0.516470   -0.1753050
52350.00  -0.081872   0.518429  -0.1761905   -0.081840    0.518430   -0.1762050
52351.00  -0.078750   0.520307  -0.1770307   -0.078700    0.520250   -0.1770390
52352.00  -0.075580   0.522229  -0.1777808   -0.075630    0.522210   -0.1777670
52353.00  -0.072564   0.523982  -0.1783793   -0.072570    0.523990   -0.1783600
52354.00  -0.069255   0.525681  -0.1788451   -0.069250    0.525600   -0.1788340
52355.00  -0.065799   0.527523  -0.1792335   -0.065770    0.527460   -0.1792290
52356.00  -0.062329   0.529144  -0.1796148   -0.062270    0.529100   -0.1796230
52357.00  -0.058837   0.530650  -0.1800603   -0.058810    0.530710   -0.1801030
52358.00  -0.055246   0.532291  -0.1806694   -0.055180    0.532160   -0.1807120
52359.00  -0.051312   0.534075  -0.1815255   -0.051350    0.533960   -0.1815250
52360.00  -0.048010   0.535792  -0.1826741   -0.047900    0.535800   -0.1826590
52361.00  -0.045031   0.537281  -0.1841051   -0.044850    0.537270   -0.1841020
52362.00  -0.041718   0.538545  -0.1856662   -0.041730    0.538490   -0.1856720
52363.00  -0.038236   0.539546  -0.1871407   -0.038250    0.539420   -0.1871400
52364.00  -0.034512   0.540256  -0.1884214   -0.034510    0.540310   -0.1884220
52365.00  -0.030784   0.540741  -0.1894701   -0.030760    0.540660   -0.1894800
52366.00  -0.027006   0.541124  -0.1902749   -0.026850    0.541150   -0.1902860
52367.00  -0.022763   0.541626  -0.1908693   -0.022980    0.541720   -0.1908570
52368.00  -0.018616   0.542855  -0.1913055   -0.018830    0.542820   -0.1912760
52369.00  -0.014936   0.544230  -0.1916850   -0.014960    0.544200   -0.1916810
52370.00  -0.011584   0.545683  -0.1920849   -0.011580    0.545710   -0.1920770
52371.00  -0.008818   0.546912  -0.1925759   -0.008710    0.546960   -0.1925570
52372.00  -0.006177   0.547837  -0.1931609   -0.006160    0.547850   -0.1931530
52373.00  -0.003471   0.548651  -0.1938494   -0.003780    0.548650   -0.1938450
52374.00  -0.001639   0.549319  -0.1946504   -0.001790    0.549280   -0.1946360
52375.00   0.000751   0.549735  -0.1955552    0.000630    0.549660   -0.1955480
52376.00   0.003786   0.550390  -0.1965192    0.003750    0.550380   -0.1965140
52377.00   0.006859   0.551221  -0.1974561    0.006850    0.551270   -0.1974570
52378.00   0.009914   0.551919  -0.1983019    0.009940    0.551890   -0.1983280
52379.00   0.012891   0.552556  -0.1990194    0.012910    0.552530   -0.1990500
52380.00   0.015666   0.553134  -0.1995747    0.015700    0.553150   -0.1995690
52381.00   0.018798   0.553633  -0.1999273    0.018850    0.553680   -0.1999170
52382.00   0.022135   0.554122  -0.2002060    0.022150    0.554150   -0.2001990
52383.00   0.025465   0.554554  -0.2004662    0.025500    0.554540   -0.2004610
52384.00   0.028893   0.554819  -0.2006861    0.028950    0.554890   -0.2006920
52385.00   0.032006   0.554948  -0.2009777    0.032050    0.555000   -0.2009790
52386.00   0.034837   0.554923  -0.2014742    0.034890    0.554920   -0.2014710
52387.00   0.037858   0.554783  -0.2022657    0.037860    0.554810   -0.2022590
52388.00   0.041216   0.554620  -0.2033246    0.041250    0.554620   -0.2033180
52389.00   0.044875   0.554471  -0.2045984    0.044890    0.554490   -0.2045770
52390.00   0.048626   0.554293  -0.2060056    0.048700    0.554360   -0.2059990
52391.00   0.052514   0.553903  -0.2073772    0.052510    0.553960   -0.2073770
52392.00   0.056207   0.553344  -0.2085449    0.056270    0.553350   -0.2085470
52393.00   0.059895   0.552842  -0.2094192    0.059990    0.552900   -0.2094170
52394.00   0.063457   0.552433  -0.2100075    0.063540    0.552680   -0.2099850
52395.00   0.066763   0.552386  -0.2103409    0.066810    0.552550   -0.2103280
52396.00   0.069968   0.552234  -0.2105649    0.070040    0.552260   -0.2105750
52397.00   0.073288   0.551921  -0.2107657    0.073400    0.551980   -0.2107650
52398.00   0.076875   0.551796  -0.2110038    0.076890    0.551810   -0.2110110
52399.00   0.080648   0.551735  -0.2113748    0.080730    0.551700   -0.2114160
52400.00   0.084621   0.551579  -0.2119226    0.084750    0.551580   -0.2119720
52401.00   0.088539   0.551194  -0.2126279    0.088540    0.551260   -0.2126300
52402.00   0.091562   0.550682  -0.2134579    0.091560    0.550730   -0.2134090
52403.00   0.094243   0.549881  -0.2143723    0.094320    0.549950   -0.2143480
52404.00   0.097639   0.549119  -0.2153390    0.097670    0.549210   -0.2153350
52405.00   0.101069   0.548815  -0.2163055    0.101130    0.548850   -0.2163140
52406.00   0.103917   0.548350  -0.2172079    0.104010    0.548380   -0.2172330
52407.00   0.106766   0.547632  -0.2180235    0.106820    0.547560   -0.2180410
52408.00   0.109822   0.546781  -0.2187407    0.109690    0.546720   -0.2187190
52409.00   0.112006   0.545573  -0.2193284    0.112130    0.545580   -0.2193030
52410.00   0.114375   0.544014  -0.2198677    0.114200    0.544020   -0.2198500
52411.00   0.116538   0.542416  -0.2203632    0.116510    0.542440   -0.2203590
52412.00   0.119081   0.541230  -0.2208752    0.119110    0.541240   -0.2208620
52413.00   0.121980   0.540478  -0.2215514    0.121990    0.540490   -0.2215070
52414.00   0.125203   0.539959  -0.2224608    0.125270    0.539970   -0.2224240
52415.00   0.128372   0.539462  -0.2236311    0.128480    0.539480   -0.2236270
52416.00   0.131149   0.538798  -0.2249998    0.131230    0.538810   -0.2250060
52417.00   0.133610   0.537948  -0.2264286    0.133700    0.537930   -0.2264180
52418.00   0.135820   0.537054  -0.2278096    0.135990    0.537030   -0.2278030
52419.00   0.138173   0.536021  -0.2290156    0.138220    0.536070   -0.2290250
52420.00   0.140457   0.534941  -0.2299334    0.140550    0.534950   -0.2299640
52421.00   0.143105   0.533782  -0.2305356    0.143240    0.533780   -0.2305660
52422.00   0.146195   0.532652  -0.2308616    0.146250    0.532660   -0.2308730
52423.00   0.148920   0.531341  -0.2309940    0.149140    0.531430   -0.2309950
52424.00   0.151861   0.529999  -0.2310346    0.151940    0.530030   -0.2310410
52425.00   0.154660   0.528524  -0.2310732    0.154720    0.528570   -0.2310720
52426.00   0.157254   0.526992  -0.2311274    0.157340    0.527040   -0.2311240
52427.00   0.159754   0.525267  -0.2312328    0.159880    0.525310   -0.2312140
52428.00   0.162414   0.523380  -0.2313968    0.162500    0.523430   -0.2313740
52429.00   0.165131   0.521795  -0.2316129    0.165300    0.521670   -0.2316120
52430.00   0.168230   0.520114  -0.2318286    0.168340    0.520030   -0.2318370
52431.00   0.171414   0.518441  -0.2319476    0.171450    0.518430   -0.2319380
52432.00   0.174114   0.516725  -0.2319645    0.174530    0.516740   -0.2319570
52433.00   0.177634   0.515071  -0.2318775    0.177650    0.515060   -0.2318840
52434.00   0.180641   0.513456  -0.2316492    0.180710    0.513450   -0.2316690
52435.00   0.183530   0.511787  -0.2312677    0.183570    0.511780   -0.2312790
52436.00   0.186077   0.509890  -0.2307375    0.186120    0.509890   -0.2307300
52437.00   0.188424   0.507805  -0.2300812    0.188420    0.507800   -0.2300660
52438.00   0.190960   0.505694  -0.2294015    0.190770    0.505750   -0.2293550
52439.00   0.193075   0.503992  -0.2287126    0.193220    0.503920   -0.2287030
52440.00   0.195887   0.502180  -0.2281968    0.195910    0.502180   -0.2282220
52441.00   0.199050   0.500101  -0.2279198    0.199100    0.500090   -0.2279630
52442.00   0.202216   0.497766  -0.2279049    0.202290    0.497760   -0.2279310
52443.00   0.204825   0.495346  -0.2280920    0.204940    0.495220   -0.2280790
52444.00   0.207395   0.492822  -0.2283708    0.207500    0.492730   -0.2283380
52445.00   0.210129   0.490564  -0.2286949    0.210240    0.490560   -0.2286600
52446.00   0.212475   0.488780  -0.2289991    0.212630    0.488670   -0.2289890
52447.00   0.214565   0.486718  -0.2292301    0.214630    0.486680   -0.2292480
52448.00   0.216538   0.484377  -0.2293139    0.216550    0.484340   -0.2293260
52449.00   0.218215   0.481849  -0.2292565    0.218230    0.481840   -0.2292470
52450.00   0.219488   0.479106  -0.2291217    0.219580    0.479140   -0.2291160
52451.00   0.220855   0.476274  -0.2289744    0.220900    0.476260   -0.2289770
52452.00   0.222495   0.473233  -0.2288397    0.222530    0.473240   -0.2288370
52453.00   0.224475   0.470176  -0.2287886    0.224420    0.470060   -0.2287840
52454.00   0.225974   0.467245  -0.2288471    0.226010    0.467180   -0.2288750
52455.00   0.227145   0.464496  -0.2289808    0.227260    0.464490   -0.2290160
52456.00   0.228085   0.461571  -0.2292183    0.228170    0.461610   -0.2292270
52457.00   0.228670   0.458420  -0.2295755    0.228800    0.458450   -0.2295720
52458.00   0.229477   0.455657  -0.2300230    0.229470    0.455480   -0.2300200
52459.00   0.229929   0.452705  -0.2304413    0.230020    0.452640   -0.2304250
52460.00   0.230325   0.449629  -0.2307979    0.230440    0.449620   -0.2307870
52461.00   0.230813   0.446335  -0.2310385    0.230840    0.446330   -0.2310450
52462.00   0.231538   0.442868  -0.2311346    0.231560    0.442800   -0.2311160
52463.00   0.232357   0.439566  -0.2310913    0.232370    0.439500   -0.2310570
52464.00   0.233101   0.436299  -0.2309258    0.233070    0.436310   -0.2309210
52465.00   0.234036   0.433127  -0.2306797    0.234030    0.433250   -0.2306780
52466.00   0.235477   0.430263  -0.2304023    0.235400    0.430340   -0.2303350
52467.00   0.236735   0.427399  -0.2301805    0.236820    0.427380   -0.2301690
52468.00   0.238121   0.424430  -0.2301960    0.238100    0.424380   -0.2302190
52469.00   0.239167   0.421365  -0.2304459    0.239200    0.421320   -0.2304620
52470.00   0.240194   0.418308  -0.2309062    0.240220    0.418270   -0.2308980
52471.00   0.241186   0.415505  -0.2314847    0.241160    0.415450   -0.2314830
52472.00   0.241880   0.412784  -0.2320585    0.241970    0.412750   -0.2320660
52473.00   0.242880   0.410344  -0.2325272    0.242950    0.410280   -0.2324960
52474.00   0.244016   0.408159  -0.2328183    0.243920    0.408040   -0.2328090
52475.00   0.244296   0.405615  -0.2328375    0.244380    0.405560   -0.2328360
52476.00   0.244742   0.402725  -0.2325613    0.244780    0.402680   -0.2325410
52477.00   0.245495   0.399749  -0.2320551    0.245540    0.399670   -0.2320260
52478.00   0.246117   0.396855  -0.2314115    0.246260    0.396850   -0.2314050
52479.00   0.246666   0.394095  -0.2307041    0.246670    0.394040   -0.2307260
52480.00   0.246900   0.391189  -0.2299998    0.246940    0.391050   -0.2300230
52481.00   0.246744   0.387877  -0.2294179    0.246920    0.387830   -0.2294130
52482.00   0.246820   0.384346  -0.2289761    0.246880    0.384320   -0.2289960
52483.00   0.247096   0.380592  -0.2286673    0.247190    0.380540   -0.2287050
52484.00   0.247619   0.376810  -0.2284689    0.247690    0.376780   -0.2284900
52485.00   0.248459   0.373119  -0.2283114    0.248530    0.373170   -0.2283280
52486.00   0.249767   0.369842  -0.2281178    0.249840    0.369800   -0.2281490
52487.00   0.251195   0.366848  -0.2278583    0.251250    0.366800   -0.2278600
52488.00   0.252209   0.364110  -0.2275238    0.252240    0.364080   -0.2275160
52489.00   0.252951   0.361548  -0.2271092    0.253020    0.361480   -0.2271160
52490.00   0.253921   0.358980  -0.2265683    0.253980    0.358920   -0.2265870
52491.00   0.254925   0.356325  -0.2259038    0.254980    0.356280   -0.2259130
52492.00   0.255633   0.353419  -0.2251723    0.255770    0.353310   -0.2251650
52493.00   0.256726   0.350230  -0.2244566    0.256720    0.350180   -0.2244500
52494.00   0.257858   0.347410  -0.2238681    0.257930    0.347350   -0.2238700
52495.00   0.259013   0.344903  -0.2235232    0.259060    0.344730   -0.2235210
52496.00   0.259881   0.342253  -0.2234895    0.259930    0.342210   -0.2235000
52497.00   0.260387   0.339692  -0.2237494    0.260430    0.339680   -0.2237760
52498.00   0.260493   0.336844  -0.2242302    0.260510    0.336830   -0.2242470
52499.00   0.260687   0.333646  -0.2248094    0.260660    0.333730   -0.2248020
52500.00   0.260828   0.330859  -0.2253333    0.260880    0.330800   -0.2253290
52501.00   0.260774   0.328167  -0.2257140    0.260800    0.328160   -0.2257190
52502.00   0.260540   0.325597  -0.2258714    0.260590    0.325560   -0.2258670
52503.00   0.260229   0.322975  -0.2257922    0.260270    0.322960   -0.2258040
52504.00   0.259728   0.320286  -0.2255360    0.259760    0.320270   -0.2255640
52505.00   0.259106   0.317546  -0.2251760    0.259100    0.317490   -0.2251930
52506.00   0.258503   0.314720  -0.2247865    0.258500    0.314620   -0.2247810
52507.00   0.257794   0.311720  -0.2244519    0.257860    0.311680   -0.2244460
52508.00   0.257201   0.308634  -0.2242797    0.257220    0.308630   -0.2242690
52509.00   0.256792   0.305386  -0.2242788    0.256760    0.305340   -0.2242730
52510.00   0.256222   0.302075  -0.2243658    0.256260    0.302050   -0.2243560
52511.00   0.255523   0.298675  -0.2245688    0.255550    0.298650   -0.2245560
52512.00   0.254858   0.295170  -0.2248545    0.254880    0.295130   -0.2248520
52513.00   0.254463   0.291714  -0.2251742    0.254570    0.291610   -0.2251720
52514.00   0.254529   0.288453  -0.2254807    0.254600    0.288320   -0.2254850
52515.00   0.254519   0.285396  -0.2257157    0.254560    0.285420   -0.2257490
52516.00   0.254091   0.282309  -0.2258262    0.254150    0.282230   -0.2258220
52517.00   0.253545   0.279192  -0.2258030    0.253570    0.279080   -0.2258010
52518.00   0.252756   0.276056  -0.2256657    0.252800    0.276040   -0.2256610
52519.00   0.251578   0.272855  -0.2254402    0.251620    0.272820   -0.2254090
52520.00   0.250129   0.269689  -0.2251797    0.250140    0.269660   -0.2251190
52521.00   0.248953   0.266676  -0.2249860    0.248990    0.266590   -0.2249760
52522.00   0.248303   0.263660  -0.2249649    0.248290    0.263550   -0.2249850
52523.00   0.247358   0.260693  -0.2251708    0.247480    0.260610   -0.2251690
52524.00   0.246202   0.258028  -0.2257018    0.246250    0.257990   -0.2256930
52525.00   0.244623   0.255658  -0.2265511    0.244650    0.255640   -0.2265270
52526.00   0.242763   0.253201  -0.2275770    0.242770    0.253220   -0.2275570
52527.00   0.241036   0.250576  -0.2285921    0.241050    0.250530   -0.2286070
52528.00   0.239272   0.248027  -0.2294206    0.239380    0.247960   -0.2294510
52529.00   0.237442   0.245443  -0.2299704    0.237550    0.245520   -0.2299690
52530.00   0.235727   0.242781  -0.2303005    0.235820    0.242720   -0.2302950
52531.00   0.234195   0.239697  -0.2304384    0.234230    0.239620   -0.2304410
52532.00   0.232872   0.236809  -0.2304447    0.232900    0.236760   -0.2304400
52533.00   0.231666   0.234534  -0.2304053    0.231690    0.234540   -0.2303880
52534.00   0.230134   0.232605  -0.2303821    0.230150    0.232650   -0.2303780
52535.00   0.227992   0.230846  -0.2304091    0.228000    0.230880   -0.2304330
52536.00   0.225292   0.229151  -0.2305297    0.225360    0.229150   -0.2305380
52537.00   0.222316   0.227178  -0.2307597    0.222380    0.227190   -0.2307560
52538.00   0.219435   0.224964  -0.2310915    0.219440    0.224910   -0.2310880
52539.00   0.216745   0.222702  -0.2315018    0.216770    0.222670   -0.2314890
52540.00   0.214368   0.220362  -0.2319528    0.214380    0.220350   -0.2319350
52541.00   0.212100   0.217747  -0.2323967    0.212310    0.217770   -0.2323930
52542.00   0.210452   0.215446  -0.2327672    0.210510    0.215420   -0.2327630
52543.00   0.208767   0.213100  -0.2330159    0.208750    0.213110   -0.2329580
52544.00   0.206775   0.210842  -0.2331152    0.206800    0.210720   -0.2330990
52545.00   0.204745   0.208471  -0.2331567    0.204730    0.208400   -0.2332060
52546.00   0.202677   0.205888  -0.2330781    0.202690    0.205880   -0.2331410
52547.00   0.200592   0.203187  -0.2329247    0.200580    0.203140   -0.2329430
52548.00   0.198430   0.200445  -0.2327953    0.198520    0.200480   -0.2328000
52549.00   0.196564   0.198099  -0.2328142    0.196610    0.198090   -0.2328330
52550.00   0.194659   0.195695  -0.2330134    0.194670    0.195650   -0.2330330
52551.00   0.192452   0.193467  -0.2334663    0.192520    0.193410   -0.2334550
52552.00   0.189854   0.191374  -0.2342676    0.189930    0.191370   -0.2343080
52553.00   0.187313   0.189304  -0.2353188    0.187340    0.189270   -0.2353840
52554.00   0.184951   0.187197  -0.2364692    0.184980    0.187140   -0.2364880
52555.00   0.182522   0.185011  -0.2375451    0.182620    0.184970   -0.2375410
52556.00   0.180036   0.182676  -0.2384155    0.180170    0.182730   -0.2384380
52557.00   0.177936   0.180677  -0.2390205    0.177910    0.180620   -0.2390100
52558.00   0.175524   0.178743  -0.2393753    0.175550    0.178830   -0.2393640
52559.00   0.173126   0.176892  -0.2395524    0.173160    0.176910   -0.2395600
52560.00   0.170913   0.175068  -0.2396689    0.170950    0.175020   -0.2396870
52561.00   0.168481   0.173411  -0.2398339    0.168490    0.173340   -0.2398360
52562.00   0.165852   0.171533  -0.2401034    0.165930    0.171640   -0.2400990
52563.00   0.163384   0.170132  -0.2404951    0.163530    0.170080   -0.2405390
52564.00   0.161183   0.168869  -0.2410285    0.161140    0.168790   -0.2410910
52565.00   0.158396   0.167813  -0.2417084    0.158390    0.167740   -0.2417050
52566.00   0.154524   0.166697  -0.2424420    0.154650    0.166660   -0.2424460
52567.00   0.150245   0.165404  -0.2432013    0.150440    0.165330   -0.2432310
52568.00   0.146611   0.163868  -0.2439578    0.146600    0.163910   -0.2439770
52569.00   0.143148   0.162588  -0.2446889    0.143220    0.162700   -0.2446860
52570.00   0.139888   0.161306  -0.2453597    0.139950    0.161420   -0.2453520
52571.00   0.136555   0.160043  -0.2459212    0.136600    0.159880   -0.2459250
52572.00   0.132959   0.158365  -0.2463482    0.133050    0.158470   -0.2463450
52573.00   0.129479   0.156684  -0.2466410    0.129500    0.156810   -0.2466280
52574.00   0.125826   0.155193  -0.2468584    0.125880    0.155240   -0.2468390
52575.00   0.122277   0.154017  -0.2470415    0.122280    0.153930   -0.2470170
52576.00   0.118729   0.152877  -0.2472156    0.118900    0.152880   -0.2472120
52577.00   0.115378   0.152147  -0.2475286    0.115420    0.152150   -0.2475260
52578.00   0.111554   0.151452  -0.2480936    0.111560    0.151430   -0.2480760
52579.00   0.107456   0.150724  -0.2489322    0.107540    0.150700   -0.2489260
52580.00   0.103551   0.149991  -0.2500339    0.103570    0.149990   -0.2500350
52581.00   0.099863   0.149384  -0.2512752    0.099910    0.149380   -0.2512750
52582.00   0.096363   0.148926  -0.2525032    0.096410    0.148870   -0.2524980
52583.00   0.092454   0.148083  -0.2535988    0.092750    0.148250   -0.2535730
52584.00   0.088989   0.147567  -0.2544123    0.088800    0.147510   -0.2544100
52585.00   0.084733   0.146842  -0.2549895    0.084780    0.146840   -0.2549740
52586.00   0.080605   0.146169  -0.2553384    0.080700    0.146110   -0.2553240
52587.00   0.076653   0.145400  -0.2555385    0.076660    0.145430   -0.2555430
52588.00   0.072792   0.144872  -0.2556375    0.072840    0.144860   -0.2556750
52589.00   0.069204   0.144512  -0.2557455    0.069250    0.144500   -0.2557700
52590.00   0.065865   0.144240  -0.2559352    0.065950    0.144170   -0.2559250
52591.00   0.062931   0.143850  -0.2562653    0.063020    0.143850   -0.2562560
52592.00   0.059962   0.143707  -0.2567568    0.059990    0.143740   -0.2567520
52593.00   0.056305   0.143674  -0.2573501    0.056470    0.143620   -0.2573380
52594.00   0.052983   0.143654  -0.2579905    0.053070    0.143640   -0.2579920
52595.00   0.049731   0.143605  -0.2586403    0.049760    0.143600   -0.2586500
52596.00   0.046266   0.143164  -0.2592524    0.046290    0.143150   -0.2592520
52597.00   0.042668   0.142504  -0.2597790    0.042760    0.142590   -0.2597580
52598.00   0.039023   0.142080  -0.2601516    0.039060    0.142050   -0.2601350
52599.00   0.035643   0.141645  -0.2603927    0.035610    0.141620   -0.2603750
52600.00   0.032382   0.141439  -0.2605844    0.032530    0.141440   -0.2605540
52601.00   0.029455   0.141705  -0.2607451    0.029500    0.141590   -0.2607550
52602.00   0.026278   0.141919  -0.2609050    0.026290    0.141920   -0.2609170
52603.00   0.023146   0.142072  -0.2611561    0.023140    0.142090   -0.2611320
52604.00   0.020419   0.142111  -0.2615777    0.020440    0.142180   -0.2615560
52605.00   0.017702   0.141972  -0.2622236    0.017780    0.141910   -0.2622010
52606.00   0.014598   0.141668  -0.2631419    0.014610    0.141600   -0.2631340
52607.00   0.011103   0.141506  -0.2642958    0.011120    0.141530   -0.2642190
52608.00   0.007579   0.141384  -0.2656414    0.007650    0.141380   -0.2655300
52609.00   0.004190   0.141181  -0.2670650    0.004230    0.141160   -0.2669760
52610.00   0.000976   0.141175  -0.2684199    0.000980    0.141150   -0.2683720
52611.00  -0.002188   0.141366  -0.2695781   -0.002100    0.141540   -0.2695620
52612.00  -0.005190   0.142182  -0.2704599   -0.005140    0.142250   -0.2704590
52613.00  -0.008410   0.143068  -0.2710687   -0.008540    0.143130   -0.2710520
52614.00  -0.012360   0.144207  -0.2714357   -0.012430    0.144160   -0.2714150
52615.00  -0.016720   0.145538  -0.2717517   -0.016710    0.145520   -0.2717620
52616.00  -0.020888   0.146709  -0.2721330   -0.020860    0.146750   -0.2721450
52617.00  -0.024269   0.147737  -0.2726535   -0.024190    0.147790   -0.2726310
52618.00  -0.027099   0.149028  -0.2733480   -0.027050    0.149110   -0.2733250
52619.00  -0.030097   0.150624  -0.2742030   -0.029990    0.150660   -0.2742050
52620.00  -0.032910   0.152253  -0.2751980   -0.032910    0.152320   -0.2751850
52621.00  -0.036521   0.153643  -0.2762097   -0.036380    0.153690   -0.2762010
52622.00  -0.040135   0.154901  -0.2772696   -0.040130    0.154810   -0.2772850
52623.00  -0.044170   0.155905  -0.2782719   -0.044120    0.155800   -0.2783150
52624.00  -0.048085   0.156669  -0.2791553   -0.048100    0.156550   -0.2791780
52625.00  -0.051623   0.157274  -0.2798786   -0.051560    0.157350   -0.2798630
52626.00  -0.054557   0.158497  -0.2804448   -0.054500    0.158360   -0.2804270
52627.00  -0.056950   0.159883  -0.2808192   -0.056950    0.159770   -0.2808220
52628.00  -0.059147   0.161774  -0.2810419   -0.059110    0.161760   -0.2810310
52629.00  -0.061584   0.164084  -0.2812224   -0.061540    0.164060   -0.2812280
52630.00  -0.064259   0.166441  -0.2813994   -0.064250    0.166410   -0.2814080
52631.00  -0.066758   0.168646  -0.2816508   -0.066770    0.168630   -0.2816380
52632.00  -0.069104   0.170874  -0.2820935   -0.069100    0.170830   -0.2820620
52633.00  -0.071648   0.173153  -0.2828125   -0.071640    0.173150   -0.2827880
52634.00  -0.074203   0.175133  -0.2837772   -0.074230    0.175140   -0.2837740
52635.00  -0.076492   0.176860  -0.2849084   -0.076500    0.176820   -0.2849120
52636.00  -0.078749   0.178859  -0.2860947   -0.078730    0.178830   -0.2860920
52637.00  -0.081140   0.181116  -0.2872199   -0.081160    0.181130   -0.2872110
52638.00  -0.083425   0.183254  -0.2881773   -0.083470    0.183210   -0.2881680
52639.00  -0.085587   0.185612  -0.2889136   -0.085710    0.185460   -0.2889120
52640.00  -0.088506   0.187936  -0.2894400   -0.088460    0.187930   -0.2894480
52641.00  -0.091525   0.190250  -0.2897971   -0.091550    0.190200   -0.2897920
52642.00  -0.094535   0.192681  -0.2901029   -0.094510    0.192640   -0.2900920
52643.00  -0.097547   0.195185  -0.2904422   -0.097560    0.195210   -0.2904570
52644.00  -0.100674   0.197402  -0.2908236   -0.100680    0.197410   -0.2908460
52645.00  -0.103497   0.199315  -0.2913364   -0.103540    0.199310   -0.2913490
52646.00  -0.105918   0.201164  -0.2920312   -0.105960    0.201290   -0.2920180
52647.00  -0.108609   0.203326  -0.2928525   -0.108520    0.203380   -0.2928610
52648.00  -0.111066   0.205508  -0.2937266   -0.111060    0.205470   -0.2937380
52649.00  -0.113231   0.207881  -0.2946374   -0.113170    0.207880   -0.2946290
52650.00  -0.115263   0.210338  -0.2955678   -0.115240    0.210360   -0.2955520
52651.00  -0.117288   0.212631  -0.2964717   -0.117260    0.212610   -0.2964480
52652.00  -0.118995   0.214760  -0.2972660   -0.119000    0.214730   -0.2972470
52653.00  -0.120321   0.216851  -0.2979152   -0.120310    0.216890   -0.2979030
52654.00  -0.121679   0.219146  -0.2984219   -0.121570    0.219120   -0.2984020
52655.00  -0.122808   0.221634  -0.2987735   -0.122870    0.221530   -0.2987500
52656.00  -0.124297   0.224033  -0.2990067   -0.124280    0.224060   -0.2989930
52657.00  -0.126047   0.226509  -0.2992149   -0.125980    0.226530   -0.2992100
52658.00  -0.127673   0.228811  -0.2994968   -0.127580    0.228790   -0.2994690
52659.00  -0.128873   0.231030  -0.2999075   -0.128840    0.231010   -0.2998440
52660.00  -0.129940   0.233478  -0.3004639   -0.129910    0.233420   -0.3004010
52661.00  -0.131006   0.236356  -0.3011699   -0.130970    0.236350   -0.3011540
52662.00  -0.132220   0.239582  -0.3019920   -0.132140    0.239610   -0.3020130
52663.00  -0.133567   0.242395  -0.3028736   -0.133540    0.242440   -0.3028670
52664.00  -0.135144   0.244806  -0.3037659   -0.135120    0.244810   -0.3037500
52665.00  -0.136792   0.247042  -0.3045278   -0.136780    0.247020   -0.3045260
52666.00  -0.138126   0.249381  -0.3050546   -0.138090    0.249450   -0.3050560
52667.00  -0.138992   0.252107  -0.3053340   -0.138880    0.252210   -0.3053250
52668.00  -0.139269   0.255088  -0.3054123   -0.139280    0.255170   -0.3054140
52669.00  -0.139478   0.258219  -0.3054011   -0.139380    0.258240   -0.3053970
52670.00  -0.139794   0.261292  -0.3053653   -0.139870    0.261290   -0.3053620
52671.00  -0.141155   0.264059  -0.3053500   -0.141130    0.264050   -0.3053730
52672.00  -0.142642   0.266788  -0.3054336   -0.142570    0.266750   -0.3054490
52673.00  -0.144127   0.269650  -0.3056955   -0.144090    0.269670   -0.3056800
52674.00  -0.145231   0.272399  -0.3061850   -0.145260    0.272440   -0.3061760
52675.00  -0.146060   0.275320  -0.3068810   -0.146160    0.275280   -0.3068960
52676.00  -0.147316   0.277939  -0.3076581   -0.147270    0.278000   -0.3076810
52677.00  -0.148426   0.280393  -0.3084369   -0.148390    0.280430   -0.3084350
52678.00  -0.149667   0.283189  -0.3091443   -0.149610    0.283160   -0.3091510
52679.00  -0.151304   0.285945  -0.3097464   -0.151270    0.285920   -0.3097880
52680.00  -0.152949   0.288612  -0.3102376   -0.152910    0.288570   -0.3102810
52681.00  -0.154297   0.291302  -0.3106009   -0.154280    0.291370   -0.3106030
52682.00  -0.155365   0.294094  -0.3108547   -0.155300    0.294100   -0.3108090
52683.00  -0.155875   0.296851  -0.3110916   -0.155910    0.296780   -0.3110340
52684.00  -0.156091   0.299473  -0.3113852   -0.156160    0.299500   -0.3113730
52685.00  -0.156343   0.302128  -0.3117429   -0.156320    0.302110   -0.3117780
52686.00  -0.156302   0.304583  -0.3121947   -0.156290    0.304550   -0.3122450
52687.00  -0.155862   0.307063  -0.3128650   -0.155780    0.307060   -0.3128800
52688.00  -0.155323   0.310072  -0.3137985   -0.155280    0.310030   -0.3137900
52689.00  -0.154911   0.313488  -0.3149478   -0.154890    0.313550   -0.3149440
52690.00  -0.154784   0.317584  -0.3161986   -0.154700    0.317550   -0.3161840
52691.00  -0.155311   0.321366  -0.3174385   -0.155090    0.321380   -0.3174310
52692.00  -0.155475   0.324475  -0.3185303   -0.155490    0.324470   -0.3185360
52693.00  -0.155454   0.327396  -0.3193753   -0.155400    0.327390   -0.3193890
52694.00  -0.155123   0.330443  -0.3199700   -0.155070    0.330430   -0.3199750
52695.00  -0.154614   0.333493  -0.3203602   -0.154650    0.333430   -0.3203540
52696.00  -0.154637   0.336386  -0.3206182   -0.154530    0.336370   -0.3206160
52697.00  -0.154656   0.339306  -0.3208399   -0.154610    0.339280   -0.3208330
52698.00  -0.154375   0.342141  -0.3210741   -0.154360    0.342110   -0.3210690
52699.00  -0.153841   0.344649  -0.3213467   -0.153800    0.344630   -0.3213410
52700.00  -0.153198   0.347240  -0.3217410   -0.153150    0.347190   -0.3217350
52701.00  -0.152880   0.350202  -0.3222894   -0.152810    0.350190   -0.3222940
52702.00  -0.153092   0.353080  -0.3229464   -0.153040    0.353130   -0.3229420
52703.00  -0.153422   0.355842  -0.3236106   -0.153370    0.355830   -0.3236090
52704.00  -0.153763   0.358316  -0.3242961   -0.153700    0.358310   -0.3242970
52705.00  -0.154354   0.360787  -0.3250005   -0.154090    0.360750   -0.3249950
52706.00  -0.154534   0.363477  -0.3256463   -0.154490    0.363470   -0.3256600
52707.00  -0.154768   0.366339  -0.3262172   -0.154690    0.366290   -0.3262470
52708.00  -0.154911   0.369337  -0.3267117   -0.154860    0.369300   -0.3267360
52709.00  -0.155587   0.372368  -0.3271255   -0.155520    0.372380   -0.3271240
52710.00  -0.156437   0.375474  -0.3274535   -0.156400    0.375480   -0.3274420
52711.00  -0.157026   0.378713  -0.3277792   -0.157030    0.378590   -0.3277560
52712.00  -0.157691   0.381330  -0.3281342   -0.157290    0.381370   -0.3281250
52713.00  -0.157076   0.384012  -0.3286353   -0.157110    0.384010   -0.3286480
52714.00  -0.156943   0.386870  -0.3293660   -0.156910    0.386880   -0.3293890
52715.00  -0.156743   0.389761  -0.3303950   -0.156650    0.389760   -0.3304080
52716.00  -0.155936   0.392624  -0.3317189   -0.155950    0.392630   -0.3317120
52717.00  -0.154945   0.395674  -0.3332271   -0.154890    0.395810   -0.3332170
52718.00  -0.153875   0.399566  -0.3347675   -0.153840    0.399600   -0.3347600
52719.00  -0.153268   0.403517  -0.3361673   -0.153080    0.403390   -0.3361610
52720.00  -0.152322   0.406664  -0.3373037   -0.152280    0.406640   -0.3373110
52721.00  -0.151525   0.409589  -0.3381325   -0.151440    0.409600   -0.3381530
52722.00  -0.150576   0.412494  -0.3386755   -0.150480    0.412410   -0.3386950
52723.00  -0.148982   0.415439  -0.3390145   -0.149060    0.415390   -0.3390110
52724.00  -0.147578   0.418309  -0.3392556   -0.147490    0.418350   -0.3392450
52725.00  -0.145779   0.421212  -0.3395425   -0.145670    0.421160   -0.3395480
52726.00  -0.143452   0.424036  -0.3399480   -0.143350    0.424030   -0.3399430
52727.00  -0.140613   0.426885  -0.3404906   -0.140570    0.426870   -0.3404850
52728.00  -0.137880   0.429885  -0.3411865   -0.137770    0.429840   -0.3412060
52729.00  -0.135448   0.432832  -0.3420147   -0.135380    0.432830   -0.3420440
52730.00  -0.133253   0.435574  -0.3429313   -0.133250    0.435620   -0.3429290
52731.00  -0.131337   0.438596  -0.3438876   -0.131170    0.438590   -0.3438740
52732.00  -0.129096   0.441736  -0.3448712   -0.129050    0.441740   -0.3448740
52733.00  -0.127130   0.444678  -0.3458013   -0.126950    0.444670   -0.3457940
52734.00  -0.124629   0.447542  -0.3466152   -0.124580    0.447540   -0.3466170
52735.00  -0.122177   0.450759  -0.3473352   -0.122080    0.450760   -0.3473310
52736.00  -0.119826   0.454061  -0.3479283   -0.119780    0.454050   -0.3479260
52737.00  -0.117581   0.456994  -0.3483759   -0.117590    0.456990   -0.3483700
52738.00  -0.116238   0.459671  -0.3487087   -0.115960    0.459710   -0.3487010
52739.00  -0.114690   0.462343  -0.3490285   -0.114680    0.462350   -0.3490260
52740.00  -0.113539   0.464834  -0.3494229   -0.113230    0.464850   -0.3494180
52741.00  -0.111408   0.467511  -0.3499690   -0.111410    0.467490   -0.3499570
52742.00  -0.109399   0.470304  -0.3507694   -0.109290    0.470290   -0.3507470
52743.00  -0.107268   0.472883  -0.3518708   -0.107170    0.472880   -0.3518560
52744.00  -0.105224   0.475253  -0.3532336   -0.105260    0.475280   -0.3532260
52745.00  -0.103976   0.477415  -0.3547178   -0.103790    0.477410   -0.3547140
52746.00  -0.102241   0.479238  -0.3561391   -0.102200    0.479230   -0.3561370
52747.00  -0.100347   0.481207  -0.3573084   -0.100290    0.481160   -0.3572750
52748.00  -0.098110   0.483411  -0.3581655   -0.098020    0.483390   -0.3581420
52749.00  -0.095579   0.485678  -0.3586492   -0.095490    0.485660   -0.3586890
52750.00  -0.093129   0.487711  -0.3588349   -0.093040    0.487740   -0.3589020
52751.00  -0.090755   0.489518  -0.3588929   -0.090700    0.489620   -0.3588960
52752.00  -0.088601   0.491625  -0.3589248   -0.088490    0.491700   -0.3588860
52753.00  -0.086073   0.493677  -0.3590416   -0.085900    0.493740   -0.3590440
52754.00  -0.082835   0.495853  -0.3593016   -0.082770    0.495770   -0.3592960
52755.00  -0.080055   0.497996  -0.3596948   -0.079990    0.497960   -0.3596890
52756.00  -0.077683   0.500185  -0.3602410   -0.077590    0.500160   -0.3602360
52757.00  -0.075264   0.502396  -0.3609113   -0.075190    0.502440   -0.3609080
52758.00  -0.072945   0.504336  -0.3616574   -0.072840    0.504420   -0.3616510
52759.00  -0.070452   0.506168  -0.3624152   -0.070270    0.506180   -0.3624080
52760.00  -0.066884   0.508018  -0.3631068   -0.066850    0.508020   -0.3631080
52761.00  -0.063134   0.509849  -0.3636406   -0.063020    0.509870   -0.3636450
52762.00  -0.059460   0.511574  -0.3639858   -0.059380    0.511610   -0.3639710
52763.00  -0.056188   0.513428  -0.3641403   -0.056110    0.513430   -0.3640950
52764.00  -0.053251   0.515445  -0.3641271   -0.053140    0.515420   -0.3640860
52765.00  -0.050102   0.517481  -0.3640312   -0.050100    0.517520   -0.3640240
52766.00  -0.047177   0.519684  -0.3639292   -0.047150    0.519710   -0.3639140
52767.00  -0.044759   0.521707  -0.3638449   -0.044670    0.521610   -0.3638350
52768.00  -0.042316   0.523206  -0.3639183   -0.042140    0.523330   -0.3639110
52769.00  -0.039744   0.525015  -0.3642129   -0.039680    0.525050   -0.3642000
52770.00  -0.037767   0.526629  -0.3647435   -0.037690    0.526600   -0.3647260
52771.00  -0.036128   0.527945  -0.3655317   -0.036010    0.527970   -0.3655100
52772.00  -0.034478   0.529264  -0.3665666   -0.034400    0.529290   -0.3665540
52773.00  -0.032655   0.530583  -0.3677702   -0.032560    0.530530   -0.3677770
52774.00  -0.030523   0.531887  -0.3689547   -0.030430    0.531850   -0.3689700
52775.00  -0.028293   0.533225  -0.3699223   -0.028250    0.533180   -0.3699180
52776.00  -0.025981   0.534353  -0.3705531   -0.025890    0.534300   -0.3705330
52777.00  -0.023693   0.535468  -0.3709000   -0.023560    0.535470   -0.3708860
52778.00  -0.021358   0.536500  -0.3710701   -0.021250    0.536550   -0.3710520
52779.00  -0.018620   0.537522  -0.3712217   -0.018500    0.537530   -0.3712130
52780.00  -0.015410   0.538602  -0.3714380   -0.015430    0.538610   -0.3714480
52781.00  -0.012603   0.539688  -0.3717551   -0.012490    0.539640   -0.3717310
52782.00  -0.009866   0.540575  -0.3722105   -0.009800    0.540440   -0.3722000
52783.00  -0.007004   0.540972  -0.3727809   -0.006960    0.540960   -0.3727690
52784.00  -0.004106   0.541211  -0.3734260   -0.004030    0.541340   -0.3733950
52785.00  -0.001056   0.541528  -0.3740728   -0.000940    0.541610   -0.3740370
52786.00   0.002298   0.541977  -0.3746654    0.002370    0.541990   -0.3746410
52787.00   0.005837   0.542598  -0.3751705    0.005880    0.542640   -0.3751620
52788.00   0.009260   0.543591  -0.3755531    0.009390    0.543690   -0.3755520
52789.00   0.012429   0.544507  -0.3757844    0.012550    0.544580   -0.3757760
52790.00   0.015576   0.545546  -0.3758359    0.015640    0.545500   -0.3758550
52791.00   0.018416   0.546437  -0.3756855    0.018520    0.546410   -0.3757030
52792.00   0.021231   0.547100  -0.3753793    0.021340    0.546990   -0.3753690
52793.00   0.024311   0.547652  -0.3749825    0.024380    0.547540   -0.3749710
52794.00   0.027719   0.547855  -0.3745271    0.027810    0.547850   -0.3745520
52795.00   0.031430   0.547882  -0.3740730    0.031540    0.547890   -0.3740740
52796.00   0.034917   0.547818  -0.3737576    0.035020    0.547910   -0.3737490
52797.00   0.038130   0.547817  -0.3736737    0.038190    0.547810   -0.3736780
52798.00   0.041333   0.547855  -0.3738447    0.041410    0.547810   -0.3738780
52799.00   0.044736   0.547922  -0.3742503    0.044810    0.547930   -0.3742770
52800.00   0.048281   0.548027  -0.3747833    0.048330    0.548050   -0.3747790
52801.00   0.051673   0.548061  -0.3752832    0.051790    0.548060   -0.3752700
52802.00   0.055139   0.547756  -0.3756082    0.055260    0.547750   -0.3756120
52803.00   0.058556   0.547201  -0.3756412    0.058730    0.547230   -0.3756430
52804.00   0.062094   0.546689  -0.3753452    0.062170    0.546630   -0.3753230
52805.00   0.065802   0.546171  -0.3747957    0.065870    0.546100   -0.3747700
52806.00   0.069733   0.545588  -0.3741172    0.069830    0.545570   -0.3741000
52807.00   0.074052   0.545079  -0.3734464    0.074140    0.545040   -0.3734360
52808.00   0.078547   0.544862  -0.3728845    0.078630    0.544840   -0.3728820
52809.00   0.082892   0.544756  -0.3724844    0.083140    0.544680   -0.3724930
52810.00   0.087700   0.544532  -0.3722530    0.087770    0.544520   -0.3722550
52811.00   0.091956   0.544384  -0.3721348    0.092070    0.544420   -0.3721070
52812.00   0.095888   0.544085  -0.3720627    0.095980    0.544080   -0.3720050
52813.00   0.099772   0.543616  -0.3719772    0.099880    0.543620   -0.3719230
52814.00   0.103554   0.542996  -0.3718238    0.103640    0.543060   -0.3718090
52815.00   0.107221   0.542491  -0.3715540    0.107340    0.542480   -0.3715590
52816.00   0.110928   0.542076  -0.3711389    0.111030    0.542050   -0.3711060
52817.00   0.114722   0.541683  -0.3705786    0.114840    0.541520   -0.3705660
52818.00   0.118619   0.541064  -0.3698746    0.118730    0.540990   -0.3698540
52819.00   0.122623   0.540447  -0.3690496    0.122740    0.540420   -0.3690180
52820.00   0.126689   0.539883  -0.3681479    0.126790    0.539860   -0.3681090
52821.00   0.130468   0.539313  -0.3672420    0.130560    0.539290   -0.3672270
52822.00   0.133821   0.538582  -0.3664106    0.133980    0.538570   -0.3664210
52823.00   0.136813   0.537563  -0.3657010    0.137040    0.537500   -0.3656920
52824.00   0.139880   0.535923  -0.3651475    0.139980    0.535890   -0.3651290
52825.00   0.143073   0.534157  -0.3647861    0.143200    0.534100   -0.3647340
52826.00   0.146403   0.532623  -0.3645739    0.146510    0.532570   -0.3644890
52827.00   0.149616   0.531187  -0.3644331    0.149680    0.531190   -0.3643570
52828.00   0.153014   0.529717  -0.3642754    0.153090    0.529730   -0.3642560
52829.00   0.156652   0.528214  -0.3640177    0.156730    0.528180   -0.3640300
52830.00   0.160400   0.526692  -0.3635461    0.160450    0.526650   -0.3635320
52831.00   0.163893   0.525208  -0.3628283    0.164060    0.525270   -0.3628150
52832.00   0.167447   0.523922  -0.3619299    0.167540    0.523940   -0.3619300
52833.00   0.170540   0.522624  -0.3609656    0.170640    0.522650   -0.3609700
52834.00   0.173119   0.521200  -0.3600377    0.173240    0.521190   -0.3600350
52835.00   0.175615   0.519726  -0.3592355    0.175690    0.519660   -0.3592290
52836.00   0.178216   0.518207  -0.3586320    0.178280    0.518100   -0.3586240
52837.00   0.180961   0.516617  -0.3582506    0.180970    0.516510   -0.3582320
52838.00   0.183442   0.514713  -0.3580347    0.183560    0.514700   -0.3580200
52839.00   0.186304   0.512678  -0.3579064    0.186360    0.512610   -0.3579100
52840.00   0.189291   0.510645  -0.3577985    0.189360    0.510580   -0.3577950
52841.00   0.191970   0.508531  -0.3576469    0.192020    0.508560   -0.3576290
52842.00   0.194308   0.506211  -0.3574124    0.194430    0.506240   -0.3573990
52843.00   0.197124   0.503868  -0.3570731    0.197180    0.503790   -0.3570760
52844.00   0.199921   0.501622  -0.3566195    0.200020    0.501600   -0.3566200
52845.00   0.202476   0.499419  -0.3560571    0.202520    0.499500   -0.3560510
52846.00   0.204685   0.497220  -0.3554030    0.204770    0.497210   -0.3554020
52847.00   0.206809   0.494817  -0.3547428    0.206880    0.494770   -0.3547510
52848.00   0.208980   0.492100  -0.3541361    0.209050    0.492120   -0.3541420
52849.00   0.211303   0.489142  -0.3536200    0.211370    0.489240   -0.3536150
52850.00   0.213815   0.486413  -0.3532271    0.213900    0.486430   -0.3532260
52851.00   0.216500   0.483887  -0.3530459    0.216580    0.483900   -0.3530440
52852.00   0.219112   0.481538  -0.3531033    0.219220    0.481570   -0.3530920
52853.00   0.221386   0.479513  -0.3533306    0.221430    0.479470   -0.3533400
52854.00   0.223071   0.477318  -0.3536689    0.223150    0.477200   -0.3537200
52855.00   0.224748   0.474861  -0.3540496    0.224830    0.474730   -0.3540840
52856.00   0.226443   0.472367  -0.3543334    0.226500    0.472310   -0.3543240
52857.00   0.228150   0.469614  -0.3543726    0.228230    0.469600   -0.3543660
52858.00   0.230141   0.466612  -0.3541745    0.230230    0.466580   -0.3541780
52859.00   0.232124   0.463704  -0.3537567    0.232240    0.463660   -0.3537490
52860.00   0.234060   0.461100  -0.3531909    0.234120    0.461030   -0.3531860
52861.00   0.235882   0.458865  -0.3526009    0.235980    0.458830   -0.3525970
52862.00   0.237707   0.456702  -0.3521001    0.237790    0.456760   -0.3520940
52863.00   0.239487   0.454309  -0.3517812    0.239600    0.454460   -0.3517730
52864.00   0.241314   0.452088  -0.3516894    0.241370    0.452080   -0.3516780
52865.00   0.243093   0.449784  -0.3517784    0.243160    0.449760   -0.3517770
52866.00   0.244570   0.447324  -0.3520012    0.244710    0.447420   -0.3519870
52867.00   0.246011   0.444752  -0.3523064    0.246050    0.444730   -0.3523300
52868.00   0.247532   0.441804  -0.3526161    0.247620    0.441710   -0.3526850
52869.00   0.249124   0.438677  -0.3528512    0.249190    0.438650   -0.3529040
52870.00   0.250680   0.435417  -0.3529173    0.250720    0.435430   -0.3529140
52871.00   0.252254   0.432462  -0.3527417    0.252330    0.432380   -0.3527250
52872.00   0.253774   0.429753  -0.3523732    0.253840    0.429680   -0.3523710
52873.00   0.254928   0.427262  -0.3518548    0.255050    0.427260   -0.3518440
52874.00   0.255947   0.424872  -0.3512339    0.255980    0.424890   -0.3512340
52875.00   0.256958   0.422061  -0.3505935    0.257020    0.422020   -0.3506380
52876.00   0.258249   0.418880  -0.3499998    0.258310    0.418840   -0.3500360
52877.00   0.259210   0.415542  -0.3495442    0.259350    0.415660   -0.3495410
52878.00   0.260146   0.412296  -0.3493055    0.260160    0.412320   -0.3493060
52879.00   0.261170   0.409038  -0.3494278    0.261270    0.409070   -0.3493980
52880.00   0.262134   0.406067  -0.3498745    0.262410    0.406130   -0.3498590
52881.00   0.263337   0.403308  -0.3505380    0.263420    0.403290   -0.3505460
52882.00   0.264430   0.400496  -0.3512890    0.264490    0.400450   -0.3513040
52883.00   0.265244   0.397526  -0.3519601    0.265340    0.397440   -0.3519670
52884.00   0.265514   0.394414  -0.3524292    0.265610    0.394360   -0.3524220
52885.00   0.265529   0.391195  -0.3526473    0.265540    0.391190   -0.3526340
52886.00   0.265386   0.387938  -0.3525985    0.265490    0.387910   -0.3525990
52887.00   0.265113   0.384441  -0.3523713    0.265320    0.384430   -0.3523630
52888.00   0.265182   0.380910  -0.3520822    0.265190    0.380840   -0.3520800
52889.00   0.265053   0.377505  -0.3517877    0.265120    0.377410   -0.3518070
52890.00   0.264911   0.374278  -0.3515887    0.264960    0.374190   -0.3515900
52891.00   0.264699   0.371156  -0.3515693    0.264780    0.371110   -0.3515600
52892.00   0.264511   0.367894  -0.3517499    0.264640    0.367820   -0.3517590
52893.00   0.264605   0.364586  -0.3520732    0.264740    0.364530   -0.3520710
52894.00   0.264519   0.361280  -0.3524733    0.264560    0.361260   -0.3524620
52895.00   0.264233   0.357987  -0.3528459    0.264300    0.357910   -0.3528470
52896.00   0.264223   0.354809  -0.3531448    0.264280    0.354740   -0.3531440
52897.00   0.264230   0.351772  -0.3533557    0.264320    0.351740   -0.3533550
52898.00   0.264141   0.348778  -0.3534664    0.264230    0.348800   -0.3534580
52899.00   0.264033   0.345932  -0.3534705    0.264090    0.345900   -0.3534420
52900.00   0.264004   0.342995  -0.3533594    0.264010    0.342920   -0.3533250
52901.00   0.263698   0.339808  -0.3531016    0.263760    0.339770   -0.3530900
52902.00   0.263057   0.336422  -0.3528097    0.263100    0.336400   -0.3528150
52903.00   0.262535   0.332948  -0.3525464    0.262570    0.332800   -0.3525610
52904.00   0.262588   0.329728  -0.3524014    0.262610    0.329590   -0.3523970
52905.00   0.262482   0.326856  -0.3524815    0.262550    0.326880   -0.3524690
52906.00   0.261882   0.324086  -0.3528272    0.261930    0.324050   -0.3528410
52907.00   0.260917   0.320821  -0.3534321    0.260980    0.320860   -0.3534380
52908.00   0.260061   0.317273  -0.3542544    0.260120    0.317310   -0.3542520
52909.00   0.259523   0.314020  -0.3551847    0.259650    0.313970   -0.3551960
52910.00   0.259357   0.311099  -0.3560733    0.259430    0.311050   -0.3560970
52911.00   0.259185   0.308483  -0.3567894    0.259270    0.308390   -0.3568040
52912.00   0.259205   0.306213  -0.3572758    0.259180    0.306160   -0.3572700
52913.00   0.258441   0.304032  -0.3575077    0.258530    0.304000   -0.3575060
52914.00   0.257371   0.301431  -0.3575564    0.257380    0.301390   -0.3575580
52915.00   0.256285   0.298632  -0.3575382    0.256250    0.298690   -0.3575300
52916.00   0.254920   0.296130  -0.3575692    0.254990    0.296150   -0.3575800
52917.00   0.253564   0.293447  -0.3577245    0.253630    0.293450   -0.3577210
52918.00   0.252216   0.290458  -0.3580633    0.252280    0.290420   -0.3580400
52919.00   0.250917   0.287406  -0.3586134    0.250960    0.287370   -0.3586000
52920.00   0.249549   0.284675  -0.3593206    0.249600    0.284630   -0.3593330
52921.00   0.248047   0.282076  -0.3600671    0.248110    0.282020   -0.3600770
52922.00   0.246394   0.279262  -0.3607698    0.246430    0.279220   -0.3607580
52923.00   0.244461   0.276479  -0.3614181    0.244420    0.276420   -0.3614210
52924.00   0.242041   0.273675  -0.3619580    0.242100    0.273640   -0.3619840
52925.00   0.239767   0.270716  -0.3623574    0.239820    0.270690   -0.3623750
52926.00   0.237786   0.267467  -0.3626070    0.237790    0.267490   -0.3625980
52927.00   0.235754   0.264252  -0.3627139    0.235850    0.264180   -0.3626930
52928.00   0.233833   0.261075  -0.3626985    0.233880    0.261050   -0.3626940
52929.00   0.231713   0.257917  -0.3626126    0.231840    0.257960   -0.3626070
52930.00   0.229791   0.255061  -0.3625398    0.229830    0.254970   -0.3625330
52931.00   0.227912   0.252528  -0.3625865    0.227960    0.252450   -0.3626020
52932.00   0.225985   0.250041  -0.3628482    0.226020    0.250040   -0.3628760
52933.00   0.224045   0.247363  -0.3633946    0.224070    0.247350   -0.3633930
52934.00   0.221840   0.244727  -0.3642337    0.221970    0.244690   -0.3641960
52935.00   0.220252   0.242207  -0.3653312    0.220270    0.242220   -0.3652860
52936.00   0.219375   0.239955  -0.3666165    0.219290    0.239920   -0.3665910
52937.00   0.218588   0.237830  -0.3679282    0.218640    0.237720   -0.3679320
52938.00   0.218074   0.235800  -0.3690879    0.218130    0.235680   -0.3690970
52939.00   0.217044   0.233764  -0.3699470    0.217130    0.233710   -0.3699450
52940.00   0.215526   0.231571  -0.3704387    0.215490    0.231520   -0.3704240
52941.00   0.213727   0.229245  -0.3705972    0.213800    0.229150   -0.3705920
52942.00   0.212410   0.226990  -0.3705550    0.212460    0.226900   -0.3705570
52943.00   0.210964   0.225015  -0.3704466    0.211060    0.225010   -0.3704340
52944.00   0.209202   0.223347  -0.3703764    0.209260    0.223310   -0.3703860
52945.00   0.207195   0.221630  -0.3704385    0.207240    0.221550   -0.3704470
52946.00   0.205026   0.219554  -0.3706830    0.205080    0.219480   -0.3706680
52947.00   0.202683   0.217024  -0.3711079    0.202740    0.216980   -0.3710900
52948.00   0.200310   0.214164  -0.3716585    0.200360    0.214070   -0.3716580
52949.00   0.198074   0.211221  -0.3722295    0.198250    0.211100   -0.3722220
52950.00   0.196251   0.208259  -0.3727509    0.196320    0.208230   -0.3727430
52951.00   0.194565   0.205715  -0.3731800    0.194580    0.205620   -0.3731760
52952.00   0.192663   0.203465  -0.3735121    0.192750    0.203370   -0.3735510
52953.00   0.190187   0.201115  -0.3737231    0.190250    0.201140   -0.3737820
52954.00   0.187195   0.198509  -0.3738188    0.187240    0.198490   -0.3738110
52955.00   0.184474   0.196121  -0.3737553    0.184520    0.195980   -0.3737240
52956.00   0.182107   0.193777  -0.3736979    0.182190    0.193700   -0.3736830
52957.00   0.179905   0.191388  -0.3737004    0.179870    0.191370   -0.3736890
52958.00   0.177366   0.189111  -0.3737575    0.177470    0.189040   -0.3737660
52959.00   0.175135   0.187130  -0.3739175    0.175190    0.187030   -0.3739370
52960.00   0.172807   0.185468  -0.3742697    0.172860    0.185420   -0.3742740
52961.00   0.170303   0.183784  -0.3748706    0.170180    0.183740   -0.3748600
52962.00   0.167240   0.181979  -0.3756862    0.167340    0.181890   -0.3756920
52963.00   0.164407   0.180379  -0.3766273    0.164430    0.180360   -0.3766400
52964.00   0.161879   0.179080  -0.3776699    0.161850    0.179120   -0.3776600
52965.00   0.159310   0.178390  -0.3787721    0.159410    0.178310   -0.3787760
52966.00   0.156601   0.177787  -0.3797053    0.156660    0.177700   -0.3797530
52967.00   0.153407   0.176857  -0.3803525    0.153490    0.176770   -0.3803940
52968.00   0.149829   0.175610  -0.3807045    0.149710    0.175550   -0.3806940
52969.00   0.145164   0.174214  -0.3807790    0.145320    0.174190   -0.3807670
52970.00   0.141260   0.172979  -0.3807209    0.141260    0.172870   -0.3807190
52971.00   0.137855   0.171862  -0.3806866    0.137930    0.171760   -0.3807010
52972.00   0.134328   0.170603  -0.3807901    0.134400    0.170550   -0.3808080
52973.00   0.130325   0.169151  -0.3810508    0.130400    0.169040   -0.3810580
52974.00   0.126420   0.167832  -0.3814428    0.126440    0.167710   -0.3814390
52975.00   0.123266   0.166673  -0.3819390    0.123160    0.166610   -0.3819270
52976.00   0.120076   0.165475  -0.3824741    0.120170    0.165390   -0.3824720
52977.00   0.116995   0.164471  -0.3829730    0.117050    0.164370   -0.3829730
52978.00   0.113973   0.163778  -0.3833573    0.114130    0.163830   -0.3833480
52979.00   0.111334   0.163491  -0.3836394    0.111400    0.163450   -0.3836440
52980.00   0.108467   0.163096  -0.3838023    0.108520    0.162960   -0.3838250
52981.00   0.105420   0.162534  -0.3837965    0.105460    0.162450   -0.3837940
52982.00   0.102488   0.162010  -0.3835799    0.102520    0.162010   -0.3835510
52983.00   0.099885   0.161527  -0.3832095    0.099840    0.161520   -0.3832000
52984.00   0.096725   0.161011  -0.3828210    0.096870    0.160960   -0.3828340
52985.00   0.093248   0.160277  -0.3824442    0.093360    0.160300   -0.3824450
52986.00   0.089735   0.159516  -0.3821568    0.089740    0.159450   -0.3821680
52987.00   0.086412   0.158859  -0.3819860    0.086450    0.158710   -0.3819980
52988.00   0.083456   0.158562  -0.3820095    0.083500    0.158510   -0.3820050
52989.00   0.080536   0.158347  -0.3822637    0.080610    0.158360   -0.3822560
52990.00   0.077519   0.158153  -0.3827665    0.077620    0.158050   -0.3827510
52991.00   0.074448   0.157708  -0.3834666    0.074480    0.157650   -0.3834390
52992.00   0.071389   0.157209  -0.3842406    0.071480    0.157210   -0.3842270
52993.00   0.068871   0.156887  -0.3850126    0.068890    0.156860   -0.3850240
52994.00   0.066300   0.156452  -0.3856916    0.066350    0.156400   -0.3857350
52995.00   0.063454   0.155925  -0.3861420    0.063520    0.155850   -0.3861900
52996.00   0.060465   0.155499  -0.3863182    0.060390    0.155410   -0.3863100
52997.00   0.056583   0.155114  -0.3863249    0.056690    0.155070   -0.3862360
52998.00   0.052600   0.154776  -0.3863931    0.052620    0.154710   -0.3862160
52999.00   0.048915   0.154521  -0.3865721    0.048950    0.154440   -0.3863760
53000.00   0.045817   0.154535  -0.3868940    0.045870    0.154430   -0.3867280
53001.00   0.042887   0.154743  -0.3873570    0.042940    0.154660   -0.3872450
53002.00   0.039838   0.154765  -0.3879178    0.039910    0.154710   -0.3878690
53003.00   0.037041   0.154460  -0.3885253    0.037030    0.154430   -0.3885140
53004.00   0.034030   0.154152  -0.3891069    0.034120    0.154100   -0.3890920
53005.00   0.031244   0.153837  -0.3896242    0.031250    0.153770   -0.3895920
53006.00   0.028844   0.153666  -0.3900898    0.028870    0.153550   -0.3900740
53007.00   0.026642   0.153845  -0.3904388    0.026700    0.153740   -0.3904550
53008.00   0.024196   0.154296  -0.3906064    0.024260    0.154230   -0.3906300
53009.00   0.021488   0.154846  -0.3906172    0.021590    0.154800   -0.3906200
53010.00   0.018791   0.155474  -0.3905345    0.018790    0.155440   -0.3905240
53011.00   0.015852   0.156213  -0.3904555    0.015960    0.156150   -0.3904520
53012.00   0.012904   0.156919  -0.3904750    0.012990    0.156850   -0.3904660
53013.00   0.010078   0.157347  -0.3906236    0.010150    0.157360   -0.3906230
53014.00   0.007583   0.157668  -0.3909863    0.007710    0.157630   -0.3909980
53015.00   0.005354   0.157925  -0.3916007    0.005380    0.157840   -0.3916020
53016.00   0.003033   0.158350  -0.3924755    0.003030    0.158320   -0.3924550
53017.00   0.001086   0.159029  -0.3935831    0.001150    0.159010   -0.3935690
53018.00  -0.001169   0.160079  -0.3948550   -0.000940    0.159990   -0.3948590
53019.00  -0.003297   0.161392  -0.3961229   -0.003280    0.161360   -0.3961320
53020.00  -0.005379   0.162631  -0.3972759   -0.005390    0.162610   -0.3972730
53021.00  -0.007618   0.163769  -0.3982373   -0.007540    0.163700   -0.3982610
53022.00  -0.010220   0.165080  -0.3989327   -0.010170    0.165030   -0.3989770
53023.00  -0.013234   0.166344  -0.3993909   -0.013220    0.166280   -0.3994140
53024.00  -0.016200   0.167254  -0.3996555   -0.016180    0.167220   -0.3996580
53025.00  -0.018669   0.168256  -0.3998536   -0.018640    0.168310   -0.3998410
53026.00  -0.021135   0.170026  -0.4000824   -0.021090    0.169990   -0.4000790
53027.00  -0.024176   0.171779  -0.4004461   -0.023830    0.171790   -0.4004350
53028.00  -0.026293   0.173195  -0.4009626   -0.026220    0.173120   -0.4009750
53029.00  -0.027930   0.174506  -0.4016320   -0.027880    0.174430   -0.4016610
53030.00  -0.029166   0.175922  -0.4024375   -0.029110    0.175870   -0.4024540
53031.00  -0.030225   0.177463  -0.4033134   -0.030220    0.177420   -0.4033020
53032.00  -0.031671   0.179219  -0.4040843   -0.031610    0.179160   -0.4040940
53033.00  -0.033515   0.181087  -0.4046773   -0.033490    0.181000   -0.4046910
53034.00  -0.036000   0.182968  -0.4050564   -0.035950    0.182930   -0.4050420
53035.00  -0.038965   0.184635  -0.4051777   -0.038950    0.184640   -0.4051900
53036.00  -0.042053   0.185947  -0.4051274   -0.042020    0.185890   -0.4051460
53037.00  -0.045042   0.187066  -0.4049571   -0.044930    0.186970   -0.4049600
53038.00  -0.047761   0.188154  -0.4047153   -0.047970    0.188030   -0.4047120
53039.00  -0.051257   0.189038  -0.4044378   -0.051200    0.188970   -0.4044510
53040.00  -0.054189   0.189870  -0.4041928   -0.054160    0.189780   -0.4042020
53041.00  -0.056733   0.190686  -0.4041270   -0.056640    0.190710   -0.4041170
53042.00  -0.058825   0.192037  -0.4042345   -0.058780    0.191970   -0.4042390
53043.00  -0.060688   0.193626  -0.4046462   -0.060610    0.193540   -0.4046350
53044.00  -0.062592   0.195360  -0.4053054   -0.062540    0.195330   -0.4052940
53045.00  -0.064874   0.197078  -0.4061337   -0.064880    0.197140   -0.4061210
53046.00  -0.067757   0.199111  -0.4070526   -0.067650    0.199070   -0.4070350
53047.00  -0.070767   0.200933  -0.4079696   -0.070720    0.200890   -0.4079620
53048.00  -0.073855   0.202602  -0.4087687   -0.073760    0.202610   -0.4087570
53049.00  -0.076809   0.204484  -0.4093587   -0.076740    0.204440   -0.4093720
53050.00  -0.079498   0.206270  -0.4097087   -0.079460    0.206200   -0.4097500
53051.00  -0.081567   0.208068  -0.4098775   -0.081510    0.208070   -0.4099010
53052.00  -0.082877   0.210042  -0.4099673   -0.082870    0.210050   -0.4099550
53053.00  -0.084374   0.212379  -0.4100716   -0.084210    0.212270   -0.4100770
53054.00  -0.086622   0.214835  -0.4103309   -0.086570    0.214860   -0.4103380
53055.00  -0.090064   0.217070  -0.4108241   -0.089840    0.217220   -0.4108150
53056.00  -0.093068   0.219557  -0.4115674   -0.093010    0.219500   -0.4115850
53057.00  -0.095704   0.222040  -0.4124818   -0.095640    0.221970   -0.4125160
53058.00  -0.097959   0.224295  -0.4135315   -0.097910    0.224270   -0.4135320
53059.00  -0.099798   0.226393  -0.4146100   -0.099810    0.226380   -0.4145990
53060.00  -0.101355   0.228660  -0.4155830   -0.101260    0.228610   -0.4155980
53061.00  -0.102509   0.231015  -0.4163774   -0.102480    0.230940   -0.4163790
53062.00  -0.104300   0.233444  -0.4169791   -0.103900    0.233390   -0.4169680
53063.00  -0.105932   0.235858  -0.4173906   -0.105970    0.235800   -0.4173890
53064.00  -0.108401   0.237914  -0.4175409   -0.108330    0.237830   -0.4175520
53065.00  -0.110501   0.239906  -0.4174892   -0.110480    0.239820   -0.4174860
53066.00  -0.112161   0.242124  -0.4173477   -0.112280    0.242030   -0.4173340
53067.00  -0.114044   0.244227  -0.4172256   -0.113870    0.244170   -0.4172170
53068.00  -0.115346   0.246409  -0.4171978   -0.115450    0.246340   -0.4171940
53069.00  -0.117613   0.248880  -0.4173544   -0.117240    0.248810   -0.4173440
53070.00  -0.118972   0.251544  -0.4177290   -0.118920    0.251420   -0.4177250
53071.00  -0.120333   0.254079  -0.4183482   -0.120260    0.254030   -0.4183150
53072.00  -0.121611   0.256235  -0.4191872   -0.121520    0.256150   -0.4191520
53073.00  -0.122119   0.258099  -0.4201285   -0.122270    0.258000   -0.4201170
53074.00  -0.123051   0.260080  -0.4210229   -0.122910    0.260000   -0.4210240
53075.00  -0.123777   0.262118  -0.4217468   -0.123690    0.262090   -0.4217560
53076.00  -0.124455   0.264057  -0.4222153   -0.124390    0.264080   -0.4222000
53077.00  -0.125205   0.266248  -0.4224569   -0.125150    0.266190   -0.4224630
53078.00  -0.126024   0.268487  -0.4225151   -0.125960    0.268470   -0.4225910
53079.00  -0.126916   0.270666  -0.4224659   -0.126830    0.270610   -0.4225390
53080.00  -0.128146   0.272835  -0.4224683   -0.128020    0.272740   -0.4224570
53081.00  -0.129176   0.274877  -0.4225792   -0.129130    0.274780   -0.4225720
53082.00  -0.130041   0.277121  -0.4229180   -0.130030    0.277030   -0.4229130
53083.00  -0.131319   0.279582  -0.4235105   -0.131010    0.279470   -0.4234930
53084.00  -0.131686   0.281985  -0.4243745   -0.131650    0.281880   -0.4243930
53085.00  -0.131870   0.284727  -0.4254624   -0.131780    0.284630   -0.4255200
53086.00  -0.131970   0.287889  -0.4266041   -0.131850    0.287800   -0.4266280
53087.00  -0.131763   0.291266  -0.4277337   -0.131810    0.291260   -0.4277180
53088.00  -0.132120   0.294892  -0.4288225   -0.132020    0.294870   -0.4288330
53089.00  -0.132879   0.298392  -0.4297907   -0.132830    0.298330   -0.4298080
53090.00  -0.134157   0.301760  -0.4306100   -0.134010    0.301770   -0.4306060
53091.00  -0.135580   0.305204  -0.4312566   -0.135510    0.305200   -0.4312590
53092.00  -0.136937   0.308387  -0.4317381   -0.136880    0.308330   -0.4317360
53093.00  -0.137964   0.311519  -0.4321208   -0.137840    0.311480   -0.4321140
53094.00  -0.138655   0.314671  -0.4325104   -0.138680    0.314710   -0.4325020
53095.00  -0.139535   0.317771  -0.4329854   -0.139440    0.317740   -0.4329880
53096.00  -0.140236   0.320643  -0.4336280   -0.140150    0.320590   -0.4336250
53097.00  -0.140804   0.323381  -0.4344862   -0.140650    0.323290   -0.4344790
53098.00  -0.140861   0.326053  -0.4355582   -0.140730    0.325970   -0.4355490
53099.00  -0.140991   0.328659  -0.4368895   -0.140850    0.328620   -0.4368240
53100.00  -0.141196   0.331012  -0.4384145   -0.141110    0.330940   -0.4383520
53101.00  -0.140720   0.333333  -0.4399631   -0.140720    0.333270   -0.4399620
53102.00  -0.140158   0.336193  -0.4414204   -0.140070    0.336140   -0.4414210
53103.00  -0.139965   0.339311  -0.4426320   -0.139870    0.339300   -0.4426250
53104.00  -0.139741   0.342543  -0.4435244   -0.139720    0.342460   -0.4435230
53105.00  -0.139228   0.345814  -0.4441924   -0.139160    0.345730   -0.4441910
53106.00  -0.138782   0.349171  -0.4446457   -0.138700    0.349120   -0.4446890
53107.00  -0.138908   0.352344  -0.4449674   -0.138820    0.352320   -0.4450120
53108.00  -0.139092   0.355216  -0.4453570   -0.139050    0.355180   -0.4453520
53109.00  -0.139133   0.358031  -0.4459426   -0.139020    0.357970   -0.4459340
53110.00  -0.138562   0.360795  -0.4467443   -0.138500    0.360750   -0.4467570
53111.00  -0.137666   0.363707  -0.4476965   -0.137280    0.363660   -0.4476920
53112.00  -0.135942   0.367067  -0.4487434   -0.135880    0.367000   -0.4487340
53113.00  -0.134730   0.370449  -0.4497836   -0.134630    0.370400   -0.4498170
53114.00  -0.133542   0.373800  -0.4507463   -0.133420    0.373690   -0.4507790
53115.00  -0.132548   0.377244  -0.4515631   -0.132720    0.377200   -0.4515530
53116.00  -0.133007   0.380339  -0.4521528   -0.132860    0.380270   -0.4521440
53117.00  -0.133116   0.382851  -0.4525157   -0.133030    0.382740   -0.4525130
53118.00  -0.132946   0.385170  -0.4526433   -0.132900    0.385140   -0.4526290
53119.00  -0.132752   0.387312  -0.4525541   -0.132680    0.387240   -0.4525500
53120.00  -0.132086   0.389109  -0.4523613   -0.132000    0.389000   -0.4523700
53121.00  -0.130584   0.390902  -0.4521309   -0.130460    0.390820   -0.4521400
53122.00  -0.128369   0.392900  -0.4519811   -0.128460    0.392810   -0.4519700
53123.00  -0.126762   0.395229  -0.4519888   -0.126640    0.395120   -0.4519830
53124.00  -0.125075   0.398008  -0.4522232   -0.125000    0.397910   -0.4522110
53125.00  -0.123708   0.401091  -0.4526894   -0.123340    0.401040   -0.4526730
53126.00  -0.121495   0.404263  -0.4534530   -0.121380    0.404210   -0.4534520
53127.00  -0.119760   0.407435  -0.4544589   -0.119660    0.407360   -0.4544520
53128.00  -0.118501   0.410525  -0.4555827   -0.118390    0.410450   -0.4555700
53129.00  -0.117058   0.413529  -0.4567177   -0.117060    0.413470   -0.4567090
53130.00  -0.115921   0.416451  -0.4577698   -0.115790    0.416380   -0.4577810
53131.00  -0.115001   0.419270  -0.4586211   -0.114930    0.419100   -0.4586060
53132.00  -0.113993   0.421565  -0.4592557   -0.113920    0.421550   -0.4592340
53133.00  -0.112544   0.423904  -0.4596957   -0.112480    0.423880   -0.4597010
53134.00  -0.111161   0.426258  -0.4600231   -0.111080    0.426160   -0.4600310
53135.00  -0.109683   0.428816  -0.4603919   -0.109620    0.428730   -0.4603710
53136.00  -0.107972   0.431679  -0.4608945   -0.107920    0.431630   -0.4608740
53137.00  -0.106068   0.434503  -0.4615534   -0.105990    0.434460   -0.4615630
53138.00  -0.104092   0.437149  -0.4623758   -0.103920    0.437210   -0.4623610
53139.00  -0.102428   0.440023  -0.4633390   -0.102230    0.439990   -0.4633250
53140.00  -0.101278   0.442385  -0.4643792   -0.101230    0.442280   -0.4643800
53141.00  -0.100665   0.444173  -0.4654198   -0.100590    0.444050   -0.4654470
53142.00  -0.100219   0.445640  -0.4663589   -0.100120    0.445550   -0.4663810
53143.00  -0.099649   0.446857  -0.4671628   -0.099630    0.446880   -0.4671500
53144.00  -0.098890   0.448219  -0.4677645   -0.098880    0.448150   -0.4677680
53145.00  -0.097898   0.449511  -0.4681790   -0.097620    0.449480   -0.4681660
53146.00  -0.096338   0.451049  -0.4683682   -0.096230    0.450990   -0.4683520
53147.00  -0.095219   0.452370  -0.4684372   -0.095120    0.452300   -0.4684340
53148.00  -0.094280   0.453624  -0.4684003   -0.094210    0.453520   -0.4684300
53149.00  -0.093254   0.455066  -0.4682929   -0.093170    0.454970   -0.4683400
53150.00  -0.091741   0.456647  -0.4682759   -0.091820    0.456610   -0.4682760
53151.00  -0.090950   0.458370  -0.4683178   -0.090800    0.458290   -0.4683110
53152.00  -0.090152   0.459921  -0.4684932   -0.090100    0.459820   -0.4684840
53153.00  -0.089523   0.461519  -0.4688633   -0.089290    0.461430   -0.4688530
53154.00  -0.088312   0.463088  -0.4693417   -0.088260    0.463050   -0.4693440
53155.00  -0.087161   0.464435  -0.4698880   -0.087050    0.464430   -0.4699190
53156.00  -0.085650   0.465701  -0.4704246   -0.085550    0.465620   -0.4704730
53157.00  -0.083868   0.467218  -0.4708810   -0.083740    0.467120   -0.4709090
53158.00  -0.081799   0.468949  -0.4711648   -0.081900    0.468990   -0.4711550
53159.00  -0.079985   0.470735  -0.4711849   -0.079860    0.470660   -0.4711760
53160.00  -0.077621   0.472213  -0.4710285   -0.077750    0.472270   -0.4710280
53161.00  -0.075857   0.473775  -0.4707305   -0.075560    0.473570   -0.4707200
53162.00  -0.074535   0.475438  -0.4704523   -0.074410    0.475460   -0.4705960
53163.00  -0.073383   0.476969  -0.4703119   -0.073240    0.476850   -0.4704280
53164.00  -0.071795   0.478307  -0.4703860   -0.071780    0.478280   -0.4703790
53165.00  -0.070038   0.479938  -0.4706078   -0.069820    0.479820   -0.4706000
53166.00  -0.068404   0.481561  -0.4709961   -0.068360    0.481590   -0.4710010
53167.00  -0.066910   0.483048  -0.4714383   -0.066580    0.482870   -0.4714330
53168.00  -0.064939   0.484485  -0.4719111   -0.064920    0.484510   -0.4719020
53169.00  -0.062810   0.485931  -0.4723223   -0.062670    0.485760   -0.4723950
53170.00  -0.060442   0.487285  -0.4725840   -0.060290    0.487340   -0.4726390
53171.00  -0.057892   0.488548  -0.4726368   -0.057860    0.488480   -0.4726280
53172.00  -0.054948   0.489985  -0.4724290   -0.054740    0.489970   -0.4724330
53173.00  -0.051504   0.491577  -0.4720163   -0.051580    0.491350   -0.4720090
53174.00  -0.048345   0.493373  -0.4714789   -0.048070    0.493340   -0.4714770
53175.00  -0.045157   0.495352  -0.4708713   -0.045250    0.495410   -0.4708420
53176.00  -0.041914   0.497014  -0.4703102   -0.041700    0.496900   -0.4702260
53177.00  -0.038593   0.498387  -0.4697864   -0.038620    0.498330   -0.4697110
53178.00  -0.035032   0.499688  -0.4693800   -0.035040    0.499680   -0.4693630
53179.00  -0.031929   0.500978  -0.4691390   -0.031760    0.500860   -0.4691500
53180.00  -0.028606   0.502081  -0.4690429   -0.028540    0.502170   -0.4690560
53181.00  -0.025186   0.503216  -0.4691310   -0.024900    0.503120   -0.4691160
53182.00  -0.022010   0.504758  -0.4693568   -0.022050    0.504870   -0.4693900
53183.00  -0.019196   0.506084  -0.4695599   -0.019040    0.505910   -0.4695710
53184.00  -0.016274   0.507102  -0.4696971   -0.016150    0.507110   -0.4696610
53185.00  -0.013099   0.507971  -0.4696824   -0.013090    0.507900   -0.4696690
53186.00  -0.010373   0.509063  -0.4694842   -0.010180    0.508950   -0.4694860
53187.00  -0.007578   0.510144  -0.4690131   -0.007570    0.510130   -0.4689890
53188.00  -0.004596   0.510923  -0.4683883   -0.004540    0.510830   -0.4683790
53189.00  -0.001923   0.511665  -0.4676178   -0.001750    0.511710   -0.4676050
53190.00   0.000402   0.512395  -0.4668923    0.000410    0.512320   -0.4671130
53191.00   0.002674   0.513104  -0.4663701    0.002740    0.512910   -0.4665540
53192.00   0.005046   0.513765  -0.4660865    0.005140    0.513650   -0.4661270
53193.00   0.007429   0.514409  -0.4659617    0.007380    0.514200   -0.4659470
53194.00   0.009614   0.514767  -0.4658791    0.009680    0.514750   -0.4659020
53195.00   0.012046   0.515222  -0.4657610    0.012350    0.515160   -0.4657470
53196.00   0.015285   0.516147  -0.4655392    0.015460    0.516110   -0.4655440
53197.00   0.018237   0.517026  -0.4651595    0.018290    0.517010   -0.4651960
53198.00   0.021368   0.517832  -0.4646157    0.021370    0.517650   -0.4646290
53199.00   0.024098   0.518753  -0.4638864    0.024340    0.518770   -0.4638740
53200.00   0.026259   0.519371  -0.4629584    0.026250    0.519040   -0.4629580
53201.00   0.028136   0.519908  -0.4619342    0.028290    0.519920   -0.4619040
53202.00   0.030201   0.520349  -0.4608848    0.030460    0.520300   -0.4608800
53203.00   0.032695   0.520696  -0.4598724    0.032540    0.520650   -0.4598740
53204.00   0.035675   0.520838  -0.4589813    0.035970    0.520750   -0.4591510
53205.00   0.038656   0.520772  -0.4582448    0.038570    0.520680   -0.4583560
53206.00   0.041511   0.520561  -0.4576830    0.041520    0.520480   -0.4576720
53207.00   0.043937   0.520226  -0.4573298    0.044090    0.520190   -0.4573140
53208.00   0.046947   0.519842  -0.4572036    0.046900    0.519710   -0.4572010
53209.00   0.049938   0.519578  -0.4572236    0.050240    0.519410   -0.4572220
53210.00   0.053027   0.519249  -0.4573103    0.053030    0.519170   -0.4573080
53211.00   0.056044   0.519068  -0.4573685    0.056170    0.518960   -0.4575160
53212.00   0.059036   0.519100  -0.4572955    0.059160    0.518990   -0.4573630
53213.00   0.061402   0.519126  -0.4570073    0.061620    0.519010   -0.4569860
53214.00   0.063961   0.518761  -0.4564881    0.064010    0.518560   -0.4565000
53215.00   0.066425   0.518316  -0.4557866    0.066520    0.518320   -0.4557640
53216.00   0.068292   0.517610  -0.4550391    0.068510    0.517600   -0.4550260
53217.00   0.070361   0.516953  -0.4543881    0.070360    0.516990   -0.4544200
53218.00   0.072781   0.516279  -0.4539370    0.073010    0.516150   -0.4539160
53219.00   0.075509   0.515709  -0.4537905    0.075510    0.515600   -0.4537780
53220.00   0.078330   0.515356  -0.4539134    0.078360    0.515260   -0.4539070
53221.00   0.081069   0.515218  -0.4541631    0.081140    0.515250   -0.4541560
53222.00   0.083899   0.515111  -0.4544162    0.083910    0.514940   -0.4544350
53223.00   0.086284   0.514958  -0.4545697    0.086610    0.514910   -0.4545740
53224.00   0.088898   0.514767  -0.4546248    0.088870    0.514780   -0.4546190
53225.00   0.091700   0.514255  -0.4545303    0.091820    0.514020   -0.4545550
53226.00   0.094712   0.513742  -0.4542631    0.094820    0.513720   -0.4543150
53227.00   0.097298   0.513313  -0.4538315    0.097430    0.513170   -0.4538400
53228.00   0.099778   0.512915  -0.4532408    0.099730    0.512940   -0.4532180
53229.00   0.102675   0.512908  -0.4526319    0.102930    0.512670   -0.4526570
53230.00   0.105710   0.513250  -0.4519755    0.105680    0.513270   -0.4519510
53231.00   0.108724   0.513582  -0.4514079    0.109030    0.513470   -0.4514100
53232.00   0.111598   0.513717  -0.4509577    0.111430    0.513730   -0.4509560
53233.00   0.114518   0.513528  -0.4507020    0.114790    0.513410   -0.4506920
53234.00   0.117334   0.513095  -0.4506897    0.117320    0.513010   -0.4506820
53235.00   0.119676   0.512409  -0.4509190    0.119780    0.512270   -0.4509170
53236.00   0.121944   0.511753  -0.4513356    0.122060    0.511690   -0.4513250
53237.00   0.124050   0.511179  -0.4518695    0.124400    0.511110   -0.4518640
53238.00   0.126390   0.510409  -0.4524144    0.126480    0.510290   -0.4523980
53239.00   0.128311   0.509358  -0.4528330    0.128420    0.509320   -0.4527810
53240.00   0.130122   0.507982  -0.4530276    0.130190    0.507920   -0.4529650
53241.00   0.132321   0.506426  -0.4529950    0.132450    0.506280   -0.4529790
53242.00   0.134332   0.505013  -0.4528267    0.134230    0.504940   -0.4528310
53243.00   0.136126   0.503770  -0.4524803    0.136480    0.503780   -0.4525190
53244.00   0.138481   0.502491  -0.4521246    0.138370    0.502450   -0.4521300
53245.00   0.141011   0.501310  -0.4518504    0.141370    0.501310   -0.4518260
53246.00   0.143747   0.500062  -0.4518326    0.143630    0.500000   -0.4519000
53247.00   0.146762   0.498775  -0.4520936    0.146990    0.498580   -0.4519870
53248.00   0.149575   0.497404  -0.4525890    0.149620    0.497350   -0.4525720
53249.00   0.152186   0.495783  -0.4531724    0.152260    0.495710   -0.4531700
53250.00   0.154805   0.494025  -0.4537231    0.154950    0.493790   -0.4537380
53251.00   0.156751   0.492063  -0.4540991    0.157100    0.492160   -0.4540690
53252.00   0.159306   0.489843  -0.4542873    0.159290    0.489530   -0.4543050
53253.00   0.161596   0.487414  -0.4542082    0.161670    0.487550   -0.4542020
53254.00   0.163658   0.484943  -0.4538241    0.163920    0.484750   -0.4538370
53255.00   0.165355   0.482747  -0.4532046    0.165290    0.482670   -0.4531710
53256.00   0.167626   0.480880  -0.4524372    0.167670    0.480770   -0.4524300
53257.00   0.169427   0.478979  -0.4516332    0.169340    0.478900   -0.4516360
53258.00   0.171745   0.477178  -0.4509009    0.171940    0.476990   -0.4508980
53259.00   0.173940   0.475321  -0.4503629    0.173870    0.475360   -0.4503450
53260.00   0.176082   0.473181  -0.4500928    0.176360    0.473000   -0.4501280
53261.00   0.178039   0.470868  -0.4501143    0.177940    0.470780   -0.4500520
53262.00   0.179683   0.468549  -0.4504353    0.179830    0.468440   -0.4504170
53263.00   0.180952   0.466219  -0.4509843    0.181080    0.466080   -0.4509920
53264.00   0.182269   0.463884  -0.4516538    0.182210    0.463820   -0.4516470
53265.00   0.183470   0.461490  -0.4523111    0.183810    0.461380   -0.4522950
53266.00   0.185044   0.459163  -0.4528708    0.184930    0.459040   -0.4528940
53267.00   0.186416   0.456911  -0.4531693    0.186690    0.456860   -0.4531750
53268.00   0.187895   0.454563  -0.4532092    0.187940    0.454470   -0.4531980
53269.00   0.189810   0.452079  -0.4530455    0.189840    0.452090   -0.4530270
53270.00   0.191609   0.449970  -0.4527551    0.191680    0.449870   -0.4527690
53271.00   0.193437   0.448135  -0.4524592    0.193570    0.448000   -0.4524880
53272.00   0.194889   0.446565  -0.4522814    0.194980    0.446500   -0.4522670
53273.00   0.195547   0.444853  -0.4523419    0.195610    0.444780   -0.4523490
53274.00   0.195827   0.442870  -0.4526597    0.196000    0.442720   -0.4526700
53275.00   0.196285   0.440805  -0.4531943    0.196280    0.440770   -0.4531930
53276.00   0.197100   0.438643  -0.4539437    0.197200    0.438530   -0.4539310
53277.00   0.197791   0.436437  -0.4547530    0.197950    0.436360   -0.4547580
53278.00   0.198126   0.434025  -0.4554428    0.198130    0.433980   -0.4554360
53279.00   0.198194   0.431641  -0.4559734    0.198510    0.431510   -0.4559600
53280.00   0.198981   0.429193  -0.4563607    0.199100    0.429100   -0.4563610
53281.00   0.199852   0.426681  -0.4565717    0.199940    0.426610   -0.4565630
53282.00   0.200636   0.424209  -0.4566457    0.200730    0.424020   -0.4566420
53283.00   0.201335   0.421828  -0.4566609    0.201340    0.421850   -0.4566540
53284.00   0.201842   0.419341  -0.4566663    0.202020    0.419160   -0.4566540
53285.00   0.202607   0.416861  -0.4567542    0.202660    0.416750   -0.4567840
53286.00   0.203214   0.414366  -0.4569443    0.203200    0.414300   -0.4569290
53287.00   0.203452   0.412140  -0.4571469    0.203540    0.411920   -0.4571240
53288.00   0.203421   0.409992  -0.4575931    0.203630    0.410140   -0.4575590
53289.00   0.203230   0.407653  -0.4582463    0.203200    0.407350   -0.4582150
53290.00   0.203306   0.405183  -0.4591080    0.203500    0.405210   -0.4590980
53291.00   0.203570   0.402676  -0.4601640    0.203520    0.402510   -0.4601650
53292.00   0.203797   0.399898  -0.4612971    0.203970    0.399850   -0.4612710
53293.00   0.204353   0.397057  -0.4623647    0.204570    0.396910   -0.4623530
53294.00   0.205297   0.394763  -0.4633118    0.205350    0.394800   -0.4633100
53295.00   0.205760   0.392592  -0.4639139    0.205870    0.392450   -0.4639360
53296.00   0.205980   0.390523  -0.4641872    0.206030    0.390350   -0.4641390
53297.00   0.205961   0.388589  -0.4642472    0.206130    0.388570   -0.4642380
53298.00   0.205903   0.386513  -0.4642229    0.205820    0.386210   -0.4642030
53299.00   0.205991   0.384516  -0.4642770    0.206220    0.384560   -0.4642620
53300.00   0.205965   0.382563  -0.4645168    0.205990    0.382410   -0.4645050
53301.00   0.205914   0.380751  -0.4649778    0.206050    0.380650   -0.4649800
53302.00   0.205468   0.378916  -0.4656335    0.205590    0.378870   -0.4656320
53303.00   0.205089   0.376842  -0.4664432    0.205090    0.376680   -0.4664280
53304.00   0.205365   0.374567  -0.4673313    0.205460    0.374570   -0.4673210
53305.00   0.205862   0.372441  -0.4682317    0.205960    0.372360   -0.4682280
53306.00   0.206688   0.370131  -0.4690505    0.206610    0.370000   -0.4690430
53307.00   0.207148   0.367884  -0.4697064    0.207220    0.367830   -0.4696950
53308.00   0.207181   0.365758  -0.4701190    0.207370    0.365660   -0.4701200
53309.00   0.207011   0.363608  -0.4702980    0.207040    0.363600   -0.4702780
53310.00   0.207338   0.361428  -0.4703278    0.207210    0.361180   -0.4703530
53311.00   0.208128   0.359183  -0.4703004    0.208320    0.359280   -0.4702890
53312.00   0.208200   0.357165  -0.4702755    0.208080    0.356940   -0.4702790
53313.00   0.208048   0.354846  -0.4703089    0.208280    0.354810   -0.4702980
53314.00   0.207819   0.352108  -0.4704739    0.207730    0.352090   -0.4704670
53315.00   0.207806   0.349429  -0.4708618    0.207990    0.349330   -0.4708600
53316.00   0.207932   0.346855  -0.4715148    0.207990    0.346740   -0.4715210
53317.00   0.208042   0.344640  -0.4724291    0.208130    0.344430   -0.4724170
53318.00   0.207968   0.342708  -0.4735707    0.208170    0.342720   -0.4735620
53319.00   0.208062   0.341039  -0.4748663    0.208020    0.340850   -0.4748570
53320.00   0.207963   0.339038  -0.4761744    0.208180    0.339000   -0.4761690
53321.00   0.207689   0.336617  -0.4773539    0.207760    0.336450   -0.4773500
53322.00   0.208011   0.334322  -0.4783658    0.208150    0.334360   -0.4783540
53323.00   0.207894   0.331940  -0.4790716    0.207950    0.331750   -0.4791100
53324.00   0.207640   0.329327  -0.4795120    0.207730    0.329340   -0.4794100
53325.00   0.207538   0.326628  -0.4798472    0.207490    0.326570   -0.4798260
53326.00   0.207120   0.324354  -0.4801878    0.207330    0.324420   -0.4801980
53327.00   0.206905   0.322071  -0.4806762    0.206980    0.321840   -0.4806780
53328.00   0.206703   0.319823  -0.4813958    0.206820    0.319770   -0.4813830
53329.00   0.206022   0.317745  -0.4823155    0.205970    0.317760   -0.4823050
53330.00   0.205577   0.315592  -0.4834040    0.205910    0.315230   -0.4834030
53331.00   0.205037   0.313371  -0.4845338    0.204990    0.313220   -0.4845320
53332.00   0.204298   0.311115  -0.4856362    0.204340    0.311110   -0.4856390
53333.00   0.203036   0.308969  -0.4866192    0.203200    0.308830   -0.4866210
53334.00   0.201791   0.306736  -0.4873872    0.201810    0.306630   -0.4873620
53335.00   0.200589   0.304321  -0.4879570    0.200720    0.304190   -0.4878990
53336.00   0.199842   0.301959  -0.4882769    0.199830    0.301850   -0.4882490
53337.00   0.199477   0.299851  -0.4883918    0.199660    0.299680   -0.4884350
53338.00   0.199141   0.297878  -0.4884007    0.199190    0.297800   -0.4884790
53339.00   0.198457   0.295825  -0.4883758    0.198590    0.295660   -0.4883780
53340.00   0.197400   0.293534  -0.4883166    0.197420    0.293400   -0.4882780
53341.00   0.195839   0.291194  -0.4884185    0.196040    0.291060   -0.4883320
53342.00   0.194117   0.288731  -0.4887420    0.193950    0.288690   -0.4887380
53343.00   0.192188   0.286454  -0.4891950    0.192260    0.286290   -0.4891760
53344.00   0.190470   0.284460  -0.4898540    0.190570    0.284260   -0.4897990
53345.00   0.188810   0.282492  -0.4907220    0.188940    0.282480   -0.4907450
53346.00   0.187431   0.280376  -0.4917378    0.187320    0.280240   -0.4917210
53347.00   0.186133   0.278540  -0.4928255    0.186440    0.278200   -0.4928240
53348.00   0.184330   0.276772  -0.4938695    0.184120    0.276920   -0.4938780
53349.00   0.181822   0.274584  -0.4946942    0.182340    0.274360   -0.4946950
53350.00   0.180265   0.272589  -0.4953247    0.180270    0.272530   -0.4953200
53351.00   0.178425   0.270639  -0.4957109    0.178570    0.270460   -0.4957160
53352.00   0.176542   0.268620  -0.4959183    0.176580    0.268500   -0.4958990
53353.00   0.174874   0.266464  -0.4961188    0.174870    0.266360   -0.4960900
53354.00   0.173183   0.264323  -0.4964932    0.173230    0.264190   -0.4964970
53355.00   0.171738   0.262289  -0.4970982    0.171920    0.262080   -0.4970940
53356.00   0.170288   0.260433  -0.4979187    0.170300    0.260390   -0.4979080
53357.00   0.169309   0.258834  -0.4989160    0.169390    0.258700   -0.4989080
53358.00   0.168587   0.257388  -0.4999777    0.168680    0.257210   -0.4999790
53359.00   0.167436   0.255847  -0.5010346    0.167570    0.255800   -0.5010160
53360.00   0.165938   0.254031  -0.5019557    0.165950    0.253860   -0.5019450
53361.00   0.164494   0.252104  -0.5025952    0.164650    0.252080   -0.5025630
53362.00   0.162908   0.250099  -0.5030885    0.163020    0.250020   -0.5030760
53363.00   0.161464   0.248564  -0.5033585    0.161650    0.248540   -0.5033550
53364.00   0.159803   0.247327  -0.5034028    0.159800    0.247200   -0.5033760
53365.00   0.158183   0.246477  -0.5032959    0.158420    0.246260   -0.5032740
53366.00   0.156267   0.245476  -0.5031410    0.156380    0.245520   -0.5031320
53367.00   0.154683   0.243879  -0.5030152    0.154540    0.243630   -0.5030010
53368.00   0.152721   0.242334  -0.5029581    0.153040    0.242230   -0.5029620
53369.00   0.151003   0.240748  -0.5029873    0.151160    0.240790   -0.5029790
53370.00   0.149998   0.239256  -0.5031989    0.150140    0.239040   -0.5031920
53371.00   0.149104   0.237996  -0.5036402    0.149240    0.237870   -0.5036520
53372.00   0.148678   0.236862  -0.5042759    0.148770    0.236710   -0.5042860
53373.00   0.148656   0.235806  -0.5050240    0.148790    0.235650   -0.5050180
53374.00   0.148204   0.234687  -0.5058603    0.148460    0.234660   -0.5058480
53375.00   0.147981   0.233358  -0.5066944    0.148050    0.233130   -0.5067430
53376.00   0.146797   0.231734  -0.5074074    0.146950    0.231630   -0.5074040
53377.00   0.145070   0.229723  -0.5078917    0.145140    0.229740   -0.5078740
53378.00   0.143416   0.228078  -0.5081696    0.143520    0.227800   -0.5081770
53379.00   0.141821   0.226807  -0.5083413    0.141930    0.226690   -0.5083080
53380.00   0.139769   0.225653  -0.5085214    0.139960    0.225440   -0.5085820
53381.00   0.137387   0.224471  -0.5087974    0.137390    0.224310   -0.5087860
53382.00   0.135161   0.223188  -0.5093487    0.135370    0.223010   -0.5093340
53383.00   0.133594   0.221990  -0.5101914    0.133610    0.221820   -0.5101990
53384.00   0.131829   0.220955  -0.5112823    0.131980    0.220840   -0.5112860
53385.00   0.130028   0.219792  -0.5124667    0.130070    0.219630   -0.5124470
53386.00   0.128580   0.218550  -0.5136689    0.128720    0.218340   -0.5136980
53387.00   0.127274   0.217360  -0.5147717    0.127440    0.217250   -0.5147280
53388.00   0.125770   0.216373  -0.5157120    0.125840    0.216160   -0.5156800
53389.00   0.124131   0.215757  -0.5164304    0.124160    0.215520   -0.5164150
53390.00   0.121542   0.215118  -0.5169046    0.121650    0.215080   -0.5169020
53391.00   0.119235   0.214095  -0.5172315    0.119310    0.213850   -0.5172320
53392.00   0.117016   0.213241  -0.5174137    0.117180    0.213190   -0.5174180
53393.00   0.114655   0.212420  -0.5174974    0.114640    0.212230   -0.5175070
53394.00   0.112303   0.211497  -0.5175387    0.112480    0.211350   -0.5175350
53395.00   0.110008   0.210563  -0.5175949    0.110060    0.210450   -0.5175790
53396.00   0.107599   0.209727  -0.5177116    0.107690    0.209510   -0.5177280
53397.00   0.105423   0.209179  -0.5179821    0.105520    0.209030   -0.5179890
53398.00   0.102987   0.208872  -0.5184503    0.103190    0.208950   -0.5184380
53399.00   0.100584   0.208896  -0.5190574    0.100770    0.208770   -0.5190740
53400.00   0.097538   0.208712  -0.5197447    0.097550    0.208720   -0.5196790
53401.00   0.094624   0.208515  -0.5204753    0.094690    0.208020   -0.5203660
53402.00   0.091954   0.208506  -0.5212031    0.092070    0.208360   -0.5211880
53403.00   0.089197   0.207774  -0.5218860    0.089220    0.207360   -0.5219040
53404.00   0.086552   0.206870  -0.5224172    0.086670    0.206850   -0.5224260
53405.00   0.083584   0.206141  -0.5227682    0.083920    0.206040   -0.5227550
53406.00   0.081544   0.205868  -0.5229579    0.081570    0.205850   -0.5229780
53407.00   0.078824   0.205838  -0.5231935    0.078920    0.205580   -0.5231160
53408.00   0.076009   0.205788  -0.5235610    0.076100    0.205770   -0.5237140
53409.00   0.073076   0.205521  -0.5240825    0.073150    0.205280   -0.5240730
53410.00   0.069879   0.205014  -0.5249003    0.070030    0.205020   -0.5248950
53411.00   0.066804   0.204321  -0.5260474    0.066860    0.204090   -0.5260380
53412.00   0.064032   0.203564  -0.5274687    0.064120    0.203610   -0.5274600
53413.00   0.061534   0.203227  -0.5290350    0.061670    0.203150   -0.5290210
53414.00   0.059260   0.203103  -0.5305665    0.059180    0.202910   -0.5305800
53415.00   0.057168   0.203188  -0.5319091    0.057480    0.203020   -0.5318810
53416.00   0.054637   0.203354  -0.5329896    0.054560    0.203270   -0.5329820
53417.00   0.051720   0.203158  -0.5337633    0.052100    0.202990   -0.5337520
53418.00   0.048512   0.202982  -0.5342942    0.048250    0.202830   -0.5342930
53419.00   0.045319   0.203117  -0.5347072    0.045910    0.203060   -0.5347030
53420.00   0.042670   0.203752  -0.5351355    0.042380    0.203710   -0.5351220
53421.00   0.040103   0.204527  -0.5356627    0.040510    0.204360   -0.5356850
53422.00   0.037712   0.205249  -0.5363048    0.037570    0.205130   -0.5362980
53423.00   0.035488   0.205829  -0.5371187    0.035710    0.205590   -0.5371080
53424.00   0.033293   0.206106  -0.5381066    0.033200    0.206030   -0.5380940
53425.00   0.031548   0.206231  -0.5393036    0.031760    0.205990   -0.5392940
53426.00   0.030087   0.206590  -0.5407214    0.030330    0.206570   -0.5407130
53427.00   0.029198   0.207544  -0.5423145    0.029430    0.207400   -0.5422950
53428.00   0.027670   0.208625  -0.5440521    0.027720    0.208530   -0.5440730
53429.00   0.025816   0.209840  -0.5457451    0.025890    0.209650   -0.5457110
53430.00   0.024128   0.211329  -0.5473574    0.024110    0.211090   -0.5473360
53431.00   0.021776   0.212859  -0.5488361    0.021880    0.212750   -0.5488330
53432.00   0.019379   0.214130  -0.5501179    0.019440    0.213970   -0.5500970
53433.00   0.016952   0.214886  -0.5512260    0.017160    0.214930   -0.5512200
53434.00   0.015134   0.215849  -0.5522279    0.015180    0.215700   -0.5522110
53435.00   0.012738   0.216531  -0.5531713    0.000000    0.000000    0.0000000
53436.00   0.010557   0.217070  -0.5541355    0.000000    0.000000    0.0000000
53437.00   0.008805   0.217764  -0.5552418    0.000000    0.000000    0.0000000
53438.00   0.006758   0.218630  -0.5565094    0.000000    0.000000    0.0000000
53439.00   0.004648   0.219470  -0.5578988    0.000000    0.000000    0.0000000
53440.00   0.002114   0.220380  -0.5593918    0.000000    0.000000    0.0000000
53441.00   0.000388   0.221223  -0.5609127    0.000000    0.000000    0.0000000
53442.00  -0.001412   0.221965  -0.5622917    0.000000    0.000000    0.0000000
53443.00  -0.002677   0.222527  -0.5634065    0.000000    0.000000    0.0000000
53444.00  -0.003696   0.223202  -0.5641684    0.000000    0.000000    0.0000000
53445.00  -0.005588   0.223371  -0.5645880    0.000000    0.000000    0.0000000
53446.00  -0.006897   0.223602  -0.5647672    0.000000    0.000000    0.0000000
53447.00  -0.008130   0.223964  -0.5648197    0.000000    0.000000    0.0000000
53448.00  -0.009000   0.224769  -0.5648552    0.000000    0.000000    0.0000000
53449.00  -0.009854   0.225788  -0.5649488    0.000000    0.000000    0.0000000
53450.00  -0.010752   0.226865  -0.5651214    0.000000    0.000000    0.0000000
53451.00  -0.011840   0.228178  -0.5654544    0.000000    0.000000    0.0000000
53452.00  -0.013358   0.230112  -0.5660329    0.000000    0.000000    0.0000000
53453.00  -0.015359   0.231733  -0.5668881    0.000000    0.000000    0.0000000
53454.00  -0.016629   0.233036  -0.5679461    0.000000    0.000000    0.0000000
53455.00  -0.017847   0.234493  -0.5691350    0.000000    0.000000    0.0000000
53456.00  -0.019259   0.236179  -0.5703272    0.000000    0.000000    0.0000000
53457.00  -0.020918   0.237826  -0.5714205    0.000000    0.000000    0.0000000
53458.00  -0.022444   0.239266  -0.5723283    0.000000    0.000000    0.0000000
53459.00  -0.024824   0.240180  -0.5729861    0.000000    0.000000    0.0000000
53460.00  -0.026795   0.241255  -0.5733634    0.000000    0.000000    0.0000000
53461.00  -0.028997   0.242470  -0.5735448    0.000000    0.000000    0.0000000
53462.00  -0.030748   0.243908  -0.5736220    0.000000    0.000000    0.0000000
53463.00  -0.032355   0.244908  -0.5738480    0.000000    0.000000    0.0000000
53464.00  -0.033549   0.245573  -0.5743133    0.000000    0.000000    0.0000000
53465.00  -0.034314   0.246009  -0.5750870    0.000000    0.000000    0.0000000
53466.00  -0.035093   0.246522  -0.5760682    0.000000    0.000000    0.0000000
53467.00  -0.035603   0.247955  -0.5772363    0.000000    0.000000    0.0000000
53468.00  -0.036718   0.250078  -0.5785306    0.000000    0.000000    0.0000000
53469.00  -0.038502   0.252218  -0.5797697    0.000000    0.000000    0.0000000
53470.00  -0.040638   0.253880  -0.5808114    0.000000    0.000000    0.0000000
53471.00  -0.042585   0.255276  -0.5815761    0.000000    0.000000    0.0000000
53472.00  -0.044042   0.256696  -0.5820791    0.000000    0.000000    0.0000000
53473.00  -0.045470   0.258542  -0.5823466    0.000000    0.000000    0.0000000
53474.00  -0.046115   0.260362  -0.5825920    0.000000    0.000000    0.0000000
53475.00  -0.046839   0.262307  -0.5828570    0.000000    0.000000    0.0000000
53476.00  -0.047868   0.264720  -0.5831796    0.000000    0.000000    0.0000000
53477.00  -0.049363   0.267063  -0.5836566    0.000000    0.000000    0.0000000
53478.00  -0.050998   0.269275  -0.5842974    0.000000    0.000000    0.0000000
53479.00  -0.052488   0.271589  -0.5851281    0.000000    0.000000    0.0000000
53480.00  -0.053852   0.273906  -0.5861710    0.000000    0.000000    0.0000000
53481.00  -0.054932   0.276138  -0.5873988    0.000000    0.000000    0.0000000
53482.00  -0.055784   0.278356  -0.5887576    0.000000    0.000000    0.0000000
53483.00  -0.056771   0.280694  -0.5901941    0.000000    0.000000    0.0000000
53484.00  -0.057675   0.283026  -0.5916167    0.000000    0.000000    0.0000000
53485.00  -0.058387   0.284998  -0.5929170    0.000000    0.000000    0.0000000
53486.00  -0.058808   0.286671  -0.5940167    0.000000    0.000000    0.0000000
53487.00  -0.058820   0.288330  -0.5948574    0.000000    0.000000    0.0000000
53488.00  -0.058559   0.290118  -0.5954984    0.000000    0.000000    0.0000000
53489.00  -0.058393   0.291917  -0.5960518    0.000000    0.000000    0.0000000
53490.00  -0.058316   0.293666  -0.5966125    0.000000    0.000000    0.0000000
53491.00  -0.058318   0.295380  -0.5973345    0.000000    0.000000    0.0000000
53492.00  -0.058390   0.297070  -0.5983193    0.000000    0.000000    0.0000000
53493.00  -0.058522   0.298743  -0.5995699    0.000000    0.000000    0.0000000
53494.00  -0.058706   0.300405  -0.6009985    0.000000    0.000000    0.0000000
53495.00  -0.058935   0.302062  -0.6024845    0.000000    0.000000    0.0000000
53496.00  -0.059203   0.303716  -0.6039283    0.000000    0.000000    0.0000000
53497.00  -0.059502   0.305370  -0.6052122    0.000000    0.000000    0.0000000
53498.00  -0.059826   0.307027  -0.6062461    0.000000    0.000000    0.0000000
53499.00  -0.060171   0.308686  -0.6069829    0.000000    0.000000    0.0000000
53500.00  -0.060532   0.310349  -0.6074436    0.000000    0.000000    0.0000000
53501.00  -0.060904   0.312017  -0.6076888    0.000000    0.000000    0.0000000
53502.00  -0.061282   0.313689  -0.6077942    0.000000    0.000000    0.0000000
53503.00  -0.061663   0.315365  -0.6078289    0.000000    0.000000    0.0000000
53504.00  -0.062043   0.317046  -0.6078505    0.000000    0.000000    0.0000000
53505.00  -0.062420   0.318731  -0.6079327    0.000000    0.000000    0.0000000
53506.00  -0.062790   0.320420  -0.6081303    0.000000    0.000000    0.0000000
53507.00  -0.063150   0.322112  -0.6084627    0.000000    0.000000    0.0000000
53508.00  -0.063499   0.323806  -0.6089358    0.000000    0.000000    0.0000000
53509.00  -0.063834   0.325504  -0.6095162    0.000000    0.000000    0.0000000
53510.00  -0.064152   0.327203  -0.6101472    0.000000    0.000000    0.0000000
53511.00  -0.064453   0.328905  -0.6107558    0.000000    0.000000    0.0000000
53512.00  -0.064734   0.330607  -0.6112464    0.000000    0.000000    0.0000000
53513.00  -0.064995   0.332310  -0.6115299    0.000000    0.000000    0.0000000
53514.00  -0.065232   0.334014  -0.6115529    0.000000    0.000000    0.0000000
53515.00  -0.065447   0.335717  -0.6113279    0.000000    0.000000    0.0000000
53516.00  -0.065637   0.337420  -0.6109488    0.000000    0.000000    0.0000000
53517.00  -0.065801   0.339122  -0.6105519    0.000000    0.000000    0.0000000
53518.00  -0.065939   0.340822  -0.6102797    0.000000    0.000000    0.0000000
53519.00  -0.066050   0.342522  -0.6102362    0.000000    0.000000    0.0000000
53520.00  -0.066134   0.344219  -0.6104445    0.000000    0.000000    0.0000000
53521.00  -0.066189   0.345913  -0.6108579    0.000000    0.000000    0.0000000
53522.00  -0.066215   0.347605  -0.6113927    0.000000    0.000000    0.0000000
53523.00  -0.066212   0.349281  -0.6119409    0.000000    0.000000    0.0000000
53524.00  -0.066180   0.350968  -0.6123911    0.000000    0.000000    0.0000000
53525.00  -0.066119   0.352651  -0.6126575    0.000000    0.000000    0.0000000
53526.00  -0.066027   0.354330  -0.6126980    0.000000    0.000000    0.0000000
53527.00  -0.065906   0.356004  -0.6125152    0.000000    0.000000    0.0000000
53528.00  -0.065754   0.357673  -0.6121483    0.000000    0.000000    0.0000000
53529.00  -0.065572   0.359337  -0.6116652    0.000000    0.000000    0.0000000
53530.00  -0.065360   0.360996  -0.6111423    0.000000    0.000000    0.0000000
53531.00  -0.065118   0.362649  -0.6106517    0.000000    0.000000    0.0000000
53532.00  -0.064846   0.364296  -0.6102616    0.000000    0.000000    0.0000000
53533.00  -0.064544   0.365936  -0.6100239    0.000000    0.000000    0.0000000
53534.00  -0.064213   0.367570  -0.6099593    0.000000    0.000000    0.0000000
53535.00  -0.063851   0.369197  -0.6100599    0.000000    0.000000    0.0000000
53536.00  -0.063461   0.370817  -0.6102988    0.000000    0.000000    0.0000000
53537.00  -0.063041   0.372430  -0.6106255    0.000000    0.000000    0.0000000
53538.00  -0.062592   0.374034  -0.6109647    0.000000    0.000000    0.0000000
53539.00  -0.062114   0.375631  -0.6112275    0.000000    0.000000    0.0000000
53540.00  -0.061608   0.377220  -0.6113218    0.000000    0.000000    0.0000000
53541.00  -0.061074   0.378800  -0.6111834    0.000000    0.000000    0.0000000
53542.00  -0.060512   0.380371  -0.6108019    0.000000    0.000000    0.0000000
53543.00  -0.059922   0.381934  -0.6102428    0.000000    0.000000    0.0000000
53544.00  -0.059305   0.383487  -0.6096371    0.000000    0.000000    0.0000000
53545.00  -0.058662   0.385030  -0.6091370    0.000000    0.000000    0.0000000
53546.00  -0.057992   0.386564  -0.6088632    0.000000    0.000000    0.0000000
53547.00  -0.057296   0.388087  -0.6088621    0.000000    0.000000    0.0000000
53548.00  -0.056574   0.389600  -0.6090923    0.000000    0.000000    0.0000000
53549.00  -0.055826   0.391103  -0.6094469    0.000000    0.000000    0.0000000
53550.00  -0.055054   0.392595  -0.6097895    0.000000    0.000000    0.0000000
53551.00  -0.054258   0.394076  -0.6099955    0.000000    0.000000    0.0000000
53552.00  -0.053437   0.395545  -0.6099794    0.000000    0.000000    0.0000000
53553.00  -0.052592   0.397002  -0.6097058    0.000000    0.000000    0.0000000
53554.00  -0.051725   0.398448  -0.6091810    0.000000    0.000000    0.0000000
53555.00  -0.050834   0.399882  -0.6084457    0.000000    0.000000    0.0000000
53556.00  -0.049921   0.401303  -0.6075639    0.000000    0.000000    0.0000000
53557.00  -0.048986   0.402712  -0.6066152    0.000000    0.000000    0.0000000
53558.00  -0.048029   0.404108  -0.6056803    0.000000    0.000000    0.0000000
53559.00  -0.047052   0.405491  -0.6048334    0.000000    0.000000    0.0000000
53560.00  -0.046053   0.406860  -0.6041286    0.000000    0.000000    0.0000000
53561.00  -0.045035   0.408216  -0.6035963    0.000000    0.000000    0.0000000
53562.00  -0.043996   0.409558  -0.6032371    0.000000    0.000000    0.0000000
53563.00  -0.042938   0.410886  -0.6030275    0.000000    0.000000    0.0000000
53564.00  -0.041862   0.412200  -0.6029216    0.000000    0.000000    0.0000000
53565.00  -0.040767   0.413499  -0.6028588    0.000000    0.000000    0.0000000
53566.00  -0.039654   0.414784  -0.6027649    0.000000    0.000000    0.0000000
53567.00  -0.038523   0.416054  -0.6025605    0.000000    0.000000    0.0000000
53568.00  -0.037375   0.417308  -0.6021755    0.000000    0.000000    0.0000000
53569.00  -0.036211   0.418547  -0.6015762    0.000000    0.000000    0.0000000
53570.00  -0.035030   0.419770  -0.6007902    0.000000    0.000000    0.0000000
53571.00  -0.033834   0.420977  -0.5999156    0.000000    0.000000    0.0000000
53572.00  -0.032622   0.422169  -0.5991005    0.000000    0.000000    0.0000000
53573.00  -0.031396   0.423344  -0.5984935    0.000000    0.000000    0.0000000
53574.00  -0.030155   0.424502  -0.5981855    0.000000    0.000000    0.0000000
53575.00  -0.028900   0.425644  -0.5981730    0.000000    0.000000    0.0000000
53576.00  -0.027631   0.426768  -0.5983602    0.000000    0.000000    0.0000000
53577.00  -0.026350   0.427876  -0.5985965    0.000000    0.000000    0.0000000
53578.00  -0.025056   0.428966  -0.5987300    0.000000    0.000000    0.0000000
53579.00  -0.023749   0.430039  -0.5986511    0.000000    0.000000    0.0000000
53580.00  -0.022431   0.431093  -0.5983098    0.000000    0.000000    0.0000000
53581.00  -0.021102   0.432130  -0.5977117    0.000000    0.000000    0.0000000
53582.00  -0.019762   0.433149  -0.5969010    0.000000    0.000000    0.0000000
53583.00  -0.018411   0.434149  -0.5959441    0.000000    0.000000    0.0000000
53584.00  -0.017050   0.435131  -0.5949184    0.000000    0.000000    0.0000000
53585.00  -0.015680   0.436094  -0.5939036    0.000000    0.000000    0.0000000
53586.00  -0.014300   0.437038  -0.5929728    0.000000    0.000000    0.0000000
53587.00  -0.012912   0.437962  -0.5921853    0.000000    0.000000    0.0000000
53588.00  -0.011515   0.438868  -0.5915752    0.000000    0.000000    0.0000000
53589.00  -0.010110   0.439754  -0.5911486    0.000000    0.000000    0.0000000
53590.00  -0.008698   0.440620  -0.5908851    0.000000    0.000000    0.0000000
53591.00  -0.007279   0.441467  -0.5907400    0.000000    0.000000    0.0000000
53592.00  -0.005853   0.442293  -0.5906517    0.000000    0.000000    0.0000000
53593.00  -0.004420   0.443100  -0.5905516    0.000000    0.000000    0.0000000
53594.00  -0.003209   0.443886  -0.5904012    0.000000    0.000000    0.0000000
53595.00  -0.001754   0.444651  -0.5901045    0.000000    0.000000    0.0000000
53596.00  -0.000295   0.445396  -0.5896244    0.000000    0.000000    0.0000000
53597.00   0.001169   0.446120  -0.5889693    0.000000    0.000000    0.0000000
53598.00   0.002636   0.446824  -0.5882077    0.000000    0.000000    0.0000000
53599.00   0.004108   0.447506  -0.5874650    0.000000    0.000000    0.0000000
53600.00   0.005582   0.448167  -0.5868920    0.000000    0.000000    0.0000000
53601.00   0.007059   0.448806  -0.5866144    0.000000    0.000000    0.0000000
53602.00   0.008538   0.449425  -0.5866804    0.000000    0.000000    0.0000000
53603.00   0.010020   0.450021  -0.5870364    0.000000    0.000000    0.0000000
53604.00   0.011504   0.450596  -0.5875436    0.000000    0.000000    0.0000000
53605.00   0.012989   0.451149  -0.5880275    0.000000    0.000000    0.0000000
53606.00   0.014475   0.451680  -0.5883354    0.000000    0.000000    0.0000000
53607.00   0.015961   0.452189  -0.5883779    0.000000    0.000000    0.0000000
53608.00   0.017449   0.452676  -0.5881384    0.000000    0.000000    0.0000000
53609.00   0.018936   0.453141  -0.5876592    0.000000    0.000000    0.0000000
53610.00   0.020423   0.453583  -0.5870155    0.000000    0.000000    0.0000000
53611.00   0.021910   0.454003  -0.5862936    0.000000    0.000000    0.0000000
53612.00   0.023396   0.454401  -0.5855783    0.000000    0.000000    0.0000000
53613.00   0.024881   0.454776  -0.5849460    0.000000    0.000000    0.0000000
53614.00   0.026364   0.455128  -0.5844593    0.000000    0.000000    0.0000000
53615.00   0.027845   0.455458  -0.5841604    0.000000    0.000000    0.0000000
53616.00   0.029325   0.455765  -0.5840650    0.000000    0.000000    0.0000000
53617.00   0.030802   0.456049  -0.5841590    0.000000    0.000000    0.0000000
53618.00   0.032276   0.456310  -0.5844004    0.000000    0.000000    0.0000000
53619.00   0.033748   0.456548  -0.5847248    0.000000    0.000000    0.0000000
53620.00   0.035216   0.456764  -0.5850557    0.000000    0.000000    0.0000000
53621.00   0.036681   0.456956  -0.5853163    0.000000    0.000000    0.0000000
53622.00   0.038142   0.457126  -0.5854416    0.000000    0.000000    0.0000000
53623.00   0.039599   0.457272  -0.5853929    0.000000    0.000000    0.0000000
53624.00   0.041052   0.457396  -0.5851720    0.000000    0.000000    0.0000000
53625.00   0.042500   0.457496  -0.5848305    0.000000    0.000000    0.0000000
53626.00   0.043944   0.457573  -0.5844710    0.000000    0.000000    0.0000000
53627.00   0.045382   0.457628  -0.5842291    0.000000    0.000000    0.0000000
53628.00   0.046815   0.457659  -0.5842381    0.000000    0.000000    0.0000000
53629.00   0.048243   0.457668  -0.5845824    0.000000    0.000000    0.0000000
53630.00   0.049664   0.457653  -0.5852609    0.000000    0.000000    0.0000000
53631.00   0.051080   0.457616  -0.5861783    0.000000    0.000000    0.0000000
53632.00   0.052489   0.457555  -0.5871727    0.000000    0.000000    0.0000000
53633.00   0.053892   0.457472  -0.5880692    0.000000    0.000000    0.0000000
53634.00   0.055288   0.457366  -0.5887343    0.000000    0.000000    0.0000000
53635.00   0.056677   0.457237  -0.5891083    0.000000    0.000000    0.0000000
53636.00   0.058059   0.457086  -0.5892062    0.000000    0.000000    0.0000000
53637.00   0.059434   0.456912  -0.5890965    0.000000    0.000000    0.0000000
53638.00   0.060801   0.456715  -0.5888716    0.000000    0.000000    0.0000000
53639.00   0.062160   0.456496  -0.5886259    0.000000    0.000000    0.0000000
53640.00   0.063511   0.456255  -0.5884432    0.000000    0.000000    0.0000000
53641.00   0.064854   0.455992  -0.5883910    0.000000    0.000000    0.0000000
53642.00   0.066188   0.455706  -0.5885166    0.000000    0.000000    0.0000000
53643.00   0.067514   0.455398  -0.5888431    0.000000    0.000000    0.0000000
53644.00   0.068832   0.455069  -0.5893658    0.000000    0.000000    0.0000000
53645.00   0.070140   0.454717  -0.5900518    0.000000    0.000000    0.0000000
53646.00   0.071439   0.454344  -0.5908420    0.000000    0.000000    0.0000000
53647.00   0.072729   0.453949  -0.5916589    0.000000    0.000000    0.0000000
53648.00   0.074009   0.453533  -0.5924178    0.000000    0.000000    0.0000000
53649.00   0.075280   0.453096  -0.5930421    0.000000    0.000000    0.0000000
53650.00   0.076540   0.452638  -0.5934813    0.000000    0.000000    0.0000000
53651.00   0.077791   0.452159  -0.5937269    0.000000    0.000000    0.0000000
53652.00   0.079032   0.451659  -0.5938215    0.000000    0.000000    0.0000000
53653.00   0.080262   0.451138  -0.5938556    0.000000    0.000000    0.0000000
53654.00   0.081482   0.450597  -0.5939521    0.000000    0.000000    0.0000000
53655.00   0.082692   0.450036  -0.5942384    0.000000    0.000000    0.0000000
53656.00   0.083890   0.449455  -0.5948111    0.000000    0.000000    0.0000000
53657.00   0.085078   0.448853  -0.5957022    0.000000    0.000000    0.0000000
53658.00   0.086255   0.448233  -0.5968621    0.000000    0.000000    0.0000000
53659.00   0.087420   0.447593  -0.5981670    0.000000    0.000000    0.0000000
53660.00   0.088575   0.446933  -0.5994545    0.000000    0.000000    0.0000000
53661.00   0.089717   0.446255  -0.6005727    0.000000    0.000000    0.0000000
53662.00   0.090849   0.445558  -0.6014225    0.000000    0.000000    0.0000000
53663.00   0.091968   0.444843  -0.6019788    0.000000    0.000000    0.0000000
53664.00   0.093076   0.444109  -0.6022833    0.000000    0.000000    0.0000000
53665.00   0.094172   0.443357  -0.6024214    0.000000    0.000000    0.0000000
53666.00   0.095255   0.442587  -0.6024933    0.000000    0.000000    0.0000000
53667.00   0.096327   0.441800  -0.6025936    0.000000    0.000000    0.0000000
53668.00   0.097386   0.440996  -0.6027999    0.000000    0.000000    0.0000000
53669.00   0.098433   0.440175  -0.6031678    0.000000    0.000000    0.0000000
53670.00   0.099468   0.439336  -0.6037281    0.000000    0.000000    0.0000000
53671.00   0.100489   0.438482  -0.6044850    0.000000    0.000000    0.0000000
53672.00   0.101499   0.437611  -0.6054158    0.000000    0.000000    0.0000000
53673.00   0.102495   0.436724  -0.6064715    0.000000    0.000000    0.0000000
53674.00   0.103478   0.435822  -0.6075801    0.000000    0.000000    0.0000000
53675.00   0.104449   0.434904  -0.6086532    0.000000    0.000000    0.0000000
53676.00   0.105406   0.433972  -0.6095989    0.000000    0.000000    0.0000000
53677.00   0.106350   0.433024  -0.6103430    0.000000    0.000000    0.0000000
53678.00   0.107281   0.432062  -0.6108514    0.000000    0.000000    0.0000000
53679.00   0.108223   0.431124  -0.6111462    0.000000    0.000000    0.0000000
53680.00   0.109151   0.430171  -0.6113060    0.000000    0.000000    0.0000000
53681.00   0.110066   0.429205  -0.6114479    0.000000    0.000000    0.0000000
53682.00   0.110967   0.428226  -0.6116958    0.000000    0.000000    0.0000000
53683.00   0.111855   0.427233  -0.6121457    0.000000    0.000000    0.0000000
53684.00   0.112729   0.426229  -0.6128371    0.000000    0.000000    0.0000000
53685.00   0.113589   0.425212  -0.6137401    0.000000    0.000000    0.0000000
53686.00   0.114435   0.424183  -0.6147618    0.000000    0.000000    0.0000000
53687.00   0.115267   0.423142  -0.6157710    0.000000    0.000000    0.0000000
53688.00   0.116085   0.422091  -0.6166338    0.000000    0.000000    0.0000000
53689.00   0.116888   0.421028  -0.6172502    0.000000    0.000000    0.0000000
53690.00   0.117678   0.419955  -0.6175782    0.000000    0.000000    0.0000000
53691.00   0.118453   0.418871  -0.6176403    0.000000    0.000000    0.0000000
53692.00   0.119213   0.417778  -0.6175113    0.000000    0.000000    0.0000000
53693.00   0.119960   0.416675  -0.6172933    0.000000    0.000000    0.0000000
53694.00   0.120692   0.415563  -0.6170891    0.000000    0.000000    0.0000000
53695.00   0.121409   0.414442  -0.6169821    0.000000    0.000000    0.0000000
53696.00   0.122111   0.413312  -0.6170263    0.000000    0.000000    0.0000000
53697.00   0.122799   0.412174  -0.6172457    0.000000    0.000000    0.0000000
53698.00   0.123472   0.411029  -0.6176422    0.000000    0.000000    0.0000000
53699.00   0.124131   0.409875  -0.6182042    0.000000    0.000000    0.0000000
53700.00   0.124774   0.408715  -0.6189069    0.000000    0.000000    0.0000000
53701.00   0.125403   0.407548  -0.6197065    0.000000    0.000000    0.0000000
53702.00   0.126016   0.406374  -0.6205275    0.000000    0.000000    0.0000000
53703.00   0.126615   0.405194  -0.6212552    0.000000    0.000000    0.0000000
53704.00   0.127199   0.404009  -0.6217797    0.000000    0.000000    0.0000000
53705.00   0.127767   0.402818  -0.6220429    0.000000    0.000000    0.0000000
53706.00   0.128320   0.401621  -0.6220504    0.000000    0.000000    0.0000000
53707.00   0.128858   0.400420  -0.6218700    0.000000    0.000000    0.0000000
53708.00   0.129381   0.399215  -0.6216063    0.000000    0.000000    0.0000000
53709.00   0.129889   0.398005  -0.6214324    0.000000    0.000000    0.0000000
53710.00   0.130381   0.396792  -0.6215055    0.000000    0.000000    0.0000000
53711.00   0.130858   0.395575  -0.6218252    0.000000    0.000000    0.0000000
53712.00   0.131319   0.394355  -0.6223291    0.000000    0.000000    0.0000000
53713.00   0.131765   0.393132  -0.6230128    0.000000    0.000000    0.0000000
53714.00   0.132196   0.391907  -0.6237385    0.000000    0.000000    0.0000000
53715.00   0.132611   0.390680  -0.6243539    0.000000    0.000000    0.0000000
53716.00   0.133011   0.389450  -0.6247772    0.000000    0.000000    0.0000000
53717.00   0.133395   0.388220  -0.6249471    0.000000    0.000000    0.0000000
53718.00   0.133763   0.386988  -0.6248605    0.000000    0.000000    0.0000000
53719.00   0.134116   0.385755  -0.6245562    0.000000    0.000000    0.0000000
53720.00   0.134453   0.384522  -0.6241433    0.000000    0.000000    0.0000000
53721.00   0.134775   0.383288  -0.6237553    0.000000    0.000000    0.0000000
53722.00   0.135081   0.382055  -0.6234058    0.000000    0.000000    0.0000000
53723.00   0.135371   0.380822  -0.6231935    0.000000    0.000000    0.0000000
53724.00   0.135646   0.379589  -0.6231388    0.000000    0.000000    0.0000000
53725.00   0.135905   0.378358  -0.6232290    0.000000    0.000000    0.0000000
53726.00   0.136148   0.377127  -0.6234184    0.000000    0.000000    0.0000000
53727.00   0.136375   0.375898  -0.6236764    0.000000    0.000000    0.0000000
53728.00   0.136587   0.374671  -0.6239384    0.000000    0.000000    0.0000000
53729.00   0.136783   0.373447  -0.6241555    0.000000    0.000000    0.0000000
53730.00   0.136964   0.372224  -0.6243078    0.000000    0.000000    0.0000000
53731.00   0.137128   0.371004  -0.6243570    0.000000    0.000000    0.0000000
53732.00   0.137277   0.369787  -0.6242861    0.000000    0.000000    0.0000000
53733.00   0.137410   0.368573  -0.6241018    0.000000    0.000000    0.0000000
53734.00   0.137528   0.367362  -0.6238675    0.000000    0.000000    0.0000000
53735.00   0.137630   0.366156  -0.6236275    0.000000    0.000000    0.0000000
53736.00   0.137716   0.364952  -0.6234604    0.000000    0.000000    0.0000000
53737.00   0.137786   0.363754  -0.6235498    0.000000    0.000000    0.0000000
53738.00   0.137841   0.362559  -0.6239378    0.000000    0.000000    0.0000000
53739.00   0.137880   0.361369  -0.6246240    0.000000    0.000000    0.0000000
53740.00   0.137904   0.360184  -0.6254857    0.000000    0.000000    0.0000000
53741.00   0.137912   0.359004  -0.6263990    0.000000    0.000000    0.0000000
53742.00   0.137904   0.357829  -0.6272249    0.000000    0.000000    0.0000000
53743.00   0.137881   0.356660  -0.6279379    0.000000    0.000000    0.0000000
53744.00   0.137842   0.355496  -0.6284401    0.000000    0.000000    0.0000000
53745.00   0.137788   0.354338  -0.6287682    0.000000    0.000000    0.0000000
53746.00   0.137719   0.353186  -0.6288322    0.000000    0.000000    0.0000000
53747.00   0.137634   0.352041  -0.6287654    0.000000    0.000000    0.0000000
53748.00   0.137534   0.350901  -0.6286803    0.000000    0.000000    0.0000000
53749.00   0.137419   0.349769  -0.6286400    0.000000    0.000000    0.0000000
53750.00   0.137288   0.348643  -0.6286794    0.000000    0.000000    0.0000000
53751.00   0.137143   0.347524  -0.6288431    0.000000    0.000000    0.0000000
53752.00   0.136982   0.346413  -0.6291656    0.000000    0.000000    0.0000000
53753.00   0.136806   0.345308  -0.6296356    0.000000    0.000000    0.0000000
53754.00   0.136615   0.344211  -0.6302305    0.000000    0.000000    0.0000000
53755.00   0.136410   0.343122  -0.6309239    0.000000    0.000000    0.0000000
53756.00   0.136189   0.342040  -0.6316796    0.000000    0.000000    0.0000000
53757.00   0.135954   0.340966  -0.6323916    0.000000    0.000000    0.0000000
53758.00   0.135704   0.339900  -0.6330571    0.000000    0.000000    0.0000000
53759.00   0.135439   0.338842  -0.6335213    0.000000    0.000000    0.0000000
53760.00   0.135160   0.337792  -0.6338344    0.000000    0.000000    0.0000000
53761.00   0.134867   0.336751  -0.6339713    0.000000    0.000000    0.0000000
53762.00   0.134559   0.335718  -0.6339889    0.000000    0.000000    0.0000000
53763.00   0.134237   0.334693  -0.6339930    0.000000    0.000000    0.0000000
53764.00   0.133901   0.333677  -0.6341178    0.000000    0.000000    0.0000000
53765.00   0.133550   0.332670  -0.6345595    0.000000    0.000000    0.0000000
53766.00   0.133186   0.331672  -0.6353636    0.000000    0.000000    0.0000000
53767.00   0.132808   0.330682  -0.6364640    0.000000    0.000000    0.0000000
53768.00   0.132416   0.329702  -0.6376642    0.000000    0.000000    0.0000000
53769.00   0.132011   0.328730  -0.6387772    0.000000    0.000000    0.0000000
53770.00   0.131592   0.327768  -0.6396991    0.000000    0.000000    0.0000000
53771.00   0.131160   0.326814  -0.6403238    0.000000    0.000000    0.0000000
53772.00   0.130714   0.325870  -0.6406376    0.000000    0.000000    0.0000000
53773.00   0.130256   0.324935  -0.6407102    0.000000    0.000000    0.0000000
53774.00   0.129784   0.324010  -0.6406236    0.000000    0.000000    0.0000000
53775.00   0.129300   0.323094  -0.6404781    0.000000    0.000000    0.0000000
53776.00   0.128802   0.322187  -0.6403549    0.000000    0.000000    0.0000000
53777.00   0.128293   0.321290  -0.6403270    0.000000    0.000000    0.0000000
53778.00   0.127770   0.320402  -0.6404516    0.000000    0.000000    0.0000000
53779.00   0.127236   0.319524  -0.6407561    0.000000    0.000000    0.0000000
53780.00   0.126689   0.318655  -0.6412093    0.000000    0.000000    0.0000000
53781.00   0.126130   0.317795  -0.6418189    0.000000    0.000000    0.0000000
53782.00   0.125560   0.316946  -0.6425537    0.000000    0.000000    0.0000000
53783.00   0.124978   0.316106  -0.6433265    0.000000    0.000000    0.0000000
53784.00   0.124384   0.315275  -0.6440384    0.000000    0.000000    0.0000000
53785.00   0.123779   0.314454  -0.6446354    0.000000    0.000000    0.0000000
53786.00   0.123163   0.313643  -0.6450543    0.000000    0.000000    0.0000000
53787.00   0.122535   0.312841  -0.6452726    0.000000    0.000000    0.0000000
53788.00   0.121897   0.312049  -0.6453503    0.000000    0.000000    0.0000000
53789.00   0.121248   0.311267  -0.6453001    0.000000    0.000000    0.0000000
53790.00   0.120589   0.310494  -0.6452021    0.000000    0.000000    0.0000000
53791.00   0.119920   0.309730  -0.6452154    0.000000    0.000000    0.0000000
53792.00   0.119240   0.308976  -0.6454803    0.000000    0.000000    0.0000000
53793.00   0.118550   0.308232  -0.6461007    0.000000    0.000000    0.0000000
53794.00   0.117851   0.307497  -0.6470960    0.000000    0.000000    0.0000000
53795.00   0.117142   0.306772  -0.6483371    0.000000    0.000000    0.0000000
53796.00   0.116423   0.306056  -0.6496191    0.000000    0.000000    0.0000000
53797.00   0.115695   0.305350  -0.6507704    0.000000    0.000000    0.0000000
53798.00   0.114959   0.304653  -0.6517162    0.000000    0.000000    0.0000000
53799.00   0.114213   0.303966  -0.6524506    0.000000    0.000000    0.0000000
53800.00   0.113459   0.303288  -0.6528723    0.000000    0.000000    0.0000000
53801.00   0.112697   0.302619  -0.6531031    0.000000    0.000000    0.0000000
53802.00   0.111926   0.301960  -0.6531597    0.000000    0.000000    0.0000000
53803.00   0.111148   0.301310  -0.6531858    0.000000    0.000000    0.0000000
53804.00   0.110362   0.300669  -0.6532919    0.000000    0.000000    0.0000000
53805.00   0.109568   0.300038  -0.6536087    0.000000    0.000000    0.0000000
53806.00   0.108766   0.299416  -0.6540974    0.000000    0.000000    0.0000000
53807.00   0.107958   0.298803  -0.6547697    0.000000    0.000000    0.0000000
53808.00   0.107143   0.298199  -0.6556600    0.000000    0.000000    0.0000000
53809.00   0.106320   0.297604  -0.6566890    0.000000    0.000000    0.0000000
53810.00   0.105492   0.297018  -0.6578024    0.000000    0.000000    0.0000000
53811.00   0.104657   0.296441  -0.6589494    0.000000    0.000000    0.0000000
53812.00   0.103816   0.295873  -0.6599791    0.000000    0.000000    0.0000000
53813.00   0.102969   0.295314  -0.6608763    0.000000    0.000000    0.0000000
53814.00   0.102117   0.294764  -0.6615944    0.000000    0.000000    0.0000000
53815.00   0.101259   0.294223  -0.6621621    0.000000    0.000000    0.0000000
53816.00   0.100396   0.293691  -0.6626469    0.000000    0.000000    0.0000000
53817.00   0.099528   0.293168  -0.6630793    0.000000    0.000000    0.0000000
53818.00   0.098655   0.292653  -0.6635451    0.000000    0.000000    0.0000000
53819.00   0.097777   0.292147  -0.6641407    0.000000    0.000000    0.0000000
53820.00   0.096895   0.291650  -0.6649557    0.000000    0.000000    0.0000000
53821.00   0.096010   0.291162  -0.6660964    0.000000    0.000000    0.0000000
53822.00   0.095120   0.290682  -0.6674847    0.000000    0.000000    0.0000000
53823.00   0.094226   0.290211  -0.6690594    0.000000    0.000000    0.0000000
53824.00   0.093329   0.289748  -0.6705733    0.000000    0.000000    0.0000000
53825.00   0.092429   0.289294  -0.6718669    0.000000    0.000000    0.0000000
53826.00   0.091526   0.288849  -0.6728283    0.000000    0.000000    0.0000000
53827.00   0.090620   0.288412  -0.6734571    0.000000    0.000000    0.0000000
53828.00   0.089711   0.287983  -0.6737357    0.000000    0.000000    0.0000000
53829.00   0.088800   0.287563  -0.6738183    0.000000    0.000000    0.0000000
53830.00   0.087887   0.287152  -0.6737775    0.000000    0.000000    0.0000000
53831.00   0.086972   0.286749  -0.6737327    0.000000    0.000000    0.0000000
53832.00   0.086055   0.286354  -0.6738200    0.000000    0.000000    0.0000000
53833.00   0.085136   0.285968  -0.6741178    0.000000    0.000000    0.0000000
53834.00   0.084216   0.285590  -0.6746694    0.000000    0.000000    0.0000000
53835.00   0.083295   0.285220  -0.6753979    0.000000    0.000000    0.0000000
53836.00   0.082373   0.284859  -0.6763123    0.000000    0.000000    0.0000000
53837.00   0.081450   0.284507  -0.6773890    0.000000    0.000000    0.0000000
53838.00   0.080527   0.284162  -0.6784682    0.000000    0.000000    0.0000000
53839.00   0.079604   0.283826  -0.6795676    0.000000    0.000000    0.0000000
53840.00   0.078680   0.283498  -0.6805828    0.000000    0.000000    0.0000000
53841.00   0.077756   0.283179  -0.6814142    0.000000    0.000000    0.0000000
53842.00   0.076833   0.282868  -0.6821005    0.000000    0.000000    0.0000000
53843.00   0.075910   0.282565  -0.6826011    0.000000    0.000000    0.0000000
53844.00   0.074987   0.282270  -0.6829987    0.000000    0.000000    0.0000000
53845.00   0.074066   0.281984  -0.6833576    0.000000    0.000000    0.0000000
53846.00   0.073145   0.281707  -0.6838171    0.000000    0.000000    0.0000000
53847.00   0.072226   0.281437  -0.6844564    0.000000    0.000000    0.0000000
53848.00   0.071307   0.281176  -0.6853447    0.000000    0.000000    0.0000000
53849.00   0.070391   0.280924  -0.6864878    0.000000    0.000000    0.0000000
53850.00   0.069476   0.280680  -0.6878293    0.000000    0.000000    0.0000000
53851.00   0.068563   0.280444  -0.6892386    0.000000    0.000000    0.0000000
53852.00   0.067651   0.280217  -0.6905256    0.000000    0.000000    0.0000000
53853.00   0.066742   0.279998  -0.6915469    0.000000    0.000000    0.0000000
53854.00   0.065836   0.279787  -0.6922592    0.000000    0.000000    0.0000000
53855.00   0.064931   0.279586  -0.6926365    0.000000    0.000000    0.0000000
53856.00   0.064030   0.279392  -0.6927103    0.000000    0.000000    0.0000000
53857.00   0.063131   0.279208  -0.6925860    0.000000    0.000000    0.0000000
53858.00   0.062235   0.279032  -0.6923453    0.000000    0.000000    0.0000000
53859.00   0.000000   0.000000   0.0000000    0.000000    0.000000    0.0000000
53860.00   0.000000   0.000000   0.0000000    0.000000    0.000000    0.0000000
53861.00   0.000000   0.000000   0.0000000    0.000000    0.000000    0.0000000
53862.00   0.000000   0.000000   0.0000000    0.000000    0.000000    0.0000000
53863.00   0.000000   0.000000   0.0000000    0.000000    0.000000    0.0000000
53864.00   0.000000   0.000000   0.0000000    0.000000    0.000000    0.0000000
53865.00   0.000000   0.000000   0.0000000    0.000000    0.000000    0.0000000
53866.00   0.000000   0.000000   0.0000000    0.000000    0.000000    0.0000000
53867.00   0.000000   0.000000   0.0000000    0.000000    0.000000    0.0000000
53868.00   0.000000   0.000000   0.0000000    0.000000    0.000000    0.0000000
53869.00   0.000000   0.000000   0.0000000    0.000000    0.000000    0.0000000
53870.00   0.000000   0.000000   0.0000000    0.000000    0.000000    0.0000000
53871.00   0.000000   0.000000   0.0000000    0.000000    0.000000    0.0000000
53872.00   0.000000   0.000000   0.0000000    0.000000    0.000000    0.0000000
53873.00   0.000000   0.000000   0.0000000    0.000000    0.000000    0.0000000
53874.00   0.000000   0.000000   0.0000000    0.000000    0.000000    0.0000000
53875.00   0.000000   0.000000   0.0000000    0.000000    0.000000    0.0000000
53876.00   0.000000   0.000000   0.0000000    0.000000    0.000000    0.0000000
53877.00   0.000000   0.000000   0.0000000    0.000000    0.000000    0.0000000
53878.00   0.000000   0.000000   0.0000000    0.000000    0.000000    0.0000000
53879.00   0.000000   0.000000   0.0000000    0.000000    0.000000    0.0000000
53880.00   0.000000   0.000000   0.0000000    0.000000    0.000000    0.0000000
53881.00   0.000000   0.000000   0.0000000    0.000000    0.000000    0.0000000
53882.00   0.000000   0.000000   0.0000000    0.000000    0.000000    0.0000000
53883.00   0.000000   0.000000   0.0000000    0.000000    0.000000    0.0000000
53884.00   0.000000   0.000000   0.0000000    0.000000    0.000000    0.0000000
53885.00   0.000000   0.000000   0.0000000    0.000000    0.000000    0.0000000
53886.00   0.000000   0.000000   0.0000000    0.000000    0.000000    0.0000000
53887.00   0.000000   0.000000   0.0000000    0.000000    0.000000    0.0000000
53888.00   0.000000   0.000000   0.0000000    0.000000    0.000000    0.0000000
53889.00   0.000000   0.000000   0.0000000    0.000000    0.000000    0.0000000
53890.00   0.000000   0.000000   0.0000000    0.000000    0.000000    0.0000000
53891.00   0.000000   0.000000   0.0000000    0.000000    0.000000    0.0000000
53892.00   0.000000   0.000000   0.0000000    0.000000    0.000000    0.0000000
53893.00   0.000000   0.000000   0.0000000    0.000000    0.000000    0.0000000
53894.00   0.000000   0.000000   0.0000000    0.000000    0.000000    0.0000000
53895.00   0.000000   0.000000   0.0000000    0.000000    0.000000    0.0000000
53896.00   0.000000   0.000000   0.0000000    0.000000    0.000000    0.0000000
53897.00   0.000000   0.000000   0.0000000    0.000000    0.000000    0.0000000
53898.00   0.000000   0.000000   0.0000000    0.000000    0.000000    0.0000000
53899.00   0.000000   0.000000   0.0000000    0.000000    0.000000    0.0000000
53900.00   0.000000   0.000000   0.0000000    0.000000    0.000000    0.0000000
53901.00   0.000000   0.000000   0.0000000    0.000000    0.000000    0.0000000
53902.00   0.000000   0.000000   0.0000000    0.000000    0.000000    0.0000000
53903.00   0.000000   0.000000   0.0000000    0.000000    0.000000    0.0000000
53904.00   0.000000   0.000000   0.0000000    0.000000    0.000000    0.0000000
53905.00   0.000000   0.000000   0.0000000    0.000000    0.000000    0.0000000
53906.00   0.000000   0.000000   0.0000000    0.000000    0.000000    0.0000000
53907.00   0.000000   0.000000   0.0000000    0.000000    0.000000    0.0000000
53908.00   0.000000   0.000000   0.0000000    0.000000    0.000000    0.0000000
