#
#  Stripped version of finals.all.orig file
#
#
#            Bull A      Bull A      Bull B     Bull B
#  MJD         dX          dY          dX         dY
#
48622.00     -0.086      0.130       0.129      -0.653
48623.00     -0.027      0.128       0.155      -0.575
48624.00      0.014      0.154       0.135      -0.478
48625.00      0.032      0.205      -0.006      -0.229
48626.00      0.026      0.265      -0.100      -0.226
48627.00      0.009      0.301      -0.174      -0.453
48628.00      0.002      0.282      -0.229      -0.657
48629.00      0.013      0.222      -0.255      -0.711
48630.00      0.042      0.241      -0.169      -0.647
48631.00      0.096      0.314      -0.108      -0.587
48632.00      0.172      0.312      -0.087      -0.561
48633.00      0.248      0.225      -0.085      -0.485
48634.00      0.294      0.133      -0.041      -0.340
48635.00      0.282      0.125       0.027      -0.178
48636.00      0.201      0.193       0.135      -0.334
48637.00      0.091      0.177       0.210      -0.566
48638.00     -0.002      0.116       0.225      -0.558
48639.00     -0.075      0.095       0.124      -0.240
48640.00     -0.142      0.075      -0.096      -0.028
48641.00     -0.187      0.023      -0.332      -0.004
48642.00     -0.182      0.014      -0.452      -0.247
48643.00     -0.127      0.101      -0.444      -0.380
48644.00     -0.090      0.182      -0.430      -0.393
48645.00     -0.089      0.204      -0.392      -0.499
48646.00     -0.096      0.201      -0.276      -0.639
48647.00     -0.101      0.215      -0.089      -0.809
48648.00     -0.089      0.246       0.002      -0.771
48649.00     -0.029      0.281       0.048      -0.529
48650.00      0.094      0.213       0.125      -0.451
48651.00      0.274      0.092       0.244      -0.365
48652.00      0.452      0.034       0.295      -0.396
48653.00      0.551      0.048       0.267      -0.337
48654.00      0.558      0.123       0.095      -0.483
48655.00      0.493      0.206       0.024      -0.568
48656.00      0.380      0.224       0.013      -0.764
48657.00      0.247      0.140       0.049      -0.895
48658.00      0.136      0.013       0.139      -0.735
48659.00      0.054     -0.093       0.135      -0.529
48660.00     -0.012     -0.156       0.110      -0.514
48661.00     -0.043     -0.177       0.017      -0.491
48662.00     -0.041     -0.129      -0.012      -0.493
48663.00     -0.033      0.037      -0.001      -0.519
48664.00     -0.029      0.271       0.136      -0.603
48665.00      0.006      0.334       0.277      -0.552
48666.00      0.054      0.241       0.377      -0.365
48667.00      0.048      0.146       0.365      -0.019
48668.00     -0.043      0.126       0.120       0.377
48669.00     -0.184      0.123      -0.180       0.293
48670.00     -0.286      0.085      -0.424      -0.020
48671.00     -0.290      0.044      -0.519      -0.409
48672.00     -0.218      0.028      -0.579      -0.468
48673.00     -0.105      0.066      -0.537      -0.493
48674.00      0.022      0.183      -0.434      -0.410
48675.00      0.105      0.208      -0.344      -0.380
48676.00      0.121      0.083      -0.311      -0.137
48677.00      0.083     -0.085      -0.376       0.046
48678.00      0.014     -0.158      -0.340       0.141
48679.00     -0.019     -0.039      -0.216       0.233
48680.00     -0.016      0.141      -0.069       0.202
48681.00      0.005      0.199      -0.032       0.174
48682.00      0.033      0.152      -0.086       0.171
48683.00      0.054      0.085      -0.146      -0.062
48684.00      0.062      0.033      -0.165      -0.333
48685.00      0.060      0.014       0.053      -0.473
48686.00      0.059      0.018       0.064      -0.417
48687.00      0.062      0.046       0.107      -0.279
48688.00      0.077      0.090       0.165      -0.222
48689.00      0.142      0.193       0.170      -0.303
48690.00      0.242      0.308       0.170      -0.455
48691.00      0.324      0.321       0.168      -0.584
48692.00      0.335      0.119       0.226      -0.637
48693.00      0.273     -0.024       0.349      -0.568
48694.00      0.153     -0.059       0.384      -0.333
48695.00      0.059     -0.066       0.315       0.004
48696.00      0.041     -0.024       0.149       0.212
48697.00      0.044      0.015      -0.003       0.155
48698.00     -0.010     -0.035      -0.099      -0.330
48699.00     -0.133     -0.172      -0.120      -0.836
48700.00     -0.214     -0.252      -0.054      -0.980
48701.00     -0.202     -0.200      -0.005      -0.942
48702.00     -0.122     -0.035       0.088      -0.784
48703.00     -0.033      0.064       0.180      -0.542
48704.00      0.047      0.038       0.159      -0.467
48705.00      0.129     -0.009       0.117      -0.366
48706.00      0.206      0.010       0.109      -0.324
48707.00      0.246      0.077       0.220      -0.282
48708.00      0.230      0.118       0.263      -0.190
48709.00      0.152      0.091       0.145      -0.078
48710.00      0.029      0.035      -0.022      -0.038
48711.00     -0.110     -0.000      -0.208      -0.220
48712.00     -0.220     -0.019      -0.315      -0.354
48713.00     -0.244     -0.047      -0.368      -0.509
48714.00     -0.133     -0.097      -0.407      -0.531
48715.00      0.013     -0.101      -0.315      -0.592
48716.00      0.047      0.007      -0.238      -0.598
48717.00     -0.017      0.171      -0.114      -0.679
48718.00     -0.097      0.309      -0.048      -0.777
48719.00     -0.110      0.350      -0.041      -0.822
48720.00     -0.034      0.283      -0.037      -0.683
48721.00      0.057      0.105      -0.077      -0.564
48722.00      0.123     -0.034      -0.147      -0.285
48723.00      0.146     -0.230      -0.263      -0.003
48724.00      0.130     -0.469      -0.403       0.259
48725.00      0.090     -0.633      -0.479       0.178
48726.00      0.030     -0.584      -0.533      -0.037
48727.00     -0.050     -0.286      -0.488      -0.292
48728.00     -0.110     -0.004      -0.421      -0.457
48729.00     -0.160      0.155      -0.374      -0.241
48730.00     -0.209      0.204      -0.333       0.039
48731.00     -0.252      0.184      -0.344       0.179
48732.00     -0.288      0.137      -0.379       0.240
48733.00     -0.322      0.103      -0.381       0.038
48734.00     -0.333      0.048      -0.312      -0.191
48735.00     -0.309     -0.051      -0.199      -0.304
48736.00     -0.257     -0.152      -0.088      -0.368
48737.00     -0.183     -0.226      -0.117      -0.285
48738.00     -0.115     -0.253      -0.213      -0.294
48739.00     -0.082     -0.241      -0.278      -0.435
48740.00     -0.096     -0.242      -0.244      -0.623
48741.00     -0.126     -0.285      -0.164      -0.654
48742.00     -0.085     -0.283      -0.061      -0.723
48743.00      0.011     -0.203       0.025      -0.710
48744.00      0.095     -0.081       0.097      -0.861
48745.00      0.149      0.020       0.088      -1.011
48746.00      0.170      0.049       0.100      -0.963
48747.00      0.147     -0.038       0.101      -0.909
48748.00      0.090     -0.217       0.004      -0.738
48749.00      0.060     -0.290      -0.072      -0.539
48750.00      0.070     -0.238      -0.121      -0.510
48751.00      0.117     -0.155      -0.130      -0.391
48752.00      0.193     -0.081      -0.131      -0.368
48753.00      0.288     -0.025      -0.150      -0.306
48754.00      0.391      0.022      -0.132      -0.360
48755.00      0.446      0.075      -0.073      -0.588
48756.00      0.400      0.169      -0.000      -0.751
48757.00      0.305      0.192       0.123      -0.629
48758.00      0.194     -0.009       0.153      -0.437
48759.00      0.096     -0.279       0.073      -0.229
48760.00      0.071     -0.331       0.013      -0.172
48761.00      0.126     -0.188      -0.083      -0.403
48762.00      0.202     -0.053      -0.122      -0.587
48763.00      0.211      0.035      -0.179      -0.646
48764.00      0.094      0.060      -0.258      -0.522
48765.00     -0.011      0.059      -0.344      -0.327
48766.00     -0.049      0.063      -0.466      -0.227
48767.00     -0.058      0.060      -0.621      -0.268
48768.00     -0.094      0.038      -0.626      -0.342
48769.00     -0.175     -0.028      -0.565      -0.335
48770.00     -0.238     -0.113      -0.395      -0.280
48771.00     -0.220     -0.160      -0.239      -0.319
48772.00     -0.147     -0.062      -0.106      -0.402
48773.00     -0.078      0.063      -0.029      -0.583
48774.00     -0.052      0.041      -0.153      -0.870
48775.00     -0.032     -0.033       0.099      -0.567
48776.00      0.030     -0.108       0.164      -0.284
48777.00      0.064     -0.239       0.182      -0.101
48778.00      0.066     -0.311       0.243      -0.193
48779.00      0.121     -0.316       0.339      -0.196
48780.00      0.234     -0.257       0.403      -0.101
48781.00      0.355     -0.143       0.342      -0.126
48782.00      0.431      0.011       0.165      -0.146
48783.00      0.437      0.193       0.009      -0.302
48784.00      0.384      0.350      -0.130      -0.564
48785.00      0.283      0.412      -0.128      -0.861
48786.00      0.153      0.303      -0.052      -1.052
48787.00      0.030     -0.034       0.078      -1.081
48788.00     -0.059     -0.391       0.196      -1.166
48789.00     -0.154     -0.524       0.309      -1.198
48790.00     -0.225     -0.527       0.401      -1.250
48791.00     -0.159     -0.485       0.469      -1.182
48792.00     -0.040     -0.472       0.439      -0.975
48793.00     -0.039     -0.507       0.391      -0.557
48794.00     -0.099     -0.201       0.218      -0.270
48795.00     -0.049      0.089      -0.032      -0.095
48796.00      0.068      0.075      -0.323      -0.051
48797.00      0.090     -0.023      -0.523      -0.008
48798.00      0.047     -0.150      -0.597       0.015
48799.00     -0.008     -0.228      -0.511      -0.162
48800.00     -0.030     -0.199      -0.386      -0.448
48801.00     -0.023     -0.104      -0.226      -0.892
48802.00     -0.018     -0.010      -0.166      -1.033
48803.00     -0.050      0.034      -0.180      -0.933
48804.00     -0.126     -0.029      -0.154      -0.844
48805.00     -0.192     -0.219      -0.128      -0.992
48806.00     -0.204     -0.389      -0.221      -1.233
48807.00     -0.167     -0.422      -0.227      -1.277
48808.00     -0.113     -0.362      -0.209      -1.131
48809.00     -0.067     -0.273      -0.241      -1.114
48810.00     -0.058     -0.219      -0.344      -1.027
48811.00     -0.090     -0.233      -0.456      -0.943
48812.00     -0.094     -0.234      -0.528      -0.692
48813.00     -0.099     -0.191      -0.562      -0.553
48814.00     -0.108     -0.102      -0.419      -0.458
48815.00     -0.106     -0.005      -0.185      -0.378
48816.00     -0.093      0.068      -0.033      -0.303
48817.00     -0.086      0.088       0.063      -0.300
48818.00     -0.103      0.045      -0.036      -0.435
48819.00     -0.129     -0.053      -0.172      -0.751
48820.00     -0.136     -0.188      -0.340      -0.888
48821.00     -0.099     -0.205      -0.441      -0.755
48822.00     -0.051     -0.125      -0.601      -0.628
48823.00     -0.013     -0.049      -0.862      -0.544
48824.00      0.009     -0.066      -1.110      -0.520
48825.00     -0.003     -0.147      -1.280      -0.453
48826.00     -0.025     -0.144      -1.266      -0.304
48827.00     -0.015     -0.095      -1.025      -0.297
48828.00      0.042     -0.093      -0.706      -0.368
48829.00      0.144     -0.141      -0.459      -0.637
48830.00      0.237     -0.183      -0.370      -0.671
48831.00      0.232     -0.207      -0.335      -0.512
48832.00      0.149     -0.261      -0.300      -0.381
48833.00      0.049     -0.309      -0.282      -0.274
48834.00     -0.048     -0.297      -0.168      -0.403
48835.00     -0.157     -0.217      -0.061      -0.372
48836.00     -0.253     -0.172      -0.020      -0.274
48837.00     -0.267     -0.169       0.007      -0.317
48838.00     -0.194     -0.163       0.087      -0.348
48839.00     -0.128     -0.168       0.000      -0.289
48840.00     -0.103     -0.123      -0.162      -0.220
48841.00     -0.106     -0.089      -0.394      -0.038
48842.00     -0.115     -0.129      -0.391       0.071
48843.00     -0.114     -0.150      -0.276      -0.076
48844.00     -0.076     -0.142       0.023      -0.256
48845.00     -0.018     -0.225       0.100      -0.233
48846.00     -0.013     -0.365       0.027      -0.180
48847.00     -0.034     -0.408      -0.142      -0.414
48848.00     -0.104     -0.298      -0.304      -0.605
48849.00     -0.200     -0.161      -0.471      -0.495
48850.00     -0.291     -0.087      -0.599      -0.395
48851.00     -0.350     -0.078      -0.728      -0.375
48852.00     -0.340     -0.136      -0.901      -0.464
48853.00     -0.259     -0.232      -0.975      -0.524
48854.00     -0.178     -0.254      -0.798      -0.657
48855.00     -0.146     -0.203      -0.420      -0.758
48856.00     -0.174     -0.154       0.018      -0.810
48857.00     -0.103     -0.178       0.300      -0.913
48858.00      0.015     -0.290       0.421      -0.860
48859.00      0.058     -0.394       0.365      -0.639
48860.00      0.023     -0.380       0.222      -0.520
48861.00     -0.066     -0.249       0.099      -0.622
48862.00     -0.156     -0.109       0.058      -0.594
48863.00     -0.192      0.113      -0.109      -0.612
48864.00     -0.167      0.125      -0.355      -0.511
48865.00     -0.157     -0.063      -0.549      -0.606
48866.00     -0.156     -0.178      -0.600      -0.916
48867.00     -0.118     -0.149      -0.493      -1.105
48868.00     -0.070     -0.205      -0.479      -1.134
48869.00     -0.003     -0.391      -0.587      -0.869
48870.00      0.083     -0.513      -0.632      -0.860
48871.00      0.143     -0.510      -0.378      -0.757
48872.00      0.130     -0.459      -0.088      -0.719
48873.00      0.020     -0.464       0.126      -0.537
48874.00     -0.172     -0.538       0.118      -0.442
48875.00     -0.339     -0.529       0.018      -0.587
48876.00     -0.423     -0.431      -0.122      -0.611
48877.00     -0.426     -0.359      -0.247      -0.688
48878.00     -0.367     -0.319      -0.410      -0.596
48879.00     -0.274     -0.270      -0.451      -0.478
48880.00     -0.161     -0.187      -0.575      -0.590
48881.00     -0.059     -0.075      -0.557      -0.938
48882.00     -0.032      0.007      -0.468      -1.002
48883.00     -0.062      0.020      -0.329      -1.083
48884.00     -0.098     -0.010      -0.112      -1.082
48885.00     -0.135     -0.067       0.102      -0.938
48886.00     -0.168     -0.136       0.135      -0.776
48887.00     -0.189     -0.183       0.063      -0.459
48888.00     -0.192     -0.171       0.000      -0.417
48889.00     -0.185     -0.048      -0.008      -0.497
48890.00     -0.190      0.070       0.034      -0.625
48891.00     -0.228      0.044      -0.020      -0.657
48892.00     -0.280     -0.092      -0.208      -0.482
48893.00     -0.320     -0.267      -0.383      -0.531
48894.00     -0.328     -0.356      -0.399      -0.646
48895.00     -0.315     -0.286      -0.252      -0.808
48896.00     -0.296     -0.147      -0.116      -0.944
48897.00     -0.265     -0.055      -0.101      -0.866
48898.00     -0.220     -0.050      -0.091      -0.716
48899.00     -0.189     -0.077      -0.003      -0.763
48900.00     -0.194     -0.120      -0.005      -0.742
48901.00     -0.242     -0.189      -0.013      -0.680
48902.00     -0.328     -0.278      -0.200      -0.488
48903.00     -0.428     -0.376      -0.407      -0.416
48904.00     -0.508     -0.482      -0.653      -0.356
48905.00     -0.534     -0.541      -0.833      -0.354
48906.00     -0.501     -0.516      -0.877      -0.300
48907.00     -0.425     -0.411      -0.857      -0.371
48908.00     -0.311     -0.260      -0.749      -0.446
48909.00     -0.178     -0.107      -0.529      -0.805
48910.00     -0.092      0.018      -0.309      -1.044
48911.00     -0.084      0.095      -0.062      -1.068
48912.00     -0.145      0.100       0.066      -0.968
48913.00     -0.234      0.055       0.207      -0.799
48914.00     -0.298      0.005       0.260      -0.529
48915.00     -0.284      0.004       0.226      -0.137
48916.00     -0.149      0.044       0.154      -0.013
48917.00      0.027      0.114       0.087       0.021
48918.00      0.146      0.270      -0.002      -0.111
48919.00      0.150      0.523      -0.091      -0.199
48920.00      0.057      0.676      -0.240      -0.057
48921.00     -0.075      0.650      -0.396      -0.008
48922.00     -0.186      0.522      -0.417      -0.044
48923.00     -0.245      0.369      -0.247      -0.230
48924.00     -0.260      0.191      -0.056      -0.494
48925.00     -0.222     -0.032       0.050      -0.740
48926.00     -0.135     -0.247       0.140      -0.820
48927.00     -0.060     -0.285       0.202      -0.925
48928.00     -0.032     -0.196       0.223      -0.671
48929.00     -0.057     -0.187       0.151      -0.592
48930.00     -0.121     -0.324       0.308      -0.535
48931.00     -0.175     -0.394       0.153      -0.520
48932.00     -0.218     -0.322      -0.047      -0.632
48933.00     -0.252     -0.259      -0.251      -0.659
48934.00     -0.271     -0.252      -0.475      -0.830
48935.00     -0.261     -0.219      -0.658      -0.987
48936.00     -0.207     -0.103      -0.583      -1.116
48937.00     -0.107      0.060      -0.403      -1.224
48938.00     -0.003      0.070      -0.176      -1.115
48939.00      0.084     -0.162      -0.072      -0.774
48940.00      0.147     -0.622      -0.000      -0.469
48941.00      0.119     -0.756      -0.016      -0.177
48942.00     -0.002     -0.435      -0.012       0.071
48943.00     -0.144     -0.085      -0.044       0.272
48944.00     -0.260      0.008      -0.216       0.200
48945.00     -0.351     -0.048      -0.460       0.020
48946.00     -0.424     -0.125      -0.690      -0.342
48947.00     -0.488     -0.111      -0.711      -0.662
48948.00     -0.550     -0.003      -0.702      -0.916
48949.00     -0.599      0.133      -0.646      -0.896
48950.00     -0.618      0.244      -0.504      -1.034
48951.00     -0.594      0.306      -0.306      -0.995
48952.00     -0.540      0.322      -0.118      -1.141
48953.00     -0.468      0.290       0.099      -1.294
48954.00     -0.392      0.213       0.307      -1.394
48955.00     -0.320      0.114       0.437      -1.132
48956.00     -0.265      0.001       0.476      -0.725
48957.00     -0.249     -0.131       0.448      -0.387
48958.00     -0.253     -0.234       0.318      -0.221
48959.00     -0.190     -0.187       0.184      -0.028
48960.00     -0.137      0.010      -0.064      -0.041
48961.00     -0.154      0.162      -0.292      -0.029
48962.00     -0.213      0.211      -0.427      -0.259
48963.00     -0.249      0.217      -0.502      -0.612
48964.00     -0.216      0.216      -0.508      -0.847
48965.00     -0.117      0.176      -0.490      -1.102
48966.00     -0.034     -0.006      -0.434      -1.055
48967.00     -0.007     -0.234      -0.393      -0.767
48968.00     -0.047     -0.348      -0.375      -0.519
48969.00     -0.128     -0.319      -0.352      -0.527
48970.00     -0.210     -0.159      -0.239      -0.545
48971.00     -0.254      0.138      -0.177      -0.659
48972.00     -0.260      0.437      -0.116      -0.429
48973.00     -0.227      0.790      -0.218      -0.508
48974.00     -0.160      0.875      -0.306      -0.539
48975.00     -0.074      0.629      -0.403      -0.686
48976.00      0.003      0.291      -0.370      -0.752
48977.00      0.025      0.057      -0.298      -0.585
48978.00     -0.003     -0.047      -0.265      -0.537
48979.00     -0.045     -0.061      -0.288      -0.440
48980.00     -0.079     -0.055      -0.309      -0.402
48981.00     -0.101     -0.061      -0.264      -0.513
48982.00     -0.115     -0.081      -0.223      -0.546
48983.00     -0.113     -0.105      -0.164      -0.553
48984.00     -0.087     -0.123      -0.156      -0.292
48985.00     -0.036     -0.139      -0.129      -0.060
48986.00      0.043     -0.149      -0.013       0.013
48987.00      0.158     -0.118       0.023       0.005
48988.00      0.219     -0.049      -0.013      -0.087
48989.00      0.187      0.020      -0.020      -0.087
48990.00      0.099      0.063       0.035      -0.168
48991.00     -0.001      0.074       0.064      -0.479
48992.00     -0.071      0.042       0.150      -0.736
48993.00     -0.088     -0.021       0.153      -0.941
48994.00     -0.076     -0.025       0.100      -0.797
48995.00     -0.067      0.036      -0.025      -0.476
48996.00     -0.077      0.122      -0.193      -0.074
48997.00     -0.102      0.188      -0.358       0.028
48998.00     -0.140      0.214      -0.449      -0.046
48999.00     -0.197      0.184      -0.488      -0.152
49000.00     -0.269      0.073      -0.475      -0.205
49001.00     -0.337     -0.078      -0.501      -0.289
49002.00     -0.385     -0.193      -0.555      -0.371
49003.00     -0.395     -0.182      -0.478      -0.532
49004.00     -0.365     -0.069      -0.325      -0.641
49005.00     -0.309      0.051      -0.115      -0.611
49006.00     -0.254      0.084       0.053      -0.588
49007.00     -0.213      0.006       0.059      -0.511
49008.00     -0.181     -0.043       0.010      -0.414
49009.00     -0.164     -0.018      -0.075      -0.319
49010.00     -0.183      0.033      -0.173      -0.293
49011.00     -0.229      0.093      -0.252      -0.335
49012.00     -0.269      0.152      -0.346      -0.148
49013.00     -0.274      0.189      -0.436      -0.034
49014.00     -0.231      0.123      -0.496       0.002
49015.00     -0.176     -0.063      -0.504      -0.018
49016.00     -0.137     -0.094      -0.603      -0.145
49017.00     -0.087     -0.059      -0.694      -0.279
49018.00     -0.026     -0.064      -0.585      -0.250
49019.00      0.024     -0.067      -0.443      -0.428
49020.00      0.039     -0.036       5.621       2.700
49021.00      0.022      0.029      -0.131      -0.926
49022.00      0.048      0.096       0.004      -0.909
49023.00      0.136      0.182       0.030      -0.459
49024.00      0.145      0.191      -0.050      -0.119
49025.00      0.081      0.138      -0.175       0.036
49026.00     -0.005      0.065      -0.266      -0.247
49027.00     -0.095      0.041      -0.197      -0.409
49028.00     -0.183      0.060      -0.210      -0.510
49029.00     -0.234      0.055      -0.273      -0.482
49030.00     -0.224      0.054      -0.302      -0.532
49031.00     -0.215      0.017      -0.384      -0.521
49032.00     -0.227     -0.031      -0.406      -0.530
49033.00     -0.241     -0.081      -0.377      -0.365
49034.00     -0.253     -0.156      -0.309      -0.431
49035.00     -0.251     -0.208      -0.160      -0.409
49036.00     -0.212     -0.136      -0.150      -0.321
49037.00     -0.165     -0.022      -0.173      -0.253
49038.00     -0.159      0.049      -0.233      -0.148
49039.00     -0.191      0.069      -0.288      -0.289
49040.00     -0.227      0.066      -0.349      -0.357
49041.00     -0.227      0.067      -0.405      -0.251
49042.00     -0.172      0.098      -0.319      -0.220
49043.00     -0.089      0.161      -0.300      -0.098
49044.00     -0.019      0.245      -0.249      -0.241
49045.00     -0.012      0.329      -0.308      -0.280
49046.00     -0.064      0.394      -0.235      -0.168
49047.00     -0.132      0.431      -0.102      -0.201
49048.00     -0.175      0.413       0.048      -0.300
49049.00     -0.172      0.319       0.101      -0.396
49050.00     -0.155      0.237       0.240      -0.554
49051.00     -0.163      0.243       0.096      -0.201
49052.00     -0.197      0.214      -0.135      -0.004
49053.00     -0.235      0.082      -0.424       0.043
49054.00     -0.241     -0.084      -0.467      -0.358
49055.00     -0.211     -0.144      -0.487      -0.619
49056.00     -0.186     -0.039      -0.479      -0.552
49057.00     -0.204      0.104      -0.485      -0.420
49058.00     -0.231      0.211      -0.457      -0.306
49059.00     -0.224      0.273      -0.416      -0.184
49060.00     -0.179      0.289      -0.391      -0.188
49061.00     -0.102      0.254      -0.282      -0.112
49062.00     -0.007      0.163      -0.149       0.008
49063.00      0.073      0.064       0.110      -0.113
49064.00      0.100      0.076       0.232      -0.155
49065.00      0.069      0.117       0.201      -0.168
49066.00      0.016      0.152       0.060      -0.024
49067.00     -0.045      0.202      -0.114      -0.160
49068.00     -0.106      0.268      -0.171      -0.271
49069.00     -0.150      0.349      -0.235      -0.302
49070.00     -0.176      0.396      -0.351      -0.137
49071.00     -0.213      0.257      -0.367      -0.030
49072.00     -0.252      0.154      -0.464      -0.027
49073.00     -0.254      0.120      -0.535      -0.226
49074.00     -0.222      0.110      -0.475      -0.331
49075.00     -0.172      0.123      -0.334      -0.416
49076.00     -0.120      0.148      -0.086      -0.340
49077.00     -0.082      0.147       0.067      -0.425
49078.00     -0.064      0.111       0.133      -0.282
49079.00     -0.060      0.069       0.065       0.032
49080.00     -0.070      0.046       0.196       0.176
49081.00     -0.087      0.024      -0.012       0.074
49082.00     -0.092     -0.005      -0.209      -0.190
49083.00     -0.069     -0.003      -0.230      -0.398
49084.00     -0.036      0.058      -0.274      -0.277
49085.00     -0.021      0.131      -0.290      -0.193
49086.00     -0.033      0.156      -0.297      -0.191
49087.00     -0.052      0.132      -0.341      -0.203
49088.00     -0.056      0.096      -0.357      -0.222
49089.00     -0.033      0.094      -0.358      -0.318
49090.00      0.016      0.174      -0.191      -0.349
49091.00      0.081      0.310       0.017      -0.328
49092.00      0.146      0.341       0.181      -0.298
49093.00      0.171      0.172       0.123      -0.253
49094.00      0.176      0.015      -0.031      -0.167
49095.00      0.156     -0.040      -0.159      -0.287
49096.00      0.101     -0.054      -0.201      -0.425
49097.00      0.019     -0.099      -0.183      -0.524
49098.00     -0.053     -0.135      -0.102      -0.532
49099.00     -0.020     -0.012      -0.050      -0.466
49100.00      0.042      0.018       0.030      -0.383
49101.00      0.028      0.031       0.064      -0.628
49102.00     -0.075      0.082       0.126      -0.821
49103.00     -0.226      0.117       0.188      -0.780
49104.00     -0.373      0.082       0.339      -0.797
49105.00     -0.443     -0.023       0.401      -0.612
49106.00     -0.338     -0.040       0.308      -0.549
49107.00     -0.141      0.017       0.108      -0.336
49108.00      0.033      0.109      -0.155      -0.346
49109.00      0.150      0.204      -0.357      -0.427
49110.00      0.206      0.268      -0.485      -0.776
49111.00      0.197      0.265      -0.567      -0.858
49112.00      0.122      0.161      -0.653      -0.748
49113.00     -0.018      0.006      -0.696      -0.580
49114.00     -0.192     -0.068      -0.719      -0.503
49115.00     -0.306     -0.128      -0.670      -0.525
49116.00     -0.320     -0.227      -0.618      -0.757
49117.00     -0.258     -0.310      -0.499      -0.756
49118.00     -0.154     -0.316      -0.259      -0.742
49119.00     -0.046     -0.212       0.056      -0.510
49120.00      0.044     -0.015       0.315      -0.112
49121.00      0.119      0.186       0.397       0.055
49122.00      0.157      0.317       0.252       0.194
49123.00      0.146      0.366       0.062       0.087
49124.00      0.117      0.320      -0.038      -0.171
49125.00      0.115      0.148      -0.116      -0.347
49126.00      0.160     -0.123      -0.180      -0.493
49127.00      0.205     -0.267      -0.211      -0.473
49128.00      0.220     -0.229      -0.229      -0.579
49129.00      0.201     -0.099      -0.241      -0.735
49130.00      0.145      0.049      -0.236      -0.710
49131.00      0.081      0.161      -0.197      -0.680
49132.00      0.057      0.170      -0.103      -0.563
49133.00      0.112      0.021       0.018      -0.382
49134.00      0.190     -0.201       0.153      -0.337
49135.00      0.251     -0.384       0.166      -0.124
49136.00      0.297     -0.504       0.062      -0.070
49137.00      0.330     -0.570      -0.103      -0.206
49138.00      0.343     -0.569      -0.200      -0.378
49139.00      0.325     -0.477      -0.191      -0.649
49140.00      0.268     -0.305      -0.129      -0.609
49141.00      0.175     -0.093      -0.068      -0.408
49142.00      0.076      0.088      -0.083      -0.424
49143.00     -0.002      0.185      -0.059      -0.513
49144.00     -0.049      0.204      -0.082      -0.576
49145.00     -0.057      0.153      -0.118      -0.765
49146.00     -0.018      0.050      -0.019      -0.809
49147.00      0.069     -0.087       0.097      -0.545
49148.00      0.143     -0.204       0.156      -0.160
49149.00      0.187     -0.278       0.120       0.075
49150.00      0.207     -0.283      -0.055       0.132
49151.00      0.204     -0.236      -0.182      -0.177
49152.00      0.198     -0.182      -0.269      -0.434
49153.00      0.206     -0.183      -0.271      -0.727
49154.00      0.223     -0.257      -0.164      -0.945
49155.00      0.236     -0.257      -0.052      -1.144
49156.00      0.237     -0.153       0.060      -1.246
49157.00      0.225     -0.016       0.074      -1.307
49158.00      0.206      0.090       0.079      -1.201
49159.00      0.179      0.121       0.003      -1.101
49160.00      0.138      0.017      -0.033      -0.930
49161.00      0.094     -0.223      -0.039      -0.833
49162.00      0.112     -0.318       0.077      -0.911
49163.00      0.150     -0.240       0.122      -0.819
49164.00      0.127     -0.140       0.114      -0.698
49165.00      0.060     -0.099       0.004      -0.614
49166.00     -0.015     -0.113      -0.202      -0.547
49167.00     -0.062     -0.127      -0.329      -0.692
49168.00     -0.059     -0.099      -0.289      -0.672
49169.00     -0.028     -0.096      -0.167      -0.641
49170.00      0.020     -0.147      -0.058      -0.560
49171.00      0.088     -0.214       0.022      -0.458
49172.00      0.175     -0.254       0.064      -0.516
49173.00      0.261     -0.237       0.031      -0.682
49174.00      0.331     -0.141       0.062      -0.804
49175.00      0.384      0.064       0.127      -0.664
49176.00      0.421      0.371       0.163      -0.380
49177.00      0.434      0.508       0.090       0.007
49178.00      0.395      0.408       0.031       0.065
49179.00      0.318      0.196      -0.109      -0.005
49180.00      0.250     -0.028      -0.247      -0.086
49181.00      0.214     -0.181      -0.235      -0.181
49182.00      0.208     -0.214      -0.099      -0.216
49183.00      0.196     -0.208       0.091      -0.394
49184.00      0.202     -0.271       0.274      -0.540
49185.00      0.225     -0.237       0.321      -0.648
49186.00      0.218     -0.152       0.259      -0.530
49187.00      0.171     -0.141       0.115      -0.374
49188.00      0.105     -0.134       0.009      -0.296
49189.00      0.046     -0.092      -0.060      -0.492
49190.00      0.018     -0.072      -0.052      -0.710
49191.00      0.013     -0.067       0.065      -0.894
49192.00      0.022     -0.044       0.165      -0.924
49193.00      0.038     -0.019       0.098      -0.678
49194.00      0.055     -0.017      -0.071      -0.600
49195.00      0.078     -0.040      -0.172      -0.466
49196.00      0.110     -0.070      -0.212      -0.570
49197.00      0.134     -0.102      -0.083      -0.478
49198.00      0.132     -0.205       0.065      -0.481
49199.00      0.133     -0.280       0.228      -0.415
49200.00      0.160     -0.257       0.238      -0.436
49201.00      0.189     -0.202       0.228      -0.470
49202.00      0.185     -0.183       0.166      -0.461
49203.00      0.135     -0.251       0.074      -0.501
49204.00      0.065     -0.358      -0.004      -0.508
49205.00      0.002     -0.396       0.155      -0.207
49206.00     -0.030     -0.387       0.098      -0.202
49207.00     -0.017     -0.362      -0.079      -0.246
49208.00      0.032     -0.301      -0.236      -0.485
49209.00      0.080     -0.206      -0.339      -0.538
49210.00      0.086     -0.092      -0.222      -0.633
49211.00      0.082      0.044       0.014      -0.813
49212.00      0.076      0.135       0.207      -0.959
49213.00      0.065      0.139       0.265      -1.171
49214.00      0.046      0.067       0.156      -1.176
49215.00      0.016     -0.055       0.034      -0.980
49216.00     -0.014     -0.204      -0.054      -0.992
49217.00     -0.021     -0.345      -0.105      -1.047
49218.00      0.009     -0.342      -0.088      -1.213
49219.00      0.016     -0.325      -0.057      -1.351
49220.00      0.010     -0.297      -0.036      -1.290
49221.00      0.037     -0.213      -0.019      -1.129
49222.00      0.107     -0.129      -0.030      -1.035
49223.00      0.216     -0.120      -0.055      -0.786
49224.00      0.364     -0.250      -0.112      -0.698
49225.00      0.478     -0.394      -0.083      -0.565
49226.00      0.491     -0.453       0.049      -0.454
49227.00      0.407     -0.423       0.186      -0.432
49228.00      0.279     -0.340       0.316      -0.437
49229.00      0.157     -0.243       0.342      -0.366
49230.00      0.083     -0.158       0.326      -0.349
49231.00      0.095     -0.056       0.259      -0.453
49232.00      0.194      0.024       0.198      -0.563
49233.00      0.318      0.045       0.178      -0.595
49234.00      0.371      0.031       0.101      -0.501
49235.00      0.338      0.005      -0.066      -0.299
49236.00      0.268     -0.019      -0.163      -0.533
49237.00      0.194     -0.052      -0.239      -0.646
49238.00      0.135     -0.113      -0.094      -0.615
49239.00      0.102     -0.170       0.205      -0.646
49240.00      0.099     -0.207       0.452      -0.667
49241.00      0.121     -0.236       0.485      -0.939
49242.00      0.147     -0.267       0.430      -0.982
49243.00      0.155     -0.293       0.271      -0.803
49244.00      0.134     -0.312       0.189      -0.727
49245.00      0.091     -0.332       0.103      -0.782
49246.00      0.027     -0.339       0.048      -0.779
49247.00     -0.045     -0.239      -0.117      -0.655
49248.00     -0.100     -0.192      -0.356      -0.556
49249.00     -0.108     -0.295      -0.471      -0.762
49250.00     -0.063     -0.413      -0.429      -0.859
49251.00      0.004     -0.406      -0.305      -0.918
49252.00      0.066     -0.222      -0.270      -0.833
49253.00      0.130      0.052      -0.354      -0.492
49254.00      0.132      0.053      -0.387      -0.431
49255.00      0.074     -0.085      -0.303      -0.467
49256.00      0.017     -0.122      -0.148      -0.544
49257.00     -0.028     -0.126      -0.081      -0.568
49258.00     -0.055     -0.151      -0.113      -0.482
49259.00     -0.059     -0.233      -0.163      -0.631
49260.00     -0.018     -0.393      -0.203      -0.744
49261.00      0.111     -0.434      -0.208      -0.803
49262.00      0.178     -0.376      -0.184      -0.708
49263.00      0.166     -0.393      -0.189      -0.694
49264.00      0.109     -0.436      -0.240      -0.769
49265.00      0.037     -0.458      -0.276      -0.898
49266.00     -0.025     -0.407      -0.122      -0.896
49267.00     -0.049     -0.245       0.085      -0.774
49268.00     -0.003     -0.053       0.249      -0.745
49269.00      0.041      0.045       0.340      -0.756
49270.00      0.032      0.026       0.211      -0.816
49271.00     -0.004     -0.052       0.060      -0.623
49272.00     -0.040     -0.129      -0.050      -0.512
49273.00     -0.054     -0.185      -0.089      -0.551
49274.00     -0.060     -0.288      -0.134      -0.459
49275.00     -0.096     -0.295      -0.361      -0.309
49276.00     -0.129     -0.227      -0.651      -0.197
49277.00     -0.113     -0.195      -0.854      -0.288
49278.00     -0.055     -0.189      -0.758      -0.627
49279.00     -0.006     -0.168      -0.489      -0.911
49280.00     -0.018     -0.150      -0.269      -0.875
49281.00     -0.053     -0.090      -0.200      -0.616
49282.00     -0.060     -0.063      -0.203      -0.436
49283.00     -0.041     -0.079      -0.139      -0.468
49284.00     -0.019     -0.097      -0.012      -0.504
49285.00      0.002     -0.129       0.041      -0.612
49286.00      0.025     -0.176      -0.008      -0.592
49287.00      0.044     -0.216      -0.073      -0.703
49288.00      0.033     -0.252      -0.165      -0.728
49289.00      0.003     -0.287      -0.191      -0.679
49290.00     -0.029     -0.305      -0.226      -0.728
49291.00     -0.065     -0.298      -0.212      -0.661
49292.00     -0.092     -0.283      -0.207      -0.673
49293.00     -0.090     -0.280      -0.214      -0.839
49294.00     -0.042     -0.292      -0.163      -0.758
49295.00      0.047     -0.338      -0.167      -0.888
49296.00      0.140     -0.351      -0.101      -0.603
49297.00      0.200     -0.307      -0.052      -0.400
49298.00      0.206     -0.247      -0.126      -0.294
49299.00      0.154     -0.184      -0.280      -0.248
49300.00      0.041     -0.128      -0.401      -0.357
49301.00     -0.127     -0.094      -0.430      -0.609
49302.00     -0.270     -0.077      -0.443      -0.692
49303.00     -0.358     -0.061      -0.561      -0.559
49304.00     -0.395     -0.056      -0.736      -0.157
49305.00     -0.373     -0.087      -0.845      -0.052
49306.00     -0.303     -0.148      -0.771      -0.224
49307.00     -0.213     -0.209      -0.487      -0.530
49308.00     -0.136     -0.267      -0.210      -0.585
49309.00     -0.081     -0.350      -0.128      -0.495
49310.00     -0.037     -0.428      -0.108      -0.310
49311.00     -0.006     -0.453      -0.048      -0.198
49312.00      0.000     -0.423       0.027      -0.091
49313.00     -0.012     -0.370       0.037      -0.240
49314.00     -0.031     -0.314      -0.052      -0.320
49315.00     -0.052     -0.256      -0.126      -0.537
49316.00     -0.074     -0.206      -0.212      -0.675
49317.00     -0.086     -0.170      -0.299      -0.788
49318.00     -0.085     -0.135      -0.287      -0.857
49319.00     -0.081     -0.085      -0.275      -0.814
49320.00     -0.075     -0.042      -0.139      -0.784
49321.00     -0.063     -0.041      -0.038      -0.732
49322.00     -0.051     -0.090       0.027      -0.604
49323.00     -0.071     -0.161       0.044      -0.399
49324.00     -0.111     -0.198      -0.031      -0.194
49325.00     -0.152     -0.198      -0.005       0.126
49326.00     -0.193     -0.190      -0.060       0.031
49327.00     -0.228     -0.181      -0.152      -0.161
49328.00     -0.245     -0.180      -0.275      -0.332
49329.00     -0.229     -0.202      -0.360      -0.748
49330.00     -0.188     -0.260      -0.412      -0.999
49331.00     -0.139     -0.267      -0.402      -1.235
49332.00     -0.098     -0.113      -0.379      -1.127
49333.00     -0.068      0.095      -0.372      -0.754
49334.00     -0.054      0.135      -0.286      -0.664
49335.00     -0.050      0.018      -0.105      -0.726
49336.00     -0.044     -0.134       0.015      -0.787
49337.00     -0.019     -0.179       0.136      -0.741
49338.00      0.020     -0.145       0.109      -0.608
49339.00      0.052     -0.132       0.119      -0.454
49340.00      0.061     -0.167       0.126      -0.202
49341.00      0.047     -0.214       0.080      -0.142
49342.00      0.016     -0.211      -0.015      -0.184
49343.00     -0.024     -0.132      -0.121      -0.374
49344.00     -0.052     -0.070      -0.245      -0.546
49345.00     -0.059     -0.061      -0.363      -0.680
49346.00     -0.051     -0.091      -0.427      -0.803
49347.00     -0.037     -0.121      -0.437      -0.943
49348.00     -0.019     -0.137      -0.290      -0.966
49349.00      0.003     -0.147      -0.149      -0.802
49350.00      0.021     -0.147      -0.123      -0.535
49351.00      0.023     -0.114      -0.141      -0.258
49352.00      0.034     -0.083      -0.163      -0.103
49353.00      0.067     -0.088      -0.177      -0.021
49354.00      0.110     -0.124      -0.161      -0.144
49355.00      0.145     -0.159      -0.134      -0.166
49356.00      0.150     -0.169      -0.164      -0.343
49357.00      0.107     -0.156      -0.231      -0.494
49358.00      0.009     -0.124      -0.343      -0.613
49359.00     -0.126     -0.190      -0.348      -0.722
49360.00     -0.242     -0.240      -0.340      -0.553
49361.00     -0.319     -0.184      -0.291      -0.268
49362.00     -0.368     -0.101      -0.283      -0.056
49363.00     -0.391     -0.042      -0.308      -0.076
49364.00     -0.389     -0.034      -0.354      -0.317
49365.00     -0.368     -0.069      -0.408      -0.499
49366.00     -0.326     -0.111      -0.441      -0.522
49367.00     -0.260     -0.129      -0.459      -0.425
49368.00     -0.197     -0.114      -0.436      -0.210
49369.00     -0.160     -0.080      -0.426      -0.036
49370.00     -0.146     -0.013      -0.415      -0.074
49371.00     -0.147      0.039      -0.434      -0.265
49372.00     -0.150      0.039      -0.501      -0.403
49373.00     -0.143     -0.053      -0.566      -0.464
49374.00     -0.140     -0.124      -0.555      -0.434
49375.00     -0.144     -0.092      -0.517      -0.698
49376.00     -0.138     -0.050      -0.330      -0.717
49377.00     -0.113     -0.020      -0.226      -0.753
49378.00     -0.076     -0.001      -0.137      -0.447
49379.00     -0.044     -0.028      -0.168      -0.130
49380.00     -0.042     -0.071      -0.318      -0.017
49381.00     -0.078     -0.112      -0.452      -0.075
49382.00     -0.137     -0.147      -0.540      -0.332
49383.00     -0.209     -0.148      -0.524      -0.545
49384.00     -0.292     -0.098      -0.541      -0.428
49385.00     -0.386     -0.015      -0.704      -0.183
49386.00     -0.479      0.079      -0.763      -0.240
49387.00     -0.535      0.167      -0.769      -0.421
49388.00     -0.549      0.272      -0.607      -0.471
49389.00     -0.528      0.348      -0.477      -0.367
49390.00     -0.476      0.334      -0.298      -0.283
49391.00     -0.378      0.193      -0.252      -0.332
49392.00     -0.214     -0.044      -0.234      -0.456
49393.00      0.003     -0.186      -0.167      -0.674
49394.00      0.196     -0.215      -0.119      -0.729
49395.00      0.272     -0.218      -0.131      -0.807
49396.00      0.224     -0.218      -0.185      -0.720
49397.00      0.099     -0.205      -0.313      -0.582
49398.00     -0.057     -0.176      -0.396      -0.594
49399.00     -0.190     -0.124      -0.508      -0.651
49400.00     -0.255     -0.043      -0.626      -0.767
49401.00     -0.234      0.080      -0.753      -0.706
49402.00     -0.157      0.220      -0.799      -0.668
49403.00     -0.059      0.348      -0.690      -0.804
49404.00      0.034      0.428      -0.630      -0.924
49405.00      0.087      0.401      -0.564      -1.039
49406.00      0.075      0.235      -0.605      -0.960
49407.00      0.024      0.047      -0.601      -0.542
49408.00     -0.040     -0.103      -0.681      -0.363
49409.00     -0.104     -0.213      -0.759      -0.492
49410.00     -0.155     -0.277      -0.837      -0.656
49411.00     -0.187     -0.265      -0.809      -0.829
49412.00     -0.192     -0.177      -0.738      -0.782
49413.00     -0.162     -0.043      -0.622      -0.567
49414.00     -0.093      0.122      -0.640      -0.382
49415.00     -0.002      0.311      -0.557      -0.382
49416.00      0.088      0.502      -0.493      -0.423
49417.00      0.158      0.647      -0.365      -0.288
49418.00      0.180      0.679      -0.251      -0.296
49419.00      0.129      0.540      -0.194      -0.267
49420.00     -0.001      0.228      -0.226      -0.305
49421.00     -0.170     -0.029      -0.214      -0.401
49422.00     -0.320     -0.148      -0.170      -0.418
49423.00     -0.389     -0.169      -0.150      -0.477
49424.00     -0.363     -0.121      -0.172      -0.602
49425.00     -0.280     -0.034      -0.193      -0.485
49426.00     -0.188      0.052      -0.215      -0.410
49427.00     -0.123      0.104      -0.224      -0.357
49428.00     -0.131      0.143      -0.266      -0.427
49429.00     -0.197      0.196      -0.246      -0.279
49430.00     -0.244      0.219      -0.190      -0.260
49431.00     -0.238      0.198       0.026      -0.213
49432.00     -0.201      0.158       0.144      -0.415
49433.00     -0.168      0.093       0.095      -0.711
49434.00     -0.175      0.006       0.073      -0.725
49435.00     -0.242     -0.056       0.018      -0.374
49436.00     -0.314     -0.051      -0.093      -0.103
49437.00     -0.354     -0.030      -0.250      -0.083
49438.00     -0.361     -0.029      -0.421      -0.450
49439.00     -0.345     -0.019      -0.497      -0.583
49440.00     -0.322      0.002      -0.542      -0.627
49441.00     -0.291     -0.003      -0.518      -0.640
49442.00     -0.241     -0.050      -0.517      -0.620
49443.00     -0.180     -0.102      -0.472      -0.668
49444.00     -0.129     -0.125      -0.385      -0.612
49445.00     -0.091     -0.122      -0.333      -0.581
49446.00     -0.060     -0.105      -0.228      -0.645
49447.00     -0.043     -0.087      -0.180      -0.588
49448.00     -0.046     -0.073      -0.186      -0.537
49449.00     -0.074     -0.063      -0.267      -0.580
49450.00     -0.126     -0.046      -0.326      -0.566
49451.00     -0.198     -0.014      -0.381      -0.690
49452.00     -0.272      0.021      -0.420      -0.735
49453.00     -0.330      0.043      -0.395      -0.686
49454.00     -0.370      0.051      -0.350      -0.476
49455.00     -0.384      0.051      -0.316      -0.357
49456.00     -0.363      0.043      -0.321      -0.339
49457.00     -0.316      0.021      -0.303      -0.300
49458.00     -0.266     -0.008      -0.159      -0.090
49459.00     -0.218     -0.023      -0.002      -0.058
49460.00     -0.172     -0.014       0.129      -0.098
49461.00     -0.138     -0.007       0.048      -0.273
49462.00     -0.128     -0.026      -0.164      -0.382
49463.00     -0.143     -0.048      -0.298      -0.180
49464.00     -0.172     -0.037      -0.396       0.112
49465.00     -0.200     -0.004      -0.387       0.062
49466.00     -0.211      0.027      -0.435      -0.136
49467.00     -0.201      0.060      -0.447      -0.336
49468.00     -0.185      0.101      -0.450      -0.301
49469.00     -0.170      0.111      -0.450      -0.390
49470.00     -0.151      0.088      -0.394      -0.395
49471.00     -0.152     -0.011      -0.377      -0.572
49472.00     -0.162     -0.109      -0.388      -0.576
49473.00     -0.162     -0.135      -0.364      -0.425
49474.00     -0.153     -0.101      -0.346      -0.351
49475.00     -0.141     -0.030      -0.249      -0.488
49476.00     -0.134      0.042      -0.215      -0.447
49477.00     -0.130      0.088      -0.316      -0.381
49478.00     -0.131      0.125      -0.496      -0.346
49479.00     -0.144      0.172      -0.656      -0.478
49480.00     -0.161      0.204      -0.620      -0.578
49481.00     -0.162      0.187      -0.568      -0.695
49482.00     -0.154      0.118      -0.478      -0.615
49483.00     -0.155      0.019      -0.436      -0.405
49484.00     -0.190     -0.099      -0.384      -0.436
49485.00     -0.219     -0.236      -0.294      -0.519
49486.00     -0.235     -0.300      -0.178      -0.641
49487.00     -0.254     -0.245       0.053      -0.640
49488.00     -0.270     -0.117       0.158      -0.567
49489.00     -0.283      0.004       0.121      -0.580
49490.00     -0.303      0.026      -0.100      -0.648
49491.00     -0.331     -0.089      -0.312      -0.600
49492.00     -0.335     -0.200      -0.442      -0.552
49493.00     -0.302     -0.224      -0.512      -0.674
49494.00     -0.243     -0.188      -0.428      -0.913
49495.00     -0.176     -0.108      -0.322      -0.887
49496.00     -0.124     -0.004      -0.299      -0.721
49497.00     -0.106      0.087      -0.278      -0.604
49498.00     -0.096      0.144      -0.261      -0.653
49499.00     -0.073      0.168      -0.206      -0.742
49500.00     -0.033      0.174      -0.252      -0.875
49501.00      0.017      0.178      -0.333      -0.673
49502.00      0.059      0.193      -0.269      -0.533
49503.00      0.073      0.210      -0.148      -0.354
49504.00      0.048      0.188      -0.041      -0.231
49505.00     -0.007      0.091      -0.152      -0.336
49506.00     -0.067     -0.019      -0.382      -0.389
49507.00     -0.117     -0.053      -0.538      -0.505
49508.00     -0.147     -0.023      -0.568      -0.709
49509.00     -0.135      0.014      -0.491      -0.684
49510.00     -0.082      0.032      -0.376      -0.706
49511.00     -0.011      0.034      -0.278      -0.593
49512.00      0.057      0.006      -0.263      -0.591
49513.00      0.107     -0.098      -0.244      -0.730
49514.00      0.135     -0.263      -0.208      -0.818
49515.00      0.140     -0.418      -0.103      -0.865
49516.00      0.136     -0.489      -0.005      -0.772
49517.00      0.144     -0.425       0.015      -0.601
49518.00      0.175     -0.182      -0.081      -0.603
49519.00      0.230      0.261      -0.291      -0.491
49520.00      0.267      0.575      -0.521      -0.665
49521.00      0.267      0.617      -0.603      -0.788
49522.00      0.229      0.489      -0.578      -0.939
49523.00      0.150      0.287      -0.448      -0.959
49524.00      0.039      0.091      -0.340      -0.720
49525.00     -0.095     -0.045      -0.277      -0.416
49526.00     -0.247     -0.108      -0.196      -0.393
49527.00     -0.392     -0.109      -0.208      -0.497
49528.00     -0.479     -0.073      -0.236      -0.656
49529.00     -0.459     -0.034      -0.377      -0.592
49530.00     -0.330     -0.001      -0.394      -0.475
49531.00     -0.180      0.052      -0.324      -0.398
49532.00     -0.080      0.115      -0.273      -0.159
49533.00     -0.041      0.115      -0.308      -0.207
49534.00     -0.052     -0.045      -0.495      -0.349
49535.00     -0.065     -0.222      -0.697       0.054
49536.00     -0.064     -0.215      -0.588      -0.124
49537.00     -0.042     -0.102      -0.382      -0.122
49538.00     -0.003      0.025      -0.112      -0.142
49539.00      0.027      0.098       0.061      -0.048
49540.00      0.034      0.062       0.211      -0.001
49541.00      0.018      0.006       0.302       0.093
49542.00     -0.011      0.022       0.313       0.162
49543.00     -0.046      0.052       0.265       0.216
49544.00     -0.084      0.088       0.232       0.137
49545.00     -0.110      0.097       0.262       0.222
49546.00     -0.106      0.064       0.241       0.092
49547.00     -0.069     -0.017       0.115      -0.032
49548.00     -0.009     -0.124      -0.057      -0.161
49549.00      0.028     -0.163      -0.255      -0.302
49550.00      0.012     -0.108      -0.365      -0.501
49551.00     -0.047     -0.019      -0.328      -0.649
49552.00     -0.131      0.030      -0.139      -0.503
49553.00     -0.213     -0.045       0.027      -0.279
49554.00     -0.233     -0.197       0.173      -0.081
49555.00     -0.151     -0.370       0.241      -0.226
49556.00     -0.042     -0.444       0.248      -0.441
49557.00      0.025     -0.378       0.175      -0.537
49558.00      0.056     -0.244       0.139      -0.472
49559.00      0.059     -0.103       0.136      -0.248
49560.00      0.047     -0.028       0.121      -0.079
49561.00      0.036     -0.088       0.086       0.118
49562.00      0.019     -0.165      -0.020       0.114
49563.00     -0.013     -0.070      -0.144       0.069
49564.00     -0.051      0.142      -0.194      -0.039
49565.00     -0.085      0.314      -0.214       0.009
49566.00     -0.115      0.283      -0.041       0.065
49567.00     -0.142     -0.040       0.095       0.075
49568.00     -0.148     -0.451       0.235       0.057
49569.00     -0.109     -0.781       0.386       0.071
49570.00     -0.083     -0.917       0.110       0.427
49571.00     -0.107     -0.831      -0.023       0.440
49572.00     -0.148     -0.610      -0.088       0.308
49573.00     -0.159     -0.364      -0.069       0.245
49574.00     -0.090     -0.175       0.053      -0.113
49575.00      0.042     -0.011       0.144      -0.323
49576.00      0.225      0.290       0.141      -0.369
49577.00      0.334      0.529       0.009      -0.351
49578.00      0.307      0.519      -0.151      -0.359
49579.00      0.207      0.340      -0.198      -0.479
49580.00      0.098      0.101      -0.114      -0.344
49581.00      0.029     -0.113       0.029      -0.151
49582.00      0.016     -0.256       0.226       0.002
49583.00      0.051     -0.321       0.349       0.093
49584.00      0.118     -0.317       0.341       0.001
49585.00      0.189     -0.264       0.302      -0.167
49586.00      0.237     -0.193       0.237      -0.154
49587.00      0.247     -0.122       0.188      -0.076
49588.00      0.211     -0.064       0.100       0.031
49589.00      0.115     -0.045       0.063       0.163
49590.00     -0.004     -0.066      -0.011       0.153
49591.00     -0.066     -0.098      -0.127       0.120
49592.00     -0.040     -0.116      -0.229       0.021
49593.00      0.034     -0.115      -0.240       0.056
49594.00      0.101     -0.103      -0.093       0.050
49595.00      0.127     -0.076       0.070       0.025
49596.00      0.159     -0.043       0.283      -0.087
49597.00      0.215     -0.087       0.414      -0.058
49598.00      0.258     -0.157       0.368       0.092
49599.00      0.259     -0.176       0.331       0.373
49600.00      0.224     -0.150       0.149       0.403
49601.00      0.166     -0.101       0.077       0.224
49602.00      0.099     -0.047       0.027      -0.007
49603.00      0.041      0.013       0.047      -0.177
49604.00     -0.001      0.028       0.044      -0.133
49605.00     -0.015      0.026       0.047      -0.194
49606.00     -0.010      0.036      -0.038      -0.085
49607.00     -0.001      0.028      -0.015      -0.123
49608.00      0.012     -0.011      -0.025      -0.162
49609.00      0.020     -0.080       0.043       0.009
49610.00      0.011     -0.161       0.132       0.049
49611.00     -0.006     -0.223       0.172       0.207
49612.00      0.007     -0.244       0.213       0.165
49613.00      0.050     -0.231       0.212       0.057
49614.00      0.084     -0.216       0.217       0.056
49615.00      0.078     -0.216       0.204      -0.155
49616.00      0.023     -0.230       0.113      -0.131
49617.00     -0.057     -0.178       0.098      -0.092
49618.00     -0.119     -0.100       0.009      -0.010
49619.00     -0.117     -0.071      -0.046       0.058
49620.00     -0.051     -0.070      -0.146      -0.085
49621.00      0.036     -0.072      -0.160      -0.028
49622.00      0.089     -0.079      -0.070       0.081
49623.00      0.075     -0.091       0.145       0.050
49624.00      0.038     -0.116       0.324      -0.036
49625.00      0.004     -0.147       0.360      -0.143
49626.00     -0.029     -0.184       0.282      -0.003
49627.00     -0.060     -0.216       0.230       0.288
49628.00     -0.079     -0.231       0.217       0.440
49629.00     -0.066     -0.216       0.131       0.399
49630.00     -0.017     -0.188       0.034       0.345
49631.00      0.022     -0.246      -0.146      -0.031
49632.00     -0.019     -0.360      -0.267      -0.084
49633.00     -0.062     -0.447      -0.226      -0.321
49634.00     -0.044     -0.461      -0.042      -0.483
49635.00     -0.012     -0.399       0.132      -0.474
49636.00      0.012     -0.307       0.161      -0.349
49637.00      0.044     -0.238       0.159      -0.121
49638.00      0.090     -0.193       0.128      -0.022
49639.00      0.131     -0.133       0.144       0.148
49640.00      0.147     -0.046       0.240       0.085
49641.00      0.144      0.025       0.303       0.147
49642.00      0.133      0.033       0.351       0.121
49643.00      0.127     -0.040       0.325       0.102
49644.00      0.142     -0.182       0.364       0.047
49645.00      0.161     -0.285       0.301       0.013
49646.00      0.158     -0.306       0.237      -0.129
49647.00      0.139     -0.274       0.142      -0.079
49648.00      0.125     -0.211       0.057      -0.192
49649.00      0.124     -0.133       0.019      -0.233
49650.00      0.134     -0.079       0.077      -0.277
49651.00      0.152     -0.083       0.221      -0.285
49652.00      0.149     -0.121       0.293      -0.240
49653.00      0.097     -0.176       0.258      -0.295
49654.00     -0.001     -0.167       0.068      -0.379
49655.00     -0.111     -0.061      -0.030      -0.091
49656.00     -0.186      0.070      -0.101      -0.040
49657.00     -0.180      0.142      -0.131       0.006
49658.00     -0.077      0.098      -0.268      -0.139
49659.00      0.025      0.035      -0.528      -0.220
49660.00      0.079     -0.007      -0.928      -0.121
49661.00      0.109     -0.046      -0.872      -0.297
49662.00      0.136     -0.072      -0.531      -0.477
49663.00      0.140     -0.045      -0.135      -0.454
49664.00      0.094      0.001       0.126      -0.280
49665.00      0.029     -0.015       0.127       0.178
49666.00      0.014     -0.127       0.014       0.343
49667.00      0.048     -0.249       0.000       0.466
49668.00      0.076     -0.301       0.113       0.332
49669.00      0.078     -0.297       0.127       0.293
49670.00      0.068     -0.277       0.076       0.225
49671.00      0.057     -0.242       0.057       0.040
49672.00      0.052     -0.181       0.038      -0.157
49673.00      0.060     -0.099       0.003      -0.189
49674.00      0.075     -0.016      -0.068      -0.337
49675.00      0.078      0.048      -0.063      -0.384
49676.00      0.063      0.071      -0.093      -0.501
49677.00      0.035      0.037      -0.084      -0.444
49678.00     -0.006     -0.062       0.013      -0.427
49679.00     -0.058     -0.207       0.124      -0.165
49680.00     -0.092     -0.291       0.188       0.025
49681.00     -0.104     -0.303       0.220       0.068
49682.00     -0.109     -0.291       0.133       0.039
49683.00     -0.106     -0.270       0.026       0.057
49684.00     -0.092     -0.246       0.022      -0.069
49685.00     -0.079     -0.244       0.060      -0.113
49686.00     -0.083     -0.283       0.080      -0.239
49687.00     -0.111     -0.300      -0.049      -0.403
49688.00     -0.155     -0.269      -0.210      -0.303
49689.00     -0.194     -0.228      -0.283      -0.268
49690.00     -0.205     -0.205      -0.287      -0.561
49691.00     -0.184     -0.188       0.037      -0.721
49692.00     -0.155     -0.180       0.143      -0.589
49693.00     -0.123     -0.215       0.002      -0.181
49694.00     -0.112     -0.236      -0.037       0.147
49695.00     -0.110     -0.190      -0.010       0.156
49696.00     -0.114     -0.089       0.138       0.261
49697.00     -0.119      0.007       0.185       0.138
49698.00     -0.103      0.042       0.198       0.212
49699.00     -0.057     -0.004       0.189       0.098
49700.00      0.007     -0.133       0.158       0.051
49701.00      0.052     -0.246       0.161      -0.090
49702.00      0.066     -0.303       0.137      -0.393
49703.00      0.049     -0.316       0.177      -0.493
49704.00      0.013     -0.306       0.180      -0.531
49705.00     -0.018     -0.299       0.215      -0.667
49706.00     -0.025     -0.290       0.193      -0.520
49707.00     -0.004     -0.254       0.171      -0.189
49708.00      0.009     -0.184       0.130       0.214
49709.00     -0.001     -0.110       0.138       0.470
49710.00     -0.030     -0.068       0.059       0.566
49711.00     -0.065     -0.064      -0.045       0.582
49712.00     -0.086     -0.081      -0.054       0.493
49713.00     -0.087     -0.112      -0.005       0.339
49714.00     -0.077     -0.163       0.102       0.310
49715.00     -0.059     -0.227       0.211       0.334
49716.00     -0.035     -0.320       0.338       0.598
49717.00     -0.014     -0.384       0.467       0.946
49718.00     -0.001     -0.389       0.570       0.901
49719.00      0.004     -0.357       0.723       0.680
49720.00      0.006     -0.290       0.109      -0.047
49721.00      0.008     -0.204      -0.056       0.019
49722.00      0.011     -0.121      -0.187       0.022
49723.00      0.001     -0.046      -0.186       0.105
49724.00     -0.028      0.012      -0.093       0.116
49725.00     -0.064      0.028      -0.108       0.013
49726.00     -0.085     -0.002      -0.160      -0.054
49727.00     -0.089     -0.061      -0.163      -0.193
49728.00     -0.086     -0.137      -0.158      -0.434
49729.00     -0.069     -0.177      -0.091      -0.591
49730.00     -0.037     -0.167      -0.059      -0.768
49731.00     -0.004     -0.110       0.013      -0.867
49732.00      0.017     -0.037       0.161      -0.972
49733.00      0.021     -0.007       0.274      -0.937
49734.00     -0.006     -0.061       0.295      -0.632
49735.00     -0.088     -0.212       0.226      -0.294
49736.00     -0.226     -0.453       0.140      -0.019
49737.00     -0.328     -0.605       0.092       0.224
49738.00     -0.350     -0.599       0.025       0.249
49739.00     -0.320     -0.492       0.007       0.121
49740.00     -0.260     -0.335      -0.097       0.002
49741.00     -0.190     -0.187      -0.068      -0.163
49742.00     -0.144     -0.110       0.033      -0.200
49743.00     -0.150     -0.104       0.151      -0.219
49744.00     -0.198     -0.171       0.290       0.066
49745.00     -0.252     -0.327       0.385       0.452
49746.00     -0.293     -0.516       0.436       0.474
49747.00     -0.310     -0.639       0.446       0.356
49748.00     -0.290     -0.577       0.382      -0.004
49749.00     -0.230     -0.301       0.226      -0.118
49750.00     -0.169     -0.088      -0.011      -0.156
49751.00     -0.127     -0.063      -0.057       0.092
49752.00     -0.097     -0.104      -0.132       0.250
49753.00     -0.071     -0.125      -0.171       0.417
49754.00     -0.050     -0.127      -0.157       0.311
49755.00     -0.046     -0.101      -0.163       0.203
49756.00     -0.074     -0.061      -0.115       0.029
49757.00     -0.141     -0.050      -0.116      -0.046
49758.00     -0.234     -0.076      -0.128      -0.283
49759.00     -0.331     -0.102      -0.100      -0.396
49760.00     -0.412     -0.104      -0.061      -0.617
49761.00     -0.449     -0.085       0.011      -0.556
49762.00     -0.417     -0.058      -0.030      -0.305
49763.00     -0.313     -0.033      -0.133      -0.169
49764.00     -0.196     -0.104      -0.284      -0.067
49765.00     -0.117     -0.179      -0.404      -0.012
49766.00     -0.085     -0.191      -0.430      -0.189
49767.00     -0.090     -0.157      -0.413      -0.175
49768.00     -0.132     -0.090      -0.341      -0.142
49769.00     -0.202     -0.031      -0.269      -0.152
49770.00     -0.286     -0.028      -0.125      -0.044
49771.00     -0.369     -0.094       0.050       0.020
49772.00     -0.430     -0.166       0.288       0.176
49773.00     -0.447     -0.185       0.504       0.452
49774.00     -0.427     -0.178       0.620       0.580
49775.00     -0.378     -0.154       0.645       0.459
49776.00     -0.304     -0.108       0.627       0.276
49777.00     -0.224     -0.065      -0.112       0.159
49778.00     -0.152     -0.068      -0.145       0.195
49779.00     -0.095     -0.098      -0.253       0.376
49780.00     -0.048     -0.100      -0.288       0.633
49781.00     -0.012     -0.071      -0.351       0.694
49782.00      0.004     -0.028      -0.310       0.519
49783.00     -0.003      0.015      -0.187       0.393
49784.00     -0.024      0.036      -0.024       0.206
49785.00     -0.035      0.012       0.076       0.043
49786.00     -0.036     -0.052       0.089       0.008
49787.00     -0.040     -0.115       0.131      -0.255
49788.00     -0.053     -0.141       0.160      -0.370
49789.00     -0.076     -0.122       0.190      -0.483
49790.00     -0.111     -0.060       0.165      -0.234
49791.00     -0.154      0.057       0.090      -0.050
49792.00     -0.179      0.172      -0.011       0.074
49793.00     -0.177      0.246      -0.150      -0.108
49794.00     -0.152      0.272      -0.236      -0.221
49795.00     -0.113      0.264      -0.218      -0.338
49796.00     -0.073      0.238      -0.145      -0.119
49797.00     -0.050      0.184      -0.074      -0.029
49798.00     -0.056      0.092       0.076       0.164
49799.00     -0.091     -0.018       0.156       0.142
49800.00     -0.126     -0.098       0.311       0.203
49801.00     -0.133     -0.129       0.384       0.201
49802.00     -0.118     -0.139       0.396       0.383
49803.00     -0.099     -0.147       0.300       0.464
49804.00     -0.082     -0.138       0.123       0.334
49805.00     -0.074     -0.107      -0.028       0.191
49806.00     -0.063     -0.078      -0.159       0.161
49807.00     -0.044     -0.063      -0.215       0.197
49808.00     -0.013     -0.047      -0.348       0.340
49809.00      0.020     -0.020      -0.368       0.374
49810.00      0.036      0.003      -0.321       0.226
49811.00      0.029      0.003      -0.185       0.110
49812.00      0.008     -0.020      -0.038      -0.005
49813.00     -0.033     -0.064       0.078      -0.098
49814.00     -0.097     -0.116       0.184      -0.139
49815.00     -0.179     -0.152       0.275      -0.218
49816.00     -0.258     -0.157       0.252      -0.308
49817.00     -0.320     -0.147       0.220      -0.444
49818.00     -0.349     -0.141       0.133      -0.279
49819.00     -0.329     -0.122       0.055       0.029
49820.00     -0.272     -0.051      -0.040       0.140
49821.00     -0.156      0.014      -0.141      -0.001
49822.00     -0.044      0.043      -0.309      -0.250
49823.00      0.004      0.051      -0.405      -0.409
49824.00      0.003      0.053      -0.344      -0.173
49825.00     -0.028      0.044      -0.294      -0.033
49826.00     -0.074      0.028      -0.165       0.067
49827.00     -0.124      0.039      -0.059       0.082
49828.00     -0.192      0.039       0.099       0.030
49829.00     -0.243      0.036       0.236       0.001
49830.00     -0.254      0.043       0.323       0.097
49831.00     -0.241      0.042       0.284       0.184
49832.00     -0.214      0.039       0.131       0.148
49833.00     -0.187      0.053       0.003       0.190
49834.00     -0.185      0.091      -0.141       0.023
49835.00     -0.204      0.146      -0.241      -0.010
49836.00     -0.222      0.205      -0.269      -0.052
49837.00     -0.228      0.247      -0.323      -0.093
49838.00     -0.227      0.240      -0.322      -0.097
49839.00     -0.217      0.157      -0.268      -0.050
49840.00     -0.184      0.006      -0.113       0.029
49841.00     -0.133     -0.114       0.021      -0.016
49842.00     -0.086     -0.168       0.206       0.029
49843.00     -0.054     -0.162       0.396       0.099
49844.00     -0.028     -0.105       0.380       0.042
49845.00     -0.011     -0.033       0.269      -0.061
49846.00     -0.023      0.002       0.075      -0.045
49847.00     -0.066     -0.009      -0.042       0.040
49848.00     -0.131     -0.045      -0.039       0.223
49849.00     -0.180     -0.064      -0.127       0.203
49850.00     -0.201     -0.064      -0.171      -0.062
49851.00     -0.208     -0.048      -0.252      -0.382
49852.00     -0.216     -0.017      -0.254      -0.207
49853.00     -0.224      0.005      -0.227       0.085
49854.00     -0.211      0.003      -0.147       0.235
49855.00     -0.165      0.007      -0.014       0.213
49856.00     -0.104      0.052       0.108       0.252
49857.00     -0.044      0.129       0.190       0.214
49858.00      0.007      0.204       0.350       0.261
49859.00      0.037      0.250       0.467       0.295
49860.00      0.034      0.249       0.448       0.370
49861.00     -0.013      0.197       0.309       0.293
49862.00     -0.104      0.110       0.090       0.291
49863.00     -0.196      0.048      -0.008       0.132
49864.00     -0.250      0.026      -0.035       0.093
49865.00     -0.258      0.014       0.010       0.080
49866.00     -0.232      0.007       0.021       0.075
49867.00     -0.196      0.013       0.025       0.140
49868.00     -0.158      0.042       0.033       0.173
49869.00     -0.127      0.080       0.126       0.123
49870.00     -0.119      0.067       0.273       0.100
49871.00     -0.137     -0.001       0.467       0.119
49872.00     -0.152     -0.076       0.507       0.284
49873.00     -0.147     -0.119       0.288       0.239
49874.00     -0.128     -0.118       0.068       0.056
49875.00     -0.095     -0.045      -0.142      -0.066
49876.00     -0.036      0.143      -0.171      -0.059
49877.00      0.041      0.377      -0.085      -0.232
49878.00      0.105      0.519      -0.049      -0.454
49879.00      0.136      0.531      -0.021      -0.624
49880.00      0.110      0.454       0.019      -0.440
49881.00      0.017      0.298       0.023      -0.190
49882.00     -0.118      0.075       0.095      -0.016
49883.00     -0.253     -0.165       0.158      -0.008
49884.00     -0.310     -0.292       0.201       0.026
49885.00     -0.282     -0.275       0.197       0.249
49886.00     -0.207     -0.170       0.321       0.359
49887.00     -0.117     -0.034       0.445       0.405
49888.00     -0.033      0.071       0.452       0.477
49889.00      0.051      0.096       0.339       0.540
49890.00      0.184      0.079       0.052       0.629
49891.00      0.349      0.070      -0.124       0.453
49892.00      0.500      0.073      -0.087       0.332
49893.00      0.610      0.052       0.028       0.269
49894.00      0.637     -0.004       0.100       0.291
49895.00      0.516     -0.072       0.133       0.288
49896.00      0.225     -0.110       0.145       0.247
49897.00     -0.058     -0.009       0.184       0.304
49898.00     -0.234      0.133       0.309       0.308
49899.00     -0.318      0.222       0.469       0.440
49900.00     -0.333      0.274       0.582       0.725
49901.00     -0.294      0.296       0.523       0.826
49902.00     -0.235      0.288       0.296       0.697
49903.00     -0.196      0.243       0.054       0.491
49904.00     -0.209      0.167      -0.013       0.173
49905.00     -0.293      0.065      -0.032      -0.025
49906.00     -0.417     -0.052       0.054      -0.229
49907.00     -0.531     -0.154       0.068      -0.326
49908.00     -0.591     -0.201       0.066      -0.127
49909.00     -0.556     -0.179       0.051       0.145
49910.00     -0.400     -0.115      -0.003       0.161
49911.00     -0.223     -0.148       0.062      -0.032
49912.00     -0.078     -0.185       0.131      -0.080
49913.00      0.031     -0.153       0.108       0.051
49914.00      0.093     -0.085       0.105       0.155
49915.00      0.105     -0.010       0.208       0.196
49916.00      0.076      0.021       0.332       0.087
49917.00      0.039     -0.028       0.274       0.015
49918.00      0.024     -0.083      -0.037      -0.008
49919.00      0.022     -0.078      -0.250      -0.041
49920.00      0.016     -0.013      -0.347      -0.215
49921.00      0.013      0.062      -0.308      -0.299
49922.00      0.024      0.102      -0.248      -0.265
49923.00      0.035      0.094      -0.243      -0.252
49924.00      0.040      0.070      -0.290      -0.318
49925.00      0.072      0.186      -0.216      -0.242
49926.00      0.138      0.440      -0.109      -0.132
49927.00      0.206      0.740       0.054      -0.022
49928.00      0.246      0.986       0.153       0.155
49929.00      0.245      1.074       0.218       0.305
49930.00      0.191      0.898       0.264       0.266
49931.00      0.073      0.428       0.126       0.140
49932.00     -0.028      0.038      -0.043      -0.224
49933.00     -0.075     -0.133      -0.169      -0.452
49934.00     -0.086     -0.152      -0.141      -0.547
49935.00     -0.076     -0.071      -0.105      -0.535
49936.00     -0.059      0.058      -0.079      -0.177
49937.00     -0.046      0.162      -0.015       0.104
49938.00     -0.055      0.187      -0.035       0.196
49939.00     -0.105      0.204       0.057       0.031
49940.00     -0.145      0.227       0.097      -0.140
49941.00     -0.146      0.232       0.048      -0.012
49942.00     -0.119      0.220      -0.039       0.191
49943.00     -0.084      0.208      -0.007       0.306
49944.00     -0.059      0.197       0.056       0.332
49945.00     -0.046      0.165       0.109       0.198
49946.00     -0.045      0.110       0.019       0.080
49947.00     -0.036      0.066      -0.074       0.009
49948.00     -0.021      0.060      -0.103      -0.137
49949.00     -0.008      0.074      -0.034      -0.096
49950.00     -0.003      0.087       0.056      -0.086
49951.00     -0.019      0.094       0.119      -0.106
49952.00     -0.069      0.099       0.140       0.066
49953.00     -0.139      0.092       0.204       0.153
49954.00     -0.149      0.077       0.178       0.353
49955.00     -0.103      0.138       0.120       0.432
49956.00     -0.069      0.237       0.039       0.460
49957.00     -0.089      0.325       0.065       0.351
49958.00     -0.138      0.302       0.018       0.158
49959.00     -0.210      0.139      -0.063       0.015
49960.00     -0.328      0.073      -0.190      -0.192
49961.00     -0.470      0.133      -0.379      -0.387
49962.00     -0.540      0.178      -0.441      -0.544
49963.00     -0.502      0.166      -0.358      -0.605
49964.00     -0.395      0.139      -0.244      -0.473
49965.00     -0.263      0.112      -0.138      -0.274
49966.00     -0.153      0.076      -0.055      -0.274
49967.00     -0.102      0.041       0.039      -0.203
49968.00     -0.089      0.031       0.058      -0.406
49969.00     -0.088      0.040      -0.028      -0.381
49970.00     -0.090      0.049      -0.059      -0.159
49971.00     -0.089      0.062      -0.070       0.059
49972.00     -0.087      0.088      -0.018       0.229
49973.00     -0.083      0.104       0.088       0.099
49974.00     -0.075      0.084       0.149      -0.066
49975.00     -0.058      0.038       0.171      -0.172
49976.00     -0.034     -0.000       0.164      -0.296
49977.00     -0.006     -0.018       0.168      -0.198
49978.00      0.013     -0.015       0.189      -0.153
49979.00      0.010      0.026       0.258      -0.066
49980.00     -0.011      0.098       0.334       0.027
49981.00     -0.024      0.052       0.387       0.182
49982.00     -0.018     -0.070       0.387       0.562
49983.00     -0.002     -0.110       0.296       0.742
49984.00      0.014     -0.065       0.220       0.638
49985.00      0.030      0.002       0.102       0.418
49986.00      0.046      0.037       0.085       0.163
49987.00      0.060      0.031       0.042       0.103
49988.00      0.062      0.043      -0.021       0.104
49989.00      0.046      0.075      -0.139       0.024
49990.00      0.018      0.086      -0.147      -0.035
49991.00     -0.004      0.072      -0.117      -0.043
49992.00     -0.010      0.066      -0.043      -0.124
49993.00     -0.015      0.086       0.041       0.026
49994.00     -0.042      0.103       0.054       0.122
49995.00     -0.086      0.040       0.076       0.197
49996.00     -0.120     -0.055       0.022       0.088
49997.00     -0.125     -0.087       0.004       0.114
49998.00     -0.107     -0.059      -0.026       0.062
49999.00     -0.087      0.009      -0.057       0.113
50000.00     -0.076      0.105      -0.092       0.173
50001.00     -0.092      0.194      -0.039      -0.028
50002.00     -0.122      0.210       0.002      -0.173
50003.00     -0.135      0.067       0.018      -0.285
50004.00     -0.110     -0.060      -0.059      -0.319
50005.00     -0.059     -0.097      -0.094      -0.210
50006.00     -0.006     -0.081      -0.118      -0.143
50007.00      0.029     -0.043      -0.057      -0.067
50008.00      0.045      0.012      -0.029       0.067
50009.00      0.045      0.072       0.043       0.252
50010.00      0.028      0.117       0.042       0.503
50011.00     -0.005      0.137       0.064       0.805
50012.00     -0.043      0.133       0.047       0.716
50013.00     -0.067      0.104       0.031       0.552
50014.00     -0.066      0.050       0.012       0.124
50015.00     -0.042     -0.013       0.025       0.037
50016.00     -0.021     -0.044       0.030       0.177
50017.00     -0.014     -0.034       0.075       0.143
50018.00     -0.022     -0.007       0.179       0.173
50019.00     -0.041      0.025       0.310       0.087
50020.00     -0.056      0.062       0.367       0.094
50021.00     -0.053      0.099       0.390       0.139
50022.00     -0.038      0.121       0.275       0.188
50023.00     -0.023      0.114       0.242       0.306
50024.00     -0.009      0.079       0.206       0.408
50025.00      0.012      0.027       0.224       0.427
50026.00      0.034     -0.031       0.230       0.478
50027.00      0.042     -0.061       0.245       0.346
50028.00      0.030     -0.026       0.285       0.316
50029.00     -0.009      0.089       0.340       0.282
50030.00     -0.093      0.267       0.351      -0.051
50031.00     -0.179      0.415       0.373      -0.170
50032.00     -0.186      0.441       0.421      -0.252
50033.00     -0.106      0.354       0.375      -0.291
50034.00      0.002      0.210       0.393      -0.130
50035.00      0.080      0.061       0.446      -0.145
50036.00      0.100     -0.025       0.422      -0.058
50037.00      0.078     -0.007       0.320       0.007
50038.00      0.033      0.062       0.232       0.247
50039.00     -0.014      0.112       0.187       0.345
50040.00     -0.047      0.132       0.183       0.462
50041.00     -0.055      0.128       0.111       0.324
50042.00     -0.042      0.107       0.046      -0.030
50043.00     -0.018      0.056      -0.064      -0.070
50044.00      0.001     -0.078      -0.117       0.126
50045.00      0.023     -0.293      -0.016       0.126
50046.00      0.051     -0.526       0.219       0.040
50047.00      0.066     -0.694       0.376      -0.077
50048.00      0.052     -0.736       0.481      -0.171
50049.00      0.020     -0.630       0.413      -0.120
50050.00     -0.009     -0.386       0.262      -0.102
50051.00     -0.036     -0.151       0.173      -0.115
50052.00     -0.071      0.022       0.128       0.030
50053.00     -0.106      0.122       0.086       0.269
50054.00     -0.119      0.146       0.030       0.424
50055.00     -0.104      0.122       0.029       0.302
50056.00     -0.058      0.092      -0.004       0.207
50057.00      0.026      0.067       0.056       0.111
50058.00      0.139      0.042       0.068      -0.138
50059.00      0.220      0.007       0.191      -0.163
50060.00      0.246     -0.031       0.217      -0.282
50061.00      0.237     -0.058       0.245      -0.265
50062.00      0.203     -0.077       0.358      -0.191
50063.00      0.159     -0.098       0.350      -0.025
50064.00      0.125     -0.129       0.316       0.033
50065.00      0.107     -0.168       0.141       0.079
50066.00      0.083     -0.159       0.018       0.026
50067.00      0.050     -0.095      -0.035       0.166
50068.00      0.022     -0.012       0.043       0.141
50069.00      0.007      0.046       0.128       0.031
50070.00     -0.000      0.029       0.149      -0.120
50071.00     -0.007     -0.073       0.152      -0.107
50072.00     -0.020     -0.155       0.179       0.036
50073.00     -0.038     -0.201       0.310       0.179
50074.00     -0.048     -0.244       0.421       0.078
50075.00     -0.046     -0.259       0.533      -0.106
50076.00     -0.046     -0.221       0.522      -0.237
50077.00     -0.056     -0.150       0.347      -0.056
50078.00     -0.057     -0.087       0.164      -0.097
50079.00     -0.046     -0.027       0.097      -0.108
50080.00     -0.036      0.047       0.159      -0.057
50081.00     -0.030      0.112       0.081       0.155
50082.00     -0.011      0.143       0.011       0.441
50083.00      0.024      0.147       0.021       0.435
50084.00      0.060      0.142       0.062       0.391
50085.00      0.093      0.131       0.263       0.199
50086.00      0.125      0.109       0.395       0.048
50087.00      0.149      0.074       0.504      -0.170
50088.00      0.165      0.025       0.607      -0.392
50089.00      0.177     -0.036       0.634      -0.486
50090.00      0.186     -0.098       0.592      -0.291
50091.00      0.184     -0.142       0.482      -0.234
50092.00      0.175     -0.154       0.364      -0.144
50093.00      0.155     -0.141       0.182      -0.109
50094.00      0.123     -0.130      -0.063      -0.169
50095.00      0.087     -0.136      -0.146      -0.192
50096.00      0.066     -0.143      -0.104      -0.239
50097.00      0.060     -0.147      -0.056      -0.183
50098.00      0.054     -0.173       0.059      -0.240
50099.00      0.048     -0.221       0.150      -0.284
50100.00      0.044     -0.264       0.343      -0.047
50101.00      0.034     -0.291       0.472       0.191
50102.00      0.013     -0.328       0.614       0.177
50103.00     -0.009     -0.376       0.688      -0.070
50104.00     -0.020     -0.389       0.550      -0.276
50105.00     -0.020     -0.332       0.320      -0.183
50106.00     -0.011     -0.221       0.077      -0.106
50107.00     -0.006     -0.139       0.020      -0.090
50108.00     -0.019     -0.101      -0.012      -0.188
50109.00     -0.042     -0.097      -0.037      -0.177
50110.00     -0.049     -0.122      -0.112      -0.060
50111.00     -0.029     -0.162      -0.097      -0.067
50112.00      0.012     -0.204       0.057      -0.186
50113.00      0.073     -0.250       0.250      -0.287
50114.00      0.128     -0.281       0.416      -0.400
50115.00      0.160     -0.272       0.412      -0.401
50116.00      0.162     -0.226       0.453      -0.406
50117.00      0.135     -0.177       0.434      -0.388
50118.00      0.078     -0.139       0.414      -0.294
50119.00     -0.022     -0.096       0.271      -0.128
50120.00     -0.172     -0.045       0.189       0.013
50121.00     -0.378     -0.067       0.223      -0.064
50122.00     -0.516     -0.146       0.247      -0.249
50123.00     -0.530     -0.232       0.298      -0.449
50124.00     -0.446     -0.288       0.336      -0.595
50125.00     -0.299     -0.282       0.305      -0.488
50126.00     -0.148     -0.215       0.178      -0.340
50127.00     -0.028     -0.092       0.043      -0.107
50128.00      0.122      0.064       0.045       0.324
50129.00      0.281      0.201       0.146       0.614
50130.00      0.369      0.254       0.264       0.577
50131.00      0.376      0.215       0.430       0.325
50132.00      0.324      0.125       0.464       0.007
50133.00      0.242      0.025       0.408      -0.160
50134.00      0.147     -0.055       0.320      -0.030
50135.00      0.049     -0.087       0.224       0.091
50136.00     -0.047     -0.092       0.155      -0.003
50137.00     -0.128     -0.112       0.014      -0.048
50138.00     -0.180     -0.144      -0.103      -0.050
50139.00     -0.208     -0.163      -0.172       0.001
50140.00     -0.223     -0.170      -0.132      -0.150
50141.00     -0.225     -0.185       0.024      -0.151
50142.00     -0.206     -0.205       0.081      -0.208
50143.00     -0.176     -0.196       0.120      -0.200
50144.00     -0.149     -0.150       0.196      -0.297
50145.00     -0.128     -0.100       0.257      -0.265
50146.00     -0.107     -0.078       0.295      -0.091
50147.00     -0.093     -0.079       0.239       0.000
50148.00     -0.091     -0.091       0.118      -0.042
50149.00     -0.086     -0.121       0.006      -0.036
50150.00     -0.079     -0.163      -0.110      -0.149
50151.00     -0.080     -0.198      -0.194      -0.135
50152.00     -0.086     -0.210      -0.218      -0.184
50153.00     -0.088     -0.193      -0.200      -0.214
50154.00     -0.081     -0.158      -0.131      -0.224
50155.00     -0.078     -0.114       0.014      -0.083
50156.00     -0.081     -0.078       0.178      -0.098
50157.00     -0.084     -0.061       0.283       0.030
50158.00     -0.079     -0.070       0.381      -0.128
50159.00     -0.073     -0.081       0.397      -0.358
50160.00     -0.074     -0.077       0.325      -0.561
50161.00     -0.086     -0.063       0.248      -0.527
50162.00     -0.114     -0.067       0.142      -0.346
50163.00     -0.166     -0.095       0.104       0.084
50164.00     -0.233     -0.134       0.047       0.261
50165.00     -0.299     -0.168       0.030       0.152
50166.00     -0.352     -0.183       0.057       0.086
50167.00     -0.383     -0.156       0.138      -0.001
50168.00     -0.381     -0.085       0.209       0.020
50169.00     -0.338      0.010       0.289       0.075
50170.00     -0.311      0.078       0.311      -0.029
50171.00     -0.298      0.126       0.215      -0.013
50172.00     -0.290      0.175       0.214      -0.019
50173.00     -0.289      0.212       0.191       0.013
50174.00     -0.293      0.209       0.181       0.177
50175.00     -0.305      0.174       0.007       0.297
50176.00     -0.335      0.132      -0.150       0.228
50177.00     -0.383      0.087      -0.266       0.025
50178.00     -0.408      0.039      -0.411       0.008
50179.00     -0.398     -0.001      -0.521       0.040
50180.00     -0.370     -0.024      -0.565       0.051
50181.00     -0.330     -0.031      -0.525       0.110
50182.00     -0.275     -0.035      -0.419       0.155
50183.00     -0.214     -0.029      -0.254       0.044
50184.00     -0.168      0.001      -0.036       0.060
50185.00     -0.151      0.031       0.071       0.095
50186.00     -0.159      0.027       0.074       0.059
50187.00     -0.179     -0.006       0.036       0.010
50188.00     -0.204     -0.034      -0.014      -0.162
50189.00     -0.233     -0.054      -0.017      -0.203
50190.00     -0.269     -0.097      -0.020      -0.153
50191.00     -0.315     -0.187      -0.092      -0.012
50192.00     -0.361     -0.298      -0.217       0.046
50193.00     -0.398     -0.395      -0.281      -0.164
50194.00     -0.425     -0.457      -0.276      -0.267
50195.00     -0.433     -0.471      -0.243      -0.417
50196.00     -0.404     -0.413      -0.102      -0.332
50197.00     -0.318     -0.262       0.030      -0.163
50198.00     -0.193     -0.074       0.072       0.076
50199.00     -0.111      0.031       0.092       0.215
50200.00     -0.094      0.098       0.094       0.294
50201.00     -0.119      0.150       0.083       0.297
50202.00     -0.170      0.160       0.113       0.442
50203.00     -0.228      0.122       0.072       0.341
50204.00     -0.279      0.063       0.017       0.107
50205.00     -0.301      0.004      -0.140      -0.207
50206.00     -0.226      0.013      -0.346      -0.513
50207.00     -0.065      0.095      -0.521      -0.467
50208.00      0.107      0.195      -0.561      -0.250
50209.00      0.211      0.250      -0.544      -0.108
50210.00      0.171      0.191      -0.464      -0.020
50211.00     -0.034      0.011      -0.271      -0.229
50212.00     -0.221     -0.121      -0.064      -0.238
50213.00     -0.326     -0.156       0.094      -0.121
50214.00     -0.372     -0.146       0.075      -0.009
50215.00     -0.375     -0.125       0.026       0.094
50216.00     -0.346     -0.086      -0.068       0.146
50217.00     -0.301     -0.014      -0.123       0.188
50218.00     -0.262      0.072      -0.076       0.080
50219.00     -0.239      0.143       0.010       0.131
50220.00     -0.219      0.191      -0.022       0.196
50221.00     -0.194      0.224      -0.040       0.029
50222.00     -0.175      0.227      -0.029      -0.074
50223.00     -0.165      0.185       0.036      -0.073
50224.00     -0.151      0.097       0.111      -0.017
50225.00     -0.122     -0.023       0.233       0.097
50226.00     -0.105     -0.104       0.293       0.314
50227.00     -0.107     -0.129       0.304       0.362
50228.00     -0.117     -0.100       0.229       0.525
50229.00     -0.125     -0.036       0.056       0.468
50230.00     -0.142      0.024      -0.037       0.450
50231.00     -0.172      0.050      -0.030       0.434
50232.00     -0.208      0.055       0.039       0.212
50233.00     -0.239      0.052       0.074      -0.040
50234.00     -0.255      0.054      -0.012      -0.355
50235.00     -0.257      0.072      -0.074      -0.317
50236.00     -0.249      0.097      -0.117      -0.034
50237.00     -0.231      0.096      -0.053       0.322
50238.00     -0.204      0.032       0.067       0.291
50239.00     -0.177     -0.092       0.098       0.100
50240.00     -0.158     -0.181       0.251      -0.105
50241.00     -0.148     -0.202       0.342      -0.138
50242.00     -0.146     -0.191       0.349       0.002
50243.00     -0.147     -0.174       0.229       0.118
50244.00     -0.145     -0.145       0.008       0.132
50245.00     -0.138     -0.087      -0.141       0.200
50246.00     -0.124      0.037      -0.186       0.001
50247.00     -0.092      0.333      -0.111      -0.241
50248.00     -0.049      0.581      -0.044      -0.365
50249.00     -0.003      0.622      -0.010      -0.422
50250.00      0.035      0.512       0.068      -0.436
50251.00      0.050      0.319       0.024      -0.280
50252.00      0.044      0.116       0.063      -0.288
50253.00      0.021     -0.034       0.114      -0.109
50254.00     -0.029     -0.089       0.197       0.115
50255.00     -0.117     -0.019       0.251       0.266
50256.00     -0.220      0.158       0.180       0.271
50257.00     -0.319      0.310      -0.024       0.313
50258.00     -0.400      0.374      -0.219       0.251
50259.00     -0.429      0.291      -0.181       0.123
50260.00     -0.370      0.071      -0.026       0.065
50261.00     -0.286     -0.062       0.056      -0.107
50262.00     -0.219     -0.072       0.017      -0.323
50263.00     -0.184     -0.034      -0.142      -0.378
50264.00     -0.195      0.025      -0.273       0.000
50265.00     -0.239      0.089      -0.291       0.303
50266.00     -0.284      0.133      -0.285       0.377
50267.00     -0.304      0.159      -0.222       0.241
50268.00     -0.303      0.177      -0.139       0.026
50269.00     -0.301      0.187      -0.019      -0.031
50270.00     -0.307      0.172       0.060       0.116
50271.00     -0.317      0.136       0.206      -0.003
50272.00     -0.326      0.098       0.173       0.025
50273.00     -0.332      0.074       0.076      -0.000
50274.00     -0.336      0.080      -0.051       0.139
50275.00     -0.352      0.143      -0.058      -0.030
50276.00     -0.368      0.224       0.076      -0.063
50277.00     -0.351      0.258       0.231       0.046
50278.00     -0.296      0.235       0.240       0.216
50279.00     -0.223      0.192       0.188       0.347
50280.00     -0.146      0.163       0.111       0.353
50281.00     -0.068      0.160       0.053       0.196
50282.00     -0.025      0.189       0.126       0.323
50283.00     -0.029      0.219       0.196       0.391
50284.00     -0.057      0.239       0.161       0.503
50285.00     -0.087      0.262       0.020       0.446
50286.00     -0.118      0.268      -0.125       0.416
50287.00     -0.150      0.207      -0.156       0.188
50288.00     -0.171      0.070      -0.006      -0.020
50289.00     -0.189     -0.010       0.174      -0.169
50290.00     -0.202     -0.025       0.221      -0.464
50291.00     -0.206     -0.043       0.204      -0.591
50292.00     -0.214     -0.054       0.067      -0.479
50293.00     -0.238     -0.055       0.007      -0.261
50294.00     -0.263     -0.057      -0.007      -0.117
50295.00     -0.264     -0.058      -0.059      -0.103
50296.00     -0.236     -0.031      -0.146      -0.106
50297.00     -0.203      0.012      -0.244       0.240
50298.00     -0.185      0.049      -0.267       0.280
50299.00     -0.186      0.081      -0.156       0.310
50300.00     -0.209      0.114      -0.002       0.242
50301.00     -0.249      0.125      -0.012       0.222
50302.00     -0.304      0.090      -0.133       0.418
50303.00     -0.386      0.026      -0.228       0.380
50304.00     -0.451      0.007      -0.222       0.238
50305.00     -0.462      0.041      -0.133       0.245
50306.00     -0.417      0.086      -0.129       0.158
50307.00     -0.339      0.132      -0.190       0.230
50308.00     -0.254      0.171      -0.201       0.094
50309.00     -0.171      0.178      -0.043      -0.012
50310.00     -0.100      0.161       0.187       0.058
50311.00     -0.056      0.129       0.341       0.197
50312.00     -0.043      0.094       0.401       0.342
50313.00     -0.054      0.073       0.398       0.455
50314.00     -0.077      0.067       0.312       0.475
50315.00     -0.111      0.064       0.191       0.346
50316.00     -0.151      0.056       0.180       0.129
50317.00     -0.191      0.038       0.319       0.033
50318.00     -0.227      0.008       0.417      -0.150
50319.00     -0.256     -0.022       0.380      -0.184
50320.00     -0.270     -0.034       0.291      -0.171
50321.00     -0.263     -0.024       0.185      -0.022
50322.00     -0.228     -0.020       0.132      -0.149
50323.00     -0.164     -0.026       0.081      -0.171
50324.00     -0.112      0.007      -0.040      -0.072
50325.00     -0.077      0.059      -0.186       0.207
50326.00     -0.046      0.095      -0.242       0.465
50327.00     -0.025      0.132      -0.114       0.521
50328.00     -0.018      0.180       0.073       0.364
50329.00     -0.016      0.213       0.186       0.136
50330.00     -0.007      0.191       0.138       0.245
50331.00     -0.025      0.114       0.135       0.284
50332.00     -0.070     -0.015       0.092       0.292
50333.00     -0.084     -0.025       0.099       0.301
50334.00     -0.058      0.028       0.110       0.130
50335.00     -0.024      0.044       0.034       0.197
50336.00     -0.007      0.039      -0.032       0.095
50337.00     -0.011      0.019      -0.092       0.039
50338.00     -0.012     -0.016      -0.078       0.090
50339.00      0.002     -0.022      -0.089       0.108
50340.00      0.017      0.018      -0.087       0.196
50341.00      0.024      0.067      -0.049       0.210
50342.00      0.025      0.089      -0.011       0.217
50343.00      0.016      0.060      -0.061       0.214
50344.00     -0.010     -0.022      -0.026       0.010
50345.00     -0.049     -0.074       0.145      -0.086
50346.00     -0.082     -0.043       0.285      -0.052
50347.00     -0.113      0.079       0.452      -0.065
50348.00     -0.148      0.190       0.453       0.142
50349.00     -0.173      0.215       0.432       0.155
50350.00     -0.169      0.138       0.310       0.082
50351.00     -0.133     -0.001       0.203       0.005
50352.00     -0.102     -0.040       0.019      -0.065
50353.00     -0.080      0.039      -0.224       0.175
50354.00     -0.056      0.171      -0.379       0.482
50355.00     -0.032      0.314      -0.358       0.533
50356.00     -0.020      0.431      -0.215       0.497
50357.00     -0.019      0.450      -0.023       0.263
50358.00     -0.019      0.313       0.096       0.136
50359.00     -0.020      0.165       0.168       0.242
50360.00      0.005      0.110       0.146       0.339
50361.00      0.032      0.057       0.178       0.264
50362.00      0.015     -0.016       0.180       0.154
50363.00     -0.048     -0.065       0.130       0.038
50364.00     -0.131     -0.059       0.098       0.072
50365.00     -0.201      0.017       0.034       0.073
50366.00     -0.232      0.122      -0.027       0.119
50367.00     -0.226      0.216      -0.108       0.094
50368.00     -0.202      0.269      -0.102       0.137
50369.00     -0.166      0.278      -0.071       0.142
50370.00     -0.116      0.247      -0.009       0.188
50371.00     -0.063      0.209       0.034       0.365
50372.00     -0.025      0.195       0.108       0.474
50373.00     -0.034      0.142       0.200       0.418
50374.00     -0.079      0.072       0.318       0.288
50375.00     -0.111      0.048       0.439       0.149
50376.00     -0.120      0.126       0.495       0.239
50377.00     -0.121      0.265       0.491       0.203
50378.00     -0.110      0.337       0.371       0.154
50379.00     -0.082      0.272       0.225       0.212
50380.00     -0.058      0.199       0.148       0.223
50381.00     -0.045      0.169       0.041       0.407
50382.00     -0.036      0.155      -0.036       0.618
50383.00     -0.029      0.147      -0.114       0.782
50384.00     -0.019      0.151      -0.060       0.679
50385.00     -0.007      0.162       0.036       0.376
50386.00      0.009      0.146       0.144       0.156
50387.00      0.032      0.091       0.196       0.138
50388.00      0.058      0.029       0.233       0.275
50389.00      0.082     -0.009       0.213       0.404
50390.00      0.093     -0.011       0.185       0.304
50391.00      0.083      0.047       0.186       0.173
50392.00      0.047      0.169       0.212       0.188
50393.00     -0.008      0.201       0.193       0.100
50394.00     -0.052      0.146       0.175      -0.031
50395.00     -0.051      0.081       0.146      -0.181
50396.00     -0.050      0.099       0.115      -0.436
50397.00     -0.074      0.185       0.089      -0.645
50398.00     -0.096      0.250       0.132      -0.727
50399.00     -0.087      0.222       0.147      -0.549
50400.00     -0.035      0.077       0.179      -0.179
50401.00      0.018      0.012       0.224      -0.050
50402.00      0.073      0.049       0.352      -0.053
50403.00      0.121      0.116       0.441      -0.184
50404.00      0.142      0.174       0.487      -0.079
50405.00      0.131      0.212       0.440      -0.077
50406.00      0.090      0.206       0.294       0.065
50407.00      0.031      0.133       0.137       0.187
50408.00     -0.023      0.009       0.033       0.316
50409.00     -0.110     -0.121       0.030       0.417
50410.00     -0.284     -0.417       0.070       0.591
50411.00     -0.505     -0.872       0.126       0.549
50412.00     -0.658     -1.204       0.195       0.503
50413.00     -0.627     -1.128       0.292       0.358
50414.00     -0.356     -0.503       0.419       0.121
50415.00     -0.090      0.076       0.589       0.001
50416.00      0.065      0.360       0.679      -0.089
50417.00      0.139      0.431       0.661      -0.039
50418.00      0.151      0.343       0.669      -0.057
50419.00      0.125      0.151       0.615      -0.185
50420.00      0.089     -0.064       0.553      -0.274
50421.00      0.061     -0.199       0.456      -0.350
50422.00     -0.020     -0.101       0.302      -0.408
50423.00     -0.135      0.134       0.238      -0.425
50424.00     -0.196      0.301       0.154      -0.558
50425.00     -0.173      0.341       0.110      -0.727
50426.00     -0.099      0.292       0.085      -0.833
50427.00     -0.020      0.197       0.079      -0.554
50428.00      0.033      0.094       0.133      -0.117
50429.00      0.061      0.029       0.255       0.077
50430.00      0.071     -0.003       0.356       0.045
50431.00      0.062     -0.010       0.466      -0.206
50432.00      0.041      0.014       0.498      -0.317
50433.00      0.019      0.066       0.476      -0.344
50434.00     -0.004      0.120       0.353      -0.220
50435.00     -0.029      0.156       0.182      -0.037
50436.00     -0.055      0.163       0.028       0.167
50437.00     -0.069      0.142      -0.092       0.279
50438.00     -0.074      0.090      -0.164       0.463
50439.00     -0.077      0.017      -0.202       0.371
50440.00     -0.080     -0.049      -0.188       0.293
50441.00     -0.074     -0.089      -0.156       0.078
50442.00     -0.064     -0.114      -0.050      -0.010
50443.00     -0.060     -0.142       0.126      -0.135
50444.00     -0.059     -0.162       0.285      -0.095
50445.00     -0.054     -0.151       0.333       0.087
50446.00     -0.044     -0.114       0.350       0.074
50447.00     -0.032     -0.075       0.313       0.016
50448.00     -0.008     -0.042       0.234       0.002
50449.00      0.031     -0.007       0.023      -0.023
50450.00      0.069      0.022      -0.058       0.099
50451.00      0.106      0.032      -0.073       0.147
50452.00      0.154      0.028       0.002       0.012
50453.00      0.217      0.026       0.086      -0.166
50454.00      0.277      0.027       0.110      -0.364
50455.00      0.311      0.022       0.162      -0.359
50456.00      0.310      0.015       0.312      -0.015
50457.00      0.269     -0.009       0.441       0.213
50458.00      0.211     -0.041       0.519       0.354
50459.00      0.149     -0.065       0.538       0.141
50460.00      0.082     -0.062       0.420      -0.158
50461.00      0.025     -0.038       0.298      -0.072
50462.00     -0.007     -0.015       0.125      -0.144
50463.00     -0.010      0.003       0.041      -0.054
50464.00      0.002      0.030      -0.054       0.102
50465.00      0.021      0.054      -0.200       0.221
50466.00      0.052      0.052      -0.255       0.412
50467.00      0.092      0.023      -0.263       0.275
50468.00      0.124     -0.013      -0.147       0.118
50469.00      0.139     -0.042      -0.042       0.045
50470.00      0.133     -0.072       0.177      -0.067
50471.00      0.097     -0.115       0.356      -0.035
50472.00      0.061     -0.158       0.526      -0.104
50473.00      0.045     -0.182       0.641      -0.065
50474.00      0.040     -0.182       0.640      -0.075
50475.00      0.033     -0.170       0.572      -0.045
50476.00      0.025     -0.158       0.424      -0.044
50477.00      0.016     -0.150       0.236      -0.095
50478.00      0.000     -0.157       0.025      -0.135
50479.00     -0.014     -0.177      -0.081      -0.013
50480.00     -0.010     -0.185      -0.107      -0.010
50481.00      0.008     -0.170      -0.149      -0.079
50482.00      0.018     -0.155      -0.228      -0.318
50483.00      0.021     -0.156      -0.247      -0.396
50484.00      0.030     -0.132      -0.065      -0.209
50485.00      0.043     -0.000       0.200       0.134
50486.00      0.037      0.144       0.351       0.438
50487.00      0.004      0.161       0.347       0.309
50488.00     -0.036      0.085       0.195       0.240
50489.00     -0.061     -0.020       0.063       0.192
50490.00     -0.045     -0.118      -0.005       0.110
50491.00      0.022     -0.157      -0.029       0.014
50492.00      0.102     -0.087      -0.024      -0.025
50493.00      0.143      0.025      -0.101      -0.010
50494.00      0.131      0.072      -0.265       0.191
50495.00      0.089      0.052      -0.354       0.310
50496.00      0.032      0.003      -0.285       0.181
50497.00     -0.027     -0.046      -0.131       0.086
50498.00     -0.064     -0.063      -0.004       0.014
50499.00     -0.062     -0.025       0.067       0.054
50500.00     -0.035      0.031       0.135      -0.051
50501.00     -0.001      0.045       0.189      -0.182
50502.00      0.033      0.006       0.227      -0.149
50503.00      0.054     -0.065       0.205      -0.115
50504.00      0.058     -0.142       0.162      -0.153
50505.00      0.057     -0.215       0.101      -0.147
50506.00      0.057     -0.288       0.041      -0.181
50507.00      0.065     -0.354       0.115      -0.178
50508.00      0.090     -0.385       0.152      -0.245
50509.00      0.117     -0.367       0.211      -0.303
50510.00      0.113     -0.341       0.105      -0.327
50511.00      0.076     -0.346       0.116      -0.493
50512.00      0.039     -0.357       0.219      -0.400
50513.00      0.021     -0.324       0.428      -0.135
50514.00      0.001     -0.250       0.548       0.205
50515.00     -0.035     -0.180       0.525       0.300
50516.00     -0.079     -0.136       0.328       0.264
50517.00     -0.114     -0.109       0.084       0.225
50518.00     -0.135     -0.101       0.014       0.214
50519.00     -0.143     -0.109       0.026       0.006
50520.00     -0.138     -0.125       0.030      -0.244
50521.00     -0.119     -0.142      -0.103      -0.461
50522.00     -0.086     -0.160      -0.263      -0.399
50523.00     -0.045     -0.174      -0.338      -0.293
50524.00     -0.014     -0.173      -0.223      -0.188
50525.00     -0.006     -0.155      -0.097      -0.105
50526.00     -0.022     -0.124       0.004       0.010
50527.00     -0.053     -0.136       0.013       0.181
50528.00     -0.083     -0.132       0.033       0.094
50529.00     -0.099     -0.102       0.046       0.073
50530.00     -0.099     -0.087       0.112       0.003
50531.00     -0.095     -0.089       0.117       0.042
50532.00     -0.101     -0.090       0.058       0.059
50533.00     -0.116     -0.094       0.027      -0.024
50534.00     -0.125     -0.097       0.014      -0.134
50535.00     -0.126     -0.098       0.042      -0.143
50536.00     -0.116     -0.082       0.016      -0.232
50537.00     -0.097     -0.042       0.022      -0.244
50538.00     -0.087     -0.007      -0.014      -0.228
50539.00     -0.100     -0.022      -0.073      -0.160
50540.00     -0.118     -0.094      -0.115      -0.075
50541.00     -0.107     -0.191      -0.124       0.031
50542.00     -0.069     -0.247      -0.077       0.182
50543.00     -0.029     -0.246      -0.063       0.070
50544.00     -0.009     -0.211      -0.142      -0.075
50545.00     -0.012     -0.164      -0.169       0.055
50546.00     -0.043     -0.135      -0.229       0.066
50547.00     -0.103     -0.137      -0.214       0.063
50548.00     -0.166     -0.177      -0.239      -0.202
50549.00     -0.208     -0.241      -0.368      -0.471
50550.00     -0.222     -0.306      -0.480      -0.581
50551.00     -0.215     -0.347      -0.533      -0.436
50552.00     -0.200     -0.351      -0.440      -0.272
50553.00     -0.176     -0.325      -0.294      -0.109
50554.00     -0.137     -0.273      -0.250      -0.079
50555.00     -0.091     -0.167      -0.298       0.053
50556.00     -0.072     -0.051      -0.366       0.029
50557.00     -0.080      0.023      -0.263      -0.014
50558.00     -0.093      0.033      -0.173      -0.040
50559.00     -0.101     -0.010      -0.115      -0.017
50560.00     -0.106     -0.065       0.015      -0.024
50561.00     -0.103     -0.115       0.069       0.041
50562.00     -0.093     -0.149       0.115      -0.032
50563.00     -0.084     -0.165       0.137       0.021
50564.00     -0.087     -0.153       0.150       0.047
50565.00     -0.101     -0.116       0.185       0.007
50566.00     -0.119     -0.071       0.187      -0.091
50567.00     -0.148     -0.038       0.133      -0.110
50568.00     -0.195     -0.024      -0.013      -0.038
50569.00     -0.245     -0.036      -0.216      -0.026
50570.00     -0.250     -0.081      -0.422      -0.126
50571.00     -0.207     -0.128      -0.519      -0.281
50572.00     -0.153     -0.144      -0.423      -0.428
50573.00     -0.116     -0.134      -0.305      -0.343
50574.00     -0.112     -0.132      -0.114      -0.195
50575.00     -0.141     -0.156      -0.029      -0.197
50576.00     -0.174     -0.195       0.001      -0.288
50577.00     -0.197     -0.231      -0.085      -0.604
50578.00     -0.210     -0.250      -0.217      -0.860
50579.00     -0.223     -0.246      -0.237      -0.845
50580.00     -0.240     -0.218      -0.210      -0.612
50581.00     -0.249     -0.185      -0.167      -0.404
50582.00     -0.240     -0.164      -0.186      -0.218
50583.00     -0.219     -0.154      -0.271      -0.049
50584.00     -0.203     -0.131      -0.313       0.067
50585.00     -0.194     -0.097      -0.367       0.172
50586.00     -0.181     -0.076      -0.270       0.257
50587.00     -0.166     -0.076      -0.226       0.101
50588.00     -0.155     -0.077      -0.194       0.037
50589.00     -0.150     -0.069      -0.158      -0.041
50590.00     -0.145     -0.065      -0.209      -0.161
50591.00     -0.140     -0.067      -0.261      -0.061
50592.00     -0.145     -0.067      -0.354       0.116
50593.00     -0.164     -0.070      -0.355       0.139
50594.00     -0.189     -0.100      -0.250       0.002
50595.00     -0.209     -0.168      -0.171      -0.080
50596.00     -0.221     -0.257      -0.127       0.003
50597.00     -0.225     -0.364      -0.241       0.045
50598.00     -0.221     -0.488      -0.342       0.158
50599.00     -0.208     -0.598      -0.471       0.008
50600.00     -0.193     -0.639      -0.493      -0.021
50601.00     -0.184     -0.580      -0.333      -0.015
50602.00     -0.181     -0.431      -0.133       0.140
50603.00     -0.172     -0.227      -0.020       0.127
50604.00     -0.140     -0.073       0.032       0.212
50605.00     -0.090      0.020      -0.010       0.071
50606.00     -0.042      0.076      -0.010      -0.098
50607.00     -0.012      0.100      -0.026      -0.185
50608.00      0.003      0.108       0.063      -0.068
50609.00      0.012      0.109       0.104       0.078
50610.00      0.013      0.109       0.102       0.274
50611.00     -0.000      0.117       0.028       0.300
50612.00     -0.025      0.146      -0.157       0.489
50613.00     -0.050      0.189      -0.248       0.566
50614.00     -0.070      0.213      -0.303       0.702
50615.00     -0.089      0.184      -0.227       0.644
50616.00     -0.101      0.101      -0.083       0.394
50617.00     -0.098     -0.016       0.031       0.160
50618.00     -0.078     -0.097       0.073       0.096
50619.00     -0.051     -0.126       0.081       0.147
50620.00     -0.022     -0.111       0.090       0.366
50621.00      0.001     -0.067       0.109       0.526
50622.00      0.016     -0.026       0.152       0.332
50623.00      0.021     -0.008       0.208       0.122
50624.00      0.022     -0.002       0.196       0.126
50625.00      0.020      0.001       0.124       0.241
50626.00      0.011     -0.012      -0.090       0.377
50627.00     -0.007     -0.053      -0.327       0.491
50628.00     -0.030     -0.107      -0.516       0.335
50629.00     -0.056     -0.154      -0.449       0.259
50630.00     -0.087     -0.193      -0.229       0.222
50631.00     -0.121     -0.232      -0.020       0.024
50632.00     -0.142     -0.259       0.112       0.022
50633.00     -0.146     -0.258       0.125      -0.021
50634.00     -0.148     -0.229       0.093      -0.115
50635.00     -0.166     -0.190       0.044       0.253
50636.00     -0.196     -0.147       0.003       0.211
50637.00     -0.229     -0.107      -0.061       0.190
50638.00     -0.275     -0.092      -0.159       0.114
50639.00     -0.337     -0.116      -0.258      -0.021
50640.00     -0.348     -0.113      -0.458      -0.143
50641.00     -0.286     -0.055      -0.663      -0.179
50642.00     -0.193      0.012      -0.716      -0.260
50643.00     -0.117      0.019      -0.610      -0.327
50644.00     -0.085     -0.072      -0.334      -0.414
50645.00     -0.103     -0.236      -0.066      -0.578
50646.00     -0.128     -0.356       0.020      -0.671
50647.00     -0.155     -0.402       0.035      -0.550
50648.00     -0.184     -0.392       0.022      -0.249
50649.00     -0.203     -0.337       0.068       0.099
50650.00     -0.196     -0.257       0.073       0.305
50651.00     -0.157     -0.163       0.070       0.136
50652.00     -0.085     -0.049       0.070       0.037
50653.00      0.015      0.085      -0.024       0.050
50654.00      0.072      0.163      -0.067       0.103
50655.00      0.059      0.162      -0.233       0.167
50656.00     -0.005      0.104      -0.395      -0.006
50657.00     -0.093      0.012      -0.474      -0.095
50658.00     -0.183     -0.095      -0.391      -0.197
50659.00     -0.264     -0.194      -0.189      -0.221
50660.00     -0.316     -0.258       0.044      -0.257
50661.00     -0.328     -0.280       0.234      -0.191
50662.00     -0.303     -0.274       0.301       0.044
50663.00     -0.264     -0.246       0.259       0.079
50664.00     -0.216     -0.198       0.165      -0.006
50665.00     -0.159     -0.146       0.059       0.088
50666.00     -0.105     -0.127       0.026      -0.000
50667.00     -0.088     -0.146      -0.073      -0.022
50668.00     -0.104     -0.177      -0.245       0.043
50669.00     -0.128     -0.182      -0.414       0.088
50670.00     -0.156     -0.157      -0.540       0.074
50671.00     -0.193     -0.142      -0.451       0.204
50672.00     -0.224     -0.157      -0.191       0.155
50673.00     -0.232     -0.193       0.039       0.091
50674.00     -0.225     -0.248       0.107      -0.024
50675.00     -0.226     -0.317      -0.032      -0.025
50676.00     -0.247     -0.381      -0.097       0.079
50677.00     -0.286     -0.419      -0.075       0.249
50678.00     -0.331     -0.424      -0.101       0.265
50679.00     -0.372     -0.377      -0.186       0.010
50680.00     -0.415     -0.244      -0.274      -0.242
50681.00     -0.471     -0.019      -0.317      -0.293
50682.00     -0.508      0.165      -0.291      -0.330
50683.00     -0.510      0.257      -0.170      -0.412
50684.00     -0.485      0.286      -0.066      -0.333
50685.00     -0.436      0.239      -0.072      -0.283
50686.00     -0.356      0.084      -0.017      -0.023
50687.00     -0.253     -0.160       0.119       0.090
50688.00     -0.162     -0.363       0.440       0.186
50689.00     -0.092     -0.476       0.689       0.109
50690.00     -0.038     -0.523       0.862       0.092
50691.00     -0.009     -0.515       0.851       0.179
50692.00     -0.014     -0.453       0.766      -0.076
50693.00     -0.048     -0.358       0.625      -0.284
50694.00     -0.106     -0.264       0.392      -0.363
50695.00     -0.194     -0.207       0.212      -0.315
50696.00     -0.269     -0.177      -0.104      -0.028
50697.00     -0.303     -0.140      -0.415       0.041
50698.00     -0.300     -0.086      -0.681       0.228
50699.00     -0.277     -0.037      -0.705       0.275
50700.00     -0.243     -0.016      -0.525       0.105
50701.00     -0.205     -0.023      -0.241       0.069
50702.00     -0.177     -0.055      -0.066      -0.058
50703.00     -0.166     -0.100       0.036      -0.181
50704.00     -0.168     -0.130       0.124      -0.083
50705.00     -0.179     -0.128       0.262      -0.010
50706.00     -0.197     -0.103       0.355       0.180
50707.00     -0.210     -0.061       0.328       0.154
50708.00     -0.208      0.010       0.167       0.048
50709.00     -0.203      0.080      -0.030       0.108
50710.00     -0.200      0.125      -0.092      -0.012
50711.00     -0.195      0.160      -0.001      -0.285
50712.00     -0.189      0.215       0.114      -0.510
50713.00     -0.186      0.275       0.130      -0.624
50714.00     -0.169      0.283       0.055      -0.237
50715.00     -0.128      0.219       0.067       0.184
50716.00     -0.075      0.108       0.212       0.312
50717.00     -0.022     -0.018       0.430       0.432
50718.00      0.031     -0.153       0.559       0.436
50719.00      0.082     -0.289       0.539       0.364
50720.00      0.118     -0.401       0.437       0.200
50721.00      0.134     -0.470       0.307      -0.016
50722.00      0.136     -0.478       0.223      -0.254
50723.00      0.119     -0.408       0.029      -0.214
50724.00      0.076     -0.272      -0.147      -0.132
50725.00      0.019     -0.100      -0.275      -0.032
50726.00     -0.031      0.073      -0.380      -0.083
50727.00     -0.064      0.208      -0.372       0.038
50728.00     -0.072      0.274      -0.254       0.072
50729.00     -0.050      0.256      -0.022       0.199
50730.00     -0.025      0.216       0.124       0.275
50731.00     -0.015      0.188       0.229       0.408
50732.00     -0.014      0.185       0.226       0.641
50733.00     -0.017      0.210       0.255       0.652
50734.00     -0.032      0.233       0.162       0.575
50735.00     -0.065      0.233       0.027       0.451
50736.00     -0.109      0.209      -0.145       0.241
50737.00     -0.149      0.174      -0.423       0.298
50738.00     -0.178      0.127      -0.538       0.134
50739.00     -0.191      0.075      -0.554      -0.136
50740.00     -0.190      0.047      -0.408      -0.401
50741.00     -0.173      0.051      -0.282      -0.652
50742.00     -0.128      0.063      -0.228      -0.356
50743.00     -0.052      0.070      -0.134       0.198
50744.00      0.022      0.054       0.046       0.613
50745.00      0.071      0.025       0.295       0.762
50746.00      0.102     -0.016       0.442       0.713
50747.00      0.119     -0.061       0.461       0.686
50748.00      0.110     -0.090       0.329       0.534
50749.00      0.067     -0.083       0.243       0.364
50750.00     -0.006     -0.024       0.065       0.104
50751.00     -0.106      0.081      -0.149      -0.092
50752.00     -0.208      0.127      -0.310      -0.288
50753.00     -0.269      0.140      -0.375      -0.293
50754.00     -0.275      0.143      -0.454      -0.440
50755.00     -0.241      0.134      -0.415      -0.363
50756.00     -0.190      0.123      -0.345      -0.196
50757.00     -0.136      0.103      -0.193      -0.068
50758.00     -0.086      0.057       0.002       0.112
50759.00     -0.049     -0.009       0.215       0.254
50760.00     -0.028     -0.064       0.282       0.354
50761.00     -0.019     -0.092       0.263       0.370
50762.00     -0.014     -0.100       0.179       0.278
50763.00     -0.012     -0.083       0.153      -0.024
50764.00     -0.013     -0.008       0.090      -0.045
50765.00     -0.011      0.138      -0.017       0.095
50766.00     -0.012      0.223      -0.063       0.226
50767.00     -0.015      0.197      -0.109       0.189
50768.00     -0.010      0.121      -0.072      -0.072
50769.00      0.015      0.049      -0.031      -0.247
50770.00      0.074      0.025       0.065      -0.204
50771.00      0.175      0.054       0.134       0.054
50772.00      0.307      0.028       0.234       0.418
50773.00      0.409     -0.044       0.369       0.697
50774.00      0.422     -0.098       0.466       0.673
50775.00      0.364     -0.124       0.400       0.562
50776.00      0.265     -0.118       0.320       0.369
50777.00      0.158     -0.087       0.197       0.200
50778.00      0.076     -0.053       0.048       0.002
50779.00      0.030     -0.039      -0.101      -0.438
50780.00      0.015     -0.037      -0.230      -0.650
50781.00      0.031     -0.039      -0.291      -0.725
50782.00      0.072     -0.045      -0.247      -0.715
50783.00      0.115     -0.036      -0.194      -0.398
50784.00      0.126      0.021      -0.121      -0.124
50785.00      0.086      0.127       0.008       0.095
50786.00     -0.000      0.264       0.211       0.175
50787.00     -0.107      0.403       0.418       0.214
50788.00     -0.214      0.533       0.552       0.380
50789.00     -0.304      0.627       0.498       0.451
50790.00     -0.345      0.626       0.424       0.377
50791.00     -0.299      0.483       0.291       0.296
50792.00     -0.158      0.213       0.289       0.243
50793.00     -0.026      0.000       0.252       0.298
50794.00      0.057     -0.112       0.258       0.566
50795.00      0.106     -0.161       0.223       0.529
50796.00      0.137     -0.155       0.161       0.361
50797.00      0.162     -0.100       0.155       0.155
50798.00      0.185     -0.029       0.154       0.018
50799.00      0.206      0.014       0.196       0.068
50800.00      0.224     -0.023       0.232       0.233
50801.00      0.241     -0.122       0.227       0.549
50802.00      0.254     -0.244       0.206       0.533
50803.00      0.254     -0.346       0.186       0.538
50804.00      0.224     -0.369       0.164       0.459
50805.00      0.151     -0.256       0.081       0.422
50806.00      0.041     -0.014       0.002       0.253
50807.00     -0.052      0.169      -0.035      -0.117
50808.00     -0.100      0.248      -0.104      -0.451
50809.00     -0.099      0.260      -0.097      -0.596
50810.00     -0.055      0.229      -0.079      -0.615
50811.00      0.007      0.174      -0.034      -0.236
50812.00      0.065      0.116      -0.038       0.039
50813.00      0.106      0.065      -0.016       0.194
50814.00      0.132      0.008       0.157       0.091
50815.00      0.155     -0.061       0.224      -0.107
50816.00      0.177     -0.118       0.325      -0.300
50817.00      0.192     -0.138       0.381      -0.228
50818.00      0.194     -0.140       0.340      -0.172
50819.00      0.184     -0.150       0.315      -0.114
50820.00      0.173     -0.166       0.308      -0.240
50821.00      0.161     -0.180       0.273      -0.105
50822.00      0.142     -0.197       0.261       0.069
50823.00      0.110     -0.219       0.200       0.081
50824.00      0.075     -0.223       0.126       0.154
50825.00      0.049     -0.182       0.030       0.026
50826.00      0.033     -0.097       0.015       0.018
50827.00      0.018      0.012       0.109       0.128
50828.00      0.013      0.085       0.146       0.346
50829.00      0.022      0.125       0.119       0.588
50830.00      0.040      0.144       0.076       0.683
50831.00      0.052      0.129       0.092       0.527
50832.00      0.054      0.088       0.106       0.367
50833.00      0.046      0.039       0.119       0.227
50834.00      0.022     -0.006       0.092       0.070
50835.00     -0.018     -0.043       0.120      -0.182
50836.00     -0.059     -0.063       0.139      -0.463
50837.00     -0.086     -0.053       0.144      -0.786
50838.00     -0.099     -0.024       0.143      -0.872
50839.00     -0.098     -0.003       0.071      -0.707
50840.00     -0.068     -0.005       0.064      -0.288
50841.00     -0.002     -0.037      -0.015       0.015
50842.00      0.059     -0.082      -0.128       0.214
50843.00      0.067     -0.105      -0.307       0.004
50844.00      0.008     -0.056      -0.423      -0.044
50845.00     -0.080      0.048      -0.359      -0.066
50846.00     -0.155      0.154      -0.273       0.184
50847.00     -0.184      0.195      -0.187       0.269
50848.00     -0.146      0.150      -0.087       0.235
50849.00     -0.070      0.111      -0.042       0.191
50850.00      0.002      0.086       0.029       0.226
50851.00      0.051      0.054       0.063       0.102
50852.00      0.076      0.023       0.040       0.012
50853.00      0.084      0.004      -0.005      -0.096
50854.00      0.085     -0.015      -0.022      -0.171
50855.00      0.079     -0.061      -0.002      -0.007
50856.00      0.071     -0.132      -0.022      -0.029
50857.00      0.060     -0.181      -0.057       0.052
50858.00      0.033     -0.171      -0.072       0.249
50859.00     -0.016     -0.133      -0.078       0.261
50860.00     -0.073     -0.094      -0.058       0.372
50861.00     -0.116     -0.062      -0.046       0.173
50862.00     -0.136     -0.030      -0.069       0.170
50863.00     -0.130      0.002      -0.071       0.034
50864.00     -0.098      0.046      -0.063      -0.315
50865.00     -0.054      0.108      -0.088      -0.715
50866.00     -0.022      0.151      -0.229      -1.053
50867.00     -0.011      0.132      -0.257      -0.992
50868.00     -0.002      0.054      -0.064      -0.622
50869.00      0.011     -0.050       0.056      -0.144
50870.00      0.018     -0.112       0.016       0.211
50871.00      0.009     -0.134      -0.244       0.249
50872.00     -0.012     -0.131      -0.386       0.004
50873.00     -0.029     -0.101      -0.430       0.020
50874.00     -0.031     -0.054      -0.280       0.008
50875.00     -0.024     -0.003      -0.108       0.053
50876.00     -0.024      0.056       0.006       0.023
50877.00     -0.035      0.112      -0.037       0.039
50878.00     -0.045      0.140      -0.044       0.057
50879.00     -0.042      0.129       0.024      -0.011
50880.00     -0.034      0.097       0.085      -0.075
50881.00     -0.033      0.064       0.127      -0.060
50882.00     -0.040      0.038       0.131      -0.014
50883.00     -0.056      0.013       0.048       0.120
50884.00     -0.075     -0.010      -0.054       0.181
50885.00     -0.076     -0.008      -0.163       0.199
50886.00     -0.061      0.021      -0.197       0.176
50887.00     -0.045      0.056      -0.196       0.259
50888.00     -0.029      0.083      -0.181       0.294
50889.00     -0.001      0.096      -0.089       0.211
50890.00      0.036      0.092       0.053       0.118
50891.00      0.070      0.075       0.218       0.151
50892.00      0.098      0.064       0.380       0.057
50893.00      0.113      0.078       0.356      -0.086
50894.00      0.097      0.080       0.199      -0.298
50895.00      0.060      0.027       0.019      -0.478
50896.00      0.045     -0.052       0.002      -0.286
50897.00      0.072     -0.082       0.050       0.044
50898.00      0.105     -0.043       0.025       0.401
50899.00      0.095      0.005      -0.204       0.476
50900.00      0.050      0.022      -0.429       0.301
50901.00      0.002      0.015      -0.445       0.222
50902.00     -0.035     -0.012      -0.258       0.077
50903.00     -0.047     -0.069      -0.014      -0.039
50904.00     -0.020     -0.150       0.130      -0.129
50905.00      0.053     -0.252       0.095      -0.212
50906.00      0.125     -0.344      -0.000      -0.119
50907.00      0.140     -0.388       0.011      -0.006
50908.00      0.106     -0.382       0.156       0.040
50909.00      0.040     -0.332       0.224      -0.016
50910.00     -0.030     -0.247       0.137      -0.080
50911.00     -0.077     -0.137      -0.042       0.040
50912.00     -0.074     -0.022      -0.201      -0.015
50913.00     -0.020      0.060      -0.274      -0.123
50914.00      0.065      0.087      -0.317      -0.156
50915.00      0.140      0.061      -0.256      -0.127
50916.00      0.167      0.007      -0.198       0.015
50917.00      0.124     -0.061      -0.104      -0.042
50918.00      0.007     -0.132       0.039      -0.028
50919.00     -0.123     -0.164       0.279      -0.088
50920.00     -0.234     -0.140       0.459      -0.011
50921.00     -0.318     -0.066       0.530       0.004
50922.00     -0.378      0.014       0.378      -0.047
50923.00     -0.407      0.033       0.184      -0.212
50924.00     -0.368     -0.021       0.022      -0.217
50925.00     -0.241     -0.092      -0.076      -0.092
50926.00     -0.112     -0.106      -0.180       0.141
50927.00     -0.035     -0.069      -0.324       0.066
50928.00     -0.002     -0.018      -0.414       0.075
50929.00      0.010      0.032      -0.409       0.125
50930.00      0.007      0.079      -0.209       0.186
50931.00     -0.009      0.105      -0.047       0.193
50932.00     -0.017      0.101       0.040       0.022
50933.00      0.005      0.065      -0.083       0.017
50934.00      0.056      0.005      -0.168       0.046
50935.00      0.112     -0.063      -0.146       0.182
50936.00      0.146     -0.120      -0.010       0.167
50937.00      0.142     -0.156       0.158       0.190
50938.00      0.100     -0.158       0.141       0.149
50939.00      0.021     -0.113      -0.025       0.106
50940.00     -0.065     -0.091      -0.231       0.042
50941.00     -0.134     -0.090      -0.369      -0.053
50942.00     -0.167     -0.111      -0.337      -0.210
50943.00     -0.166     -0.152      -0.287      -0.245
50944.00     -0.148     -0.185      -0.182      -0.161
50945.00     -0.121     -0.188      -0.056      -0.234
50946.00     -0.078     -0.167       0.060      -0.223
50947.00     -0.037     -0.134       0.255      -0.118
50948.00     -0.013     -0.092       0.419       0.005
50949.00     -0.006     -0.042       0.613       0.119
50950.00     -0.006      0.002       0.626       0.156
50951.00     -0.014      0.013       0.464       0.180
50952.00     -0.029     -0.019       0.216       0.111
50953.00     -0.041     -0.079      -0.062       0.082
50954.00     -0.045     -0.144      -0.266      -0.083
50955.00     -0.048     -0.177      -0.350      -0.214
50956.00     -0.056     -0.175      -0.343      -0.268
50957.00     -0.063     -0.156      -0.217      -0.070
50958.00     -0.064     -0.140      -0.041       0.043
50959.00     -0.061     -0.138       0.072       0.127
50960.00     -0.054     -0.147       0.075      -0.003
50961.00     -0.036     -0.151      -0.010      -0.183
50962.00     -0.006     -0.148      -0.069      -0.232
50963.00      0.022     -0.133      -0.072      -0.161
50964.00      0.033     -0.108       0.107      -0.125
50965.00      0.028     -0.089       0.310      -0.024
50966.00      0.024     -0.092       0.293      -0.119
50967.00      0.020     -0.110       0.144      -0.127
50968.00      0.004     -0.114      -0.107      -0.220
50969.00     -0.021     -0.104      -0.196      -0.134
50970.00     -0.032     -0.104      -0.244      -0.185
50971.00     -0.019     -0.124      -0.158      -0.334
50972.00      0.007     -0.143      -0.100      -0.316
50973.00      0.042     -0.147       0.042      -0.200
50974.00      0.098     -0.142       0.182      -0.112
50975.00      0.170     -0.128       0.288       0.090
50976.00      0.230     -0.105       0.444       0.153
50977.00      0.259     -0.080       0.539       0.261
50978.00      0.258     -0.072       0.639       0.334
50979.00      0.232     -0.087       0.616       0.287
50980.00      0.161     -0.120       0.402       0.194
50981.00      0.040     -0.152       0.078       0.112
50982.00     -0.065     -0.111      -0.270      -0.156
50983.00     -0.111      0.026      -0.415      -0.493
50984.00     -0.108      0.225      -0.356      -0.626
50985.00     -0.079      0.414      -0.235      -0.387
50986.00     -0.036      0.489      -0.055      -0.217
50987.00      0.006      0.361       0.020      -0.070
50988.00      0.023      0.033       0.062      -0.175
50989.00     -0.009     -0.286       0.002      -0.426
50990.00     -0.086     -0.507      -0.020      -0.618
50991.00     -0.185     -0.638      -0.024      -0.662
50992.00     -0.281     -0.675       0.068      -0.636
50993.00     -0.341     -0.620       0.205      -0.559
50994.00     -0.336     -0.485       0.252      -0.458
50995.00     -0.260     -0.279       0.194      -0.476
50996.00     -0.196     -0.066       0.094      -0.181
50997.00     -0.150      0.082      -0.034      -0.017
50998.00     -0.096      0.139      -0.037       0.042
50999.00     -0.035      0.120      -0.007      -0.004
51000.00      0.024      0.055      -0.097      -0.254
51001.00      0.072     -0.017       0.012      -0.269
51002.00      0.113     -0.071       0.170      -0.093
51003.00      0.142     -0.088       0.221       0.089
51004.00      0.147     -0.062       0.257       0.319
51005.00      0.122     -0.015       0.311       0.196
51006.00      0.077      0.018       0.405       0.164
51007.00      0.028      0.015       0.450      -0.054
51008.00     -0.016     -0.012       0.403      -0.081
51009.00     -0.059     -0.050       0.187      -0.157
51010.00     -0.102     -0.111      -0.066      -0.167
51011.00     -0.112     -0.229      -0.293      -0.318
51012.00     -0.083     -0.377      -0.344      -0.512
51013.00     -0.036     -0.490      -0.286      -0.458
51014.00      0.004     -0.536      -0.156      -0.294
51015.00      0.015     -0.490      -0.028      -0.170
51016.00     -0.018     -0.320      -0.062      -0.105
51017.00     -0.057     -0.137      -0.079      -0.291
51018.00     -0.089     -0.006      -0.100      -0.415
51019.00     -0.118      0.066      -0.090      -0.481
51020.00     -0.136      0.083      -0.058      -0.481
51021.00     -0.138      0.057      -0.015      -0.458
51022.00     -0.130     -0.014      -0.038      -0.326
51023.00     -0.127     -0.138      -0.152      -0.169
51024.00     -0.127     -0.284      -0.413      -0.091
51025.00     -0.118     -0.364      -0.697      -0.056
51026.00     -0.096     -0.361      -0.890      -0.042
51027.00     -0.072     -0.322      -0.846      -0.269
51028.00     -0.052     -0.271      -0.626      -0.346
51029.00     -0.031     -0.211      -0.280      -0.316
51030.00     -0.006     -0.152       0.048      -0.164
51031.00      0.015     -0.123       0.176       0.175
51032.00      0.024     -0.130       0.248       0.515
51033.00      0.019     -0.163       0.271       0.560
51034.00      0.004     -0.219       0.337       0.378
51035.00     -0.023     -0.290       0.285       0.034
51036.00     -0.062     -0.340       0.222      -0.166
51037.00     -0.113     -0.326       0.074      -0.277
51038.00     -0.186     -0.243      -0.158      -0.219
51039.00     -0.272     -0.135      -0.393      -0.219
51040.00     -0.349     -0.039      -0.536      -0.378
51041.00     -0.391      0.031      -0.536      -0.318
51042.00     -0.389      0.056      -0.413      -0.300
51043.00     -0.346      0.009      -0.212      -0.165
51044.00     -0.266     -0.112      -0.086      -0.182
51045.00     -0.195     -0.212      -0.017      -0.186
51046.00     -0.146     -0.264      -0.044      -0.372
51047.00     -0.116     -0.287      -0.015      -0.521
51048.00     -0.097     -0.286       0.012      -0.696
51049.00     -0.079     -0.266       0.037      -0.835
51050.00     -0.062     -0.250       0.002      -0.768
51051.00     -0.057     -0.260       0.001      -0.476
51052.00     -0.074     -0.245      -0.128      -0.124
51053.00     -0.079     -0.201      -0.318       0.088
51054.00     -0.061     -0.146      -0.502       0.194
51055.00     -0.042     -0.111      -0.480       0.195
51056.00     -0.028     -0.115      -0.261       0.141
51057.00     -0.009     -0.130      -0.028      -0.489
51058.00      0.012     -0.124       0.080      -0.202
51059.00      0.018     -0.104       0.104       0.344
51060.00      0.000     -0.087       0.103       0.763
51061.00     -0.028     -0.085       0.138       0.854
51062.00     -0.056     -0.102       0.126       0.789
51063.00     -0.079     -0.141       0.028       0.277
51064.00     -0.102     -0.195      -0.066      -0.034
51065.00     -0.124     -0.253      -0.085      -0.325
51066.00     -0.141     -0.315      -0.111      -0.309
51067.00     -0.151     -0.374      -0.135      -0.432
51068.00     -0.155     -0.410      -0.161      -0.593
51069.00     -0.149     -0.415      -0.246      -0.612
51070.00     -0.126     -0.391      -0.213      -0.479
51071.00     -0.098     -0.326      -0.115      -0.362
51072.00     -0.083     -0.190      -0.032      -0.208
51073.00     -0.080      0.026      -0.043      -0.014
51074.00     -0.083      0.215      -0.092       0.118
51075.00     -0.092      0.284      -0.124       0.250
51076.00     -0.107      0.268      -0.141       0.178
51077.00     -0.120      0.208      -0.139       0.001
51078.00     -0.127      0.119      -0.061      -0.030
51079.00     -0.129      0.007      -0.082       0.042
51080.00     -0.121     -0.092      -0.188       0.122
51081.00     -0.092     -0.134      -0.382       0.170
51082.00     -0.053     -0.108      -0.522       0.130
51083.00     -0.029     -0.053      -0.517       0.041
51084.00     -0.023     -0.016      -0.373       0.032
51085.00     -0.031      0.009      -0.123       0.082
51086.00     -0.054      0.039      -0.013       0.091
51087.00     -0.095      0.076       0.045       0.134
51088.00     -0.135      0.106       0.179       0.462
51089.00     -0.146      0.115       0.290       0.580
51090.00     -0.131      0.090       0.381       0.631
51091.00     -0.099      0.022       0.304       0.340
51092.00     -0.069     -0.079       0.201       0.129
51093.00     -0.066     -0.194       0.135      -0.077
51094.00     -0.097     -0.271       0.072      -0.211
51095.00     -0.143     -0.305       0.082      -0.432
51096.00     -0.186     -0.289       0.118      -0.670
51097.00     -0.217     -0.229       0.036      -0.755
51098.00     -0.222     -0.182      -0.085      -0.599
51099.00     -0.181     -0.195      -0.060      -0.495
51100.00     -0.102     -0.255      -0.010      -0.166
51101.00     -0.039     -0.301       0.119      -0.164
51102.00     -0.001     -0.324       0.104       0.002
51103.00      0.023     -0.338       0.092       0.228
51104.00      0.033     -0.333       0.030       0.168
51105.00      0.032     -0.299       0.027       0.065
51106.00      0.032     -0.251       0.056      -0.137
51107.00      0.039     -0.210       0.028      -0.043
51108.00      0.052     -0.182      -0.057      -0.019
51109.00      0.063     -0.150      -0.193      -0.007
51110.00      0.067     -0.103      -0.354      -0.063
51111.00      0.056     -0.048      -0.376      -0.031
51112.00      0.035     -0.002      -0.249       0.024
51113.00      0.019      0.045      -0.114       0.138
51114.00      0.005      0.106      -0.005       0.129
51115.00     -0.015      0.179       0.051       0.131
51116.00     -0.050      0.238       0.156       0.353
51117.00     -0.098      0.266       0.272       0.516
51118.00     -0.152      0.244       0.311       0.525
51119.00     -0.192      0.163       0.284       0.377
51120.00     -0.193      0.048       0.109       0.148
51121.00     -0.153     -0.055       0.059       0.142
51122.00     -0.118     -0.094       0.012      -0.014
51123.00     -0.105     -0.030       0.034      -0.349
51124.00     -0.093      0.040       0.081      -0.700
51125.00     -0.079      0.069       0.045      -0.794
51126.00     -0.077      0.065      -0.034      -0.547
51127.00     -0.097      0.019      -0.097      -0.184
51128.00     -0.145     -0.040      -0.066      -0.044
51129.00     -0.224     -0.074      -0.001       0.080
51130.00     -0.302     -0.084      -0.003       0.054
51131.00     -0.336     -0.081      -0.075       0.172
51132.00     -0.326     -0.065      -0.128       0.196
51133.00     -0.297     -0.036      -0.111       0.184
51134.00     -0.254      0.001      -0.056       0.095
51135.00     -0.201      0.038      -0.015      -0.082
51136.00     -0.155      0.071      -0.042      -0.041
51137.00     -0.119      0.091      -0.011      -0.066
51138.00     -0.089      0.094      -0.027      -0.212
51139.00     -0.071      0.083      -0.067      -0.162
51140.00     -0.064      0.069      -0.024      -0.191
51141.00     -0.059      0.064       0.014       0.054
51142.00     -0.050      0.069       0.035       0.098
51143.00     -0.042      0.074      -0.038       0.228
51144.00     -0.036      0.075      -0.149       0.309
51145.00     -0.028      0.076      -0.295       0.190
51146.00     -0.021      0.066      -0.376       0.062
51147.00     -0.023      0.032      -0.375      -0.142
51148.00     -0.029     -0.007      -0.274      -0.182
51149.00     -0.033     -0.006      -0.092       0.018
51150.00     -0.045      0.033       0.155       0.076
51151.00     -0.072      0.069       0.387       0.012
51152.00     -0.102      0.079       0.554      -0.195
51153.00     -0.114      0.079       0.606      -0.467
51154.00     -0.103      0.075       0.485      -0.390
51155.00     -0.069      0.060       0.312      -0.173
51156.00     -0.027      0.047       0.120       0.018
51157.00     -0.013      0.089      -0.005       0.083
51158.00     -0.022      0.178      -0.193       0.153
51159.00     -0.038      0.271      -0.424       0.188
51160.00     -0.062      0.336      -0.358       0.209
51161.00     -0.097      0.344      -0.316       0.238
51162.00     -0.128      0.261      -0.219       0.230
51163.00     -0.136      0.090      -0.115       0.030
51164.00     -0.134     -0.062       0.002      -0.090
51165.00     -0.121     -0.139       0.114      -0.213
51166.00     -0.094     -0.160       0.167      -0.178
51167.00     -0.062     -0.142       0.175      -0.143
51168.00     -0.044     -0.089       0.121      -0.055
51169.00     -0.041     -0.010       0.032       0.163
51170.00     -0.040      0.065      -0.030       0.216
51171.00     -0.041      0.105      -0.115       0.227
51172.00     -0.053      0.111      -0.244       0.315
51173.00     -0.071      0.090      -0.456       0.175
51174.00     -0.080      0.040      -0.567       0.008
51175.00     -0.071     -0.037      -0.629      -0.124
51176.00     -0.045     -0.109      -0.472      -0.297
51177.00     -0.003     -0.141      -0.191      -0.265
51178.00      0.039     -0.137       0.126      -0.081
51179.00      0.070     -0.126       0.220      -0.191
51180.00      0.089     -0.120       0.321      -0.564
51181.00      0.103     -0.117       0.333      -0.897
51182.00      0.118     -0.113       0.302      -0.840
51183.00      0.133     -0.108       0.214      -0.574
51184.00      0.141     -0.092       0.164      -0.199
51185.00      0.141     -0.060       0.200       0.211
51186.00      0.141     -0.023       0.207       0.280
51187.00      0.138      0.011       0.200       0.356
51188.00      0.120      0.047       0.215       0.422
51189.00      0.081      0.087       0.195       0.431
51190.00      0.028      0.122       0.171       0.388
51191.00     -0.034      0.154       0.120       0.083
51192.00     -0.106      0.201       0.075      -0.091
51193.00     -0.163      0.234       0.040      -0.129
51194.00     -0.192      0.227       0.048      -0.024
51195.00     -0.200      0.188       0.055       0.214
51196.00     -0.204      0.143      -0.026       0.343
51197.00     -0.207      0.111      -0.096       0.305
51198.00     -0.195      0.096      -0.139       0.172
51199.00     -0.164      0.098      -0.162       0.066
51200.00     -0.128      0.126      -0.181       0.048
51201.00     -0.103      0.170      -0.224       0.074
51202.00     -0.082      0.199      -0.295       0.077
51203.00     -0.051      0.186      -0.256       0.064
51204.00     -0.017      0.144      -0.100       0.021
51205.00     -0.004      0.078       0.116       0.098
51206.00     -0.025     -0.020       0.305       0.216
51207.00     -0.057     -0.053       0.382       0.218
51208.00     -0.112     -0.010       0.405       0.047
51209.00     -0.176      0.069       0.348      -0.181
51210.00     -0.226      0.135      -0.101      -0.181
51211.00     -0.243      0.123      -0.131      -0.097
51212.00     -0.218      0.018      -0.129      -0.052
51213.00     -0.176     -0.069      -0.192      -0.112
51214.00     -0.124     -0.109      -0.374       0.176
51215.00     -0.064     -0.127      -0.243       0.001
51216.00     -0.011     -0.135       0.032      -0.534
51217.00      0.022     -0.130       0.023      -0.422
51218.00      0.024     -0.123       0.005      -0.134
51219.00     -0.014     -0.150      -0.054      -0.013
51220.00     -0.051     -0.345      -0.109      -0.007
51221.00     -0.075     -0.580       0.004       0.103
51222.00     -0.095     -0.653       0.108       0.084
51223.00     -0.113     -0.588       0.229       0.365
51224.00     -0.122     -0.444       0.295       0.470
51225.00     -0.116     -0.265       0.202       0.262
51226.00     -0.092     -0.119       0.047       0.070
51227.00     -0.052     -0.067      -0.200      -0.126
51228.00     -0.021     -0.071      -0.374      -0.155
51229.00     -0.026     -0.058      -0.477      -0.008
51230.00     -0.059     -0.029      -0.579       0.188
51231.00     -0.100     -0.007      -0.512       0.319
51232.00     -0.136      0.015      -0.368       0.187
51233.00     -0.165      0.054      -0.175       0.161
51234.00     -0.194      0.096      -0.013       0.057
51235.00     -0.227      0.115       0.091      -0.069
51236.00     -0.260      0.112       0.086      -0.146
51237.00     -0.279      0.113       0.050      -0.327
51238.00     -0.283      0.122       0.005      -0.242
51239.00     -0.282      0.119      -0.019      -0.077
51240.00     -0.279      0.102      -0.148       0.098
51241.00     -0.272      0.095      -0.272       0.198
51242.00     -0.262      0.105      -0.348       0.304
51243.00     -0.255      0.111      -0.316       0.265
51244.00     -0.244      0.095      -0.224       0.243
51245.00     -0.211      0.071      -0.146       0.160
51246.00     -0.155      0.055      -0.066       0.194
51247.00     -0.086      0.048      -0.042       0.105
51248.00     -0.019      0.066      -0.058       0.081
51249.00      0.029      0.134      -0.108      -0.040
51250.00      0.045      0.225      -0.191      -0.082
51251.00      0.027      0.282      -0.161       0.100
51252.00     -0.006      0.275      -0.020       0.233
51253.00     -0.037      0.209       0.051       0.243
51254.00     -0.070      0.090       0.048       0.123
51255.00     -0.102     -0.030      -0.080      -0.119
51256.00     -0.127     -0.122      -0.178      -0.227
51257.00     -0.134     -0.179      -0.143      -0.168
51258.00     -0.119     -0.195      -0.021       0.039
51259.00     -0.089     -0.180       0.054       0.276
51260.00     -0.054     -0.128       0.065       0.259
51261.00     -0.017     -0.022       0.037       0.055
51262.00      0.022      0.123       0.092      -0.056
51263.00      0.055      0.200       0.158      -0.249
51264.00      0.074      0.179       0.226      -0.220
51265.00      0.081      0.105       0.243      -0.254
51266.00      0.077      0.007       0.226      -0.262
51267.00      0.064     -0.099       0.204      -0.103
51268.00      0.044     -0.194       0.106      -0.131
51269.00      0.028     -0.237       0.059      -0.226
51270.00      0.012     -0.221      -0.094      -0.309
51271.00     -0.012     -0.177      -0.181      -0.321
51272.00     -0.037     -0.133      -0.185      -0.270
51273.00     -0.046     -0.089      -0.181      -0.286
51274.00     -0.040     -0.043      -0.085      -0.174
51275.00     -0.038     -0.002       0.004       0.064
51276.00     -0.048      0.038       0.135       0.178
51277.00     -0.066      0.096       0.124       0.195
51278.00     -0.101      0.155       0.038       0.121
51279.00     -0.153      0.169      -0.020       0.184
51280.00     -0.196      0.135       0.005       0.289
51281.00     -0.198      0.104       0.049       0.350
51282.00     -0.162      0.106      -0.054       0.257
51283.00     -0.098      0.106      -0.210      -0.036
51284.00     -0.018      0.081      -0.233      -0.395
51285.00      0.071      0.045      -0.059      -0.389
51286.00      0.154      0.016       0.201      -0.281
51287.00      0.209     -0.009       0.440      -0.126
51288.00      0.213     -0.018       0.462       0.051
51289.00      0.155      0.002       0.336       0.129
51290.00      0.074      0.015       0.308       0.202
51291.00      0.018      0.055       0.325       0.275
51292.00     -0.004      0.131       0.419       0.446
51293.00     -0.007      0.211       0.425       0.449
51294.00     -0.000      0.251       0.328       0.383
51295.00      0.009      0.199       0.239       0.362
51296.00      0.017      0.038       0.145       0.108
51297.00      0.029     -0.105       0.164      -0.126
51298.00      0.048     -0.188       0.212      -0.185
51299.00      0.066     -0.230       0.244      -0.269
51300.00      0.080     -0.237      -0.075      -0.227
51301.00      0.102     -0.211       0.258      -0.069
51302.00      0.132     -0.157       0.204      -0.121
51303.00      0.151     -0.096       0.225      -0.043
51304.00      0.151     -0.014       0.233       0.146
51305.00      0.139      0.057       0.166       0.224
51306.00      0.110      0.086       0.001       0.003
51307.00      0.056      0.042      -0.162      -0.224
51308.00     -0.008     -0.072      -0.156      -0.252
51309.00     -0.057     -0.189      -0.079      -0.221
51310.00     -0.091     -0.255      -0.012      -0.192
51311.00     -0.118     -0.288      -0.132      -0.300
51312.00     -0.132     -0.315      -0.165      -0.419
51313.00     -0.127     -0.322      -0.067      -0.338
51314.00     -0.114     -0.291       0.101      -0.192
51315.00     -0.095     -0.233       0.207      -0.017
51316.00     -0.053     -0.151       0.150      -0.015
51317.00      0.023     -0.028       0.100      -0.057
51318.00      0.118      0.129       0.104       0.065
51319.00      0.176      0.225       0.281       0.191
51320.00      0.181      0.233       0.553       0.339
51321.00      0.144      0.184       0.671       0.253
51322.00      0.082      0.106       0.601       0.309
51323.00      0.005      0.024       0.283       0.181
51324.00     -0.078     -0.034      -0.009       0.068
51325.00     -0.150     -0.059      -0.170      -0.235
51326.00     -0.189     -0.071      -0.263      -0.497
51327.00     -0.196     -0.084      -0.309      -0.595
51328.00     -0.188     -0.082      -0.309      -0.554
51329.00     -0.167     -0.059      -0.314      -0.407
51330.00     -0.131     -0.029      -0.188      -0.318
51331.00     -0.092     -0.025       0.023      -0.237
51332.00     -0.063     -0.065       0.300      -0.020
51333.00     -0.038     -0.128       0.452       0.259
51334.00     -0.010     -0.188       0.497       0.282
51335.00      0.016     -0.260       0.285       0.145
51336.00      0.037     -0.350       0.105      -0.013
51337.00      0.057     -0.425       0.107      -0.268
51338.00      0.074     -0.442       0.121      -0.338
51339.00      0.074     -0.402       0.193      -0.390
51340.00      0.064     -0.333       0.248      -0.478
51341.00      0.055     -0.243       0.371      -0.314
51342.00      0.038     -0.137       0.491       0.014
51343.00      0.003     -0.043       0.467       0.096
51344.00     -0.035      0.016       0.350       0.088
51345.00     -0.053      0.039       0.096       0.187
51346.00     -0.038      0.037      -0.072       0.247
51347.00     -0.009      0.015      -0.099       0.476
51348.00      0.011     -0.018       0.064       0.593
51349.00      0.018     -0.052       0.260       0.486
51350.00      0.018     -0.092       0.279       0.285
51351.00      0.004     -0.127       0.159       0.165
51352.00     -0.041     -0.131       0.013       0.056
51353.00     -0.122     -0.084      -0.055      -0.126
51354.00     -0.207     -0.014      -0.004      -0.353
51355.00     -0.267      0.054       0.018      -0.519
51356.00     -0.301      0.114      -0.036      -0.577
51357.00     -0.303      0.156      -0.103      -0.391
51358.00     -0.245      0.149      -0.102      -0.243
51359.00     -0.117      0.079      -0.005      -0.040
51360.00      0.010      0.015       0.166       0.163
51361.00      0.085     -0.028       0.368       0.480
51362.00      0.117     -0.059       0.518       0.664
51363.00      0.126     -0.082       0.608       0.670
51364.00      0.117     -0.101       0.501       0.508
51365.00      0.093     -0.118       0.238       0.330
51366.00      0.062     -0.127       0.164      -0.008
51367.00      0.030     -0.119       0.117      -0.144
51368.00     -0.001     -0.089       0.154      -0.212
51369.00     -0.023     -0.040       0.236      -0.025
51370.00     -0.032      0.008       0.255       0.252
51371.00     -0.035      0.032       0.264       0.312
51372.00     -0.038      0.026       0.199       0.242
51373.00     -0.041     -0.006       0.113       0.172
51374.00     -0.041     -0.058       0.010       0.300
51375.00     -0.026     -0.069       0.074       0.471
51376.00     -0.001     -0.017       0.190       0.572
51377.00      0.021      0.068       0.319       0.511
51378.00      0.036      0.132       0.355       0.295
51379.00      0.035      0.131       0.195       0.260
51380.00      0.004      0.068      -0.018       0.203
51381.00     -0.028      0.016      -0.158       0.112
51382.00     -0.035     -0.004      -0.215      -0.081
51383.00     -0.019     -0.005      -0.233      -0.313
51384.00     -0.001      0.003      -0.196      -0.468
51385.00     -0.001      0.016      -0.099      -0.404
51386.00     -0.010      0.021      -0.065      -0.187
51387.00     -0.020      0.020      -0.065      -0.119
51388.00     -0.043      0.020      -0.113      -0.050
51389.00     -0.092      0.013      -0.160       0.062
51390.00     -0.151     -0.018      -0.076       0.091
51391.00     -0.199     -0.067      -0.077       0.075
51392.00     -0.228     -0.117      -0.100       0.181
51393.00     -0.239     -0.158      -0.199       0.049
51394.00     -0.223     -0.198      -0.242      -0.127
51395.00     -0.168     -0.233      -0.052      -0.265
51396.00     -0.084     -0.239       0.132      -0.358
51397.00      0.006     -0.205       0.362      -0.204
51398.00      0.088     -0.152       0.435       0.046
51399.00      0.148     -0.116       0.425       0.006
51400.00      0.161     -0.102       0.301      -0.052
51401.00      0.105     -0.091       0.160      -0.158
51402.00      0.004     -0.064       0.047       0.075
51403.00     -0.096     -0.076      -0.071       0.255
51404.00     -0.171     -0.132      -0.038       0.535
51405.00     -0.211     -0.185       0.049       0.505
51406.00     -0.209     -0.207       0.116       0.413
51407.00     -0.161     -0.172       0.199       0.281
51408.00     -0.071     -0.057       0.109       0.138
51409.00      0.009      0.082      -0.039      -0.009
51410.00      0.066      0.205      -0.109      -0.260
51411.00      0.099      0.282      -0.174      -0.591
51412.00      0.104      0.286      -0.104      -0.773
51413.00      0.091      0.214      -0.008      -0.796
51414.00      0.086      0.063       0.101      -0.592
51415.00      0.106     -0.154       0.104      -0.221
51416.00      0.130     -0.337       0.135      -0.137
51417.00      0.140     -0.441       0.133      -0.245
51418.00      0.135     -0.492       0.102      -0.396
51419.00      0.124     -0.511       0.190      -0.414
51420.00      0.113     -0.492       0.198      -0.251
51421.00      0.103     -0.426       0.186      -0.210
51422.00      0.095     -0.337       0.176      -0.228
51423.00      0.096     -0.260       0.204      -0.239
51424.00      0.113     -0.197       0.269      -0.360
51425.00      0.142     -0.122       0.602      -2.311
51426.00      0.173     -0.039       0.858      -2.223
51427.00      0.199      0.029       0.930      -1.797
51428.00      0.220      0.072       0.816      -1.086
51429.00      0.237      0.096       0.583      -0.135
51430.00      0.245      0.092       0.324       0.948
51431.00      0.242      0.047       0.049       1.792
51432.00      0.230     -0.032      -0.252       2.250
51433.00      0.214     -0.119      -0.469       2.185
51434.00      0.192     -0.205      -0.501       1.734
51435.00      0.160     -0.291      -0.402       0.858
51436.00      0.123     -0.354      -0.236      -0.041
51437.00      0.093     -0.352      -0.087      -1.148
51438.00      0.073     -0.286       0.130      -2.144
51439.00      0.052     -0.204       0.438      -2.720
51440.00      0.024     -0.146       0.778      -2.881
51441.00      0.009     -0.102       1.031      -2.333
51442.00      0.028     -0.054       0.992      -1.383
51443.00      0.078     -0.012       0.682      -0.153
51444.00      0.104     -0.001       0.221       1.002
51445.00      0.093     -0.029      -0.276       1.624
51446.00      0.058     -0.083      -0.717       1.840
51447.00      0.008     -0.154      -1.049       1.687
51448.00     -0.048     -0.221      -1.136       1.319
51449.00     -0.098     -0.252      -0.947       0.765
51450.00     -0.130     -0.236      -0.515      -0.013
51451.00     -0.133     -0.185      -0.027      -0.985
51452.00     -0.108     -0.115       0.515      -2.015
51453.00     -0.059     -0.035       0.998      -2.555
51454.00      0.003      0.043       1.294      -2.614
51455.00      0.055      0.088       1.891       0.284
51456.00      0.079      0.070       1.236       0.281
51457.00      0.078     -0.020       0.368       0.051
51458.00      0.068     -0.119      -0.291      -0.115
51459.00      0.052     -0.197      -0.645      -0.127
51460.00      0.031     -0.250      -0.646      -0.287
51461.00      0.012     -0.261      -0.488      -0.240
51462.00      0.003     -0.231      -0.220      -0.299
51463.00      0.005     -0.178       0.021      -0.125
51464.00      0.019     -0.108       0.116       0.021
51465.00      0.039     -0.038       0.335       0.133
51466.00      0.057      0.027       0.802       0.256
51467.00      0.058      0.056       1.384       0.416
51468.00      0.045      0.021       1.766       0.366
51469.00      0.035     -0.047       1.673       0.329
51470.00      0.039     -0.103       1.125       0.091
51471.00      0.047     -0.137       0.312       0.031
51472.00      0.057     -0.174      -0.353      -0.194
51473.00      0.077     -0.222      -0.694      -0.437
51474.00      0.109     -0.265      -0.604      -0.580
51475.00      0.143     -0.290      -0.297      -0.660
51476.00      0.156     -0.285       0.038      -0.473
51477.00      0.133     -0.250       0.265      -0.221
51478.00      0.082     -0.209       0.111      -0.168
51479.00      0.045     -0.207      -0.065      -0.264
51480.00      0.038     -0.229      -0.188      -0.576
51481.00      0.049     -0.241      -0.207      -0.879
51482.00      0.067     -0.241      -0.152      -0.839
51483.00      0.084     -0.248       0.013      -0.704
51484.00      0.087     -0.255       0.110      -0.360
51485.00      0.074     -0.252       0.098      -0.232
51486.00      0.054     -0.243       0.168      -0.030
51487.00      0.035     -0.234       0.203       0.100
51488.00      0.014     -0.216       0.205       0.126
51489.00     -0.007     -0.172       0.213      -0.083
51490.00     -0.017     -0.112       0.194      -0.089
51491.00     -0.010     -0.064       0.134      -0.125
51492.00      0.011     -0.041       0.063       0.027
51493.00      0.048     -0.020       0.031       0.029
51494.00      0.093      0.020       0.064       0.033
51495.00      0.128      0.057       0.157      -0.103
51496.00      0.150      0.054       0.345      -0.139
51497.00      0.169      0.014       0.477      -0.014
51498.00      0.180     -0.042       0.424      -0.073
51499.00      0.162     -0.114       0.236      -0.172
51500.00      0.131     -0.181       0.067      -0.125
51501.00      0.111     -0.228      -0.031      -0.040
51502.00      0.105     -0.251      -0.144      -0.017
51503.00      0.110     -0.250      -0.219      -0.345
51504.00      0.118     -0.221      -0.192      -0.336
51505.00      0.115     -0.166      -0.041      -0.183
51506.00      0.094     -0.127       0.132      -0.083
51507.00      0.074     -0.146       0.243      -0.220
51508.00      0.081     -0.194       0.358      -0.480
51509.00      0.110     -0.209       0.397      -0.680
51510.00      0.138     -0.182       0.420      -0.662
51511.00      0.156     -0.154       0.401      -0.455
51512.00      0.165     -0.141       0.374      -0.230
51513.00      0.166     -0.130       0.255      -0.078
51514.00      0.167     -0.125       0.097      -0.003
51515.00      0.172     -0.139      -0.062       0.195
51516.00      0.175     -0.164      -0.128       0.233
51517.00      0.166     -0.174      -0.069       0.200
51518.00      0.151     -0.160       0.011       0.107
51519.00      0.136     -0.133       0.069      -0.045
51520.00      0.116     -0.110       0.147      -0.002
51521.00      0.082     -0.120       0.237      -0.098
51522.00      0.035     -0.158       0.265      -0.193
51523.00     -0.023     -0.206       0.314      -0.224
51524.00     -0.084     -0.255       0.386      -0.230
51525.00     -0.127     -0.284       0.348      -0.151
51526.00     -0.142     -0.275       0.180      -0.157
51527.00     -0.132     -0.240      -0.024      -0.115
51528.00     -0.099     -0.226      -0.198      -0.106
51529.00     -0.040     -0.230      -0.333       0.001
51530.00      0.032     -0.241      -0.442      -0.027
51531.00      0.102     -0.273      -0.442      -0.188
51532.00      0.172     -0.320      -0.323      -0.353
51533.00      0.243     -0.337      -0.032      -0.329
51534.00      0.283     -0.317       0.302      -0.281
51535.00      0.268     -0.308       0.472      -0.271
51536.00      0.220     -0.336       0.491      -0.466
51537.00      0.170     -0.359       0.416      -0.625
51538.00      0.121     -0.344       0.257      -0.368
51539.00      0.063     -0.307       0.157      -0.135
51540.00     -0.002     -0.269       0.014      -0.062
51541.00     -0.064     -0.227      -0.033      -0.149
51542.00     -0.108     -0.192      -0.151      -0.199
51543.00     -0.130     -0.182      -0.260      -0.096
51544.00     -0.135     -0.204      -0.252      -0.119
51545.00      0.121     -0.258      -0.111      -0.079
51546.00      0.105     -0.271       0.049      -0.072
51547.00      0.104     -0.278       0.159      -0.312
51548.00      0.116     -0.272       0.230      -0.279
51549.00      0.211     -0.323       0.321      -0.157
51550.00      0.225     -0.324       0.388      -0.121
51551.00      0.236     -0.336       0.519      -0.046
51552.00      0.233     -0.340       0.525       0.138
51553.00      0.219     -0.327       0.575       0.344
51554.00      0.203     -0.299       0.496       0.538
51555.00      0.185     -0.279       0.413       0.616
51556.00      0.142     -0.255       0.233       0.624
51557.00      0.126     -0.260       0.037       0.675
51558.00      0.115     -0.258      -0.168       0.590
51559.00      0.099     -0.268      -0.259       0.398
51560.00      0.084     -0.298      -0.202       0.081
51561.00      0.093     -0.315       0.089      -0.001
51562.00      0.122     -0.288       0.446       0.156
51563.00      0.070     -0.143       0.629       0.265
51564.00      0.064     -0.125       0.672       0.320
51565.00      0.049     -0.140       0.540       0.263
51566.00      0.040     -0.160       0.323       0.559
51567.00      0.037     -0.170       0.094       0.920
51568.00      0.031     -0.167      -0.053       1.015
51569.00      0.018     -0.148      -0.081       0.793
51570.00      0.044     -0.169      -0.203       0.652
51571.00      0.034     -0.157      -0.264       0.396
51572.00      0.023     -0.159      -0.276       0.326
51573.00      0.010     -0.167      -0.199       0.297
51574.00      0.003     -0.180      -0.063       0.207
51575.00      0.011     -0.193      -0.005      -0.018
51576.00      0.026     -0.189       0.011      -0.015
51577.00      0.041     -0.189       0.071       0.108
51578.00      0.052     -0.177       0.134       0.284
51579.00      0.061     -0.186       0.218       0.367
51580.00      0.059     -0.198       0.312       0.089
51581.00      0.044     -0.192       0.366      -0.178
51582.00      0.025     -0.173       0.444      -0.177
51583.00      0.010     -0.158       0.350      -0.097
51584.00      0.003     -0.179       0.190       0.024
51585.00     -0.019     -0.183      -0.044      -0.078
51586.00     -0.028     -0.188      -0.271      -0.151
51587.00     -0.021     -0.195      -0.368      -0.281
51588.00     -0.014     -0.201      -0.330      -0.483
51589.00     -0.013     -0.195      -0.114      -0.374
51590.00     -0.011     -0.179       0.060      -0.188
51591.00     -0.003     -0.162       0.213      -0.048
51592.00      0.005     -0.151       0.295      -0.015
51593.00      0.005     -0.143       0.226      -0.087
51594.00     -0.003     -0.136       0.149       0.062
51595.00     -0.016     -0.138       0.046       0.285
51596.00     -0.033     -0.141      -0.039       0.191
51597.00     -0.052     -0.138      -0.062      -0.023
51598.00     -0.066     -0.129      -0.060      -0.438
51599.00     -0.076     -0.128      -0.032      -0.648
51600.00     -0.084     -0.129       0.034      -0.669
51601.00     -0.089     -0.124       0.096      -0.493
51602.00     -0.082     -0.117       0.132      -0.352
51603.00     -0.060     -0.116       0.118      -0.181
51604.00     -0.037     -0.115       0.031      -0.122
51605.00     -0.108     -0.058      -0.029       0.071
51606.00     -0.106     -0.047      -0.010       0.162
51607.00     -0.107     -0.054       0.022       0.264
51608.00     -0.112     -0.073       0.024       0.145
51609.00     -0.122     -0.083      -0.048      -0.022
51610.00     -0.133     -0.079      -0.133      -0.200
51611.00     -0.139     -0.078      -0.227      -0.208
51612.00     -0.181     -0.084      -0.307      -0.086
51613.00     -0.192     -0.084      -0.335      -0.066
51614.00     -0.197     -0.085      -0.337      -0.055
51615.00     -0.181     -0.092      -0.233      -0.047
51616.00     -0.155     -0.090      -0.111      -0.143
51617.00     -0.143     -0.071       0.005      -0.069
51618.00     -0.150     -0.056       0.011       0.050
51619.00     -0.051     -0.004      -0.012       0.130
51620.00     -0.051     -0.035      -0.024       0.247
51621.00     -0.041     -0.043      -0.005       0.177
51622.00     -0.037     -0.024       0.047       0.201
51623.00     -0.047     -0.009       0.094       0.292
51624.00     -0.069     -0.011       0.063       0.221
51625.00     -0.089     -0.017       0.042       0.091
51626.00     -0.097     -0.070       0.067      -0.349
51627.00     -0.107     -0.067       0.070      -0.557
51628.00     -0.117     -0.069       0.170      -0.537
51629.00     -0.121     -0.068       0.213      -0.517
51630.00     -0.108     -0.059       0.228      -0.290
51631.00     -0.084     -0.052       0.090      -0.111
51632.00     -0.061     -0.049      -0.034       0.038
51633.00     -0.084     -0.054      -0.072       0.298
51634.00     -0.089     -0.036      -0.079       0.462
51635.00     -0.104     -0.038       0.047       0.574
51636.00     -0.122     -0.066       0.157       0.583
51637.00     -0.135     -0.092       0.227       0.311
51638.00     -0.143     -0.097       0.181       0.071
51639.00     -0.150     -0.095       0.087      -0.005
51640.00     -0.157     -0.098       0.008       0.024
51641.00     -0.159     -0.116       0.007       0.151
51642.00     -0.154     -0.108       0.042       0.191
51643.00     -0.146     -0.107       0.123       0.136
51644.00     -0.139     -0.115       0.163       0.039
51645.00     -0.138     -0.113       0.148      -0.165
51646.00     -0.141     -0.104       0.081      -0.198
51647.00     -0.230     -0.105      -0.002      -0.076
51648.00     -0.219     -0.122      -0.111       0.061
51649.00     -0.205     -0.124      -0.208       0.207
51650.00     -0.198     -0.103      -0.221       0.266
51651.00     -0.206     -0.087      -0.159       0.307
51652.00     -0.222     -0.090      -0.227       0.287
51653.00     -0.233     -0.099      -0.306       0.101
51654.00     -0.325     -0.066      -0.396      -0.191
51655.00     -0.325     -0.057      -0.411      -0.416
51656.00     -0.325     -0.061      -0.319      -0.453
51657.00     -0.314     -0.071      -0.257      -0.536
51658.00     -0.288     -0.078      -0.137      -0.413
51659.00     -0.259     -0.079      -0.076      -0.304
51660.00     -0.236     -0.074      -0.074      -0.022
51661.00     -0.193     -0.055      -0.123       0.318
51662.00     -0.190     -0.016      -0.207       0.511
51663.00     -0.202     -0.007      -0.223       0.576
51664.00     -0.220     -0.044      -0.090       0.728
51665.00     -0.227     -0.088       0.019       0.650
51666.00     -0.224     -0.099       0.017       0.533
51667.00     -0.225     -0.087      -0.098       0.152
51668.00     -0.232     -0.101      -0.168       0.140
51669.00     -0.227     -0.102      -0.173       0.218
51670.00     -0.208     -0.099      -0.038       0.208
51671.00     -0.186     -0.101       0.075       0.190
51672.00     -0.177     -0.117      -0.013      -0.066
51673.00     -0.178     -0.130      -0.071      -0.188
51674.00     -0.178     -0.130      -0.113      -0.209
51675.00     -0.169     -0.121      -0.182      -0.099
51676.00     -0.156     -0.107      -0.266       0.282
51677.00     -0.148     -0.087      -0.388       0.468
51678.00     -0.151     -0.061      -0.450       0.604
51679.00     -0.167     -0.049      -0.456       0.635
51680.00     -0.188     -0.057      -0.405       0.360
51681.00     -0.200     -0.070      -0.369       0.069
51682.00     -0.230     -0.109      -0.339      -0.309
51683.00     -0.220     -0.111      -0.339      -0.427
51684.00     -0.211     -0.118      -0.271      -0.460
51685.00     -0.191     -0.128      -0.132      -0.420
51686.00     -0.159     -0.130      -0.031      -0.435
51687.00     -0.135     -0.131       0.162      -0.362
51688.00     -0.127     -0.131       0.328      -0.190
51689.00     -0.074     -0.077       0.329       0.118
51690.00     -0.075     -0.037       0.184       0.218
51691.00     -0.084     -0.020       0.077       0.177
51692.00     -0.097     -0.055       0.091       0.211
51693.00     -0.098     -0.104       0.235       0.327
51694.00     -0.089     -0.112       0.277       0.201
51695.00     -0.086     -0.089       0.234      -0.128
51696.00      0.032     -0.076       0.145      -0.319
51697.00      0.019     -0.075       0.259      -0.311
51698.00      0.014     -0.075       0.368      -0.082
51699.00      0.014     -0.081       0.412       0.021
51700.00      0.017     -0.098       0.313      -0.093
51701.00      0.019     -0.109       0.163      -0.064
51702.00      0.015     -0.106       0.118       0.072
51703.00      0.006     -0.095       0.106       0.204
51704.00     -0.005     -0.079       0.156       0.347
51705.00     -0.018     -0.050       0.060       0.579
51706.00     -0.038     -0.021      -0.136       0.603
51707.00     -0.065     -0.009      -0.258       0.472
51708.00     -0.097     -0.015      -0.313       0.237
51709.00     -0.120     -0.028      -0.252      -0.035
51710.00     -0.237     -0.028      -0.172      -0.292
51711.00     -0.212     -0.043      -0.137      -0.364
51712.00     -0.189     -0.055      -0.137      -0.156
51713.00     -0.166     -0.051      -0.199      -0.139
51714.00     -0.139     -0.032      -0.143      -0.057
51715.00     -0.122     -0.021      -0.102      -0.009
51716.00     -0.127     -0.029      -0.040       0.186
51717.00     -0.108     -0.005      -0.081       0.373
51718.00     -0.117      0.005      -0.249       0.458
51719.00     -0.118      0.012      -0.397       0.374
51720.00     -0.115     -0.012      -0.423       0.375
51721.00     -0.103     -0.045      -0.257       0.428
51722.00     -0.091     -0.043      -0.106       0.408
51723.00     -0.090     -0.018      -0.000       0.264
51724.00     -0.072     -0.059       0.091      -0.039
51725.00     -0.070     -0.058       0.216      -0.215
51726.00     -0.065     -0.053       0.399      -0.156
51727.00     -0.067     -0.052       0.449      -0.159
51728.00     -0.064     -0.065       0.252      -0.315
51729.00     -0.048     -0.075       0.093      -0.376
51730.00     -0.030     -0.072       0.012      -0.219
51731.00     -0.049     -0.127      -0.030      -0.044
51732.00     -0.056     -0.118       0.057       0.009
51733.00     -0.067     -0.094       0.017      -0.112
51734.00     -0.075     -0.065      -0.080      -0.048
51735.00     -0.083     -0.059      -0.248       0.030
51736.00     -0.092     -0.073      -0.261       0.007
51737.00     -0.098     -0.089      -0.108      -0.095
51738.00     -0.080     -0.116       0.079      -0.202
51739.00     -0.053     -0.123       0.264      -0.217
51740.00     -0.027     -0.125       0.305      -0.076
51741.00     -0.017     -0.112       0.303      -0.123
51742.00     -0.012     -0.093       0.213      -0.127
51743.00     -0.009     -0.082       0.185      -0.093
51744.00     -0.018     -0.092       0.158      -0.087
51745.00     -0.005     -0.099       0.041      -0.004
51746.00     -0.023     -0.102      -0.087       0.162
51747.00     -0.026     -0.095      -0.318       0.167
51748.00     -0.022     -0.098      -0.403       0.089
51749.00     -0.016     -0.110      -0.342       0.114
51750.00     -0.017     -0.111      -0.240       0.108
51751.00     -0.031     -0.099      -0.071      -0.026
51752.00     -0.045     -0.093       0.033      -0.190
51753.00     -0.040     -0.089       0.223      -0.203
51754.00     -0.018     -0.077       0.288      -0.184
51755.00     -0.004     -0.066       0.353      -0.172
51756.00     -0.000     -0.073       0.277      -0.397
51757.00      0.004     -0.082       0.128      -0.477
51758.00      0.012     -0.081       0.012      -0.189
51759.00      0.001     -0.088      -0.027       0.122
51760.00     -0.006     -0.083       0.044       0.145
51761.00     -0.016     -0.063       0.088       0.018
51762.00     -0.022     -0.039       0.017      -0.105
51763.00     -0.018     -0.040      -0.101       0.019
51764.00     -0.009     -0.067      -0.147       0.069
51765.00      0.002     -0.086      -0.059       0.042
51766.00      0.082     -0.046       0.127      -0.121
51767.00      0.102     -0.030       0.316      -0.228
51768.00      0.116     -0.016       0.473      -0.304
51769.00      0.109     -0.011       0.519      -0.196
51770.00      0.093     -0.015       0.575      -0.187
51771.00      0.084     -0.027       0.565      -0.169
51772.00      0.077     -0.035       0.489      -0.139
51773.00      0.121     -0.049       0.393       0.086
51774.00      0.093     -0.034       0.229       0.191
51775.00      0.073     -0.017       0.092       0.314
51776.00      0.060     -0.008      -0.091       0.316
51777.00      0.046     -0.009      -0.155       0.209
51778.00      0.029     -0.016      -0.151       0.123
51779.00      0.011     -0.028       0.003       0.076
51780.00     -0.007     -0.031       0.155       0.085
51781.00     -0.015     -0.019       0.212       0.124
51782.00     -0.007      0.004       0.220       0.088
51783.00      0.008      0.016       0.110       0.057
51784.00      0.013      0.011      -0.016      -0.030
51785.00      0.003      0.011      -0.134      -0.049
51786.00     -0.018      0.021      -0.258       0.160
51787.00     -0.082      0.096      -0.390       0.387
51788.00     -0.097      0.096      -0.423       0.494
51789.00     -0.108      0.102      -0.572       0.434
51790.00     -0.114      0.113      -0.559       0.111
51791.00     -0.113      0.104      -0.245       0.012
51792.00     -0.104      0.078      -0.193      -0.015
51793.00     -0.091      0.064      -0.132      -0.092
51794.00      0.008      0.067       0.040      -0.154
51795.00      0.024      0.090       0.217      -0.340
51796.00      0.030      0.099       0.308      -0.404
51797.00      0.019      0.090       0.366      -0.297
51798.00      0.005      0.070       0.307      -0.103
51799.00      0.005      0.052       0.187       0.077
51800.00      0.010      0.054      -0.036       0.052
51801.00     -0.002      0.048      -0.198       0.037
51802.00     -0.017      0.066      -0.352       0.052
51803.00     -0.029      0.066      -0.440       0.114
51804.00     -0.032      0.058      -0.466       0.233
51805.00     -0.033      0.054      -0.419       0.197
51806.00     -0.033      0.050      -0.251       0.176
51807.00     -0.026      0.035      -0.034       0.029
51808.00      0.013     -0.011       0.284       0.034
51809.00      0.024     -0.007       0.458       0.083
51810.00      0.033      0.010       0.438       0.162
51811.00      0.043      0.016       0.387      -0.035
51812.00      0.053      0.010       0.324      -0.166
51813.00      0.052      0.016       0.277      -0.240
51814.00      0.037      0.039       0.235      -0.100
51815.00      0.017      0.054       0.177       0.109
51816.00     -0.009      0.078       0.101       0.308
51817.00     -0.014      0.068       0.034       0.298
51818.00     -0.012      0.064       0.055       0.165
51819.00     -0.008      0.052       0.087       0.141
51820.00     -0.001      0.035       0.137       0.222
51821.00      0.013      0.034       0.213       0.159
51822.00      0.031      0.101       0.198       0.035
51823.00      0.047      0.110       0.291      -0.110
51824.00      0.048      0.092       0.350      -0.127
51825.00      0.037      0.063       0.402      -0.030
51826.00      0.027      0.047       0.338       0.108
51827.00      0.026      0.052       0.257       0.235
51828.00      0.028      0.070       0.086       0.178
51829.00     -0.010      0.086      -0.105       0.036
51830.00     -0.020      0.091      -0.220      -0.095
51831.00     -0.024      0.074      -0.277       0.019
51832.00     -0.020      0.052      -0.306       0.225
51833.00     -0.015      0.049      -0.273       0.433
51834.00     -0.012      0.060      -0.158       0.377
51835.00     -0.007      0.058       0.092       0.248
51836.00     -0.034      0.045       0.296      -0.035
51837.00     -0.015      0.026       0.448      -0.064
51838.00      0.001      0.028       0.448      -0.143
51839.00      0.008      0.034       0.374      -0.147
51840.00      0.006      0.035       0.264      -0.099
51841.00     -0.002      0.041       0.129      -0.134
51842.00     -0.011      0.055       0.032      -0.076
51843.00     -0.021      0.060      -0.020       0.071
51844.00     -0.029      0.048      -0.088       0.133
51845.00     -0.030      0.033      -0.211       0.162
51846.00     -0.023      0.024      -0.225       0.085
51847.00     -0.014      0.012      -0.155       0.050
51848.00     -0.004     -0.008      -0.071       0.032
51849.00      0.012     -0.014       0.038      -0.256
51850.00      0.036      0.002       0.205      -0.164
51851.00      0.055      0.009       0.295      -0.237
51852.00      0.060     -0.019       0.370      -0.264
51853.00      0.055     -0.056       0.388      -0.189
51854.00      0.051     -0.065       0.312      -0.172
51855.00      0.046     -0.043       0.156      -0.232
51856.00      0.037     -0.020       0.002      -0.449
51857.00      0.030     -0.013      -0.115      -0.687
51858.00      0.031     -0.012      -0.279      -0.891
51859.00      0.038     -0.014      -0.360      -0.889
51860.00      0.042     -0.014      -0.429      -0.527
51861.00      0.039     -0.009      -0.352      -0.155
51862.00      0.035     -0.004      -0.251       0.076
51863.00      0.035     -0.019      -0.125       0.035
51864.00      0.044     -0.048       0.086      -0.265
51865.00      0.060     -0.066       0.235      -0.400
51866.00      0.082     -0.055       0.351      -0.460
51867.00      0.098     -0.026       0.334      -0.499
51868.00      0.097     -0.000       0.275      -0.320
51869.00      0.082      0.015       0.176      -0.268
51870.00      0.069      0.016       0.070      -0.142
51871.00      0.062      0.003       0.050      -0.047
51872.00      0.057     -0.018      -0.001       0.012
51873.00      0.052     -0.028      -0.053       0.070
51874.00      0.053     -0.024      -0.085       0.086
51875.00      0.061     -0.031      -0.050       0.169
51876.00      0.074     -0.061       0.104       0.242
51877.00      0.091     -0.085       0.283       0.216
51878.00      0.113     -0.081       0.425       0.087
51879.00      0.128     -0.064       0.581      -0.054
51880.00      0.155      0.008       0.595      -0.222
51881.00      0.152     -0.017       0.602      -0.120
51882.00      0.148     -0.025       0.480      -0.108
51883.00      0.137     -0.015       0.277      -0.036
51884.00      0.118     -0.012       0.189      -0.024
51885.00      0.120     -0.057       0.159      -0.097
51886.00      0.121     -0.056       0.097      -0.158
51887.00      0.126     -0.046       0.056      -0.403
51888.00      0.125     -0.034       0.054      -0.352
51889.00      0.118     -0.027       0.146      -0.063
51890.00      0.106     -0.035       0.220       0.149
51891.00      0.100     -0.075       0.272       0.122
51892.00      0.143     -0.100       0.327      -0.039
51893.00      0.158     -0.117       0.362      -0.275
51894.00      0.171     -0.087       0.484      -0.209
51895.00      0.179     -0.043       0.495      -0.106
51896.00      0.177     -0.010       0.471      -0.009
51897.00      0.163      0.008       0.325      -0.058
51898.00      0.144      0.012       0.204      -0.118
51899.00      0.140     -0.049       0.127      -0.195
51900.00      0.129     -0.078       0.065      -0.422
51901.00      0.118     -0.090       0.031      -0.468
51902.00      0.112     -0.081       0.031      -0.443
51903.00      0.116     -0.079       0.013      -0.317
51904.00      0.129     -0.102      -0.015      -0.183
51905.00      0.145     -0.134       0.095      -0.167
51906.00      0.161     -0.146       0.164      -0.071
51907.00      0.166     -0.133       0.332      -0.071
51908.00      0.158     -0.123       0.463      -0.074
51909.00      0.149     -0.123       0.536       0.089
51910.00      0.142     -0.123       0.506       0.036
51911.00      0.128     -0.126       0.379      -0.042
51912.00      0.106     -0.138       0.274      -0.196
51913.00      0.090     -0.143       0.138      -0.265
51914.00      0.078     -0.130      -0.027       0.110
51915.00      0.065     -0.123      -0.167      -0.102
51916.00      0.066     -0.140      -0.127      -0.365
51917.00      0.089     -0.150       0.054      -0.303
51918.00      0.112     -0.135       0.303      -0.181
51919.00      0.110     -0.133       0.289      -0.153
51920.00      0.192     -0.199       0.162      -0.417
51921.00      0.182     -0.235       0.014      -0.799
51922.00      0.180     -0.231      -0.019      -0.678
51923.00      0.176     -0.209       0.017      -0.591
51924.00      0.169     -0.196       0.093      -0.478
51925.00      0.160     -0.184       0.140      -0.407
51926.00      0.144     -0.169       0.121      -0.426
51927.00      0.134     -0.168       0.100      -0.298
51928.00      0.118     -0.190       0.111      -0.342
51929.00      0.106     -0.211       0.199      -0.346
51930.00      0.100     -0.216       0.247      -0.367
51931.00      0.106     -0.213       0.189      -0.334
51932.00      0.121     -0.215       0.159      -0.193
51933.00      0.138     -0.222       0.196      -0.065
51934.00      0.179     -0.188       0.260       0.024
51935.00      0.181     -0.190       0.429      -0.102
51936.00      0.168     -0.189       0.515      -0.115
51937.00      0.151     -0.187       0.595      -0.025
51938.00      0.138     -0.183       0.560      -0.125
51939.00      0.125     -0.187       0.462      -0.147
51940.00      0.110     -0.203       0.261      -0.334
51941.00      0.122     -0.258       0.076      -0.493
51942.00      0.109     -0.236      -0.131      -0.667
51943.00      0.084     -0.229      -0.242      -1.062
51944.00      0.071     -0.268      -0.248      -1.407
51945.00      0.103     -0.307       0.033      -1.371
51946.00      0.159     -0.277       0.263      -0.982
51947.00      0.180     -0.210       0.268      -0.357
51948.00      0.154     -0.156       0.009      -0.013
51949.00      0.117     -0.192      -0.276      -0.004
51950.00      0.101     -0.234      -0.408       0.291
51951.00      0.098     -0.254      -0.333       0.303
51952.00      0.094     -0.259      -0.155       0.218
51953.00      0.088     -0.251       0.060      -0.118
51954.00      0.079     -0.231       0.149      -0.284
51955.00      0.061     -0.192       0.276      -0.176
51956.00      0.050     -0.205       0.343      -0.139
51957.00      0.042     -0.228       0.514      -0.188
51958.00      0.043     -0.248       0.578      -0.178
51959.00      0.058     -0.255       0.541      -0.226
51960.00      0.080     -0.247       0.411      -0.189
51961.00      0.097     -0.224       0.306      -0.225
51962.00      0.147     -0.213       0.257      -0.278
51963.00      0.145     -0.217       0.327      -0.271
51964.00      0.132     -0.236       0.353      -0.362
51965.00      0.111     -0.250       0.349      -0.300
51966.00      0.094     -0.248       0.342      -0.245
51967.00      0.086     -0.246       0.278      -0.279
51968.00      0.079     -0.253       0.117      -0.423
51969.00     -0.038     -0.305      -0.011      -0.579
51970.00     -0.033     -0.295      -0.100      -0.795
51971.00     -0.029     -0.284      -0.174      -1.114
51972.00     -0.034     -0.301      -0.190      -1.259
51973.00     -0.028     -0.330      -0.054      -1.255
51974.00     -0.002     -0.322       0.100      -0.849
51975.00      0.017     -0.274       0.098      -0.229
51976.00      0.007     -0.237      -0.038       0.093
51977.00     -0.020     -0.243      -0.216       0.244
51978.00     -0.035     -0.272      -0.295       0.400
51979.00     -0.038     -0.292      -0.271       0.498
51980.00     -0.042     -0.291      -0.108       0.422
51981.00     -0.051     -0.276       0.041       0.154
51982.00     -0.059     -0.257       0.153      -0.224
51983.00     -0.063     -0.252       0.269      -0.361
51984.00     -0.066     -0.263       0.358      -0.339
51985.00     -0.069     -0.276       0.504      -0.380
51986.00     -0.062     -0.286       0.545      -0.407
51987.00     -0.039     -0.292       0.438      -0.561
51988.00     -0.012     -0.284       0.186      -0.440
51989.00      0.000     -0.255       0.004      -0.427
51990.00      0.002     -0.270      -0.093      -0.374
51991.00     -0.010     -0.267      -0.084      -0.378
51992.00     -0.025     -0.288      -0.074      -0.437
51993.00     -0.045     -0.309      -0.022      -0.441
51994.00     -0.059     -0.314       0.024      -0.373
51995.00     -0.058     -0.311       0.014      -0.318
51996.00     -0.054     -0.309       0.059      -0.289
51997.00     -0.023     -0.292       0.105      -0.453
51998.00     -0.018     -0.290       0.226      -0.701
51999.00      0.002     -0.285       0.329      -0.773
52000.00      0.021     -0.276       0.390      -0.802
52001.00      0.022     -0.268       0.357      -0.664
52002.00      0.008     -0.265       0.242      -0.516
52003.00     -0.004     -0.273       0.028      -0.264
52004.00     -0.008     -0.282      -0.088      -0.140
52005.00     -0.012     -0.283      -0.263      -0.343
52006.00     -0.021     -0.272      -0.274      -0.336
52007.00     -0.032     -0.261      -0.215      -0.226
52008.00     -0.044     -0.256      -0.176      -0.156
52009.00     -0.055     -0.251      -0.128      -0.208
52010.00     -0.060     -0.243      -0.060      -0.386
52011.00     -0.108     -0.301       0.092      -0.344
52012.00     -0.106     -0.313       0.266      -0.174
52013.00     -0.105     -0.321       0.400      -0.010
52014.00     -0.094     -0.317       0.546      -0.067
52015.00     -0.069     -0.310       0.529      -0.224
52016.00     -0.046     -0.300       0.386      -0.286
52017.00     -0.042     -0.276       0.232      -0.314
52018.00     -0.056     -0.247       0.124      -0.464
52019.00     -0.074     -0.238       0.107      -0.593
52020.00     -0.090     -0.256       0.110      -0.766
52021.00     -0.103     -0.279       0.142      -0.862
52022.00     -0.111     -0.289       0.089      -0.781
52023.00     -0.107     -0.288       0.031      -0.641
52024.00     -0.096     -0.287       0.036      -0.365
52025.00     -0.141     -0.329       0.065      -0.186
52026.00     -0.137     -0.321       0.187      -0.243
52027.00     -0.127     -0.318       0.366      -0.267
52028.00     -0.111     -0.314       0.476      -0.360
52029.00     -0.104     -0.296       0.444      -0.199
52030.00     -0.114     -0.277       0.251      -0.254
52031.00     -0.128     -0.278       0.016      -0.309
52032.00     -0.150     -0.319      -0.127      -0.359
52033.00     -0.151     -0.324      -0.163      -0.596
52034.00     -0.158     -0.304      -0.037      -0.625
52035.00     -0.175     -0.288       0.088      -0.258
52036.00     -0.190     -0.293       0.041      -0.195
52037.00     -0.194     -0.306      -0.024      -0.205
52038.00     -0.186     -0.307      -0.084      -0.451
52039.00     -0.193     -0.332      -0.034      -0.547
52040.00     -0.186     -0.339       0.055      -0.572
52041.00     -0.177     -0.347       0.227      -0.583
52042.00     -0.160     -0.343       0.313      -0.536
52043.00     -0.139     -0.331       0.330      -0.517
52044.00     -0.128     -0.317       0.253      -0.374
52045.00     -0.134     -0.293       0.137      -0.305
52046.00     -0.158     -0.246      -0.021      -0.075
52047.00     -0.172     -0.234      -0.091      -0.052
52048.00     -0.181     -0.255      -0.017      -0.127
52049.00     -0.184     -0.286       0.026      -0.312
52050.00     -0.185     -0.294       0.026      -0.394
52051.00     -0.186     -0.284      -0.029      -0.414
52052.00     -0.183     -0.277      -0.029      -0.308
52053.00     -0.165     -0.261       0.051      -0.286
52054.00     -0.148     -0.253       0.165      -0.268
52055.00     -0.135     -0.249       0.336      -0.392
52056.00     -0.134     -0.255       0.442      -0.488
52057.00     -0.140     -0.257       0.401      -0.454
52058.00     -0.146     -0.237       0.237      -0.360
52059.00     -0.149     -0.207      -0.010      -0.257
52060.00     -0.157     -0.224      -0.278      -0.099
52061.00     -0.168     -0.215      -0.469      -0.079
52062.00     -0.186     -0.211      -0.575      -0.063
52063.00     -0.205     -0.220      -0.508      -0.036
52064.00     -0.220     -0.246      -0.137       0.002
52065.00     -0.221     -0.270      -0.039      -0.131
52066.00     -0.209     -0.271      -0.022      -0.199
52067.00     -0.168     -0.241       0.031      -0.400
52068.00     -0.158     -0.236       0.162      -0.592
52069.00     -0.145     -0.239       0.244      -0.738
52070.00     -0.124     -0.236       0.297      -0.834
52071.00     -0.110     -0.229       0.309      -0.916
52072.00     -0.116     -0.222       0.178      -0.744
52073.00     -0.135     -0.208       0.001      -0.363
52074.00     -0.191     -0.146      -0.261      -0.157
52075.00     -0.196     -0.129      -0.348       0.044
52076.00     -0.198     -0.156      -0.359       0.081
52077.00     -0.195     -0.200      -0.180       0.111
52078.00     -0.190     -0.213      -0.050       0.069
52079.00     -0.192     -0.192      -0.027      -0.100
52080.00     -0.199     -0.172      -0.019      -0.124
52081.00     -0.200     -0.111       0.062       0.002
52082.00     -0.181     -0.106       0.225       0.141
52083.00     -0.159     -0.100       0.233       0.018
52084.00     -0.152     -0.107       0.179      -0.188
52085.00     -0.158     -0.117       0.111      -0.324
52086.00     -0.166     -0.111       0.003      -0.360
52087.00     -0.169     -0.084      -0.059      -0.214
52088.00     -0.212     -0.056      -0.253      -0.176
52089.00     -0.224     -0.028      -0.426      -0.088
52090.00     -0.242     -0.021      -0.520      -0.042
52091.00     -0.258     -0.042      -0.457      -0.025
52092.00     -0.267     -0.081      -0.277      -0.117
52093.00     -0.264     -0.110      -0.028      -0.148
52094.00     -0.247     -0.114       0.122      -0.151
52095.00     -0.263     -0.096      -0.271      -0.153
52096.00     -0.246     -0.089      -0.427      -0.091
52097.00     -0.231     -0.082      -0.460      -0.085
52098.00     -0.214     -0.068      -0.394      -0.107
52099.00     -0.206     -0.057      -0.278      -0.213
52100.00     -0.220     -0.066      -0.167      -0.219
52101.00     -0.242     -0.079      -0.133      -0.088
52102.00     -0.274     -0.074      -0.289      -0.131
52103.00     -0.272     -0.060      -0.472      -0.152
52104.00     -0.269     -0.078      -0.435      -0.250
52105.00     -0.265     -0.121      -0.305      -0.367
52106.00     -0.257     -0.138      -0.153      -0.267
52107.00     -0.251     -0.117      -0.094      -0.209
52108.00     -0.247     -0.091      -0.054      -0.109
52109.00     -0.216     -0.088       0.193       0.158
52110.00     -0.204     -0.074       0.426       0.521
52111.00     -0.198     -0.063       0.493       0.650
52112.00     -0.195     -0.067       0.434       0.453
52113.00     -0.194     -0.078       0.255       0.297
52114.00     -0.196     -0.079       0.100       0.054
52115.00     -0.204     -0.074      -0.167      -0.116
52116.00     -0.238     -0.045      -0.294      -0.230
52117.00     -0.245     -0.020      -0.468      -0.375
52118.00     -0.253      0.006      -0.595      -0.359
52119.00     -0.260      0.005      -0.628      -0.176
52120.00     -0.261     -0.025      -0.463      -0.209
52121.00     -0.253     -0.051      -0.214      -0.179
52122.00     -0.234     -0.056       0.024      -0.013
52123.00     -0.214     -0.033       0.126       0.024
52124.00     -0.186     -0.021       0.094       0.228
52125.00     -0.179     -0.007       0.121       0.255
52126.00     -0.178      0.019       0.135       0.208
52127.00     -0.180      0.038       0.127      -0.040
52128.00     -0.192      0.029       0.161      -0.044
52129.00     -0.208      0.004       0.050      -0.041
52130.00     -0.244     -0.012      -0.136      -0.066
52131.00     -0.242     -0.003      -0.296      -0.247
52132.00     -0.244     -0.010      -0.341      -0.272
52133.00     -0.246     -0.039      -0.191      -0.256
52134.00     -0.241     -0.054      -0.046      -0.085
52135.00     -0.231     -0.042       0.026      -0.107
52136.00     -0.214     -0.022       0.005      -0.115
52137.00     -0.166      0.002      -0.050      -0.073
52138.00     -0.147      0.027      -0.040       0.123
52139.00     -0.151      0.042      -0.114       0.201
52140.00     -0.165      0.030      -0.183      -0.005
52141.00     -0.168      0.013      -0.235      -0.097
52142.00     -0.165      0.011      -0.252       0.001
52143.00     -0.174      0.009      -0.215       0.080
52144.00     -0.179     -0.009      -0.263       0.038
52145.00     -0.184     -0.007      -0.331      -0.081
52146.00     -0.181      0.018      -0.494      -0.152
52147.00     -0.176      0.032      -0.598      -0.007
52148.00     -0.169      0.013      -0.581       0.166
52149.00     -0.158     -0.010      -0.402       0.179
52150.00     -0.142     -0.012      -0.132       0.046
52151.00     -0.121     -0.000       0.057       0.094
52152.00     -0.105      0.010       0.126       0.156
52153.00     -0.107      0.021       0.185       0.038
52154.00     -0.119      0.037       0.208       0.088
52155.00     -0.128      0.051       0.030       0.609
52156.00     -0.133      0.052      -0.028       0.257
52157.00     -0.140      0.041      -0.071       0.055
52158.00     -0.142      0.040      -0.098       0.096
52159.00     -0.146      0.042      -0.065       0.200
52160.00     -0.151      0.035       0.017       0.316
52161.00     -0.154      0.014       0.134       0.326
52162.00     -0.149     -0.000       0.285       0.304
52163.00     -0.136      0.003       0.310       0.227
52164.00     -0.118      0.019       0.241       0.035
52165.00     -0.120      0.010       0.162      -0.133
52166.00     -0.098      0.039       0.054      -0.270
52167.00     -0.095      0.053      -0.032      -0.347
52168.00     -0.109      0.035      -0.120      -0.627
52169.00     -0.119      0.015      -0.066      -0.666
52170.00     -0.121      0.024      -0.085      -0.486
52171.00     -0.127      0.045      -0.136      -0.146
52172.00     -0.139      0.044      -0.179       0.043
52173.00     -0.141      0.038      -0.227      -0.053
52174.00     -0.133      0.046      -0.266      -0.170
52175.00     -0.121      0.051      -0.283       0.063
52176.00     -0.108      0.031      -0.273       0.185
52177.00     -0.093      0.007      -0.134       0.118
52178.00     -0.077      0.008      -0.009      -0.104
52179.00     -0.062      0.024       0.147      -0.418
52180.00     -0.053      0.035       0.201      -0.363
52181.00     -0.082      0.082       0.247      -0.350
52182.00     -0.096      0.082       0.285      -0.288
52183.00     -0.103      0.085       0.223      -0.200
52184.00     -0.102      0.093       0.158      -0.188
52185.00     -0.103      0.103       0.020      -0.054
52186.00     -0.109      0.106       0.025       0.092
52187.00     -0.111      0.097       0.051       0.173
52188.00     -0.106      0.118       0.091       0.234
52189.00     -0.104      0.095       0.121       0.182
52190.00     -0.095      0.079       0.146       0.136
52191.00     -0.073      0.075       0.158       0.183
52192.00     -0.049      0.082       0.041       0.284
52193.00     -0.034      0.100      -0.193       0.494
52194.00     -0.029      0.118      -0.401       0.661
52195.00     -0.050      0.190      -0.593       0.764
52196.00     -0.058      0.160      -0.563       0.618
52197.00     -0.068      0.138      -0.450       0.375
52198.00     -0.075      0.151      -0.250       0.296
52199.00     -0.082      0.181      -0.146       0.134
52200.00     -0.086      0.192      -0.127      -0.137
52201.00     -0.084      0.185      -0.072      -0.548
52202.00     -0.079      0.160      -0.070      -1.022
52203.00     -0.069      0.144       0.003      -1.053
52204.00     -0.053      0.118       0.011      -0.584
52205.00     -0.031      0.095       0.056      -0.233
52206.00     -0.006      0.091       0.150      -0.002
52207.00      0.017      0.097       0.313       0.041
52208.00      0.027      0.093       0.464       0.185
52209.00      0.021      0.085       0.551       0.264
52210.00      0.009      0.084       0.632       0.341
52211.00      0.004      0.095       0.605       0.187
52212.00      0.004      0.112       0.455       0.025
52213.00     -0.001      0.127       0.197      -0.095
52214.00     -0.008      0.126       0.007       0.053
52215.00     -0.007      0.101      -0.098       0.059
52216.00     -0.033      0.126      -0.123       0.209
52217.00     -0.026      0.108      -0.068       0.187
52218.00     -0.021      0.107       0.069       0.069
52219.00     -0.003      0.108       0.190       0.010
52220.00      0.023      0.104       0.288       0.061
52221.00      0.041      0.108       0.151       0.304
52222.00      0.040      0.117       0.002       0.562
52223.00      0.030      0.172      -0.056       0.794
52224.00      0.018      0.140      -0.048       0.785
52225.00      0.010      0.116       0.099       0.714
52226.00      0.005      0.121       0.190       0.497
52227.00      0.007      0.136       0.186       0.047
52228.00      0.008      0.140       0.063       0.047
52229.00      0.011      0.130       0.007       0.070
52230.00      0.006      0.130       0.007      -0.112
52231.00      0.014      0.113       0.031       0.041
52232.00      0.027      0.089       0.089       0.052
52233.00      0.052      0.077       0.126       0.120
52234.00      0.082      0.085       0.121       0.080
52235.00      0.107      0.089       0.177       0.008
52236.00      0.115      0.074       0.225       0.336
52237.00      0.109      0.063       0.260       0.584
52238.00      0.095      0.066       0.229       0.719
52239.00      0.085      0.090       0.205       0.784
52240.00      0.076      0.112       0.149       0.465
52241.00      0.065      0.117       0.148       0.115
52242.00      0.057      0.102       0.154      -0.166
52243.00      0.060      0.072       0.219      -0.293
52244.00      0.089      0.049       0.269      -0.254
52245.00      0.096      0.037       0.336      -0.041
52246.00      0.099      0.047       0.366      -0.087
52247.00      0.103      0.057       0.395      -0.084
52248.00      0.113      0.054       0.438      -0.015
52249.00      0.124      0.054       0.411       0.215
52250.00      0.123      0.066       0.272       0.396
52251.00      0.138      0.071       0.096       0.560
52252.00      0.119      0.058      -0.032       0.684
52253.00      0.107      0.037      -0.141       0.823
52254.00      0.106      0.029      -0.163       0.834
52255.00      0.077      0.038      -0.193       0.799
52256.00      0.082      0.033      -0.257       0.654
52257.00      0.081      0.026      -0.265       0.461
52258.00      0.081      0.025      -0.220       0.249
52259.00      0.088      0.015      -0.022       0.061
52260.00      0.102     -0.004       0.170      -0.117
52261.00      0.121     -0.014       0.324      -0.134
52262.00      0.141      0.001       0.400       0.002
52263.00      0.153      0.022       0.465       0.158
52264.00      0.148      0.018       0.365       0.497
52265.00      0.213     -0.095       0.223       0.893
52266.00      0.195     -0.097       0.093       1.034
52267.00      0.178     -0.078      -0.158       1.021
52268.00      0.159     -0.066      -0.245       0.550
52269.00      0.144     -0.078      -0.283       0.124
52270.00      0.140     -0.099      -0.235      -0.208
52271.00      0.159     -0.112      -0.173      -0.420
52272.00      0.168     -0.131      -0.020      -0.190
52273.00      0.177     -0.139       0.122       0.155
52274.00      0.183     -0.129       0.206       0.489
52275.00      0.185     -0.118       0.591       0.263
52276.00      0.181     -0.118       0.445      -0.050
52277.00      0.172     -0.115       0.307      -0.139
52278.00      0.163     -0.095       0.205      -0.174
52279.00      0.140     -0.071       0.137      -0.007
52280.00      0.125     -0.067       0.057       0.149
52281.00      0.108     -0.081       0.038       0.151
52282.00      0.101     -0.096       0.043       0.224
52283.00      0.115     -0.115       0.159       0.190
52284.00      0.121     -0.123       0.242       0.058
52285.00      0.119     -0.123       0.293      -0.036
52286.00      0.134     -0.113       0.236      -0.152
52287.00      0.141     -0.114       0.199      -0.204
52288.00      0.155     -0.137       0.190      -0.178
52289.00      0.170     -0.159       0.190      -0.248
52290.00      0.180     -0.151       0.211      -0.289
52291.00      0.178     -0.118       0.207      -0.299
52292.00      0.162     -0.097       0.203      -0.121
52293.00      0.141     -0.133       0.236       0.087
52294.00      0.128     -0.138       0.208       0.227
52295.00      0.110     -0.140       0.218       0.271
52296.00      0.087     -0.153       0.229       0.167
52297.00      0.073     -0.176       0.324       0.051
52298.00      0.075     -0.188       0.274      -0.073
52299.00      0.087     -0.193       0.216      -0.152
52300.00      0.116     -0.188       0.230      -0.236
52301.00      0.137     -0.190       0.324      -0.155
52302.00      0.153     -0.166       0.345       0.091
52303.00      0.149     -0.140       0.123      -0.037
52304.00      0.130     -0.142      -0.008      -0.142
52305.00      0.112     -0.155      -0.049      -0.270
52306.00      0.100     -0.150       0.138      -0.131
52307.00      0.089     -0.144       0.306      -0.006
52308.00      0.080     -0.145       0.364       0.151
52309.00      0.068     -0.160       0.336       0.165
52310.00      0.055     -0.170      -0.078       0.181
52311.00      0.050     -0.180      -0.052       0.124
52312.00      0.052     -0.193       0.076       0.065
52313.00      0.059     -0.201       0.255      -0.092
52314.00      0.107     -0.190       0.305      -0.089
52315.00      0.123     -0.190       0.321      -0.017
52316.00      0.143     -0.203       0.264       0.025
52317.00      0.159     -0.218       0.245       0.023
52318.00      0.167     -0.214       0.242      -0.103
52319.00      0.161     -0.188       0.252      -0.105
52320.00      0.143     -0.165       0.237      -0.075
52321.00      0.118     -0.179       0.241       0.036
52322.00      0.108     -0.179       0.226       0.019
52323.00      0.097     -0.188       0.215       0.062
52324.00      0.081     -0.213       0.290       0.145
52325.00      0.075     -0.238       0.366       0.184
52326.00      0.084     -0.237       0.398       0.064
52327.00      0.094     -0.229       0.325      -0.285
52328.00      0.132     -0.277       0.314      -0.598
52329.00      0.155     -0.291       0.377      -0.621
52330.00      0.179     -0.251       0.403      -0.402
52331.00      0.171     -0.183       0.213      -0.143
52332.00      0.136     -0.166      -0.045      -0.238
52333.00      0.112     -0.203      -0.103      -0.305
52334.00      0.112     -0.231       0.158      -0.160
52335.00      0.082     -0.213       0.359       0.113
52336.00      0.069     -0.209       0.557       0.450
52337.00      0.054     -0.216       0.547       0.465
52338.00      0.044     -0.220       0.426       0.445
52339.00      0.037     -0.225       0.340       0.334
52340.00      0.036     -0.242       0.293       0.217
52341.00      0.045     -0.265       0.331      -0.109
52342.00      0.090     -0.268       0.374      -0.306
52343.00      0.114     -0.265       0.354      -0.387
52344.00      0.139     -0.253       0.268      -0.276
52345.00      0.152     -0.233       0.213      -0.181
52346.00      0.146     -0.207       0.255      -0.217
52347.00      0.133     -0.191       0.263      -0.333
52348.00      0.111     -0.190       0.289      -0.272
52349.00      0.088     -0.197       0.263      -0.038
52350.00      0.076     -0.198       0.234       0.041
52351.00      0.072     -0.199       0.251       0.095
52352.00      0.068     -0.215       0.287       0.174
52353.00      0.074     -0.237       0.378       0.210
52354.00      0.096     -0.235       0.414       0.208
52355.00      0.114     -0.222       0.350      -0.053
52356.00      0.117     -0.237       0.288      -0.498
52357.00      0.120     -0.267       0.291      -0.685
52358.00      0.131     -0.248       0.351      -0.540
52359.00      0.123     -0.179       0.287      -0.235
52360.00      0.091     -0.151       0.143      -0.172
52361.00      0.070     -0.183       0.097      -0.173
52362.00      0.080     -0.226       0.280      -0.199
52363.00      0.090     -0.231       0.554      -0.013
52364.00      0.073     -0.213       0.746       0.034
52365.00      0.046     -0.201       0.735      -0.062
52366.00      0.033     -0.201       0.589      -0.185
52367.00      0.035     -0.212       0.431      -0.249
52368.00      0.028     -0.232       0.265      -0.188
52369.00      0.042     -0.258       0.249      -0.199
52370.00      0.061     -0.270       0.202      -0.298
52371.00      0.085     -0.264       0.148      -0.349
52372.00      0.105     -0.240       0.007      -0.270
52373.00      0.106     -0.200      -0.085      -0.119
52374.00      0.090     -0.161      -0.051      -0.056
52375.00      0.069     -0.150       0.030      -0.194
52376.00      0.051     -0.171       0.108      -0.168
52377.00     -0.003     -0.200       0.175      -0.116
52378.00     -0.010     -0.209       0.240      -0.044
52379.00     -0.003     -0.203       0.252       0.008
52380.00      0.005     -0.205       0.244      -0.003
52381.00      0.011     -0.199       0.236      -0.042
52382.00      0.029     -0.208       0.246      -0.098
52383.00      0.059     -0.200       0.215      -0.109
52384.00      0.079     -0.194       0.190      -0.176
52385.00      0.077     -0.200       0.115      -0.227
52386.00      0.063     -0.200       0.067      -0.130
52387.00      0.046     -0.182       0.035      -0.091
52388.00      0.026     -0.171       0.026      -0.125
52389.00      0.016     -0.185       0.069      -0.252
52390.00      0.022     -0.203       0.196      -0.166
52391.00      0.004     -0.204       0.339      -0.014
52392.00     -0.008     -0.189       0.382       0.051
52393.00     -0.030     -0.178       0.293      -0.070
52394.00     -0.040     -0.178       0.154      -0.261
52395.00     -0.031     -0.195      -0.038      -0.391
52396.00     -0.011     -0.221      -0.123      -0.339
52397.00      0.009     -0.237       0.002      -0.212
52398.00      0.022     -0.206       0.181      -0.187
52399.00      0.039     -0.189       0.312      -0.149
52400.00      0.047     -0.172       0.274       0.130
52401.00      0.034     -0.149       0.182       0.439
52402.00      0.011     -0.130       0.093       0.389
52403.00     -0.009     -0.128       0.067       0.180
52404.00     -0.014     -0.151       0.053      -0.153
52405.00      0.006     -0.179       0.103      -0.283
52406.00      0.007     -0.187       0.173      -0.229
52407.00      0.014     -0.185       0.201      -0.137
52408.00      0.024     -0.187       0.216      -0.046
52409.00      0.026     -0.206       0.181      -0.079
52410.00      0.025     -0.222       0.202      -0.164
52411.00      0.041     -0.224       0.235      -0.120
52412.00      0.066     -0.204       0.306      -0.035
52413.00      0.074     -0.175       0.245       0.036
52414.00      0.053     -0.156       0.117       0.109
52415.00      0.024     -0.167      -0.014       0.036
52416.00      0.006     -0.198      -0.115      -0.234
52417.00     -0.002     -0.221      -0.076      -0.357
52418.00     -0.006     -0.221       0.028      -0.313
52419.00     -0.012     -0.213       0.175      -0.032
52420.00     -0.018     -0.215       0.258       0.137
52421.00     -0.021     -0.223       0.260       0.115
52422.00     -0.017     -0.226       0.245      -0.004
52423.00     -0.004     -0.230       0.194       0.004
52424.00      0.014     -0.242       0.156      -0.087
52425.00      0.031     -0.245       0.111      -0.227
52426.00      0.045     -0.227       0.225      -0.307
52427.00      0.052     -0.204       0.312      -0.270
52428.00      0.045     -0.193       0.307      -0.215
52429.00      0.022     -0.192       0.262      -0.046
52430.00     -0.005     -0.189       0.130       0.046
52431.00     -0.018     -0.192       0.046      -0.079
52432.00     -0.014     -0.209       0.001      -0.321
52433.00      0.044     -0.249       0.045      -0.514
52434.00      0.040     -0.257       0.140      -0.480
52435.00      0.038     -0.259       0.162      -0.306
52436.00      0.042     -0.268       0.143      -0.162
52437.00      0.048     -0.282       0.131      -0.162
52438.00      0.052     -0.289       0.122      -0.182
52439.00      0.058     -0.285       0.179      -0.218
52440.00      0.085     -0.286       0.276      -0.197
52441.00      0.088     -0.254       0.325      -0.151
52442.00      0.076     -0.216       0.238      -0.175
52443.00      0.054     -0.204       0.123      -0.233
52444.00      0.036     -0.227       0.000      -0.278
52445.00      0.025     -0.259      -0.008      -0.289
52446.00      0.015     -0.273       0.040      -0.177
52447.00      0.029     -0.297       0.100      -0.060
52448.00      0.027     -0.311       0.182      -0.014
52449.00      0.038     -0.328       0.228      -0.077
52450.00      0.056     -0.324       0.268      -0.207
52451.00      0.073     -0.308       0.287      -0.266
52452.00      0.084     -0.298       0.319      -0.392
52453.00      0.091     -0.294       0.289      -0.376
52454.00      0.074     -0.318       0.262      -0.455
52455.00      0.070     -0.304       0.172      -0.380
52456.00      0.051     -0.301       0.100      -0.191
52457.00      0.022     -0.306       0.071      -0.116
52458.00      0.001     -0.300       0.082      -0.235
52459.00     -0.006     -0.294       0.159      -0.474
52460.00     -0.007     -0.312       0.168      -0.740
52461.00     -0.010     -0.348       0.250      -0.877
52462.00     -0.016     -0.370       0.267      -0.796
52463.00     -0.018     -0.369       0.170      -0.537
52464.00     -0.012     -0.363       0.067      -0.233
52465.00      0.003     -0.361       0.063      -0.022
52466.00      0.020     -0.349       0.146      -0.074
52467.00      0.028     -0.331       0.192      -0.158
52468.00     -0.006     -0.317       0.242      -0.370
52469.00     -0.021     -0.311       0.195      -0.419
52470.00     -0.033     -0.291       0.147      -0.304
52471.00     -0.041     -0.262       0.091      -0.200
52472.00     -0.051     -0.246       0.062      -0.269
52473.00     -0.065     -0.252       0.068      -0.293
52474.00     -0.078     -0.272       0.109      -0.416
52475.00     -0.080     -0.345       0.150      -0.396
52476.00     -0.071     -0.371       0.129      -0.408
52477.00     -0.053     -0.380       0.049      -0.330
52478.00     -0.030     -0.364       0.019      -0.160
52479.00     -0.010     -0.335       0.028      -0.058
52480.00      0.000     -0.316       0.165      -0.036
52481.00      0.001     -0.310       0.319      -0.166
52482.00     -0.013     -0.302       0.477      -0.306
52483.00     -0.023     -0.296       0.581      -0.335
52484.00     -0.046     -0.305       0.549      -0.286
52485.00     -0.071     -0.316       0.375      -0.214
52486.00     -0.085     -0.304       0.076      -0.308
52487.00     -0.089     -0.284      -0.125      -0.369
52488.00     -0.095     -0.297      -0.177      -0.490
52489.00     -0.102     -0.345       0.031      -0.569
52490.00     -0.098     -0.378       0.214      -0.507
52491.00     -0.080     -0.363       0.338      -0.379
52492.00     -0.062     -0.325       0.363      -0.254
52493.00     -0.076     -0.314       0.359      -0.085
52494.00     -0.070     -0.295       0.330       0.054
52495.00     -0.073     -0.284       0.274      -0.086
52496.00     -0.088     -0.288       0.101      -0.216
52497.00     -0.110     -0.302      -0.012      -0.341
52498.00     -0.129     -0.307      -0.067      -0.269
52499.00     -0.137     -0.299      -0.103      -0.114
52500.00     -0.139     -0.286      -0.114      -0.046
52501.00     -0.145     -0.274      -0.147      -0.105
52502.00     -0.152     -0.272      -0.073      -0.313
52503.00     -0.171     -0.276       0.031      -0.395
52504.00     -0.159     -0.296       0.108      -0.425
52505.00     -0.141     -0.302       0.175      -0.378
52506.00     -0.123     -0.282       0.121      -0.239
52507.00     -0.094     -0.278       0.026      -0.175
52508.00     -0.084     -0.264      -0.047      -0.034
52509.00     -0.088     -0.257      -0.106      -0.211
52510.00     -0.092     -0.238      -0.043      -0.332
52511.00     -0.103     -0.228       0.040      -0.502
52512.00     -0.119     -0.238       0.062      -0.398
52513.00     -0.135     -0.259       0.063      -0.280
52514.00     -0.142     -0.261      -0.059      -0.172
52515.00     -0.165     -0.234      -0.119      -0.186
52516.00     -0.175     -0.233      -0.052      -0.215
52517.00     -0.179     -0.264       0.183      -0.100
52518.00     -0.164     -0.283       0.348       0.052
52519.00     -0.134     -0.256       0.370      -0.016
52520.00     -0.111     -0.208       0.220      -0.034
52521.00     -0.105     -0.177       0.055      -0.114
52522.00     -0.115     -0.174      -0.044      -0.131
52523.00     -0.132     -0.191      -0.163      -0.252
52524.00     -0.146     -0.215      -0.248      -0.529
52525.00     -0.154     -0.223      -0.193      -0.638
52526.00     -0.168     -0.210      -0.084      -0.458
52527.00     -0.189     -0.207      -0.010      -0.183
52528.00     -0.200     -0.245      -0.044      -0.089
52529.00     -0.188     -0.262      -0.073      -0.188
52530.00     -0.170     -0.246      -0.066      -0.273
52531.00     -0.159     -0.223      -0.009      -0.232
52532.00     -0.153     -0.221       0.021      -0.149
52533.00     -0.146     -0.227       0.118      -0.119
52534.00     -0.138     -0.219       0.157      -0.020
52535.00     -0.130     -0.204       0.090      -0.009
52536.00     -0.126     -0.200       0.048       0.049
52537.00     -0.134     -0.198       0.003      -0.058
52538.00     -0.112     -0.167       0.003      -0.210
52539.00     -0.123     -0.150       0.058      -0.420
52540.00     -0.128     -0.152       0.055      -0.320
52541.00     -0.132     -0.175       0.057      -0.236
52542.00     -0.136     -0.190       0.045      -0.113
52543.00     -0.141     -0.185       0.045      -0.119
52544.00     -0.151     -0.180       0.126      -0.177
52545.00     -0.153     -0.191       0.263      -0.035
52546.00     -0.136     -0.191       0.344       0.088
52547.00     -0.111     -0.165       0.276       0.103
52548.00     -0.098     -0.138       0.051      -0.021
52549.00     -0.074     -0.104      -0.057      -0.025
52550.00     -0.080     -0.119      -0.070       0.109
52551.00     -0.094     -0.143      -0.031       0.043
52552.00     -0.129     -0.172       0.053      -0.226
52553.00     -0.131     -0.169       0.124      -0.502
52554.00     -0.140     -0.121       0.132      -0.456
52555.00     -0.170     -0.082      -0.013      -0.215
52556.00     -0.199     -0.104      -0.153      -0.033
52557.00     -0.189     -0.150      -0.251      -0.019
52558.00     -0.151     -0.153      -0.197      -0.042
52559.00     -0.121     -0.116      -0.093       0.101
52560.00     -0.112     -0.095      -0.015       0.335
52561.00     -0.109     -0.098       0.014       0.295
52562.00     -0.106     -0.095       0.059       0.056
52563.00     -0.144     -0.097      -0.029      -0.119
52564.00     -0.146     -0.093      -0.114      -0.043
52565.00     -0.156     -0.096      -0.180       0.006
52566.00     -0.171     -0.094      -0.201      -0.045
52567.00     -0.179     -0.084      -0.206      -0.110
52568.00     -0.176     -0.081      -0.184      -0.225
52569.00     -0.174     -0.091      -0.171      -0.145
52570.00     -0.177     -0.104      -0.186       0.019
52571.00     -0.181     -0.112      -0.175       0.053
52572.00     -0.183     -0.122      -0.170      -0.044
52573.00     -0.229     -0.146      -0.101      -0.021
52574.00     -0.206     -0.139      -0.019       0.083
52575.00     -0.179     -0.119      -0.027       0.050
52576.00     -0.165     -0.107      -0.045       0.042
52577.00     -0.166     -0.115      -0.075      -0.044
52578.00     -0.169     -0.128      -0.039      -0.005
52579.00     -0.176     -0.140      -0.029      -0.058
52580.00     -0.206     -0.154      -0.002      -0.214
52581.00     -0.217     -0.157       0.013      -0.227
52582.00     -0.224     -0.120       0.029      -0.160
52583.00     -0.241     -0.069      -0.096       0.131
52584.00     -0.261     -0.062      -0.207       0.311
52585.00     -0.259     -0.097      -0.206       0.116
52586.00     -0.229     -0.118      -0.073      -0.048
52587.00     -0.195     -0.102       0.086       0.073
52588.00     -0.171     -0.084       0.133       0.338
52589.00     -0.154     -0.077       0.135       0.321
52590.00     -0.140     -0.066       0.076       0.123
52591.00     -0.169     -0.052       0.008      -0.163
52592.00     -0.174     -0.042      -0.164      -0.244
52593.00     -0.187     -0.046      -0.249      -0.137
52594.00     -0.200     -0.051      -0.265      -0.076
52595.00     -0.205     -0.050      -0.195       0.007
52596.00     -0.202     -0.050      -0.102      -0.064
52597.00     -0.202     -0.052      -0.009      -0.062
52598.00     -0.208     -0.061       0.068      -0.007
52599.00     -0.207     -0.080       0.149      -0.023
52600.00     -0.197     -0.100       0.147      -0.104
52601.00     -0.173     -0.100       0.093      -0.155
52602.00     -0.153     -0.087      -0.019      -0.144
52603.00     -0.129     -0.062      -0.089      -0.060
52604.00     -0.114     -0.047      -0.169      -0.015
52605.00     -0.121     -0.049      -0.264      -0.111
52606.00     -0.142     -0.059      -0.378      -0.052
52607.00     -0.160     -0.074      -0.410      -0.057
52608.00     -0.225     -0.089      -0.323      -0.004
52609.00     -0.232     -0.102      -0.183       0.032
52610.00     -0.233     -0.090      -0.131      -0.329
52611.00     -0.228     -0.062      -0.111      -0.055
52612.00     -0.221     -0.051      -0.091       0.134
52613.00     -0.211     -0.065      -0.066       0.046
52614.00     -0.197     -0.079       0.022      -0.053
52615.00     -0.181     -0.077       0.074       0.029
52616.00     -0.163     -0.067       0.025       0.129
52617.00     -0.142     -0.052      -0.051       0.208
52618.00     -0.125     -0.029      -0.112       0.051
52619.00     -0.111     -0.011      -0.125      -0.108
52620.00     -0.122     -0.011      -0.084      -0.178
52621.00     -0.140     -0.023      -0.044      -0.038
52622.00     -0.156     -0.024      -0.047       0.081
52623.00     -0.162     -0.016      -0.029       0.090
52624.00     -0.163     -0.014      -0.075       0.073
52625.00     -0.169     -0.024      -0.117      -0.100
52626.00     -0.185     -0.034      -0.090      -0.054
52627.00     -0.179     -0.063      -0.064       0.021
52628.00     -0.157     -0.085      -0.065      -0.043
52629.00     -0.149     -0.038      -0.082      -0.150
52630.00     -0.137     -0.009      -0.025      -0.277
52631.00     -0.131      0.027       0.056      -0.429
52632.00     -0.131      0.046       0.140      -0.339
52633.00     -0.147      0.043       0.210      -0.225
52634.00     -0.178      0.029       0.229      -0.057
52635.00     -0.202      0.004       0.158       0.014
52636.00     -0.148     -0.023       0.070       0.017
52637.00     -0.138     -0.033       0.018       0.054
52638.00     -0.128     -0.015      -0.003       0.112
52639.00     -0.121      0.009      -0.071       0.177
52640.00     -0.115      0.010      -0.083       0.154
52641.00     -0.108     -0.008      -0.076       0.090
52642.00     -0.101     -0.021      -0.001       0.035
52643.00     -0.093     -0.021       0.073       0.055
52644.00     -0.083     -0.012       0.061       0.113
52645.00     -0.074      0.006       0.062       0.085
52646.00     -0.071      0.035       0.035       0.012
52647.00     -0.079      0.053      -0.005      -0.130
52648.00     -0.097      0.043      -0.003      -0.124
52649.00     -0.119      0.020      -0.003      -0.056
52650.00     -0.126      0.051       0.002       0.083
52651.00     -0.135      0.068      -0.031       0.130
52652.00     -0.140      0.076      -0.037       0.047
52653.00     -0.144      0.057      -0.069      -0.016
52654.00     -0.143      0.026      -0.074      -0.162
52655.00     -0.128     -0.001      -0.076      -0.139
52656.00     -0.106     -0.017      -0.043      -0.004
52657.00     -0.084     -0.012      -0.054      -0.015
52658.00     -0.076      0.018      -0.065      -0.025
52659.00     -0.083      0.051      -0.101       0.037
52660.00     -0.099      0.060      -0.089       0.003
52661.00     -0.121      0.045      -0.022       0.058
52662.00     -0.144      0.025       0.022       0.081
52663.00     -0.160      0.009       0.052       0.088
52664.00     -0.149      0.009       0.072       0.025
52665.00     -0.140      0.006       0.009       0.018
52666.00     -0.130      0.025      -0.014       0.030
52667.00     -0.124      0.047      -0.067      -0.001
52668.00     -0.125      0.043      -0.081      -0.068
52669.00     -0.126     -0.002      -0.070      -0.065
52670.00     -0.119     -0.026      -0.058      -0.095
52671.00     -0.103     -0.034      -0.004       0.004
52672.00     -0.084     -0.035       0.010       0.153
52673.00     -0.073     -0.026      -0.001       0.191
52674.00     -0.075      0.001      -0.003       0.138
52675.00     -0.087      0.031      -0.017       0.078
52676.00     -0.107      0.038      -0.002       0.073
52677.00     -0.126      0.022       0.046       0.098
52678.00     -0.138      0.015       0.093       0.088
52679.00     -0.146      0.024       0.074       0.131
52680.00     -0.150      0.026       0.067       0.094
52681.00     -0.145      0.010       0.045      -0.044
52682.00     -0.115      0.005      -0.019      -0.061
52683.00     -0.090      0.004      -0.058      -0.190
52684.00     -0.070      0.005      -0.060      -0.085
52685.00     -0.058      0.005      -0.004       0.077
52686.00     -0.055      0.019       0.047       0.285
52687.00     -0.061      0.038       0.001       0.368
52688.00     -0.077      0.035      -0.078       0.211
52689.00     -0.080     -0.001      -0.089       0.127
52690.00     -0.091     -0.016      -0.044      -0.053
52691.00     -0.096     -0.016       0.032      -0.004
52692.00     -0.099     -0.016       0.018       0.000
52693.00     -0.105     -0.022      -0.043       0.081
52694.00     -0.108     -0.023      -0.079      -0.009
52695.00     -0.102     -0.017      -0.021       0.021
52696.00     -0.088     -0.018       0.038       0.030
52697.00     -0.073     -0.029       0.123       0.044
52698.00     -0.056     -0.039       0.147       0.047
52699.00     -0.028     -0.015       0.174       0.256
52700.00     -0.006     -0.021       0.121       0.249
52701.00      0.004     -0.020       0.073       0.171
52702.00     -0.000      0.001       0.020       0.103
52703.00     -0.020      0.033      -0.051      -0.001
52704.00     -0.042      0.059      -0.092       0.035
52705.00     -0.061      0.060      -0.109       0.149
52706.00     -0.069      0.053      -0.072       0.146
52707.00     -0.071      0.045      -0.071       0.124
52708.00     -0.070      0.030       0.013       0.060
52709.00     -0.056      0.012       0.037       0.176
52710.00     -0.025      0.018       0.048       0.189
52711.00      0.001      0.043      -0.047       0.130
52712.00      0.007      0.049      -0.039       0.065
52713.00      0.002      0.030       0.118       0.201
52714.00     -0.002      0.027       0.246       0.366
52715.00     -0.010      0.045       0.242       0.313
52716.00     -0.025      0.043       0.075       0.044
52717.00     -0.033      0.013      -0.011      -0.298
52718.00     -0.032     -0.006       0.003      -0.296
52719.00     -0.033     -0.000       0.081      -0.132
52720.00     -0.049     -0.004       0.044       0.058
52721.00     -0.055     -0.021      -0.014       0.117
52722.00     -0.054     -0.036      -0.046       0.107
52723.00     -0.043     -0.037       0.028       0.032
52724.00     -0.022     -0.034       0.127      -0.099
52725.00      0.004     -0.029       0.162      -0.116
52726.00      0.028     -0.016       0.141      -0.021
52727.00      0.046     -0.002       0.021       0.155
52728.00      0.057      0.008      -0.045       0.216
52729.00      0.054      0.015      -0.033       0.194
52730.00      0.041      0.033       0.056      -0.020
52731.00      0.026      0.075       0.167      -0.116
52732.00      0.003      0.086       0.236      -0.161
52733.00     -0.013      0.080       0.271      -0.030
52734.00     -0.014      0.071       0.212       0.012
52735.00     -0.002      0.063       0.140       0.005
52736.00      0.011      0.046       0.124       0.020
52737.00      0.031      0.027       0.128       0.186
52738.00      0.063      0.034       0.172       0.292
52739.00      0.085      0.060       0.106       0.227
52740.00      0.081      0.052       0.117      -0.016
52741.00      0.067      0.010       0.243      -0.002
52742.00      0.060     -0.005       0.385       0.099
52743.00      0.050      0.030       0.327       0.282
52744.00      0.032      0.049       0.140       0.172
52745.00     -0.047      0.063       0.017      -0.077
52746.00     -0.030      0.025       0.063      -0.052
52747.00     -0.022      0.024       0.219       0.100
52748.00     -0.027      0.066       0.282       0.272
52749.00     -0.035      0.054       0.275       0.186
52750.00     -0.021      0.039       0.198       0.007
52751.00      0.002      0.036       0.164       0.018
52752.00      0.022      0.035       0.174       0.017
52753.00      0.040      0.036       0.196       0.058
52754.00      0.055      0.049       0.151       0.151
52755.00      0.063      0.075       0.118       0.199
52756.00      0.060      0.093       0.074       0.221
52757.00      0.044      0.109       0.062       0.258
52758.00      0.022      0.124       0.097       0.137
52759.00      0.004      0.128       0.033       0.042
52760.00     -0.007      0.113      -0.041       0.138
52761.00     -0.010      0.090      -0.099       0.278
52762.00      0.007      0.072      -0.105       0.345
52763.00      0.027      0.079      -0.050       0.188
52764.00      0.047      0.079       0.055       0.038
52765.00      0.060      0.065       0.152       0.083
52766.00      0.076      0.058       0.247       0.102
52767.00      0.091      0.065       0.204       0.104
52768.00      0.091      0.054       0.067       0.017
52769.00      0.113      0.034       0.062      -0.089
52770.00      0.103      0.012       0.140       0.061
52771.00      0.089      0.038       0.163       0.163
52772.00      0.066      0.066       0.173       0.063
52773.00      0.056      0.044       0.106      -0.169
52774.00      0.074      0.004       0.176      -0.191
52775.00      0.090     -0.005       0.260      -0.018
52776.00      0.077      0.031       0.268       0.206
52777.00      0.060      0.030       0.270       0.129
52778.00      0.066      0.019       0.221       0.118
52779.00      0.091      0.007       0.195       0.142
52780.00      0.114     -0.007       0.191       0.234
52781.00      0.128     -0.016       0.233       0.156
52782.00      0.134     -0.003       0.210      -0.004
52783.00      0.132      0.022       0.137      -0.036
52784.00      0.119      0.036       0.040       0.011
52785.00      0.094      0.041      -0.070       0.113
52786.00      0.067      0.044      -0.009       0.110
52787.00      0.070      0.048       0.063      -0.018
52788.00      0.074      0.030       0.138      -0.117
52789.00      0.083      0.011       0.138       0.027
52790.00      0.091      0.010       0.171       0.125
52791.00      0.103      0.022       0.201       0.264
52792.00      0.116      0.026       0.254       0.197
52793.00      0.118      0.011       0.301       0.140
52794.00      0.115     -0.008       0.324       0.003
52795.00      0.121     -0.011       0.314      -0.103
52796.00      0.130     -0.003       0.192      -0.117
52797.00      0.136      0.035       0.103      -0.047
52798.00      0.121      0.022       0.008       0.005
52799.00      0.100      0.011      -0.028       0.175
52800.00      0.080     -0.001       0.067       0.107
52801.00      0.061     -0.044       0.239      -0.010
52802.00      0.069     -0.062       0.445      -0.180
52803.00      0.085     -0.065       0.556      -0.135
52804.00      0.091     -0.063       0.491      -0.209
52805.00      0.089     -0.069       0.360      -0.308
52806.00      0.094     -0.079       0.204      -0.353
52807.00      0.109     -0.092       0.051      -0.263
52808.00      0.155     -0.113       0.048      -0.078
52809.00      0.167     -0.120       0.134       0.059
52810.00      0.169     -0.099       0.289      -0.096
52811.00      0.161     -0.068       0.450      -0.241
52812.00      0.142     -0.059       0.425      -0.270
52813.00      0.116     -0.075       0.372      -0.177
52814.00      0.092     -0.089       0.281      -0.064
52815.00      0.083     -0.093       0.238      -0.147
52816.00      0.092     -0.097       0.183      -0.109
52817.00      0.103     -0.102       0.156       0.036
52818.00      0.121     -0.081       0.124       0.195
52819.00      0.125     -0.079       0.183       0.255
52820.00      0.137     -0.087       0.225       0.084
52821.00      0.144     -0.104       0.229      -0.163
52822.00      0.154     -0.143       0.264      -0.213
52823.00      0.150     -0.137       0.242      -0.149
52824.00      0.154     -0.116       0.227       0.108
52825.00      0.154     -0.091       0.187       0.242
52826.00      0.139     -0.081       0.101       0.247
52827.00      0.118     -0.103       0.074       0.108
52828.00      0.106     -0.145       0.204      -0.182
52829.00      0.104     -0.179       0.352      -0.278
52830.00      0.106     -0.182       0.464      -0.283
52831.00      0.111     -0.173       0.480      -0.142
52832.00      0.142     -0.238       0.439       0.004
52833.00      0.163     -0.251       0.414       0.086
52834.00      0.181     -0.253       0.381       0.073
52835.00      0.188     -0.246       0.314      -0.060
52836.00      0.187     -0.247       0.192      -0.188
52837.00      0.181     -0.250       0.106      -0.268
52838.00      0.173     -0.239       0.040      -0.242
52839.00      0.160     -0.248       0.026      -0.374
52840.00      0.141     -0.246       0.026      -0.309
52841.00      0.120     -0.263      -0.031      -0.241
52842.00      0.104     -0.275       0.008      -0.173
52843.00      0.100     -0.270       0.099      -0.247
52844.00      0.103     -0.266       0.244      -0.269
52845.00      0.105     -0.273       0.337      -0.119
52846.00      0.143     -0.308       0.355       0.091
52847.00      0.153     -0.305       0.285       0.192
52848.00      0.175     -0.302       0.207       0.108
52849.00      0.194     -0.299       0.108      -0.194
52850.00      0.214     -0.298       0.107      -0.385
52851.00      0.195     -0.288       0.183      -0.496
52852.00      0.174     -0.284       0.281      -0.367
52853.00      0.158     -0.282       0.302      -0.181
52854.00      0.148     -0.274       0.261      -0.068
52855.00      0.141     -0.270       0.197      -0.389
52856.00      0.135     -0.282       0.204      -0.182
52857.00      0.131     -0.303       0.240      -0.227
52858.00      0.127     -0.311       0.265      -0.253
52859.00      0.129     -0.308       0.229      -0.285
52860.00      0.146     -0.329       0.187      -0.202
52861.00      0.172     -0.333       0.197      -0.241
52862.00      0.196     -0.318       0.222      -0.288
52863.00      0.204     -0.289       0.307      -0.237
52864.00      0.195     -0.274       0.365      -0.338
52865.00      0.178     -0.279       0.373      -0.342
52866.00      0.161     -0.285       0.362      -0.317
52867.00      0.145     -0.290       0.373      -0.254
52868.00      0.131     -0.296       0.359      -0.177
52869.00      0.118     -0.305       0.297      -0.130
52870.00      0.113     -0.297       0.172      -0.115
52871.00      0.116     -0.276       0.106      -0.255
52872.00      0.115     -0.270       0.107      -0.462
52873.00      0.112     -0.289       0.122      -0.432
52874.00      0.082     -0.288       0.171      -0.277
52875.00      0.102     -0.273       0.100      -0.127
52876.00      0.130     -0.240       0.061      -0.024
52877.00      0.149     -0.219       0.037      -0.115
52878.00      0.145     -0.213       0.063      -0.224
52879.00      0.122     -0.206       0.132      -0.315
52880.00      0.087     -0.230       0.195      -0.276
52881.00      0.058     -0.262       0.261      -0.182
52882.00      0.050     -0.278       0.249       0.073
52883.00      0.058     -0.264       0.253       0.154
52884.00      0.064     -0.245       0.236       0.192
52885.00      0.057     -0.240       0.218       0.039
52886.00      0.048     -0.250       0.201      -0.102
52887.00      0.052     -0.261       0.227      -0.271
52888.00      0.109     -0.252       0.257      -0.265
52889.00      0.129     -0.241       0.250      -0.309
52890.00      0.140     -0.214       0.233      -0.244
52891.00      0.141     -0.185       0.198      -0.140
52892.00      0.132     -0.174       0.160      -0.168
52893.00      0.114     -0.183       0.112      -0.223
52894.00      0.094     -0.193       0.050      -0.286
52895.00      0.052     -0.233       0.024      -0.204
52896.00      0.042     -0.243       0.062      -0.032
52897.00      0.034     -0.256       0.035       0.025
52898.00      0.036     -0.249       0.027      -0.070
52899.00      0.042     -0.220      -0.009      -0.234
52900.00      0.042     -0.207       0.067      -0.376
52901.00      0.040     -0.229       0.203      -0.329
52902.00      0.036     -0.244       0.308      -0.257
52903.00      0.055     -0.226       0.298      -0.183
52904.00      0.073     -0.190       0.253      -0.161
52905.00      0.077     -0.181       0.218      -0.242
52906.00      0.069     -0.200       0.224      -0.358
52907.00      0.054     -0.226       0.244      -0.367
52908.00      0.033     -0.243       0.183      -0.393
52909.00      0.009     -0.249       0.121      -0.336
52910.00     -0.009     -0.245       0.058      -0.113
52911.00     -0.010     -0.242       0.014      -0.018
52912.00      0.004     -0.248      -0.018      -0.132
52913.00      0.022     -0.252      -0.058      -0.316
52914.00      0.032     -0.242      -0.014      -0.379
52915.00      0.038     -0.228       0.056      -0.409
52916.00      0.051     -0.222       0.166      -0.250
52917.00      0.065     -0.212       0.221      -0.086
52918.00      0.067     -0.193       0.240      -0.059
52919.00      0.060     -0.178       0.195       0.092
52920.00      0.038     -0.221       0.087       0.012
52921.00      0.021     -0.234       0.067      -0.204
52922.00      0.003     -0.236       0.141      -0.328
52923.00     -0.012     -0.210       0.213      -0.370
52924.00     -0.016     -0.217       0.209      -0.255
52925.00     -0.016     -0.241       0.157      -0.108
52926.00     -0.012     -0.257       0.078      -0.115
52927.00     -0.006     -0.243       0.026      -0.225
52928.00     -0.003     -0.226       0.042      -0.346
52929.00      0.002     -0.230       0.150      -0.320
52930.00      0.006     -0.249       0.224      -0.142
52931.00      0.023     -0.239       0.218      -0.142
52932.00      0.029     -0.229       0.152      -0.202
52933.00      0.026     -0.245       0.135      -0.158
52934.00      0.022     -0.273       0.152      -0.124
52935.00      0.017     -0.287       0.181      -0.076
52936.00      0.006     -0.279       0.100      -0.159
52937.00     -0.030     -0.257       0.063      -0.238
52938.00     -0.053     -0.218       0.051      -0.101
52939.00     -0.076     -0.208      -0.001      -0.010
52940.00     -0.073     -0.250      -0.038      -0.126
52941.00     -0.031     -0.296      -0.038      -0.425
52942.00      0.020     -0.282       0.088      -0.624
52943.00      0.044     -0.224       0.169      -0.584
52944.00      0.030     -0.193       0.215      -0.382
52945.00      0.032     -0.188       0.120      -0.148
52946.00      0.035     -0.184       0.088      -0.196
52947.00      0.028     -0.175       0.072      -0.202
52948.00      0.012     -0.177       0.056      -0.312
52949.00     -0.006     -0.193       0.042      -0.464
52950.00     -0.021     -0.197       0.038      -0.327
52951.00     -0.059     -0.181       0.011      -0.158
52952.00     -0.055     -0.184      -0.037      -0.146
52953.00     -0.048     -0.207      -0.087      -0.069
52954.00     -0.042     -0.233      -0.091      -0.127
52955.00     -0.036     -0.236      -0.053      -0.221
52956.00     -0.028     -0.222       0.028      -0.279
52957.00     -0.016     -0.208       0.138      -0.116
52958.00     -0.003     -0.176       0.155      -0.088
52959.00      0.011     -0.166       0.099      -0.012
52960.00      0.009     -0.175       0.038      -0.168
52961.00     -0.001     -0.204       0.043      -0.179
52962.00      0.011     -0.222       0.091      -0.153
52963.00     -0.002     -0.207       0.141      -0.030
52964.00     -0.026     -0.190       0.148      -0.160
52965.00     -0.046     -0.188       0.175      -0.415
52966.00     -0.051     -0.175       0.182      -0.444
52967.00     -0.058     -0.160       0.111      -0.279
52968.00     -0.064     -0.185       0.045      -0.209
52969.00     -0.042     -0.240       0.045      -0.221
52970.00      0.005     -0.253       0.187      -0.261
52971.00      0.038     -0.205       0.357       0.048
52972.00      0.031     -0.160       0.355       0.291
52973.00      0.029     -0.154       0.256       0.341
52974.00      0.032     -0.155       0.158       0.188
52975.00      0.027     -0.139       0.055      -0.095
52976.00      0.009     -0.128      -0.005      -0.114
52977.00     -0.011     -0.136       0.012      -0.113
52978.00     -0.022     -0.147       0.022      -0.201
52979.00     -0.023     -0.146      -0.001      -0.252
52980.00     -0.015     -0.154      -0.021      -0.352
52981.00     -0.009     -0.170      -0.042      -0.194
52982.00     -0.006     -0.183      -0.035      -0.129
52983.00      0.000     -0.186       0.058      -0.100
52984.00      0.013     -0.177       0.157      -0.194
52985.00      0.027     -0.159       0.245      -0.207
52986.00      0.040     -0.137       0.302      -0.205
52987.00      0.045     -0.120       0.273      -0.146
52988.00      0.031     -0.128       0.230      -0.155
52989.00      0.007     -0.159       0.129      -0.154
52990.00      0.010     -0.188       0.055      -0.292
52991.00     -0.005     -0.171       0.024      -0.167
52992.00     -0.028     -0.157       0.044      -0.200
52993.00     -0.047     -0.177       0.115      -0.290
52994.00     -0.036     -0.203       0.237      -0.276
52995.00     -0.007     -0.198       0.308      -0.191
52996.00      0.008     -0.186       0.196      -0.074
52997.00      0.023     -0.175       0.090      -0.220
52998.00      0.026     -0.195       0.022      -0.419
52999.00      0.033     -0.188      -0.065      -0.395
53000.00      0.032     -0.167      -0.102      -0.160
53001.00      0.036     -0.159      -0.154       0.025
53002.00      0.040     -0.148      -0.093      -0.067
53003.00      0.032     -0.126      -0.042      -0.162
53004.00      0.011     -0.112       0.034      -0.016
53005.00     -0.011     -0.116       0.022       0.140
53006.00     -0.022     -0.125       0.045       0.122
53007.00     -0.034     -0.157       0.057      -0.047
53008.00     -0.025     -0.169       0.020      -0.174
53009.00     -0.019     -0.181       0.017      -0.271
53010.00     -0.016     -0.187       0.057      -0.108
53011.00     -0.005     -0.181       0.162      -0.037
53012.00      0.014     -0.169       0.226      -0.029
53013.00      0.027     -0.152       0.214      -0.112
53014.00      0.024     -0.128       0.132      -0.278
53015.00      0.012     -0.112       0.086      -0.389
53016.00     -0.009     -0.118       0.059      -0.377
53017.00     -0.037     -0.149       0.038      -0.183
53018.00     -0.032     -0.185       0.050       0.167
53019.00     -0.039     -0.191      -0.014       0.148
53020.00     -0.034     -0.180      -0.097      -0.041
53021.00     -0.032     -0.173      -0.075      -0.309
53022.00     -0.031     -0.174      -0.027      -0.305
53023.00     -0.021     -0.171       0.041      -0.194
53024.00     -0.007     -0.170       0.063      -0.033
53025.00     -0.007     -0.227       0.090      -0.093
53026.00     -0.010     -0.239       0.058      -0.162
53027.00     -0.015     -0.240       0.047      -0.226
53028.00     -0.022     -0.247      -0.064      -0.189
53029.00     -0.017     -0.228      -0.129      -0.072
53030.00     -0.016     -0.202      -0.139      -0.097
53031.00     -0.027     -0.179      -0.090      -0.099
53032.00     -0.049     -0.178       0.006      -0.114
53033.00     -0.070     -0.192       0.043      -0.070
53034.00     -0.081     -0.193       0.080      -0.127
53035.00     -0.082     -0.207       0.072      -0.275
53036.00     -0.072     -0.205       0.072      -0.334
53037.00     -0.059     -0.217       0.054      -0.386
53038.00     -0.048     -0.226       0.048      -0.230
53039.00     -0.030     -0.219       0.105      -0.104
53040.00     -0.010     -0.205       0.129      -0.039
53041.00     -0.000     -0.187       0.101      -0.232
53042.00     -0.011     -0.166       0.033      -0.368
53043.00     -0.036     -0.157      -0.016      -0.335
53044.00     -0.057     -0.171      -0.083      -0.212
53045.00     -0.075     -0.202      -0.049      -0.062
53046.00     -0.089     -0.230      -0.054       0.039
53047.00     -0.089     -0.239      -0.029       0.068
53048.00     -0.071     -0.225       0.007      -0.027
53049.00     -0.075     -0.189       0.015      -0.066
53050.00     -0.074     -0.155       0.040      -0.092
53051.00     -0.086     -0.141      -0.005      -0.020
53052.00     -0.094     -0.164      -0.012      -0.134
53053.00     -0.087     -0.204       0.015      -0.209
53054.00     -0.072     -0.227       0.013      -0.256
53055.00     -0.054     -0.251      -0.023      -0.234
53056.00     -0.046     -0.222      -0.098      -0.231
53057.00     -0.045     -0.190      -0.143      -0.166
53058.00     -0.053     -0.158      -0.155      -0.119
53059.00     -0.068     -0.140      -0.084      -0.117
53060.00     -0.086     -0.149       0.027      -0.114
53061.00     -0.101     -0.176       0.110      -0.160
53062.00     -0.107     -0.185       0.188      -0.255
53063.00     -0.141     -0.133       0.161      -0.324
53064.00     -0.126     -0.121       0.125      -0.384
53065.00     -0.105     -0.126       0.051      -0.231
53066.00     -0.084     -0.131       0.007      -0.068
53067.00     -0.064     -0.121       0.004      -0.004
53068.00     -0.052     -0.108       0.039      -0.063
53069.00     -0.055     -0.105       0.138      -0.180
53070.00     -0.096     -0.083       0.165      -0.306
53071.00     -0.119     -0.084       0.156      -0.252
53072.00     -0.136     -0.103       0.087      -0.145
53073.00     -0.144     -0.136       0.021      -0.050
53074.00     -0.142     -0.158      -0.118      -0.085
53075.00     -0.135     -0.155      -0.117      -0.104
53076.00     -0.124     -0.140      -0.099      -0.148
53077.00     -0.144     -0.102      -0.069      -0.213
53078.00     -0.137     -0.084      -0.018      -0.164
53079.00     -0.131     -0.071       0.058      -0.084
53080.00     -0.122     -0.079       0.127       0.020
53081.00     -0.109     -0.103       0.111       0.024
53082.00     -0.094     -0.117       0.033      -0.001
53083.00     -0.081     -0.105      -0.028      -0.091
53084.00     -0.071     -0.072      -0.055      -0.165
53085.00     -0.077     -0.048      -0.124      -0.185
53086.00     -0.093     -0.026      -0.158      -0.161
53087.00     -0.110     -0.011      -0.129      -0.115
53088.00     -0.121     -0.016      -0.058       0.041
53089.00     -0.125     -0.043       0.063       0.004
53090.00     -0.118     -0.067       0.096      -0.111
53091.00     -0.112     -0.066       0.129      -0.179
53092.00     -0.090     -0.065       0.089      -0.291
53093.00     -0.066     -0.067      -0.002      -0.186
53094.00     -0.042     -0.055      -0.038      -0.015
53095.00     -0.026     -0.028      -0.076       0.019
53096.00     -0.028     -0.017      -0.004      -0.036
53097.00     -0.043     -0.033       0.103      -0.071
53098.00     -0.071      0.003       0.147      -0.104
53099.00     -0.085     -0.001       0.080      -0.084
53100.00     -0.099     -0.011      -0.136      -0.072
53101.00     -0.104     -0.042      -0.218      -0.195
53102.00     -0.093     -0.067      -0.092      -0.289
53103.00     -0.072     -0.067       0.002      -0.079
53104.00     -0.056     -0.058      -0.040       0.059
53105.00     -0.049     -0.065      -0.084       0.196
53106.00     -0.042     -0.076      -0.085       0.148
53107.00     -0.024     -0.073      -0.039       0.089
53108.00      0.004     -0.055       0.039       0.048
53109.00      0.025     -0.032       0.049       0.009
53110.00      0.030     -0.010       0.037       0.133
53111.00      0.024      0.006       0.039       0.165
53112.00      0.013      0.012       0.070       0.171
53113.00     -0.003      0.012       0.094       0.201
53114.00     -0.021      0.015       0.134       0.103
53115.00     -0.035      0.025       0.141       0.219
53116.00      0.003      0.068       0.146       0.243
53117.00      0.006      0.050       0.208       0.316
53118.00      0.023      0.024       0.230       0.186
53119.00      0.078      0.009       0.233      -0.037
53120.00      0.101     -0.003       0.212      -0.125
53121.00      0.117     -0.011       0.189      -0.114
53122.00      0.132      0.003       0.091       0.006
53123.00      0.141      0.036       0.027       0.120
53124.00      0.132      0.046       0.037       0.048
53125.00      0.112      0.016       0.130       0.197
53126.00      0.096     -0.010       0.276       0.350
53127.00      0.081     -0.002       0.295       0.517
53128.00      0.064      0.005       0.151       0.300
53129.00      0.057     -0.020       0.061      -0.062
53130.00      0.050     -0.067       0.100      -0.207
53131.00      0.071     -0.070       0.183      -0.159
53132.00      0.081     -0.064       0.132      -0.082
53133.00      0.086     -0.078       0.000      -0.026
53134.00      0.097     -0.103      -0.058      -0.103
53135.00      0.114     -0.110      -0.038      -0.127
53136.00      0.133     -0.096       0.112      -0.107
53137.00      0.142     -0.085       0.219      -0.093
53138.00      0.140     -0.045       0.237      -0.066
53139.00      0.123     -0.016       0.174       0.022
53140.00      0.100     -0.011       0.077       0.177
53141.00      0.076     -0.021       0.039       0.107
53142.00      0.056     -0.026       0.015       0.016
53143.00      0.048     -0.023       0.029      -0.036
53144.00      0.049     -0.027       0.036      -0.014
53145.00      0.057     -0.042       0.027       0.005
53146.00      0.075     -0.053      -0.006      -0.018
53147.00      0.116     -0.041      -0.049      -0.045
53148.00      0.133     -0.040      -0.066      -0.037
53149.00      0.135     -0.047       0.022       0.029
53150.00      0.134     -0.047       0.148       0.105
53151.00      0.135     -0.027       0.255      -0.130
53152.00      0.127     -0.020       0.287      -0.259
53153.00      0.111     -0.050       0.259      -0.223
53154.00      0.097     -0.025       0.255       0.120
53155.00      0.077     -0.015       0.200       0.361
53156.00      0.055     -0.002       0.052       0.306
53157.00      0.052     -0.026      -0.027       0.128
53158.00      0.075     -0.058       0.091       0.034
53159.00      0.093     -0.058       0.191       0.069
53160.00      0.083     -0.047       0.198       0.164
53161.00      0.070     -0.065       0.009       0.129
53162.00      0.082     -0.099      -0.150       0.168
53163.00      0.109     -0.119      -0.195       0.178
53164.00      0.127     -0.122      -0.070       0.085
53165.00      0.131     -0.109       0.186      -0.237
53166.00      0.097     -0.049       0.265      -0.317
53167.00      0.080     -0.006       0.224      -0.142
53168.00      0.054      0.010       0.189       0.092
53169.00      0.028      0.001       0.221       0.223
53170.00      0.011     -0.011       0.300       0.109
53171.00      0.009     -0.016       0.297       0.034
53172.00      0.023     -0.029       0.123       0.175
53173.00      0.042     -0.045      -0.020       0.218
53174.00      0.059     -0.049       0.033       0.109
53175.00      0.093     -0.017       0.078       0.013
53176.00      0.101     -0.002       0.155      -0.161
53177.00      0.096     -0.006       0.237      -0.212
53178.00      0.085     -0.016       0.313      -0.082
53179.00      0.080     -0.010       0.271      -0.062
53180.00      0.077     -0.003       0.191      -0.204
53181.00      0.066     -0.020       0.060      -0.228
53182.00      0.049     -0.053       0.024      -0.159
53183.00      0.031     -0.069       0.009       0.112
53184.00      0.015     -0.077       0.038       0.144
53185.00      0.020     -0.098       0.093       0.014
53186.00      0.036     -0.131       0.244      -0.120
53187.00      0.062     -0.118       0.329      -0.082
53188.00      0.055     -0.102       0.282      -0.105
53189.00      0.055     -0.083       0.122      -0.298
53190.00      0.060     -0.118       0.041      -0.376
53191.00      0.086     -0.139      -0.017      -0.284
53192.00      0.104     -0.147       0.023      -0.118
53193.00      0.103     -0.143       0.082       0.011
53194.00      0.089     -0.111       0.210      -0.063
53195.00      0.069     -0.066       0.312      -0.062
53196.00      0.032     -0.051       0.284       0.103
53197.00      0.013     -0.071       0.173       0.246
53198.00      0.004     -0.096       0.130       0.194
53199.00      0.010     -0.104       0.116       0.026
53200.00      0.031     -0.107       0.113      -0.157
53201.00      0.058     -0.111       0.141      -0.149
53202.00      0.076     -0.106       0.151      -0.120
53203.00      0.076     -0.123       0.170      -0.145
53204.00      0.079     -0.111       0.154      -0.196
53205.00      0.074     -0.113       0.172      -0.169
53206.00      0.060     -0.120       0.180      -0.106
53207.00      0.049     -0.115       0.174      -0.018
53208.00      0.046     -0.099       0.150      -0.019
53209.00      0.039     -0.095       0.020      -0.069
53210.00      0.024     -0.108      -0.068      -0.146
53211.00      0.012     -0.147      -0.117      -0.117
53212.00      0.011     -0.182      -0.045      -0.069
53213.00      0.024     -0.197       0.057       0.051
53214.00      0.048     -0.184       0.243      -0.001
53215.00      0.070     -0.153       0.301       0.009
53216.00      0.080     -0.136       0.320      -0.114
53217.00      0.083     -0.151       0.271      -0.452
53218.00      0.091     -0.171       0.234      -0.627
53219.00      0.102     -0.171       0.217      -0.528
53220.00      0.101     -0.164       0.095      -0.213
53221.00      0.089     -0.158       0.022      -0.112
53222.00      0.071     -0.138       0.040      -0.089
53223.00      0.051     -0.107       0.130      -0.145
53224.00      0.049     -0.129       0.191       0.099
53225.00      0.042     -0.160       0.239       0.283
53226.00      0.047     -0.195       0.249       0.317
53227.00      0.062     -0.202       0.219       0.139
53228.00      0.083     -0.191       0.212      -0.136
53229.00      0.105     -0.179       0.140      -0.401
53230.00      0.120     -0.167       0.105      -0.425
53231.00      0.160     -0.161       0.164      -0.283
53232.00      0.167     -0.151       0.260      -0.252
53233.00      0.165     -0.150       0.298      -0.213
53234.00      0.146     -0.153       0.258      -0.277
53235.00      0.122     -0.153       0.046      -0.262
53236.00      0.107     -0.150       0.015      -0.252
53237.00      0.099     -0.150       0.153      -0.188
53238.00      0.085     -0.168       0.166      -0.234
53239.00      0.076     -0.192       0.131      -0.341
53240.00      0.080     -0.225       0.154      -0.400
53241.00      0.095     -0.241       0.179      -0.238
53242.00      0.109     -0.226       0.227      -0.085
53243.00      0.108     -0.169       0.249       0.024
53244.00      0.120     -0.155       0.273       0.044
53245.00      0.137     -0.163       0.307      -0.127
53246.00      0.150     -0.162       0.377      -0.310
53247.00      0.149     -0.141       0.440      -0.318
53248.00      0.132     -0.121       0.342      -0.056
53249.00      0.111     -0.118       0.198       0.122
53250.00      0.091     -0.117       0.130      -0.071
53251.00      0.076     -0.108       0.147      -0.165
53252.00      0.060     -0.108       0.161      -0.276
53253.00      0.061     -0.137       0.123      -0.354
53254.00      0.074     -0.164       0.059      -0.424
53255.00      0.094     -0.170       0.043      -0.412
53256.00      0.112     -0.166       0.074      -0.293
53257.00      0.122     -0.168       0.142      -0.136
53258.00      0.129     -0.165       0.196       0.034
53259.00      0.127     -0.130       0.253       0.157
53260.00      0.143     -0.105       0.305       0.096
53261.00      0.148     -0.090       0.334      -0.020
53262.00      0.131     -0.091       0.290      -0.133
53263.00      0.101     -0.103       0.178      -0.106
53264.00      0.076     -0.128       0.120      -0.132
53265.00      0.067     -0.154       0.153      -0.116
53266.00      0.101     -0.163       0.164      -0.065
53267.00      0.102     -0.157       0.154      -0.101
53268.00      0.106     -0.160       0.218      -0.158
53269.00      0.114     -0.175       0.217      -0.067
53270.00      0.126     -0.186       0.271      -0.128
53271.00      0.142     -0.182       0.282      -0.217
53272.00      0.163     -0.192       0.292      -0.410
53273.00      0.173     -0.188       0.265      -0.504
53274.00      0.175     -0.177       0.257      -0.518
53275.00      0.165     -0.156       0.211      -0.369
53276.00      0.148     -0.142       0.104      -0.242
53277.00      0.145     -0.157       0.014      -0.262
53278.00      0.126     -0.168      -0.005      -0.235
53279.00      0.113     -0.172       0.051      -0.336
53280.00      0.107     -0.184       0.109      -0.185
53281.00      0.111     -0.205       0.198      -0.071
53282.00      0.126     -0.221       0.206      -0.080
53283.00      0.147     -0.220       0.180      -0.183
53284.00      0.163     -0.224       0.180      -0.349
53285.00      0.169     -0.247       0.223      -0.383
53286.00      0.172     -0.263       0.296      -0.332
53287.00      0.208     -0.179       0.260      -0.143
53288.00      0.219     -0.138       0.224      -0.124
53289.00      0.220     -0.111       0.235      -0.157
53290.00      0.205     -0.111       0.249      -0.232
53291.00      0.179     -0.128       0.319      -0.235
53292.00      0.154     -0.153       0.340      -0.198
53293.00      0.140     -0.181       0.336      -0.024
53294.00      0.163     -0.181       0.298       0.116
53295.00      0.176     -0.170       0.264       0.116
53296.00      0.190     -0.154       0.241       0.019
53297.00      0.197     -0.154       0.244      -0.137
53298.00      0.202     -0.166       0.272      -0.182
53299.00      0.216     -0.173       0.307      -0.196
53300.00      0.236     -0.169       0.339      -0.119
53301.00      0.242     -0.161       0.322      -0.087
53302.00      0.228     -0.151       0.283      -0.107
53303.00      0.206     -0.145       0.225      -0.170
53304.00      0.188     -0.151       0.163      -0.263
53305.00      0.176     -0.181       0.133      -0.338
53306.00      0.162     -0.191       0.081      -0.306
53307.00      0.152     -0.193       0.082      -0.205
53308.00      0.141     -0.224       0.119      -0.086
53309.00      0.148     -0.252       0.161       0.002
53310.00      0.160     -0.272       0.216      -0.051
53311.00      0.175     -0.268       0.217      -0.207
53312.00      0.188     -0.260       0.203      -0.332
53313.00      0.195     -0.273       0.219      -0.263
53314.00      0.202     -0.288       0.196      -0.187
53315.00      0.230     -0.270       0.115      -0.235
53316.00      0.227     -0.234       0.084      -0.234
53317.00      0.212     -0.216       0.120      -0.394
53318.00      0.191     -0.223       0.212      -0.438
53319.00      0.182     -0.265       0.279      -0.364
53320.00      0.166     -0.277       0.295      -0.347
53321.00      0.154     -0.287       0.290      -0.281
53322.00      0.150     -0.290       0.259      -0.016
53323.00      0.158     -0.290       0.234       0.106
53324.00      0.177     -0.297       0.178      -0.017
53325.00      0.199     -0.303       0.208      -0.202
53326.00      0.212     -0.291       0.266      -0.390
53327.00      0.214     -0.266       0.325      -0.482
53328.00      0.215     -0.252       0.318      -0.358
53329.00      0.216     -0.251       0.220      -0.327
53330.00      0.204     -0.251       0.111      -0.393
53331.00      0.180     -0.247       0.100      -0.292
53332.00      0.160     -0.255       0.176      -0.292
53333.00      0.155     -0.302       0.288      -0.276
53334.00      0.148     -0.308       0.345      -0.171
53335.00      0.146     -0.304       0.356       0.016
53336.00      0.152     -0.313       0.333       0.173
53337.00      0.160     -0.343       0.309       0.248
53338.00      0.166     -0.371       0.292       0.177
53339.00      0.170     -0.370       0.273      -0.045
53340.00      0.176     -0.373       0.284      -0.284
53341.00      0.183     -0.355       0.261      -0.365
53342.00      0.193     -0.346       0.247      -0.372
53343.00      0.195     -0.333       0.188      -0.423
53344.00      0.177     -0.322       0.164      -0.483
53345.00      0.145     -0.332       0.259      -0.486
53346.00      0.119     -0.349       0.402      -0.463
53347.00      0.112     -0.399       0.470      -0.340
53348.00      0.102     -0.408       0.481      -0.522
53349.00      0.103     -0.425       0.471      -0.558
53350.00      0.115     -0.428       0.436      -0.528
53351.00      0.121     -0.414       0.363      -0.208
53352.00      0.118     -0.419       0.236      -0.128
53353.00      0.127     -0.447       0.104      -0.326
53354.00      0.147     -0.445       0.159      -0.488
53355.00      0.152     -0.400       0.246      -0.507
53356.00      0.137     -0.364       0.245      -0.383
53357.00      0.075     -0.376       0.155      -0.422
53358.00      0.066     -0.387       0.062      -0.503
53359.00      0.049     -0.375       0.007      -0.529
53360.00      0.025     -0.362       0.035      -0.404
53361.00      0.010     -0.367       0.107      -0.198
53362.00      0.009     -0.378       0.196      -0.076
53363.00      0.018     -0.385       0.184      -0.083
53364.00      0.031     -0.395       0.115       0.043
53365.00      0.040     -0.418       0.045       0.019
53366.00      0.044     -0.435       0.062      -0.026
53367.00      0.046     -0.429       0.078      -0.162
53368.00      0.055     -0.433       0.126      -0.380
53369.00      0.062     -0.403       0.119      -0.457
53370.00      0.067     -0.379       0.078      -0.512
53371.00      0.061     -0.367       0.041      -0.647
53372.00      0.034     -0.377      -0.008      -0.741
53373.00     -0.001     -0.411      -0.011      -0.737
53374.00     -0.020     -0.435       0.012      -0.553
53375.00     -0.006     -0.451       0.014      -0.348
53376.00     -0.015     -0.447      -0.031      -0.316
53377.00     -0.011     -0.478       0.060      -0.360
53378.00      0.023     -0.503       0.190      -0.378
53379.00      0.055     -0.472       0.307      -0.220
53380.00      0.052     -0.430       0.253      -0.131
53381.00      0.031     -0.432       0.107      -0.282
53382.00      0.026     -0.453       0.035      -0.611
53383.00      0.031     -0.438       0.092      -0.617
53384.00      0.023     -0.405       0.097      -0.512
53385.00      0.023     -0.411       0.073      -0.427
53386.00      0.008     -0.414       0.041      -0.581
53387.00     -0.009     -0.399       0.039      -0.631
53388.00     -0.035     -0.380       0.027      -0.524
53389.00     -0.054     -0.382       0.056      -0.384
53390.00     -0.055     -0.402       0.064      -0.309
53391.00     -0.042     -0.421       0.102      -0.319
53392.00     -0.031     -0.444       0.068      -0.397
53393.00     -0.018     -0.457       0.009      -0.409
53394.00     -0.011     -0.453       0.004      -0.384
53395.00     -0.005     -0.425       0.030      -0.340
53396.00      0.001     -0.394       0.066      -0.327
53397.00      0.002     -0.372       0.083      -0.293
53398.00     -0.009     -0.360       0.079      -0.264
53399.00     -0.028     -0.356       0.107      -0.193
53400.00     -0.056     -0.370       0.082      -0.228
53401.00     -0.083     -0.407       0.086      -0.317
53402.00     -0.091     -0.436       0.015      -0.298
53403.00     -0.080     -0.458      -0.013      -0.343
53404.00     -0.071     -0.434      -0.081      -0.392
53405.00     -0.073     -0.444      -0.058      -0.520
53406.00     -0.085     -0.474       0.067      -0.622
53407.00     -0.057     -0.464       0.172      -0.514
53408.00     -0.039     -0.416       0.163      -0.425
53409.00     -0.048     -0.387       0.069      -0.423
53410.00     -0.061     -0.396      -0.037      -0.442
53411.00     -0.064     -0.404      -0.055      -0.399
53412.00     -0.067     -0.392      -0.058      -0.301
53413.00     -0.078     -0.374      -0.041      -0.199
53414.00     -0.093     -0.359      -0.039      -0.365
53415.00     -0.112     -0.344       0.000      -0.446
53416.00     -0.132     -0.344       0.012      -0.313
53417.00     -0.158     -0.384       0.038      -0.280
53418.00     -0.151     -0.405       0.072      -0.262
53419.00     -0.131     -0.417       0.096      -0.512
53420.00     -0.117     -0.446       0.071      -0.591
53421.00     -0.097     -0.453       0.036      -0.588
53422.00     -0.082     -0.437       0.018      -0.369
53423.00     -0.074     -0.399       0.036      -0.284
53424.00     -0.071     -0.363       0.037      -0.364
53425.00     -0.080     -0.348       0.004      -0.377
53426.00     -0.105     -0.351      -0.091      -0.374
53427.00     -0.165     -0.347      -0.158      -0.334
53428.00     -0.185     -0.361      -0.175      -0.334
53429.00     -0.197     -0.385      -0.204      -0.337
53430.00     -0.197     -0.410      -0.196      -0.347
53431.00     -0.176     -0.412      -0.161      -0.449
53432.00     -0.142     -0.390      -0.106      -0.449
53433.00     -0.122     -0.368      -0.031      -0.436
53434.00     -0.139     -0.355       0.027      -0.465
53435.00     -0.146     -0.359       0.019      -0.337
53436.00     -0.142     -0.359       0.015      -0.172
53437.00     -0.129     -0.357      -0.012      -0.198
53438.00     -0.119     -0.351      -0.029      -0.278
53439.00     -0.117     -0.337      -0.097      -0.332
53440.00     -0.122     -0.314      -0.168      -0.254
53441.00     -0.137     -0.268      -0.212      -0.199
53442.00     -0.151     -0.252      -0.209      -0.229
53443.00     -0.166     -0.248      -0.160      -0.202
53444.00     -0.173     -0.269      -0.075      -0.274
53445.00     -0.168     -0.308      -0.003      -0.127
53446.00     -0.151     -0.327       0.063      -0.196
53447.00     -0.127     -0.319       0.098      -0.294
53448.00     -0.116     -0.317       0.107      -0.492
53449.00     -0.095     -0.313       0.010      -0.479
53450.00     -0.084     -0.302      -0.030      -0.408
53451.00     -0.084     -0.273      -0.071      -0.241
53452.00     -0.092     -0.245      -0.059      -0.265
53453.00     -0.110     -0.238      -0.109      -0.299
53454.00     -0.137     -0.244      -0.147      -0.377
53455.00     -0.206     -0.258      -0.202      -0.308
53456.00     -0.217     -0.273      -0.244      -0.320
53457.00     -0.215     -0.296      -0.185      -0.298
53458.00     -0.208     -0.317      -0.121      -0.289
53459.00     -0.192     -0.325      -0.036      -0.282
53460.00     -0.161     -0.314       0.039      -0.244
53461.00     -0.128     -0.292       0.070      -0.268
53462.00     -0.118     -0.261       0.016      -0.281
53463.00     -0.130     -0.248      -0.034      -0.238
53464.00     -0.144     -0.259      -0.040      -0.191
53465.00     -0.141     -0.283      -0.030      -0.264
53466.00     -0.130     -0.285       0.026      -0.319
53467.00     -0.126     -0.254       0.038      -0.376
53468.00     -0.135     -0.213      -0.035      -0.276
53469.00     -0.188     -0.188      -0.114      -0.298
53470.00     -0.206     -0.180      -0.130      -0.336
53471.00     -0.214     -0.188      -0.157      -0.391
53472.00     -0.207     -0.216      -0.142      -0.301
53473.00     -0.185     -0.255      -0.088      -0.251
53474.00     -0.157     -0.276      -0.102      -0.201
53475.00     -0.128     -0.262      -0.115      -0.304
53476.00     -0.116     -0.212      -0.081      -0.242
53477.00     -0.100     -0.197      -0.087      -0.258
53478.00     -0.095     -0.183      -0.066      -0.138
53479.00     -0.099     -0.159      -0.019      -0.041
53480.00     -0.111     -0.140       0.043      -0.146
53481.00     -0.126     -0.143       0.074      -0.192
53482.00     -0.144     -0.156       0.023      -0.249
53483.00     -0.145     -0.145      -0.040      -0.320
53484.00     -0.153     -0.155      -0.095      -0.274
53485.00     -0.149     -0.179      -0.087      -0.208
53486.00     -0.133     -0.203      -0.045      -0.133
53487.00     -0.110     -0.208       0.048      -0.094
53488.00     -0.087     -0.199       0.076      -0.168
53489.00     -0.069     -0.195       0.024      -0.212
53490.00     -0.062     -0.176      -0.016      -0.340
53491.00     -0.059     -0.160      -0.006      -0.335
53492.00     -0.060     -0.143      -0.012      -0.375
53493.00     -0.065     -0.137       0.021      -0.254
53494.00     -0.072     -0.136       0.007      -0.180
53495.00     -0.080     -0.122       0.004      -0.155
53496.00     -0.093     -0.104      -0.020      -0.153
53497.00     -0.143     -0.089      -0.025      -0.194
53498.00     -0.161     -0.093      -0.027      -0.186
53499.00     -0.168     -0.101      -0.004      -0.105
53500.00     -0.157     -0.118       0.034       0.056
53501.00     -0.132     -0.145       0.091       0.148
53502.00     -0.101     -0.166       0.134       0.101
53503.00     -0.073     -0.165       0.130      -0.012
53504.00     -0.053     -0.152       0.112      -0.055
53505.00     -0.046     -0.139       0.083      -0.096
53506.00     -0.048     -0.119       0.024      -0.050
53507.00     -0.055     -0.085      -0.042      -0.157
53508.00     -0.111     -0.068      -0.065      -0.233
53509.00     -0.128     -0.087      -0.053      -0.276
53510.00     -0.141     -0.123      -0.005      -0.295
53511.00     -0.171     -0.154      -0.080      -0.286
53512.00     -0.172     -0.155      -0.187      -0.344
53513.00     -0.167     -0.167      -0.217      -0.273
53514.00     -0.151     -0.184      -0.145      -0.178
53515.00     -0.132     -0.173      -0.013       0.071
53516.00     -0.113     -0.165       0.047       0.057
53517.00     -0.102     -0.176       0.030      -0.071
53518.00     -0.095     -0.197      -0.015      -0.372
53519.00     -0.081     -0.196       0.003      -0.612
53520.00     -0.068     -0.160       0.029      -0.618
53521.00     -0.067     -0.112       0.035      -0.405
53522.00     -0.082     -0.079      -0.012      -0.213
53523.00     -0.101     -0.072      -0.045      -0.069
53524.00     -0.112     -0.085      -0.032      -0.062
53525.00     -0.140     -0.084       0.004      -0.215
53526.00     -0.143     -0.100      -0.032      -0.201
53527.00     -0.139     -0.104      -0.121      -0.151
53528.00     -0.123     -0.111      -0.226       0.038
53529.00     -0.100     -0.126      -0.266       0.047
53530.00     -0.075     -0.140      -0.199       0.020
53531.00     -0.052     -0.140      -0.091      -0.190
53532.00     -0.026     -0.097       0.036      -0.305
53533.00     -0.025     -0.093       0.120      -0.232
53534.00     -0.032     -0.080       0.135      -0.059
53535.00     -0.040     -0.048       0.032      -0.109
53536.00     -0.047     -0.022      -0.073      -0.149
53537.00     -0.068     -0.055      -0.071      -0.219
53538.00     -0.081     -0.117       0.009      -0.140
53539.00     -0.077     -0.151       0.007      -0.024
53540.00     -0.062     -0.148      -0.021       0.008
53541.00     -0.044     -0.139      -0.080      -0.054
53542.00     -0.027     -0.134      -0.014      -0.018
53543.00     -0.011     -0.099       0.078       0.092
53544.00     -0.017     -0.099       0.066       0.011
53545.00     -0.016     -0.125       0.002      -0.135
53546.00      0.004     -0.155       0.003      -0.423
53547.00      0.026     -0.152       0.002      -0.449
53548.00      0.033     -0.117       0.043      -0.194
53549.00      0.022     -0.072       0.030      -0.065
53550.00     -0.000     -0.033       0.041       0.013
53551.00     -0.023     -0.016       0.052       0.010
53552.00     -0.034     -0.029       0.118      -0.137
53553.00     -0.020     -0.050       0.147      -0.334
53554.00     -0.013     -0.071       0.189      -0.544
53555.00      0.003     -0.076       0.151      -0.591
53556.00      0.026     -0.081       0.145      -0.405
53557.00      0.052     -0.095       0.123      -0.185
53558.00      0.069     -0.103       0.197      -0.048
53559.00      0.079     -0.093       0.289      -0.005
53560.00      0.082     -0.078       0.346      -0.148
53561.00      0.075     -0.077       0.382      -0.079
53562.00      0.062     -0.080       0.324      -0.105
53563.00      0.049     -0.070       0.175      -0.144
53564.00      0.042     -0.050       0.023      -0.299
53565.00      0.022     -0.083      -0.046      -0.321
53566.00      0.013     -0.143       0.059      -0.224
53567.00      0.004     -0.188       0.120      -0.051
53568.00      0.029     -0.179       0.108      -0.023
53569.00      0.059     -0.155       0.080      -0.140
53570.00      0.084     -0.132       0.075      -0.109
53571.00      0.082     -0.112       0.089       0.014
53572.00      0.056     -0.117       0.065       0.028
53573.00      0.045     -0.153       0.092      -0.169
53574.00      0.097     -0.177       0.166      -0.361
53575.00      0.125     -0.151       0.210      -0.420
53576.00      0.118     -0.112       0.227      -0.153
53577.00      0.084     -0.097       0.135      -0.132
53578.00      0.054     -0.092       0.107      -0.187
53579.00      0.039     -0.078       0.050      -0.193
53580.00      0.035     -0.076       0.027      -0.112
53581.00      0.041     -0.096       0.032      -0.035
53582.00      0.055     -0.114       0.059      -0.091
53583.00      0.075     -0.112       0.127      -0.161
53584.00      0.101     -0.106       0.191      -0.077
53585.00      0.129     -0.110       0.208       0.090
53586.00      0.147     -0.110       0.293       0.151
53587.00      0.149     -0.095       0.390       0.025
53588.00      0.187     -0.056       0.418      -0.221
53589.00      0.175     -0.058       0.408      -0.231
53590.00      0.160     -0.070       0.388      -0.218
53591.00      0.147     -0.072       0.280      -0.089
53592.00      0.135     -0.069       0.191      -0.144
53593.00      0.121     -0.085       0.148      -0.142
53594.00      0.115     -0.126       0.222      -0.109
53595.00      0.117     -0.168       0.304      -0.010
53596.00      0.136     -0.168       0.354      -0.016
53597.00      0.158     -0.147       0.348      -0.189
53598.00      0.179     -0.124       0.296      -0.134
53599.00      0.186     -0.103       0.238      -0.008
53600.00      0.175     -0.107       0.220      -0.019
53601.00      0.167     -0.138       0.290      -0.070
53602.00      0.183     -0.149       0.412      -0.290
53603.00      0.200     -0.106       0.507      -0.239
53604.00      0.181     -0.057       0.409       0.012
53605.00      0.139     -0.054       0.266      -0.030
53606.00      0.111     -0.077       0.183      -0.167
53607.00      0.105     -0.078       0.185      -0.316
53608.00      0.111     -0.075       0.202      -0.138
53609.00      0.124     -0.094       0.201      -0.023
53610.00      0.144     -0.117       0.207       0.099
53611.00      0.165     -0.114       0.219      -0.028
53612.00      0.184     -0.094       0.291      -0.075
53613.00      0.214     -0.076       0.289       0.026
53614.00      0.225     -0.068       0.281       0.068
53615.00      0.224     -0.058       0.333       0.021
53616.00      0.216     -0.042       0.323      -0.254
53617.00      0.202     -0.048       0.280      -0.433
53618.00      0.184     -0.060       0.255      -0.463
53619.00      0.168     -0.061       0.260      -0.295
53620.00      0.156     -0.054       0.204      -0.191
53621.00      0.146     -0.059       0.158      -0.143
53622.00      0.139     -0.086       0.136      -0.229
53623.00      0.144     -0.120       0.221      -0.210
53624.00      0.163     -0.144       0.291      -0.207
53625.00      0.187     -0.145       0.317      -0.255
53626.00      0.204     -0.129       0.305      -0.167
53627.00      0.212     -0.108       0.222       0.018
53628.00      0.214     -0.106       0.143      -0.070
53629.00      0.217     -0.125       0.139      -0.179
53630.00      0.223     -0.130       0.278      -0.355
53631.00      0.219     -0.092       0.375      -0.272
53632.00      0.194     -0.045       0.275      -0.045
53633.00      0.162     -0.037       0.165      -0.018
53634.00      0.145     -0.053       0.149      -0.053
53635.00      0.144     -0.057       0.240      -0.265
53636.00      0.151     -0.056       0.295      -0.131
53637.00      0.166     -0.077       0.292      -0.087
53638.00      0.190     -0.107       0.260      -0.031
53639.00      0.214     -0.110       0.234      -0.133
53640.00      0.227     -0.094       0.241      -0.071
53641.00      0.232     -0.078       0.291      -0.020
53642.00      0.231     -0.068       0.333       0.167
53643.00      0.227     -0.055       0.352       0.144
53644.00      0.221     -0.045       0.372      -0.026
53645.00      0.211     -0.047       0.323      -0.196
53646.00      0.191     -0.055       0.285      -0.282
53647.00      0.169     -0.061       0.271      -0.150
53648.00      0.158     -0.066       0.268      -0.028
53649.00      0.156     -0.077       0.320       0.029
53650.00      0.157     -0.092       0.334      -0.029
53651.00      0.164     -0.110       0.334      -0.142
53652.00      0.187     -0.129       0.327      -0.228
53653.00      0.219     -0.139       0.353      -0.166
53654.00      0.240     -0.133       0.296      -0.007
53655.00      0.243     -0.116       0.269       0.052
53656.00      0.237     -0.111       0.257       0.141
53657.00      0.232     -0.126       0.349       0.104
53658.00      0.227     -0.134       0.485       0.012
53659.00      0.215     -0.116       0.502       0.031
53660.00      0.195     -0.088       0.389       0.248
53661.00      0.180     -0.082       0.223       0.297
53662.00      0.174     -0.090       0.120       0.260
53663.00      0.176     -0.091       0.191       0.079
53664.00      0.184     -0.090       0.343      -0.061
53665.00      0.201     -0.102       0.465      -0.086
53666.00      0.226     -0.118       0.492      -0.196
53667.00      0.250     -0.119       0.443      -0.310
53668.00      0.261     -0.114       0.421      -0.327
53669.00      0.259     -0.120       0.392      -0.264
53670.00      0.250     -0.123       0.388      -0.068
53671.00      0.243     -0.103       0.391      -0.071
53672.00      0.236     -0.072       0.388      -0.130
53673.00      0.224     -0.059       0.342      -0.142
53674.00      0.203     -0.070       0.297      -0.137
53675.00      0.184     -0.094       0.275      -0.127
53676.00      0.179     -0.121       0.270      -0.067
53677.00      0.192     -0.144       0.267      -0.091
53678.00      0.210     -0.148       0.263      -0.195
53679.00      0.226     -0.128       0.261      -0.284
53680.00      0.239     -0.103       0.000       0.000
53681.00      0.251     -0.096       0.000       0.000
53682.00      0.256     -0.101       0.000       0.000
53683.00      0.254     -0.105       0.000       0.000
53684.00      0.246     -0.110       0.000       0.000
53685.00      0.235     -0.123       0.000       0.000
53686.00      0.223     -0.133       0.000       0.000
53687.00      0.214     -0.128       0.000       0.000
53688.00      0.208     -0.117       0.000       0.000
53689.00      0.203     -0.117       0.000       0.000
53690.00      0.200     -0.126       0.000       0.000
53691.00      0.202     -0.133       0.000       0.000
53692.00      0.214     -0.136       0.000       0.000
53693.00      0.234     -0.144       0.000       0.000
53694.00      0.255     -0.146       0.000       0.000
53695.00      0.271     -0.135       0.000       0.000
53696.00      0.277     -0.128       0.000       0.000
53697.00      0.275     -0.143       0.000       0.000
53698.00      0.268     -0.161       0.000       0.000
53699.00      0.258     -0.145       0.000       0.000
53700.00      0.243     -0.108       0.000       0.000
53701.00      0.222     -0.091       0.000       0.000
53702.00      0.203     -0.113       0.000       0.000
53703.00      0.197     -0.152       0.000       0.000
53704.00      0.207     -0.187       0.000       0.000
53705.00      0.227     -0.209       0.000       0.000
53706.00      0.249     -0.206       0.000       0.000
53707.00      0.258     -0.160       0.000       0.000
53708.00      0.266     -0.120       0.000       0.000
53709.00      0.260     -0.099       0.000       0.000
53710.00      0.245     -0.101       0.000       0.000
53711.00      0.233     -0.111       0.000       0.000
53712.00      0.229     -0.119       0.000       0.000
53713.00      0.226     -0.124       0.000       0.000
53714.00      0.215     -0.124       0.000       0.000
53715.00      0.202     -0.114       0.000       0.000
53716.00      0.198     -0.104       0.000       0.000
53717.00      0.196     -0.103       0.000       0.000
53718.00      0.192     -0.111       0.000       0.000
53719.00      0.192     -0.119       0.000       0.000
53720.00      0.205     -0.131       0.000       0.000
53721.00      0.225     -0.144       0.000       0.000
53722.00      0.238     -0.150       0.000       0.000
53723.00      0.244     -0.134       0.000       0.000
53724.00      0.246     -0.110       0.000       0.000
53725.00      0.248     -0.105       0.000       0.000
53726.00      0.245     -0.110       0.000       0.000
53727.00      0.233     -0.101       0.000       0.000
53728.00      0.206     -0.082       0.000       0.000
53729.00      0.175     -0.084       0.000       0.000
53730.00      0.160     -0.113       0.000       0.000
53731.00      0.171     -0.140       0.000       0.000
53732.00      0.194     -0.153       0.000       0.000
53733.00      0.215     -0.156       0.000       0.000
53734.00      0.231     -0.148       0.000       0.000
53735.00      0.239     -0.124       0.000       0.000
53736.00      0.240     -0.103       0.000       0.000
53737.00      0.238     -0.099       0.000       0.000
53738.00      0.231     -0.095       0.000       0.000
53739.00      0.217     -0.077       0.000       0.000
53740.00      0.202     -0.065       0.000       0.000
53741.00      0.192     -0.072       0.000       0.000
53742.00      0.181     -0.078       0.000       0.000
53743.00      0.164     -0.067       0.000       0.000
53744.00      0.149     -0.052       0.000       0.000
53745.00      0.145     -0.052       0.000       0.000
53746.00      0.148     -0.061       0.000       0.000
53747.00      0.157     -0.072       0.000       0.000
53748.00      0.172     -0.088       0.000       0.000
53749.00      0.191     -0.107       0.000       0.000
53750.00      0.202     -0.118       0.000       0.000
53751.00      0.206     -0.104       0.000       0.000
53752.00      0.208     -0.073       0.000       0.000
53753.00      0.210     -0.049       0.000       0.000
53754.00      0.206     -0.037       0.000       0.000
53755.00      0.189     -0.032       0.000       0.000
53756.00      0.158     -0.039       0.000       0.000
53757.00      0.129     -0.066       0.000       0.000
53758.00      0.128     -0.093       0.000       0.000
53759.00      0.149     -0.092       0.000       0.000
53760.00      0.170     -0.080       0.000       0.000
53761.00      0.185     -0.089       0.000       0.000
53762.00      0.206     -0.096       0.000       0.000
53763.00      0.226     -0.069       0.000       0.000
53764.00      0.227     -0.032       0.000       0.000
53765.00      0.216     -0.031       0.000       0.000
53766.00      0.211     -0.044       0.000       0.000
53767.00      0.202     -0.030       0.000       0.000
53768.00      0.177     -0.007       0.000       0.000
53769.00      0.153     -0.016       0.000       0.000
53770.00      0.145     -0.039       0.000       0.000
53771.00      0.141     -0.037       0.000       0.000
53772.00      0.132     -0.018       0.000       0.000
53773.00      0.129     -0.014       0.000       0.000
53774.00      0.142     -0.027       0.000       0.000
53775.00      0.163     -0.041       0.000       0.000
53776.00      0.186     -0.056       0.000       0.000
53777.00      0.205     -0.066       0.000       0.000
53778.00      0.219     -0.063       0.000       0.000
53779.00      0.226     -0.039       0.000       0.000
53780.00      0.227     -0.008       0.000       0.000
53781.00      0.220      0.011       0.000       0.000
53782.00      0.204      0.014       0.000       0.000
53783.00      0.181      0.012       0.000       0.000
53784.00      0.158     -0.002       0.000       0.000
53785.00      0.148     -0.032       0.000       0.000
53786.00      0.166     -0.052       0.000       0.000
53787.00      0.197     -0.034       0.000       0.000
53788.00      0.209     -0.010       0.000       0.000
53789.00      0.202     -0.034       0.000       0.000
53790.00      0.215     -0.081       0.000       0.000
53791.00      0.254     -0.070       0.000       0.000
53792.00      0.277     -0.003       0.000       0.000
53793.00      0.265      0.035       0.000       0.000
53794.00      0.247      0.013       0.000       0.000
53795.00      0.237     -0.018       0.000       0.000
53796.00      0.223     -0.024       0.000       0.000
53797.00      0.000      0.000       0.000       0.000
53798.00      0.000      0.000       0.000       0.000
53799.00      0.000      0.000       0.000       0.000
53800.00      0.000      0.000       0.000       0.000
53801.00      0.000      0.000       0.000       0.000
53802.00      0.000      0.000       0.000       0.000
53803.00      0.000      0.000       0.000       0.000
53804.00      0.000      0.000       0.000       0.000
53805.00      0.000      0.000       0.000       0.000
53806.00      0.000      0.000       0.000       0.000
53807.00      0.000      0.000       0.000       0.000
53808.00      0.000      0.000       0.000       0.000
53809.00      0.000      0.000       0.000       0.000
53810.00      0.000      0.000       0.000       0.000
53811.00      0.000      0.000       0.000       0.000
53812.00      0.000      0.000       0.000       0.000
53813.00      0.000      0.000       0.000       0.000
53814.00      0.000      0.000       0.000       0.000
53815.00      0.000      0.000       0.000       0.000
53816.00      0.000      0.000       0.000       0.000
53817.00      0.000      0.000       0.000       0.000
53818.00      0.000      0.000       0.000       0.000
53819.00      0.000      0.000       0.000       0.000
53820.00      0.000      0.000       0.000       0.000
53821.00      0.000      0.000       0.000       0.000
53822.00      0.000      0.000       0.000       0.000
53823.00      0.000      0.000       0.000       0.000
53824.00      0.000      0.000       0.000       0.000
53825.00      0.000      0.000       0.000       0.000
53826.00      0.000      0.000       0.000       0.000
53827.00      0.000      0.000       0.000       0.000
53828.00      0.000      0.000       0.000       0.000
53829.00      0.000      0.000       0.000       0.000
53830.00      0.000      0.000       0.000       0.000
53831.00      0.000      0.000       0.000       0.000
53832.00      0.000      0.000       0.000       0.000
53833.00      0.000      0.000       0.000       0.000
53834.00      0.000      0.000       0.000       0.000
53835.00      0.000      0.000       0.000       0.000
53836.00      0.000      0.000       0.000       0.000
53837.00      0.000      0.000       0.000       0.000
53838.00      0.000      0.000       0.000       0.000
53839.00      0.000      0.000       0.000       0.000
53840.00      0.000      0.000       0.000       0.000
53841.00      0.000      0.000       0.000       0.000
53842.00      0.000      0.000       0.000       0.000
53843.00      0.000      0.000       0.000       0.000
53844.00      0.000      0.000       0.000       0.000
53845.00      0.000      0.000       0.000       0.000
53846.00      0.000      0.000       0.000       0.000
53847.00      0.000      0.000       0.000       0.000
53848.00      0.000      0.000       0.000       0.000
53849.00      0.000      0.000       0.000       0.000
53850.00      0.000      0.000       0.000       0.000
53851.00      0.000      0.000       0.000       0.000
53852.00      0.000      0.000       0.000       0.000
53853.00      0.000      0.000       0.000       0.000
53854.00      0.000      0.000       0.000       0.000
53855.00      0.000      0.000       0.000       0.000
53856.00      0.000      0.000       0.000       0.000
53857.00      0.000      0.000       0.000       0.000
53858.00      0.000      0.000       0.000       0.000
53859.00      0.000      0.000       0.000       0.000
53860.00      0.000      0.000       0.000       0.000
53861.00      0.000      0.000       0.000       0.000
53862.00      0.000      0.000       0.000       0.000
53863.00      0.000      0.000       0.000       0.000
53864.00      0.000      0.000       0.000       0.000
53865.00      0.000      0.000       0.000       0.000
53866.00      0.000      0.000       0.000       0.000
53867.00      0.000      0.000       0.000       0.000
53868.00      0.000      0.000       0.000       0.000
53869.00      0.000      0.000       0.000       0.000
53870.00      0.000      0.000       0.000       0.000
53871.00      0.000      0.000       0.000       0.000
53872.00      0.000      0.000       0.000       0.000
53873.00      0.000      0.000       0.000       0.000
53874.00      0.000      0.000       0.000       0.000
53875.00      0.000      0.000       0.000       0.000
53876.00      0.000      0.000       0.000       0.000
53877.00      0.000      0.000       0.000       0.000
53878.00      0.000      0.000       0.000       0.000
53879.00      0.000      0.000       0.000       0.000
53880.00      0.000      0.000       0.000       0.000
53881.00      0.000      0.000       0.000       0.000
53882.00      0.000      0.000       0.000       0.000
53883.00      0.000      0.000       0.000       0.000
53884.00      0.000      0.000       0.000       0.000
53885.00      0.000      0.000       0.000       0.000
53886.00      0.000      0.000       0.000       0.000
53887.00      0.000      0.000       0.000       0.000
53888.00      0.000      0.000       0.000       0.000
53889.00      0.000      0.000       0.000       0.000
53890.00      0.000      0.000       0.000       0.000
53891.00      0.000      0.000       0.000       0.000
53892.00      0.000      0.000       0.000       0.000
53893.00      0.000      0.000       0.000       0.000
53894.00      0.000      0.000       0.000       0.000
53895.00      0.000      0.000       0.000       0.000
53896.00      0.000      0.000       0.000       0.000
53897.00      0.000      0.000       0.000       0.000
53898.00      0.000      0.000       0.000       0.000
53899.00      0.000      0.000       0.000       0.000
53900.00      0.000      0.000       0.000       0.000
53901.00      0.000      0.000       0.000       0.000
53902.00      0.000      0.000       0.000       0.000
53903.00      0.000      0.000       0.000       0.000
53904.00      0.000      0.000       0.000       0.000
53905.00      0.000      0.000       0.000       0.000
53906.00      0.000      0.000       0.000       0.000
53907.00      0.000      0.000       0.000       0.000
53908.00      0.000      0.000       0.000       0.000
53909.00      0.000      0.000       0.000       0.000
53910.00      0.000      0.000       0.000       0.000
53911.00      0.000      0.000       0.000       0.000
53912.00      0.000      0.000       0.000       0.000
53913.00      0.000      0.000       0.000       0.000
53914.00      0.000      0.000       0.000       0.000
53915.00      0.000      0.000       0.000       0.000
53916.00      0.000      0.000       0.000       0.000
53917.00      0.000      0.000       0.000       0.000
53918.00      0.000      0.000       0.000       0.000
53919.00      0.000      0.000       0.000       0.000
53920.00      0.000      0.000       0.000       0.000
53921.00      0.000      0.000       0.000       0.000
53922.00      0.000      0.000       0.000       0.000
53923.00      0.000      0.000       0.000       0.000
53924.00      0.000      0.000       0.000       0.000
53925.00      0.000      0.000       0.000       0.000
53926.00      0.000      0.000       0.000       0.000
53927.00      0.000      0.000       0.000       0.000
53928.00      0.000      0.000       0.000       0.000
53929.00      0.000      0.000       0.000       0.000
53930.00      0.000      0.000       0.000       0.000
53931.00      0.000      0.000       0.000       0.000
53932.00      0.000      0.000       0.000       0.000
53933.00      0.000      0.000       0.000       0.000
53934.00      0.000      0.000       0.000       0.000
53935.00      0.000      0.000       0.000       0.000
53936.00      0.000      0.000       0.000       0.000
53937.00      0.000      0.000       0.000       0.000
53938.00      0.000      0.000       0.000       0.000
53939.00      0.000      0.000       0.000       0.000
53940.00      0.000      0.000       0.000       0.000
53941.00      0.000      0.000       0.000       0.000
53942.00      0.000      0.000       0.000       0.000
53943.00      0.000      0.000       0.000       0.000
53944.00      0.000      0.000       0.000       0.000
53945.00      0.000      0.000       0.000       0.000
53946.00      0.000      0.000       0.000       0.000
53947.00      0.000      0.000       0.000       0.000
53948.00      0.000      0.000       0.000       0.000
53949.00      0.000      0.000       0.000       0.000
53950.00      0.000      0.000       0.000       0.000
53951.00      0.000      0.000       0.000       0.000
53952.00      0.000      0.000       0.000       0.000
53953.00      0.000      0.000       0.000       0.000
53954.00      0.000      0.000       0.000       0.000
53955.00      0.000      0.000       0.000       0.000
53956.00      0.000      0.000       0.000       0.000
53957.00      0.000      0.000       0.000       0.000
53958.00      0.000      0.000       0.000       0.000
53959.00      0.000      0.000       0.000       0.000
53960.00      0.000      0.000       0.000       0.000
53961.00      0.000      0.000       0.000       0.000
53962.00      0.000      0.000       0.000       0.000
53963.00      0.000      0.000       0.000       0.000
53964.00      0.000      0.000       0.000       0.000
53965.00      0.000      0.000       0.000       0.000
53966.00      0.000      0.000       0.000       0.000
53967.00      0.000      0.000       0.000       0.000
53968.00      0.000      0.000       0.000       0.000
53969.00      0.000      0.000       0.000       0.000
53970.00      0.000      0.000       0.000       0.000
53971.00      0.000      0.000       0.000       0.000
53972.00      0.000      0.000       0.000       0.000
53973.00      0.000      0.000       0.000       0.000
53974.00      0.000      0.000       0.000       0.000
53975.00      0.000      0.000       0.000       0.000
53976.00      0.000      0.000       0.000       0.000
53977.00      0.000      0.000       0.000       0.000
53978.00      0.000      0.000       0.000       0.000
53979.00      0.000      0.000       0.000       0.000
53980.00      0.000      0.000       0.000       0.000
53981.00      0.000      0.000       0.000       0.000
53982.00      0.000      0.000       0.000       0.000
53983.00      0.000      0.000       0.000       0.000
53984.00      0.000      0.000       0.000       0.000
53985.00      0.000      0.000       0.000       0.000
53986.00      0.000      0.000       0.000       0.000
53987.00      0.000      0.000       0.000       0.000
53988.00      0.000      0.000       0.000       0.000
53989.00      0.000      0.000       0.000       0.000
53990.00      0.000      0.000       0.000       0.000
53991.00      0.000      0.000       0.000       0.000
53992.00      0.000      0.000       0.000       0.000
53993.00      0.000      0.000       0.000       0.000
53994.00      0.000      0.000       0.000       0.000
53995.00      0.000      0.000       0.000       0.000
53996.00      0.000      0.000       0.000       0.000
53997.00      0.000      0.000       0.000       0.000
53998.00      0.000      0.000       0.000       0.000
53999.00      0.000      0.000       0.000       0.000
54000.00      0.000      0.000       0.000       0.000
54001.00      0.000      0.000       0.000       0.000
54002.00      0.000      0.000       0.000       0.000
54003.00      0.000      0.000       0.000       0.000
54004.00      0.000      0.000       0.000       0.000
54005.00      0.000      0.000       0.000       0.000
54006.00      0.000      0.000       0.000       0.000
54007.00      0.000      0.000       0.000       0.000
54008.00      0.000      0.000       0.000       0.000
54009.00      0.000      0.000       0.000       0.000
54010.00      0.000      0.000       0.000       0.000
54011.00      0.000      0.000       0.000       0.000
54012.00      0.000      0.000       0.000       0.000
54013.00      0.000      0.000       0.000       0.000
54014.00      0.000      0.000       0.000       0.000
54015.00      0.000      0.000       0.000       0.000
54016.00      0.000      0.000       0.000       0.000
54017.00      0.000      0.000       0.000       0.000
54018.00      0.000      0.000       0.000       0.000
54019.00      0.000      0.000       0.000       0.000
54020.00      0.000      0.000       0.000       0.000
54021.00      0.000      0.000       0.000       0.000
54022.00      0.000      0.000       0.000       0.000
54023.00      0.000      0.000       0.000       0.000
54024.00      0.000      0.000       0.000       0.000
54025.00      0.000      0.000       0.000       0.000
54026.00      0.000      0.000       0.000       0.000
54027.00      0.000      0.000       0.000       0.000
54028.00      0.000      0.000       0.000       0.000
54029.00      0.000      0.000       0.000       0.000
54030.00      0.000      0.000       0.000       0.000
54031.00      0.000      0.000       0.000       0.000
54032.00      0.000      0.000       0.000       0.000
54033.00      0.000      0.000       0.000       0.000
54034.00      0.000      0.000       0.000       0.000
54035.00      0.000      0.000       0.000       0.000
54036.00      0.000      0.000       0.000       0.000
54037.00      0.000      0.000       0.000       0.000
54038.00      0.000      0.000       0.000       0.000
54039.00      0.000      0.000       0.000       0.000
54040.00      0.000      0.000       0.000       0.000
54041.00      0.000      0.000       0.000       0.000
54042.00      0.000      0.000       0.000       0.000
54043.00      0.000      0.000       0.000       0.000
54044.00      0.000      0.000       0.000       0.000
54045.00      0.000      0.000       0.000       0.000
54046.00      0.000      0.000       0.000       0.000
54047.00      0.000      0.000       0.000       0.000
54048.00      0.000      0.000       0.000       0.000
54049.00      0.000      0.000       0.000       0.000
54050.00      0.000      0.000       0.000       0.000
54051.00      0.000      0.000       0.000       0.000
54052.00      0.000      0.000       0.000       0.000
54053.00      0.000      0.000       0.000       0.000
54054.00      0.000      0.000       0.000       0.000
54055.00      0.000      0.000       0.000       0.000
54056.00      0.000      0.000       0.000       0.000
54057.00      0.000      0.000       0.000       0.000
54058.00      0.000      0.000       0.000       0.000
54059.00      0.000      0.000       0.000       0.000
54060.00      0.000      0.000       0.000       0.000
54061.00      0.000      0.000       0.000       0.000
54062.00      0.000      0.000       0.000       0.000
54063.00      0.000      0.000       0.000       0.000
54064.00      0.000      0.000       0.000       0.000
54065.00      0.000      0.000       0.000       0.000
54066.00      0.000      0.000       0.000       0.000
54067.00      0.000      0.000       0.000       0.000
54068.00      0.000      0.000       0.000       0.000
54069.00      0.000      0.000       0.000       0.000
54070.00      0.000      0.000       0.000       0.000
54071.00      0.000      0.000       0.000       0.000
54072.00      0.000      0.000       0.000       0.000
54073.00      0.000      0.000       0.000       0.000
54074.00      0.000      0.000       0.000       0.000
54075.00      0.000      0.000       0.000       0.000
54076.00      0.000      0.000       0.000       0.000
54077.00      0.000      0.000       0.000       0.000
54078.00      0.000      0.000       0.000       0.000
54079.00      0.000      0.000       0.000       0.000
54080.00      0.000      0.000       0.000       0.000
54081.00      0.000      0.000       0.000       0.000
54082.00      0.000      0.000       0.000       0.000
54083.00      0.000      0.000       0.000       0.000
54084.00      0.000      0.000       0.000       0.000
54085.00      0.000      0.000       0.000       0.000
54086.00      0.000      0.000       0.000       0.000
54087.00      0.000      0.000       0.000       0.000
54088.00      0.000      0.000       0.000       0.000
54089.00      0.000      0.000       0.000       0.000
54090.00      0.000      0.000       0.000       0.000
54091.00      0.000      0.000       0.000       0.000
54092.00      0.000      0.000       0.000       0.000
54093.00      0.000      0.000       0.000       0.000
54094.00      0.000      0.000       0.000       0.000
54095.00      0.000      0.000       0.000       0.000
54096.00      0.000      0.000       0.000       0.000
54097.00      0.000      0.000       0.000       0.000
54098.00      0.000      0.000       0.000       0.000
54099.00      0.000      0.000       0.000       0.000
54100.00      0.000      0.000       0.000       0.000
54101.00      0.000      0.000       0.000       0.000
54102.00      0.000      0.000       0.000       0.000
54103.00      0.000      0.000       0.000       0.000
54104.00      0.000      0.000       0.000       0.000
54105.00      0.000      0.000       0.000       0.000
54106.00      0.000      0.000       0.000       0.000
54107.00      0.000      0.000       0.000       0.000
54108.00      0.000      0.000       0.000       0.000
54109.00      0.000      0.000       0.000       0.000
54110.00      0.000      0.000       0.000       0.000
54111.00      0.000      0.000       0.000       0.000
54112.00      0.000      0.000       0.000       0.000
54113.00      0.000      0.000       0.000       0.000
54114.00      0.000      0.000       0.000       0.000
54115.00      0.000      0.000       0.000       0.000
54116.00      0.000      0.000       0.000       0.000
54117.00      0.000      0.000       0.000       0.000
54118.00      0.000      0.000       0.000       0.000
54119.00      0.000      0.000       0.000       0.000
54120.00      0.000      0.000       0.000       0.000
54121.00      0.000      0.000       0.000       0.000
54122.00      0.000      0.000       0.000       0.000
54123.00      0.000      0.000       0.000       0.000
54124.00      0.000      0.000       0.000       0.000
54125.00      0.000      0.000       0.000       0.000
54126.00      0.000      0.000       0.000       0.000
54127.00      0.000      0.000       0.000       0.000
54128.00      0.000      0.000       0.000       0.000
54129.00      0.000      0.000       0.000       0.000
54130.00      0.000      0.000       0.000       0.000
54131.00      0.000      0.000       0.000       0.000
54132.00      0.000      0.000       0.000       0.000
54133.00      0.000      0.000       0.000       0.000
54134.00      0.000      0.000       0.000       0.000
54135.00      0.000      0.000       0.000       0.000
54136.00      0.000      0.000       0.000       0.000
54137.00      0.000      0.000       0.000       0.000
54138.00      0.000      0.000       0.000       0.000
54139.00      0.000      0.000       0.000       0.000
