# Expression for the X coordinate of the CIP in the GCRS based on the IAU2000A 
# precession-nutation model 
# 
# 
# --------------------------------------------------------------------------------------------------------------
# 
# X = polynomial part + non-polynomial part
# 
# --------------------------------------------------------------------------------------------------------------
# 
# --------------------------------------------------------------------------------------------------------------
# 
# Non-polynomial part (unit microarcsecond)
# (ARG being for various combination of the fundamental arguments of the nutation theory)
# 
#   Sum_i[a_{s,0})_i * sin(ARG) + a_{c,0})_i * cos(ARG)] 
# 
# + Sum_i)j=1,4 [a_{s,j})_i * t^j * sin(ARG) + a_{c,j})_i * cos(ARG)] * t^j]
# 
# The Table below provides the values for a_{s,j})_i and a_{c,j})_i
# 
# The expressions for the fundamental arguments appearing in columns 4 to 8 (luni-solar part) 
# and in columns 6 to 17 (planetary part) are those of the IERS Conventions 2000
# 
# --------------------------------------------------------------------------------------------------------------
# 
#     i    a_{s,j})_i      a_{c,j})_i    l    l'   F    D   Om L_Me L_Ve  L_E L_Ma  L_J L_Sa  L_U L_Ne  p_A
# 
# --------------------------------------------------------------------------------------------------------------
# 
0    -6844318.44        1328.67    0    0    0    0    1    0    0    0    0    0    0    0    0    0
0     -523908.04        -544.76    0    0    2   -2    2    0    0    0    0    0    0    0    0    0
0      -90552.22         111.23    0    0    2    0    2    0    0    0    0    0    0    0    0    0
0       82168.76         -27.64    0    0    0    0    2    0    0    0    0    0    0    0    0    0
0       58707.02         470.05    0    1    0    0    0    0    0    0    0    0    0    0    0    0
0       28288.28         -34.69    1    0    0    0    0    0    0    0    0    0    0    0    0    0
0      -20557.78         -20.84    0    1    2   -2    2    0    0    0    0    0    0    0    0    0
0      -15406.85          15.12    0    0    2    0    1    0    0    0    0    0    0    0    0    0
0      -11991.74          32.46    1    0    2    0    2    0    0    0    0    0    0    0    0    0
0       -8584.95           4.42    0    1   -2    2   -2    0    0    0    0    0    0    0    0    0
0       -6245.02          -6.68    1    0    0   -2    0    0    0    0    0    0    0    0    0    0
0        5095.50           7.19    0    0    2   -2    1    0    0    0    0    0    0    0    0    0
0       -4910.93           0.76    1    0   -2    0   -2    0    0    0    0    0    0    0    0    0
0        2521.07          -5.97    0    0    0    2    0    0    0    0    0    0    0    0    0    0
0        2511.85           1.07    1    0    0    0    1    0    0    0    0    0    0    0    0    0
0        2372.58           5.93    1    0   -2   -2   -2    0    0    0    0    0    0    0    0    0
0        2307.58          -7.52    1    0    0    0   -1    0    0    0    0    0    0    0    0    0
0       -2053.16           5.13    1    0    2    0    1    0    0    0    0    0    0    0    0    0
0        1898.27          -0.72    2    0    0   -2    0    0    0    0    0    0    0    0    0    0
0       -1825.49           1.23    2    0   -2    0   -1    0    0    0    0    0    0    0    0    0
0       -1534.09           6.29    0    0    2    2    2    0    0    0    0    0    0    0    0    0
0       -1292.02           0.00    0    2   -2    2   -2    0    0    0    0    0    0    0    0    0
0       -1234.96           5.21    2    0    2    0    2    0    0    0    0    0    0    0    0    0
0        1163.22          -2.94    2    0    0    0    0    0    0    0    0    0    0    0    0    0
0        1137.48          -0.04    1    0    2   -2    2    0    0    0    0    0    0    0    0    0
0        1029.70          -2.63    0    0    2    0    0    0    0    0    0    0    0    0    0    0
0        -866.48           0.52    0    0    2   -2    0    0    0    0    0    0    0    0    0    0
0        -813.13           0.40    1    0   -2    0   -1    0    0    0    0    0    0    0    0    0
0         664.57          -0.40    0    2    0    0    0    0    0    0    0    0    0    0    0    0
0        -628.24          -0.64    0    2    2   -2    2    0    0    0    0    0    0    0    0    0
0        -603.52           0.44    1    0    0   -2   -1    0    0    0    0    0    0    0    0    0
0        -556.26           3.16    0    1    0    0    1    0    0    0    0    0    0    0    0    0
0        -512.37          -1.47    1    0    0   -2    1    0    0    0    0    0    0    0    0    0
0         506.65           2.54    0    1    0    0   -1    0    0    0    0    0    0    0    0    0
0         438.51          -0.56    2    0   -2    0    0    0    0    0    0    0    0    0    0    0
0         405.91           0.99    1    0   -2   -2   -1    0    0    0    0    0    0    0    0    0
0        -122.67         203.78    0    0    1   -1    1    0    0   -1    0   -2    5    0    0    0
0        -305.78           1.75    1    0    2    2    2    0    0    0    0    0    0    0    0    0
0         300.99          -0.44    0    1    2    0    2    0    0    0    0    0    0    0    0    0
0        -292.37          -0.32    1    1    0   -2    0    0    0    0    0    0    0    0    0    0
0         284.09           0.32    0    1   -2    0   -2    0    0    0    0    0    0    0    0    0
0        -264.02           0.99    0    0    2    2    1    0    0    0    0    0    0    0    0    0
0         261.54          -0.95    1    0    0    2    0    0    0    0    0    0    0    0    0    0
0         256.30          -0.28    2    0    2   -2    2    0    0    0    0    0    0    0    0    0
0        -250.54           0.08    0    0    0    2    1    0    0    0    0    0    0    0    0    0
0         230.72           0.08    1    0    2   -2    1    0    0    0    0    0    0    0    0    0
0         229.78          -0.60    2    0    0   -2   -1    0    0    0    0    0    0    0    0    0
0        -212.82           0.84    2    0    2    0    1    0    0    0    0    0    0    0    0    0
0         196.64          -0.84    0    0    0    2   -1    0    0    0    0    0    0    0    0    0
0         188.95          -0.12    0    1   -2    2   -1    0    0    0    0    0    0    0    0    0
0         187.95          -0.24    1   -1    0    0    0    0    0    0    0    0    0    0    0    0
0        -160.15         -14.04    1    0    0   -1    0    0    0    0    0    0    0    0    0    0
0        -172.95          -0.40    0    1    0   -2    0    0    0    0    0    0    0    0    0    0
0        -168.26           0.20    0    0    0    1    0    0    0    0    0    0    0    0    0    0
0         161.79           0.24    2    0    0   -2    1    0    0    0    0    0    0    0    0    0
0         161.34           0.20    1    0   -2    0    0    0    0    0    0    0    0    0    0    0
0          57.44          95.82    0    0    0    0    0    0    0    0    0    2   -5    0    0   -1
0         142.16           0.20    0    1    2   -2    1    0    0    0    0    0    0    0    0    0
0        -134.81           0.20    1    1    0    0    0    0    0    0    0    0    0    0    0    0
0         132.81          -0.52    1    0    2    0    0    0    0    0    0    0    0    0    0    0
0        -130.31           0.04    1   -1    0   -1    0    0    0    0    0    0    0    0    0    0
0         121.98          -0.08    2    0   -2    0   -2    0    0    0    0    0    0    0    0    0
0        -115.40           0.60    3    0    2    0    2    0    0    0    0    0    0    0    0    0
0        -114.49           0.32    1   -1    2    0    2    0    0    0    0    0    0    0    0    0
0         112.14           0.28    1    1   -2   -2   -2    0    0    0    0    0    0    0    0    0
0         105.29           0.44    0    1   -2   -2   -2    0    0    0    0    0    0    0    0    0
0          98.69          -0.28    1    1    2    0    2    0    0    0    0    0    0    0    0    0
0          91.31          -0.40    2    0    0    0   -1    0    0    0    0    0    0    0    0    0
0          86.74          -0.08    2    0    0    0    1    0    0    0    0    0    0    0    0    0
0         -18.38          63.80    0    0    0    0    0    0    0    4   -8    3    0    0    0    0
0          82.14           0.00    0    0    0    0    0    0    3   -5    0    0    0    0    0   -2
0          79.03          -0.24    1    0   -2    2   -1    0    0    0    0    0    0    0    0    0
0           0.00         -79.08    0    1   -1    1   -1    0    0    0    0    0    0    0    0    0
0         -78.56           0.00    1    0    0    0    2    0    0    0    0    0    0    0    0    0
0          47.73          23.79    0    0    1   -1    1    0   -8   12    0    0    0    0    0    0
0          66.03          -0.20    0    0    2    1    2    0    0    0    0    0    0    0    0    0
0          62.65          -0.24    3    0    0    0    0    0    0    0    0    0    0    0    0    0
0          60.50           0.36    1    0   -2   -4   -2    0    0    0    0    0    0    0    0    0
0          59.07           0.00    0    0    0    0    0    0    1   -1    0    0    0    0    0    0
0          57.28           0.00    0    0    0    0    0    0    0    8  -16    4    5    0    0    0
0         -55.66           0.16    1    0    0    0   -2    0    0    0    0    0    0    0    0    0
0         -54.81          -0.08    2    0   -2   -2   -2    0    0    0    0    0    0    0    0    0
0         -53.22          -0.20    1    0    0   -4    0    0    0    0    0    0    0    0    0    0
0         -52.95           0.32    1    0    2    2    1    0    0    0    0    0    0    0    0    0
0         -52.27           0.00    1   -1    0   -1   -1    0    0    0    0    0    0    0    0    0
0          51.32           0.00    1    1    2   -2    2    0    0    0    0    0    0    0    0    0
0         -51.00          -0.12    2    0    0   -4    0    0    0    0    0    0    0    0    0    0
0          51.02           0.00    0    2   -2    2   -1    0    0    0    0    0    0    0    0    0
0         -48.65          -1.15    0    0    0    0    0    0    0    1    0   -1    0    0    0    0
0          48.29           0.20    2    0   -2   -4   -2    0    0    0    0    0    0    0    0    0
0         -46.38           0.00    0    0    0    0    0    0    0    0    0    2    0    0    0    2
0         -45.59          -0.12    1    0   -4    0   -2    0    0    0    0    0    0    0    0    0
0         -43.76           0.36    2    0    2    2    2    0    0    0    0    0    0    0    0    0
0         -40.58          -1.00    1    0    0   -1   -1    0    0    0    0    0    0    0    0    0
0           0.00         -41.53    1    0   -1    0   -1    0    0    0    0    0    0    0    0    0
0          40.54          -0.04    2    0    2   -2    1    0    0    0    0    0    0    0    0    0
0          40.33          -0.04    2    1    0   -2    0    0    0    0    0    0    0    0    0    0
0         -38.57           0.08    1    0    0    2    1    0    0    0    0    0    0    0    0    0
0          37.75           0.04    1   -1    0   -2    0    0    0    0    0    0    0    0    0    0
0          37.15          -0.12    3    0    2   -2    2    0    0    0    0    0    0    0    0    0
0          36.68          -0.04    0    0    4   -2    2    0    0    0    0    0    0    0    0    0
0         -18.30         -17.30    0    0    0    0    1    0    0   -1    2    0    0    0    0    0
0         -17.86          17.10    0    0    0    0    0    0    0    1   -2    0    0    0    0    0
0         -34.81           0.04    0    1   -2    2    0    0    0    0    0    0    0    0    0    0
0         -33.22           0.08    0    0    2   -2   -1    0    0    0    0    0    0    0    0    0
0          32.43          -0.04    0    1    2    0    1    0    0    0    0    0    0    0    0    0
0         -30.47           0.04    1    0    2   -2    0    0    0    0    0    0    0    0    0    0
0         -29.53           0.04    1    1    0   -2   -1    0    0    0    0    0    0    0    0    0
0          28.50          -0.08    2    0   -2    0    1    0    0    0    0    0    0    0    0    0
0          28.35          -0.16    0    1    0    0    2    0    0    0    0    0    0    0    0    0
0         -28.00           0.00    0    0    2   -1    2    0    0    0    0    0    0    0    0    0
0         -27.61           0.20    0    0    2    4    2    0    0    0    0    0    0    0    0    0
0         -26.77           0.08    0    1    0    2    0    0    0    0    0    0    0    0    0    0
0          26.54          -0.12    0    0    2    0   -1    0    0    0    0    0    0    0    0    0
0          26.54           0.04    0    1   -2    0   -1    0    0    0    0    0    0    0    0    0
0         -26.17           0.00    0    1    2   -2    0    0    0    0    0    0    0    0    0    0
0         -25.42          -0.08    1    0   -2   -2    0    0    0    0    0    0    0    0    0    0
0         -16.91           8.43    0    0    0    0    0    0    8  -13    0    0    0    0    0   -1
0           0.32          24.42    0    0    0    0    0    0    2   -3    0    0    0    0    0    0
0         -19.53           5.09    0    0    0    0    0    0    0    0    0    2   -5    0    0    0
0         -23.79           0.00    0    0    0    0    0    0    2   -2    0    0    0    0    0    0
0          23.66           0.00    1   -1    0   -1   -2    0    0    0    0    0    0    0    0    0
0         -23.47           0.16    1   -1    2    2    2    0    0    0    0    0    0    0    0    0
0          23.39          -0.12    2    0    0    2    0    0    0    0    0    0    0    0    0    0
0         -23.49           0.00    0    1    0    0   -2    0    0    0    0    0    0    0    0    0
0         -23.28          -0.08    1    1    0   -2    1    0    0    0    0    0    0    0    0    0
0         -22.99           0.04    1    0   -2    2    0    0    0    0    0    0    0    0    0    0
0         -22.67          -0.08    1   -1   -2   -2   -2    0    0    0    0    0    0    0    0    0
0           9.35          13.29    0    0    0    0    0    0    8  -13    0    0    0    0    0    0
0          22.47          -0.04    0    1    0    1    0    0    0    0    0    0    0    0    0    0
0           4.89         -16.55    0    0    0    0    0    0    0    2   -8    3    0    0    0   -2
0           4.89         -16.51    0    0    0    0    0    0    0    6   -8    3    0    0    0    2
0          21.28          -0.08    0    1    2    2    2    0    0    0    0    0    0    0    0    0
0          20.57           0.64    0    0    0    0    0    0    0    3    0   -1    0    0    0    2
0          21.01           0.00    1   -1    0    0    1    0    0    0    0    0    0    0    0    0
0           1.23         -19.13    0    0    1   -1    1    0    0   -1    0    2   -5    0    0    0
0         -19.97           0.12    3    0    2    0    1    0    0    0    0    0    0    0    0    0
0          19.65          -0.08    0    0    0    4    0    0    0    0    0    0    0    0    0    0
0          19.58          -0.12    1    0    0    2   -1    0    0    0    0    0    0    0    0    0
0          19.61          -0.08    1   -1    0    2    0    0    0    0    0    0    0    0    0    0
0         -19.41           0.08    2   -1    2    0    2    0    0    0    0    0    0    0    0    0
0         -19.49           0.00    0    0    0    0    0    0    4   -6    0    0    0    0    0   -2
0         -18.64           0.00    0    0    0    2    2    0    0    0    0    0    0    0    0    0
0          18.58           0.04    1    1   -2   -2   -1    0    0    0    0    0    0    0    0    0
0         -18.42           0.00    1   -1   -2    0   -2    0    0    0    0    0    0    0    0    0
0          18.22           0.00    0    0    0    0    0    0    2   -4    0    0    0    0    0   -2
0          -0.72         -17.34    0    0    2   -2    1    0   -5    6    0    0    0    0    0    0
0         -18.02          -0.04    1    0    2   -4    1    0    0    0    0    0    0    0    0    0
0          17.74           0.08    0    1   -2   -2   -1    0    0    0    0    0    0    0    0    0
0          17.46           0.00    2    0    0   -2    0    0    0   -2    0    2    0    0    0    0
0         -17.42           0.00    0    3    2   -2    2    0    0    0    0    0    0    0    0    0
0          -6.60          10.70    0    0    0    0    0    0    0    1    0   -2    0    0    0    0
0          16.43           0.52    0    0    0    0    0    0    0    2    0   -2    0    0    0    0
0         -16.75           0.04    1   -1    2    0    1    0    0    0    0    0    0    0    0    0
0          16.55          -0.08    0    0    2    2    0    0    0    0    0    0    0    0    0    0
0          16.39          -0.08    2    1    2    0    2    0    0    0    0    0    0    0    0    0
0          13.88          -2.47    2    0    0   -2    0    0    0   -2    0    3    0    0    0    0
0          15.69           0.00    1    0    0   -2   -2    0    0    0    0    0    0    0    0    0
0         -15.52           0.00    0    0    0    1    1    0    0    0    0    0    0    0    0    0
0           3.34          11.86    0    0    0    0    1    0    0   -4    8   -3    0    0    0    0
0          14.72          -0.32    0    0    0    0    0    0    2    0    0    0    0    0    0    2
0          14.92          -0.04    2   -1    0    0    0    0    0    0    0    0    0    0    0    0
0          -3.26          11.62    0    0    0    0    1    0    0    4   -8    3    0    0    0    0
0         -14.64           0.00    0    0    0    0    0    0    0    2   -2    0    0    0    0    0
0           0.00          14.47    1    0   -1    0   -2    0    0    0    0    0    0    0    0    0
0         -14.37           0.00    1    1    0    0    1    0    0    0    0    0    0    0    0    0
0          14.32          -0.04    1    1    2    0    1    0    0    0    0    0    0    0    0    0
0         -14.10           0.04    1    0   -2    2   -2    0    0    0    0    0    0    0    0    0
0          10.86           3.18    0    0    1   -1    1    0    0    0   -2    0    0    0    0    0
0         -10.58          -3.10    0    0    1   -1    0    0    0    0   -2    0    0    0    0    0
0          -3.62           9.86    0    0    0    0    0    0    0    0    0    1    0    0    0    0
0         -13.48           0.00    0    0    0    0    0    0    1    1    0    0    0    0    0    2
0          13.41          -0.04    1    0    2    1    2    0    0    0    0    0    0    0    0    0
0          13.32          -0.08    2    0    2    0    0    0    0    0    0    0    0    0    0    0
0         -13.33          -0.04    0    1    0   -2    1    0    0    0    0    0    0    0    0    0
0         -13.29           0.00    1    0    2   -1    2    0    0    0    0    0    0    0    0    0
0          -0.20          13.05    0    0    0    0    0    0    3   -4    0    0    0    0    0    0
0           0.00          13.13    1    0   -1    0    0    0    0    0    0    0    0    0    0    0
0          -8.99           4.02    1    0    0    0    0    0  -18   16    0    0    0    0    0    0
0         -12.93           0.04    1    0    0    1    0    0    0    0    0    0    0    0    0    0
0           2.03          10.82    0    0    0    0    0    0    0    0    0    2    0    0    0    1
0         -12.78           0.04    0    0    0    1   -1    0    0    0    0    0    0    0    0    0
0          12.24           0.04    1    0    0   -2    2    0    0    0    0    0    0    0    0    0
0           8.71           3.54    1    0    0    0    0    0  -10    3    0    0    0    0    0    0
0          11.98          -0.04    1   -1    0    0   -1    0    0    0    0    0    0    0    0    0
0         -11.38           0.04    2    1    0    0    0    0    0    0    0    0    0    0    0    0
0         -11.30           0.00    2    0    0   -2   -1    0    0   -2    0    2    0    0    0    0
0          11.14          -0.04    0    0    2    1    1    0    0    0    0    0    0    0    0    0
0          10.98           0.00    0    3    0    0    0    0    0    0    0    0    0    0    0    0
0         -10.98           0.00    1    2    0   -2    0    0    0    0    0    0    0    0    0    0
0           0.44         -10.38    0    0    0    0    0    0    5   -8    0    0    0    0    0   -2
0          10.46           0.08    1    0   -2   -4   -1    0    0    0    0    0    0    0    0    0
0         -10.42           0.00    0    0    0    0    0    0    0    1    0    1    0    0    0    2
0         -10.30           0.08    4    0    2    0    2    0    0    0    0    0    0    0    0    0
0           6.92           3.34    0    0    1   -1    1    0    0   -1    0    0   -1    0    0    0
0          10.07           0.04    1    0   -2    0    1    0    0    0    0    0    0    0    0    0
0          10.02           0.00    2    1    2   -2    2    0    0    0    0    0    0    0    0    0
0          -9.75           0.04    0    1    2    1    2    0    0    0    0    0    0    0    0    0
0           9.75           0.00    1    1    2   -2    1    0    0    0    0    0    0    0    0    0
0           9.67          -0.04    1    0    4   -2    2    0    0    0    0    0    0    0    0    0
0          -1.99           7.72    0    0    1   -1    1    0    0   -1    0   -1    0    0    0    0
0           0.40           9.27    0    0    2   -2    0    0   -5    6    0    0    0    0    0    0
0          -3.42           6.09    0    0    0    0    0    0    0    2   -4    0    0    0    0    0
0           0.56          -8.67    0    0    0    0    0    0    0    0    0    2   -5    0    0    1
0          -9.19           0.00    2    0   -2   -2   -1    0    0    0    0    0    0    0    0    0
0           9.11           0.00    1    0   -2    1   -1    0    0    0    0    0    0    0    0    0
0           9.07           0.00    2   -2    0   -2    0    0    0    0    0    0    0    0    0    0
0           1.63           6.96    0    0    0    0    0    0    8  -13    0    0    0    0    0   -2
0          -8.47           0.00    0    2    0   -2    0    0    0    0    0    0    0    0    0    0
0          -8.28           0.04    1    1    0    0   -1    0    0    0    0    0    0    0    0    0
0           8.27           0.04    2    0   -2   -4   -1    0    0    0    0    0    0    0    0    0
0          -8.04           0.00    0    0    0    0    0    0    5   -7    0    0    0    0    0   -2
0           7.91           0.00    0    1    0    2    1    0    0    0    0    0    0    0    0    0
0          -7.84          -0.04    1    0   -4    0   -1    0    0    0    0    0    0    0    0    0
0          -7.64           0.08    2    0    2    2    1    0    0    0    0    0    0    0    0    0
0           5.21          -2.51    1    0    2    0    2    0    0    1    0    0    0    0    0    0
0          -5.77           1.87    0    0    0    0    0    0    3   -5    0    0    0    0    0    0
0           5.01          -2.51    1    0   -2    0   -2    0    0    4   -8    3    0    0    0    0
0          -7.48           0.00    0    0    2   -3    2    0    0    0    0    0    0    0    0    0
0          -7.32          -0.12    0    0    0    0    0    0    0    4    0   -2    0    0    0    2
0           7.40          -0.04    0    0    4    0    2    0    0    0    0    0    0    0    0    0
0           7.44           0.00    1    0    0   -4   -1    0    0    0    0    0    0    0    0    0
0           6.32          -1.11    1    0    0   -1    1    0    0    0    0    0    0    0    0    0
0          -6.13          -1.19    0    0    0    0    0    0    0    2    0   -1    0    0    0    2
0           0.20          -6.88    0    0    0    0    0    0    2   -1    0    0    0    0    0    2
0           6.92           0.04    1    1   -2   -4   -2    0    0    0    0    0    0    0    0    0
0           6.48          -0.48    0    0    0    0    0    0    0    2    0    1    0    0    0    2
0          -6.94           0.00    2    0    0   -2   -2    0    0    0    0    0    0    0    0    0
0           2.47          -4.46    0    0    0    0    0    0    8  -11    0    0    0    0    0   -2
0          -2.23          -4.65    0    0    0    0    0    0    0    8  -16    4    5    0    0   -2
0          -1.07          -5.69    0    0    1   -1    1    0    0   -1    0    2    0    0    0    0
0           4.97          -1.71    0    0    0    0    0    0    0    8  -16    4    5    0    0    2
0           5.57           1.07    0    0    1   -1    1    0   -5    7    0    0    0    0    0    0
0          -6.48           0.08    1    0    2    4    2    0    0    0    0    0    0    0    0    0
0           2.03           4.53    0    0    0    0    0    0    0    0    0    0    2    0    0    1
0           4.10          -2.39    1    0    0   -2    0    0   19  -21    3    0    0    0    0    0
0           0.00          -6.44    0    0    1    0    1    0    0    0    0    0    0    0    0    0
0          -6.40           0.00    3    0    0   -4    0    0    0    0    0    0    0    0    0    0
0           6.32           0.00    1    1   -2    0   -2    0    0    0    0    0    0    0    0    0
0           2.67          -3.62    0    0    0    0    0    0    0    3    0   -2    0    0    0    2
0          -1.91          -4.38    0    0    1   -1    1    0    0   -1    0    0    2    0    0    0
0          -2.43          -3.82    0    0    0    0    0    0    8  -15    0    0    0    0    0   -2
0           6.20           0.00    0    1    0   -2   -1    0    0    0    0    0    0    0    0    0
0          -3.38          -2.78    0    0    0    0    0    0    0    1    2    0    0    0    0    2
0          -6.12           0.04    0    0    0    4    1    0    0    0    0    0    0    0    0    0
0          -6.09          -0.04    0    0    2   -4    1    0    0    0    0    0    0    0    0    0
0          -6.01          -0.04    1    1    0   -4    0    0    0    0    0    0    0    0    0    0
0           3.18          -2.82    0    0    0    0    0    0    0    3   -2    0    0    0    0    2
0          -5.05           0.84    0    0    0    0    0    0    0    0    0    3    0    0    0    2
0           5.85           0.00    3    0    2   -2    1    0    0    0    0    0    0    0    0    0
0           5.69          -0.12    0    0    0    0    0    0    0    4   -2    0    0    0    0    2
0           5.73          -0.04    1    1    2    2    2    0    0    0    0    0    0    0    0    0
0           5.61           0.00    0    0    4   -2    1    0    0    0    0    0    0    0    0    0
0           5.49           0.00    2    0    0   -2    0    0   -3    3    0    0    0    0    0    0
0          -5.33           0.04    3    0    2    2    2    0    0    0    0    0    0    0    0    0
0          -5.29           0.00    0    0    0    0    0    0    0    0    0    0    2    0    0    2
0           5.25           0.00    2    1    0   -2   -1    0    0    0    0    0    0    0    0    0
0           0.99           4.22    0    0    0    0    0    0    4   -6    0    0    0    0    0   -1
0          -0.99           4.22    0    0    0    0    0    0    1   -1    0    0    0    0    0   -1
0           0.00           5.21    1    0    0   -1    0    0   -3    4    0    0    0    0    0    0
0           5.13           0.04    0    2   -2   -2   -2    0    0    0    0    0    0    0    0    0
0          -4.90           0.00    2    0    0   -4   -1    0    0    0    0    0    0    0    0    0
0          -3.10           1.79    0    0    0    0    0    0    0    3   -4    0    0    0    0    0
0          -4.81           0.04    0    0    2    4    1    0    0    0    0    0    0    0    0    0
0          -4.75           0.00    0    0    0    2   -2    0    0    0    0    0    0    0    0    0
0           4.70          -0.04    3    0    0    0   -1    0    0    0    0    0    0    0    0    0
0          -4.69           0.00    0    0    0    0    0    0    0    1    0   -3    0    0    0   -2
0          -4.65           0.00    0    0    0    0    0    0    6   -8    0    0    0    0    0   -2
0           4.65           0.00    0    0    2   -2    1    0   -3    3    0    0    0    0    0    0
0          -4.57           0.00    2    1    0   -4    0    0    0    0    0    0    0    0    0    0
0           4.49          -0.04    4    0    2   -2    2    0    0    0    0    0    0    0    0    0
0          -4.53           0.00    0    0    1   -1    1    0    0    3   -8    3    0    0    0    0
0           0.00          -4.53    0    0    0    0    0    0    3   -2    0    0    0    0    0    2
0           0.00          -4.53    0    0    0    0    0    0    2   -5    0    0    0    0    0   -2
0          -4.53           0.00    2    0    0    2    1    0    0    0    0    0    0    0    0    0
0           4.50           0.00    1   -1    0   -2   -1    0    0    0    0    0    0    0    0    0
0          -4.49           0.00    0    0    0    0    0    0    1   -3    0    0    0    0    0   -2
0           1.83           2.63    0    0    0    0    1    0    8  -13    0    0    0    0    0    0
0           4.38           0.00    2    1   -2   -4   -2    0    0    0    0    0    0    0    0    0
0           0.88          -3.46    0    0    0    0    0    0    1   -2    0    0    0    0    0    0
0          -2.70           1.55    0    0    0    0    0    0    0    2   -3    0    0    0    0    0
0          -4.22           0.00    0    0    2   -1    1    0    0    0    0    0    0    0    0    0
0          -4.10          -0.12    1    1    0    2    0    0    0    0    0    0    0    0    0    0
0           3.54          -0.64    2    0    0   -2    1    0    0   -2    0    3    0    0    0    0
0          -3.50           0.68    0    0    0    0    0    0    5   -8    0    0    0    0    0   -1
0           4.18           0.00    1   -1   -2    2   -1    0    0    0    0    0    0    0    0    0
0           4.14           0.00    1    2   -2   -2   -2    0    0    0    0    0    0    0    0    0
0           4.10           0.00    1    0    0   -3    0    0    0    0    0    0    0    0    0    0
0          -4.06           0.00    2    0    0   -4    1    0    0    0    0    0    0    0    0    0
0           2.70          -1.35    1    0    0    0   -1    0  -18   16    0    0    0    0    0    0
0          -4.04           0.00    2    0    0   -2    2    0    0    0    0    0    0    0    0    0
0          -3.98          -0.04    1    0    0   -4    1    0    0    0    0    0    0    0    0    0
0          -3.98           0.04    1   -1    2    2    1    0    0    0    0    0    0    0    0    0
0           4.02           0.00    2    0    2   -4    1    0    0    0    0    0    0    0    0    0
0           3.94           0.00    0    0    1   -1    1    0    0   -5    8   -3    0    0    0    0
0           0.84          -3.10    0    0    1   -1    0    0    0   -1    0   -1    0    0    0    0
0           3.30           0.60    0    0    0    0    0    0    0    2    0   -3    0    0    0    0
0          -1.59           2.27    0    0    0    0    1    0   -8   13    0    0    0    0    0    0
0          -3.66          -0.20    2   -1    0   -2    0    0    0    0    0    0    0    0    0    0
0          -3.10          -0.72    2    0    0   -2    0    0   -6    8    0    0    0    0    0    0
0          -3.82           0.00    1   -1   -2    0   -1    0    0    0    0    0    0    0    0    0
0          -3.62          -0.16    2    1   -2    0   -1    0    0    0    0    0    0    0    0    0
0          -3.74           0.00    0    1   -2    1   -2    0    0    0    0    0    0    0    0    0
0           3.74           0.00    4    0    0    0    0    0    0    0    0    0    0    0    0    0
0          -3.74           0.00    0    2   -2    2    0    0    0    0    0    0    0    0    0    0
0          -3.71           0.00    0    2    0    0    1    0    0    0    0    0    0    0    0    0
0           3.02           0.68    0    0    0    0    1    0    0    0    0   -2    5    0    0    0
0           3.70           0.00    1    0   -4    2   -2    0    0    0    0    0    0    0    0    0
0           3.30           0.40    0    2   -2    0   -2    0    0    0    0    0    0    0    0    0
0          -3.66           0.04    2   -1    2    2    2    0    0    0    0    0    0    0    0    0
0           3.66           0.04    0    1   -2   -4   -2    0    0    0    0    0    0    0    0    0
0          -3.62           0.00    1    0   -2   -3   -2    0    0    0    0    0    0    0    0    0
0          -3.61           0.00    2    0    0    0    2    0    0    0    0    0    0    0    0    0
0          -2.90           0.68    0    0    0    0    1    0    0    0    0    2   -5    0    0    0
0           0.80          -2.78    0    0    0    0    1    0    0    0    0    1    0    0    0    0
0           3.54           0.00    0    0    0    0    0    0    3   -3    0    0    0    0    0    0
0          -3.54           0.00    0    0    0    0    0    0    0    2    0    0    0    0    0    2
0          -3.50           0.00    2    0    2   -2    0    0    0    0    0    0    0    0    0    0
0           3.45           0.00    0    2    2   -2    1    0    0    0    0    0    0    0    0    0
0           0.00          -3.42    0    0    0    0    0    0    0    6  -16    4    5    0    0   -2
0           3.38           0.00    1   -2    0    0    0    0    0    0    0    0    0    0    0    0
0           2.27          -1.11    1    0    0    0    1    0  -18   16    0    0    0    0    0    0
0          -3.34           0.00    1   -1   -2   -2   -1    0    0    0    0    0    0    0    0    0
0           3.34           0.00    0    1    2    2    1    0    0    0    0    0    0    0    0    0
0          -3.30           0.01    0    0    2    0    3    0    0    0    0    0    0    0    0    0
0           3.31           0.00    1    0    2    0   -1    0    0    0    0    0    0    0    0    0
0           3.30           0.00    3    0    0    0    1    0    0    0    0    0    0    0    0    0
0          -3.30           0.00    1    0   -2   -1   -2    0    0    0    0    0    0    0    0    0
0          -1.39          -1.91    0    0    0    0    0    0    0    1    0    2    0    0    0    2
0           3.30           0.00    0    0    0    0    0    0    4   -4    0    0    0    0    0    0
0           3.26           0.00    2    1    0   -2    1    0    0    0    0    0    0    0    0    0
0           3.26           0.00    1    0    0    4    0    0    0    0    0    0    0    0    0    0
0           3.22          -0.04    1    0    2    2    0    0    0    0    0    0    0    0    0    0
0          -3.26           0.00    2   -1   -2    0   -1    0    0    0    0    0    0    0    0    0
0           2.51          -0.64    0    0    0    0    0    0    3   -7    0    0    0    0    0   -2
0           3.14           0.00    2    0   -4    0   -2    0    0    0    0    0    0    0    0    0
0          -2.63          -0.48    0    0    1   -1    1    0    0   -1    0    0    1    0    0    0
0           3.10           0.00    3    0   -2    0   -1    0    0    0    0    0    0    0    0    0
0          -3.06           0.00    2   -1    2    0    1    0    0    0    0    0    0    0    0    0
0           2.94          -0.12    1   -2    0   -2    0    0    0    0    0    0    0    0    0    0
0           3.06           0.00    2    0   -2    2   -1    0    0    0    0    0    0    0    0    0
0           0.00           2.98    0    0    1    0    0    0    0    0    0    0    0    0    0    0
0           2.98           0.00    1    0    2   -4    0    0    0    0    0    0    0    0    0    0
0           2.07           0.91    0    0    0    0    0    0    0    0    0    1    0    0    0    2
0          -2.98           0.00    0    0    0    0    0    0    0    1    0    0   -1    0    0    0
0           2.94           0.00    0    2    2    0    2    0    0    0    0    0    0    0    0    0
0          -2.94           0.00    0    0    0    0    0    0    7   -9    0    0    0    0    0   -2
0          -2.94           0.00    0    0    0    0    0    0    0    0    2    0    0    0    0    2
0          -2.90           0.00    1   -1    2   -2    2    0    0    0    0    0    0    0    0    0
0          -0.56          -2.35    0    0    0    0    0    0    2   -4    0    0    0    0    0   -1
0          -1.47           1.39    0    0    0    0    1    0    0    1   -2    0    0    0    0    0
0           2.80           0.00    1    0    2   -4    2    0    0    0    0    0    0    0    0    0
0          -2.74           0.00    2    0    2   -1    2    0    0    0    0    0    0    0    0    0
0          -0.12           2.63    0    0    0    0    0    0    4   -7    0    0    0    0    0   -2
0           2.15          -0.60    0    0    0    0    0    0    3   -3    0    0    0    0    0    2
0          -2.70           0.00    1    1   -2    1   -1    0    0    0    0    0    0    0    0    0
0           1.79          -0.88    0    0    0    0    0    0    0    8  -15    0    0    0    0    0
0          -0.48           2.19    0    0    0    0    0    0    2   -2    0    0    0    0    0   -1
0           0.44           2.23    0    0    0    0    0    0    0    0    0    0    1    0    0    0
0           0.52           2.07    0    0    0    0    0    0    0    0    0    1    0    0    0   -1
0          -2.59           0.00    0    1    0   -4    0    0    0    0    0    0    0    0    0    0
0           2.55           0.00    2    1    2    0    1    0    0    0    0    0    0    0    0    0
0          -1.11           1.43    0    0    0    0    0    0    0    1    0   -3    0    0    0    0
0          -2.51           0.00    3   -1    2    0    2    0    0    0    0    0    0    0    0    0
0          -2.51           0.00    2    1   -2   -2   -2    0    0    0    0    0    0    0    0    0
0           2.51           0.00    1    1   -2    0   -1    0    0    0    0    0    0    0    0    0
0           0.00          -2.50    1    0   -1    0   -3    0    0    0    0    0    0    0    0    0
0           2.47           0.00    1   -1    0   -2    1    0    0    0    0    0    0    0    0    0
0           2.11          -0.36    2    0    0   -2   -1    0    0   -2    0    3    0    0    0    0
0           1.67           0.80    0    0    1   -1    0    0    0   -1    0    0   -1    0    0    0
0           2.46           0.00    0    2    0    0   -1    0    0    0    0    0    0    0    0    0
0          -2.43           0.00    1    0   -2    1    0    0    0    0    0    0    0    0    0    0
0          -2.39           0.00    1    0    2   -3    2    0    0    0    0    0    0    0    0    0
0          -1.83           0.56    0    0    0    0    0    0    4   -6    0    0    0    0    0    0
0          -0.44          -1.95    0    0    0    0    0    0    3   -5    0    0    0    0    0   -1
0           0.24           2.15    0    0    0    0    0    0    0    0    0    1    0    0    0    1
0           2.39           0.00    2    0   -2   -2    0    0    0    0    0    0    0    0    0    0
0           2.35           0.00    0    0    0    0    0    0    5   -5    0    0    0    0    0    0
0           2.27           0.00    1    0    2    1    1    0    0    0    0    0    0    0    0    0
0          -2.22           0.00    2    0    0    0   -2    0    0    0    0    0    0    0    0    0
0          -1.03          -1.15    1    0    0   -1    1    0    0   -1    0    2    0    0    0    0
0           1.87           0.32    0    0    0    0    0    0    0    0    0    0    1    0    0    1
0          -0.32          -1.87    0    0    1   -1    1    0    0   -2    2    0    0    0    0    0
0           2.15           0.00    2    0    0   -2    1    0    0   -2    0    2    0    0    0    0
0          -0.80           1.35    0    0    0    0    0    0    0    3   -5    0    0    0    0    0
0           2.11           0.00    3    1    2    0    2    0    0    0    0    0    0    0    0    0
0          -2.11           0.00    1    1    2    1    2    0    0    0    0    0    0    0    0    0
0          -0.56          -1.55    0    0    0    0    0    0    5   -8    0    0    0    0    0    0
0           2.11           0.00    1    0    0   -1    0    0    0   -1    0    1    0    0    0    0
0          -0.84          -1.27    0    0    0    0    0    0    0    0    4    0    0    0    0    2
0          -1.99           0.12    0    0    0    0    0    0    8  -10    0    0    0    0    0   -2
0          -0.24           1.87    0    0    0    0    0    0    0    1   -2    0    0    0    0   -1
0          -0.24          -1.87    0    0    1   -1    1    0    0   -1    0    1    0    0    0    0
0          -2.03           0.00    1   -2    2    0    2    0    0    0    0    0    0    0    0    0
0           2.03           0.00    2   -1    2   -2    2    0    0    0    0    0    0    0    0    0
0           2.03           0.00    2    0    0   -3    0    0    0    0    0    0    0    0    0    0
0           2.03           0.00    0    0    0    0    0    0    0    2   -4    0    0    0    0   -2
0          -0.40           1.59    0    0    1   -1    1    0   -3    4    0    0    0    0    0    0
0           1.99           0.00    0    0    2   -2    1    0    0   -2    0    2    0    0    0    0
0           1.95           0.00    0    1    0    1    1    0    0    0    0    0    0    0    0    0
0           1.95           0.00    3    0    0    2    0    0    0    0    0    0    0    0    0    0
0           1.91           0.00    0    1    0    1   -1    0    0    0    0    0    0    0    0    0
0           1.19          -0.72    0    0    0    0    0    0    0    5   -4    0    0    0    0    2
0           1.87           0.00    2    0    2    1    2    0    0    0    0    0    0    0    0    0
0           1.87           0.00    1    1    0    1    0    0    0    0    0    0    0    0    0    0
0          -1.27           0.60    0    0    0    0    0    0    0    0    0    0    1    0    0   -1
0           0.72          -1.15    0    0    0    0    0    0    0    4   -4    0    0    0    0    2
0          -0.99           0.88    0    0    0    0    0    0    0    0    0    2    0    0    0    0
0           1.87           0.00    2   -1    0    2    0    0    0    0    0    0    0    0    0    0
0          -1.87           0.00    1    1   -2    2   -1    0    0    0    0    0    0    0    0    0
0          -1.83           0.00    2    0   -4   -2   -2    0    0    0    0    0    0    0    0    0
0          -1.79           0.00    0    1    0    2   -1    0    0    0    0    0    0    0    0    0
0          -1.79           0.00    4    0    2    0    1    0    0    0    0    0    0    0    0    0
0           1.79           0.00    1    2    2   -2    2    0    0    0    0    0    0    0    0    0
0           0.00          -1.79    0    0    0    0    0    0    6   -9    0    0    0    0    0   -2
0          -1.79           0.00    1    1    2   -4    1    0    0    0    0    0    0    0    0    0
0          -1.75           0.00    0    0    4   -4    2    0    0    0    0    0    0    0    0    0
0          -1.75           0.00    3    0   -2   -2   -2    0    0    0    0    0    0    0    0    0
0           1.75           0.00    2    1   -2    0    0    0    0    0    0    0    0    0    0    0
0          -1.47          -0.28    0    0    0    0    0    0    0    4    0   -3    0    0    0    2
0          -1.71           0.00    1    0    2   -3    1    0    0    0    0    0    0    0    0    0
0           1.71           0.00    2    0   -2   -6   -2    0    0    0    0    0    0    0    0    0
0           0.32           1.39    0    0    0    0    0    0    5   -7    0    0    0    0    0   -1
0           0.28          -1.43    0    0    0    0    0    0    0    2    0    0    0    0    0    1
0          -0.52          -1.19    0    0    0    0    0    0    0    1    0    2   -5    0    0    0
0           1.67           0.00    2    0    0    2   -1    0    0    0    0    0    0    0    0    0
0          -1.67           0.00    0    1    2    1    1    0    0    0    0    0    0    0    0    0
0           0.76          -0.91    0    0    0    0    0    0    2    1    0    0    0    0    0    2
0          -0.32           1.35    0    0    0    0    0    0    3   -3    0    0    0    0    0   -1
0          -1.39          -0.28    0    0    1   -1    0    0   -5    7    0    0    0    0    0    0
0           1.63           0.00    2    1    2   -2    1    0    0    0    0    0    0    0    0    0
0          -1.59           0.00    1    0    2   -1    1    0    0    0    0    0    0    0    0    0
0           1.03          -0.56    0    0    0    0    0    0    0    4   -3    0    0    0    0    2
0           1.59           0.00    0    0    0    0    0    0    6   -6    0    0    0    0    0    0
0           1.55           0.00    1    0    4   -2    1    0    0    0    0    0    0    0    0    0
0          -0.28          -1.27    0    0    0    0    0    0    1   -1    0    0    0    0    0    1
0          -0.64           0.91    0    0    0    0    0    0    0    4   -6    0    0    0    0    0
0          -0.32          -1.23    0    0    0    0    0    0    1   -3    0    0    0    0    0   -1
0          -1.55           0.00    1   -1    2   -2    1    0    0    0    0    0    0    0    0    0
0          -1.51           0.00    1    0    2   -2   -1    0    0    0    0    0    0    0    0    0
0           1.51           0.00    2   -2    0   -2   -1    0    0    0    0    0    0    0    0    0
0          -1.51           0.00    2   -1    0   -2    1    0    0    0    0    0    0    0    0    0
0           1.51           0.00    2    0    0   -1    0    0    0    0    0    0    0    0    0    0
0           1.47           0.00    2    0    4   -2    2    0    0    0    0    0    0    0    0    0
0           1.47           0.00    0    0    2    3    2    0    0    0    0    0    0    0    0    0
0           0.95          -0.52    0    0    0    0    0    0    0    3   -6    0    0    0    0   -2
0           1.23          -0.24    0    0    0    0    0    0    3   -1    0    0    0    0    0    2
0           0.60           0.88    2    0    0   -2    0    0    0   -6    8    0    0    0    0    0
0          -1.47           0.00    1   -1    0    2    1    0    0    0    0    0    0    0    0    0
0          -1.43           0.00    1    0   -2    2    1    0    0    0    0    0    0    0    0    0
0           1.43           0.00    1   -1    0    2   -1    0    0    0    0    0    0    0    0    0
0           1.43           0.00    0    1    4   -2    2    0    0    0    0    0    0    0    0    0
0          -0.68          -0.76    0    0    1   -1    1    0    0   -1    0    0    0    0    2    0
0           0.95          -0.48    2    0    2    0    2    0    0    2    0   -3    0    0    0    0
0          -0.95          -0.48    0    0    2    0    2    0    0    1    0    0    0    0    0    0
0          -1.19          -0.24    0    0    0    0    0    0    0    1    0   -4    0    0    0   -2
0           0.36          -1.07    0    0    1   -1    1    0    0   -1    0   -4   10    0    0    0
0           0.95           0.48    2    0    0   -2    0    0    0   -5    6    0    0    0    0    0
0           1.43           0.00    1    1    0   -1    0    0    0    0    0    0    0    0    0    0
0           1.39           0.00    0    0    0    4   -1    0    0    0    0    0    0    0    0    0
0           1.39           0.00    2   -1    0    0    1    0    0    0    0    0    0    0    0    0
0          -1.39           0.00    1   -2   -2   -2   -2    0    0    0    0    0    0    0    0    0
0          -1.39           0.00    1    2    0    0    0    0    0    0    0    0    0    0    0    0
0           0.00           1.39    0    0    0    0    0    0    0    2    0   -1    0    0    0    0
0          -0.12          -1.27    0    0    0    0    0    0    0    4    0   -1    0    0    0    2
0           0.56           0.84    0    0    0    0    0    0    0    2   -4    0    0    0    0   -1
0          -0.44          -0.95    0    0    0    0    0    0    0    0    0    2   -5    0    0   -2
0           0.32          -1.07    0    0    0    0    0    0    0    1    0    0    0    0    0    0
0           1.03          -0.36    2    0   -1   -1    0    0    0    3   -7    0    0    0    0    0
0          -0.28           1.11    0    0    1   -1    1    0   -4    5    0    0    0    0    0    0
0           0.44           0.95    0    0    1   -1    2    0    0   -1    0    0    2    0    0    0
0          -1.35           0.00    1   -1   -2    2    0    0    0    0    0    0    0    0    0    0
0           0.88           0.48    0    0    0    0    0    0    0    1   -8    3    0    0    0   -2
0          -1.35           0.00    0    0    0    0    0    0    9  -11    0    0    0    0    0   -2
0           1.35           0.00    1    0    0   -2    0    0    0   -2    0    2    0    0    0    0
0           1.35           0.00    1    0    0   -1   -2    0    0    0    0    0    0    0    0    0
0          -1.31           0.00    0    1   -2    2    1    0    0    0    0    0    0    0    0    0
0           1.31           0.00    1    0   -2    1   -2    0    0    0    0    0    0    0    0    0
0          -1.19          -0.12    0    0    0    0    0    0    2   -3    0    0    0    0    0   -1
0           1.27           0.00    0    0    4    0    1    0    0    0    0    0    0    0    0    0
0           0.40          -0.88    0    0    2   -2    1    0    0   -9   13    0    0    0    0    0
0           1.27           0.00    1    0   -2   -6   -2    0    0    0    0    0    0    0    0    0
0           1.27           0.00    3    1    2   -2    2    0    0    0    0    0    0    0    0    0
0          -0.16          -1.11    0    0    0    0    0    0    1    0    0    0    0    0    0    0
0          -0.84           0.44    2    0    0    0    0    0    0   -2    0    3    0    0    0    0
0           0.84          -0.44    1    0    2    0    1    0    0   -2    0    3    0    0    0    0
0           0.84          -0.44    1    0   -2    0   -1    0    0   -1    0    0    0    0    0    0
0          -1.27           0.00    1    0   -4   -2   -2    0    0    0    0    0    0    0    0    0
0          -1.27           0.00    1    0    0    4    1    0    0    0    0    0    0    0    0    0
0           1.27           0.00    1    1    0    2    1    0    0    0    0    0    0    0    0    0
0          -0.44          -0.84    0    0    0    0    1    0    0   -2    4    0    0    0    0    0
0           0.00          -1.27    0    0    0    0    1    0    2   -3    0    0    0    0    0    0
0          -1.27           0.00    2    0    2   -4    2    0    0    0    0    0    0    0    0    0
0          -1.23           0.00    1   -1   -2   -4   -2    0    0    0    0    0    0    0    0    0
0          -1.23           0.00    1   -2    2    2    2    0    0    0    0    0    0    0    0    0
0           1.23           0.00    0    0    2   -1    0    0    0    0    0    0    0    0    0    0
0           0.00           1.23    0    0    0    0    0    0    0    3   -6    0    0    0    0    0
0          -0.12           1.11    0    0    1    1    1    0    0    1    0    0    0    0    0    0
0           1.22           0.00    0    0    2   -4    2    0    0    0    0    0    0    0    0    0
0           1.19           0.00    1    1   -2   -4   -1    0    0    0    0    0    0    0    0    0
0          -0.24           0.95    0    0    0    0    0    0    4   -4    0    0    0    0    0   -1
0          -0.76          -0.44    0    0    0    0    0    0    0    3   -8    3    0    0    0    0
0           0.91           0.28    0    0    0    0    0    0    0    1   -2    0    0    0    0    1
0           1.19           0.00    1    1   -2    1    0    0    0    0    0    0    0    0    0    0
0           1.19           0.00    3    0    2    0    0    0    0    0    0    0    0    0    0    0
0           0.00           1.19    0    0    1    0    2    0    0    0    0    0    0    0    0    0
0           1.15           0.00    2   -1    0    0   -1    0    0    0    0    0    0    0    0    0
0           0.00           1.15    1    0    0   -1    1    0   -3    4    0    0    0    0    0    0
0          -1.15           0.00    1    0    2    4    1    0    0    0    0    0    0    0    0    0
0           1.15           0.00    2   -1   -2    0    0    0    0    0    0    0    0    0    0    0
0          -1.15           0.00    2    0   -2    2    0    0    0    0    0    0    0    0    0    0
0           1.15           0.00    3   -1    0    0    0    0    0    0    0    0    0    0    0    0
0           1.15           0.00    0    0    0    0    0    0    0    3    0    0   -1    0    0    2
0          -0.95           0.20    0    0    0    0    0    0    6  -10    0    0    0    0    0   -2
0           0.24           0.91    0    0    0    0    0    0    0    0    0    3    0    0    0    1
0          -1.15           0.00    1    1    2   -2    0    0    0    0    0    0    0    0    0    0
0          -1.12           0.00    0    1    2   -2   -1    0    0    0    0    0    0    0    0    0
0          -1.11           0.00    1    0    0    1   -1    0    0    0    0    0    0    0    0    0
0          -1.11           0.00    1    2    0   -2   -1    0    0    0    0    0    0    0    0    0
0           0.16           0.95    0    0    0    0    1    0    0    0    0    0    1    0    0    0
0          -1.11           0.00    2    0    2   -4    0    0    0    0    0    0    0    0    0    0
0           1.11           0.00    0    0    0    0    0    0    7   -7    0    0    0    0    0    0
0           0.20          -0.91    0    0    0    0    0    0    1    1    0    0    0    0    0    1
0          -0.72          -0.40    0    0    0    0    0    0    0    0    3    0    0    0    0    2
0          -1.11           0.00    1    1   -2   -2    0    0    0    0    0    0    0    0    0    0
0          -1.11           0.00    0    0    0    0    1    0    1   -1    0    0    0    0    0    0
0           1.07           0.00    2   -1   -2   -2   -2    0    0    0    0    0    0    0    0    0
0          -1.07           0.00    2    0    2    4    2    0    0    0    0    0    0    0    0    0
0           0.76          -0.32    0    0    0    0    0    0    0    1   -4    0    0    0    0   -2
0           0.00          -1.07    0    0    0    0    0    0    3   -6    0    0    0    0    0   -2
0           1.07           0.00    0    0    0    0    0    0    0    3   -3    0    0    0    0    0
0           1.07           0.00    0    0    2   -2    1    0   -4    4    0    0    0    0    0    0
0          -1.07           0.00    0    1   -2   -2    0    0    0    0    0    0    0    0    0    0
0           1.07           0.00    0    0    2   -3    1    0    0    0    0    0    0    0    0    0
0          -0.84          -0.24    0    0    0    0    1    0   -3    5    0    0    0    0    0    0
0           0.00          -1.03    0    0    3    0    3    0    0    0    0    0    0    0    0    0
0           1.03           0.00    2    1    2    2    2    0    0    0    0    0    0    0    0    0
0          -1.03           0.00    3    0    2   -4    2    0    0    0    0    0    0    0    0    0
0          -0.24           0.80    0    0    0    0    0    0    0    1    0    0   -2    0    0    0
0           0.20           0.84    0    0    1   -1    1    0   -1    0    0    0    0    0    0    0
0          -1.03           0.00    3    0   -2   -2   -1    0    0    0    0    0    0    0    0    0
0          -1.03           0.00    0    0    0    0    3    0    0    0    0    0    0    0    0    0
0          -0.99           0.00    2    0    0    1    0    0    0    0    0    0    0    0    0    0
0           0.24           0.76    0    0    0    0    0    0    2   -1    0    0    0    0    0    0
0          -0.99           0.00    0    0    0    0    0    0    0    7   -8    3    0    0    0    2
0          -0.16           0.84    0    0    0    0    0    0    0    2    0   -2    0    0    0    1
0          -0.99           0.00    0    0    0    0    0    0    0    1   -1    0    0    0    0    0
0          -0.64           0.36    0    0    0    0    0    0    0    4   -7    0    0    0    0   -2
0           0.99           0.00    1   -2    0    2    0    0    0    0    0    0    0    0    0    0
0           0.36          -0.64    0    0    1   -1    0    0    0   -1    0   -2    5    0    0    0
0          -0.95           0.00    3    0    2    2    1    0    0    0    0    0    0    0    0    0
0          -0.95           0.00    1   -1    2    4    2    0    0    0    0    0    0    0    0    0
0           0.00           0.95    0    0    1   -1    0    0    0   -1    0   -1    1    0    0    0
0           0.64           0.32    1    0    0   -1    0    0    0   -3    4    0    0    0    0    0
0           0.00          -0.95    0    0    0    0    0    0    7  -10    0    0    0    0    0   -2
0           0.84           0.12    0    0    0    0    0    0    0    5   -8    3    0    0    0    0
0           0.20           0.76    0    0    0    0    0    0    6   -8    0    0    0    0    0   -1
0          -0.95           0.00    3    0   -2    0    0    0    0    0    0    0    0    0    0    0
0           0.95           0.00    1    0    4    0    2    0    0    0    0    0    0    0    0    0
0          -0.95           0.00    1   -1   -2    2   -2    0    0    0    0    0    0    0    0    0
0           0.00           0.92    1    0    0   -1   -1    0   -3    4    0    0    0    0    0    0
0           0.91           0.00    1    1    2    2    1    0    0    0    0    0    0    0    0    0
0           0.91           0.00    3    0   -2   -6   -2    0    0    0    0    0    0    0    0    0
0           0.40           0.52    1   -2    2   -2    1    0    0    0    0    0    0    0    0    0
0          -0.91           0.00    5    0    2    0    2    0    0    0    0    0    0    0    0    0
0          -0.56           0.36    0    0    0    0    0    0    3   -9    4    0    0    0    0   -2
0           0.44          -0.48    0    0    1   -1    1    0    8  -14    0    0    0    0    0    0
0          -0.91           0.00    2    0    0   -6    0    0    0    0    0    0    0    0    0    0
0          -0.91           0.00    3    1    0    0    0    0    0    0    0    0    0    0    0    0
0          -0.36          -0.56    0    0    1   -1    1    0    3   -6    0    0    0    0    0    0
0           0.91           0.00    1    0    0    2    2    0    0    0    0    0    0    0    0    0
0          -0.88           0.00    1    2    0   -2    1    0    0    0    0    0    0    0    0    0
0          -0.88           0.00    2    1    0    0   -1    0    0    0    0    0    0    0    0    0
0           0.60          -0.28    0    0    0    0    1    0    0    8  -15    0    0    0    0    0
0           0.88           0.00    0    2   -2   -2   -1    0    0    0    0    0    0    0    0    0
0           0.36          -0.52    0    0    1   -1    1    0    0   -3    4    0    0    0    0    0
0          -0.52           0.36    0    0    0    0    0    0    3   -5    4    0    0    0    0    2
0           0.52           0.36    0    0    0    0    0    0    0    6    0    0    0    0    0    2
0           0.00           0.88    0    0    0    0    0    0    0    4   -7    0    0    0    0    0
0           0.56           0.32    0    0    0    0    0    0    0    8  -15    0    0    0    0   -2
0           0.64          -0.24    0    0    0    0    0    0    0    4   -5    0    0    0    0    0
0           0.88           0.00    1   -1    0   -4    0    0    0    0    0    0    0    0    0    0
0           0.88           0.00    1   -1    2    0    0    0    0    0    0    0    0    0    0    0
0           0.88           0.00    1   -1    2   -1    2    0    0    0    0    0    0    0    0    0
0           0.84           0.00    0    1    0   -2   -2    0    0    0    0    0    0    0    0    0
0          -0.68          -0.16    2    0    0   -2    1    0   -6    8    0    0    0    0    0    0
0           0.84           0.00    1    2    2    0    2    0    0    0    0    0    0    0    0    0
0           0.56           0.28    0    0    1   -1    0    0   -8   12    0    0    0    0    0    0
0          -0.16           0.68    0    0    0    0    0    0    5   -5    0    0    0    0    0   -1
0           0.64          -0.20    0    0    0    0    0    0    5   -7    0    0    0    0    0    0
0           0.16           0.68    0    0    0    0    0    0    1    2    0    0    0    0    0    2
0           0.72          -0.12    0    0    0    0    0    0    0    3    0   -3    0    0    0    0
0          -0.83           0.00    2    0   -2    0    2    0    0    0    0    0    0    0    0    0
0          -0.80           0.00    2    1    0    0    1    0    0    0    0    0    0    0    0    0
0           0.80           0.00    2    2    0   -2    0    0    0    0    0    0    0    0    0    0
0          -0.80           0.00    4    0    0   -2    0    0    0    0    0    0    0    0    0    0
0           0.28           0.52    0    0    0    0    0    0    0    5   -9    0    0    0    0    0
0           0.68          -0.12    0    0    0    0    0    0    3    0    0    0    0    0    0    2
0           0.00          -0.80    0    0    0    0    0    0    0    2    0    0   -1    0    0    2
0          -0.32           0.48    0    0    0    0    0    0    0    5   -9    0    0    0    0   -2
0           0.36          -0.44    0    0    0    0    0    0    0    3    0   -3    0    0    0    2
0          -0.36          -0.44    0    0    0    0    0    0    0    0    0    0    0    0    2    1
0          -0.80           0.00    0    1    2    0    0    0    0    0    0    0    0    0    0    0
0           0.79           0.00    1    1    0   -2   -2    0    0    0    0    0    0    0    0    0
0           0.74          -0.04    0    0    2   -2    3    0    0    0    0    0    0    0    0    0
0          -0.76           0.00    0    0    0    0    1    0   -1    1    0    0    0    0    0    0
0           0.00           0.76    0    0    0    0    1    0   -2    3    0    0    0    0    0    0
0           0.16           0.60    0    0    0    0    1    0    0    0    0   -1    0    0    0    0
0          -0.76           0.00    1    0    0    1    1    0    0    0    0    0    0    0    0    0
0          -0.76           0.00    3    0    0   -4   -1    0    0    0    0    0    0    0    0    0
0           0.76           0.00    2    1   -2   -4   -1    0    0    0    0    0    0    0    0    0
0          -0.76           0.00    2   -1   -2   -4   -2    0    0    0    0    0    0    0    0    0
0           0.76           0.00    1    0   -4    2   -1    0    0    0    0    0    0    0    0    0
0           0.12           0.64    0    0    1   -1    0    0    0   -1    0    2    0    0    0    0
0           0.76           0.00    1    0    0   -2    0    0   -3    3    0    0    0    0    0    0
0           0.00           0.76    0    0    1   -1    1    0    0   -9   15    0    0    0    0    0
0           0.76           0.00    0    0    0    0    0    0    8   -8    0    0    0    0    0    0
0           0.64          -0.12    0    0    0    0    0    0    7  -11    0    0    0    0    0   -2
0           0.16          -0.60    0    0    0    0    0    0    2    0    0    0    0    0    0    1
0           0.76           0.00    0    0    0    0    0    0    0    3   -1    0    0    0    0    2
0           0.00          -0.76    0    0    0    0    0    0    0    2    0    0    1    0    0    2
0           0.28          -0.48    0    0    0    0    0    0    0    5   -5    0    0    0    0    2
0           0.32           0.44    0    0    0    0    0    0    0    1    0    1    0    0    0    0
0          -0.76           0.00    1    1    2    0    0    0    0    0    0    0    0    0    0    0
0           0.72           0.00    4    0    2   -2    1    0    0    0    0    0    0    0    0    0
0           0.72           0.00    1   -1   -2    0    0    0    0    0    0    0    0    0    0    0
0           0.48          -0.24    0    0    0    0    0    0    0    2    0   -2    5    0    0    2
0          -0.72           0.00    0    1    2   -4    1    0    0    0    0    0    0    0    0    0
0           0.72           0.00    0    0    1   -1    1    0   -2    2    0    0    0    0    0    0
0          -0.72           0.00    0    0    2    1    0    0    0    0    0    0    0    0    0    0
0          -0.72           0.00    3    0   -2    0   -2    0    0    0    0    0    0    0    0    0
0          -0.71           0.00    1   -1    0    0    2    0    0    0    0    0    0    0    0    0
0          -0.68           0.00    1    0   -2   -2    1    0    0    0    0    0    0    0    0    0
0          -0.68           0.00    0    2    0   -2    1    0    0    0    0    0    0    0    0    0
0           0.68           0.00    0    1   -4    2   -2    0    0    0    0    0    0    0    0    0
0           0.68           0.00    0    1    2    4    2    0    0    0    0    0    0    0    0    0
0           0.68           0.00    1    0   -2    4   -1    0    0    0    0    0    0    0    0    0
0          -0.68           0.00    0    2    2   -2    0    0    0    0    0    0    0    0    0    0
0           0.56          -0.12    0    0    0    0    0    0    5   -3    0    0    0    0    0    2
0          -0.68           0.00    0    0    0    0    0    0    0    3   -5    0    0    0    0   -2
0          -0.68           0.00    0    0    0    0    0    0    0    2    0   -4    0    0    0   -2
0           0.20           0.48    0    0    0    0    0    0    0    3    0    2   -5    0    0    2
0          -0.44          -0.24    0    0    0    0    0    0    0    2    0    2   -5    0    0    2
0          -0.68           0.00    1    1   -2    0    0    0    0    0    0    0    0    0    0    0
0           0.64           0.00    2    0    0   -2    1    0   -3    3    0    0    0    0    0    0
0           0.64           0.00    3    0    0   -2   -1    0    0    0    0    0    0    0    0    0
0          -0.64           0.00    2   -1    2    2    1    0    0    0    0    0    0    0    0    0
0           0.64           0.00    0    1   -2   -4   -1    0    0    0    0    0    0    0    0    0
0          -0.64           0.00    1    0   -2   -3   -1    0    0    0    0    0    0    0    0    0
0          -0.12           0.52    0    0    0    0    0    0    6   -6    0    0    0    0    0   -1
0          -0.12          -0.52    0    0    0    0    0    0    2   -2    0    0    0    0    0    1
0          -0.16          -0.48    0    0    0    0    0    0    0    3    0   -2    0    0    0    0
0          -0.20          -0.44    0    0    0    0    0    0    2   -3    0    0    0    0    0   -2
0          -0.44           0.20    0    0    0    0    0    0    0   11    0    0    0    0    0    2
0          -0.44           0.20    0    0    0    0    0    0    0    6  -15    0    0    0    0   -2
0           0.24          -0.40    0    0    0    0    0    0    0    4   -8    0    0    0    0   -2
0          -0.20          -0.44    0    0    0    0    0    0    0    3    0    1    0    0    0    2
0          -0.64           0.00    1    0    0   -6    0    0    0    0    0    0    0    0    0    0
0           0.40          -0.24    0    0    0    0    1    0    3   -7    4    0    0    0    0    0
0          -0.64           0.00    1    0   -2   -4    0    0    0    0    0    0    0    0    0    0
0           0.64           0.00    0    1    0   -4   -1    0    0    0    0    0    0    0    0    0
0          -0.63           0.00    2    0   -2    2   -2    0    0    0    0    0    0    0    0    0
0          -0.60           0.00    0    1   -2    1   -1    0    0    0    0    0    0    0    0    0
0           0.00           0.60    0    0    2   -2    2    0   -8   11    0    0    0    0    0    0
0          -0.60           0.00    2    0   -2   -3   -2    0    0    0    0    0    0    0    0    0
0          -0.60           0.00    4    0    2    2    2    0    0    0    0    0    0    0    0    0
0           0.60           0.00    0    0    0    0    0    0    0    2    0    0   -2    0    0    0
0           0.00           0.60    0    0    0    0    0    0    0    0    0    0    3    0    0    2
0           0.24          -0.36    2    0    0   -2    0    0    0   -2    0    4   -3    0    0    0
0           0.12           0.48    0    0    0    0    0    0    7   -9    0    0    0    0    0   -1
0           0.48          -0.12    0    0    0    0    0    0    4   -7    0    0    0    0    0   -1
0           0.12           0.48    0    0    0    0    0    0    3   -3    0    0    0    0    0    1
0           0.24          -0.36    0    0    0    0    0    0    0    6   -6    0    0    0    0    2
0           0.36           0.24    0    0    0    0    0    0    0    6  -11    0    0    0    0    0
0           0.12           0.48    0    0    0    0    0    0    0    5    0   -2    0    0    0    2
0           0.44           0.16    0    0    0    0    0    0    0    2    0   -4    0    0    0    0
0          -0.60           0.00    0    0    0    3    0    0    0    0    0    0    0    0    0    0
0          -0.60           0.00    2    0    0   -2    0    0    0   -2    0    3   -1    0    0    0
0           0.60           0.00    2   -1    0   -4    0    0    0    0    0    0    0    0    0    0
0           0.00           0.60    0    0    1   -1    2    0    0   -2    2    0    0    0    0    0
0           0.59           0.00    0    0    0    0    1    0    0    1    0   -1    0    0    0    0
0          -0.56           0.00    3    0    0   -4    1    0    0    0    0    0    0    0    0    0
0          -0.44          -0.12    2    0    0   -2   -1    0   -6    8    0    0    0    0    0    0
0           0.56           0.00    1    2   -2   -2   -1    0    0    0    0    0    0    0    0    0
0           0.00           0.56    0    0    1   -1    1    0    0   -1    0   -1    1    0    0    0
0          -0.56           0.00    3    1    0   -4    0    0    0    0    0    0    0    0    0    0
0          -0.56           0.00    3    0    0   -6    0    0    0    0    0    0    0    0    0    0
0           0.56           0.00    0    0    0    0    0    0    0    6    0    0    0    0    0    0
0          -0.56           0.00    0    0    0    0    0    0    0    1    0    0    1    0    0    2
0           0.16           0.40    0    0    0    0    0    1    0   -4    0    0    0    0    0   -2
0           0.44          -0.12    0    0    0    0    0    0    4   -4    0    0    0    0    0    2
0           0.20          -0.36    0    0    0    0    0    0    0    1   -5    0    0    0    0   -2
0          -0.36          -0.20    0    0    0    0    1    0   -3    7   -4    0    0    0    0    0
0          -0.56           0.00    0    0    4   -4    1    0    0    0    0    0    0    0    0    0
0           0.55           0.00    1    1    0   -2    2    0    0    0    0    0    0    0    0    0
0           0.52           0.00    1    0    0   -4   -2    0    0    0    0    0    0    0    0    0
0          -0.52           0.00    1    1    0   -4    1    0    0    0    0    0    0    0    0    0
0           0.52           0.00    0    0    0    0    1    0    3   -5    0    2    0    0    0    0
0           0.52           0.00    0    1    0   -1    0    0    0    0    0    0    0    0    0    0
0           0.16           0.36    0    0    1   -1    0    0    0   -1    0    0    2    0    0    0
0          -0.52           0.00    0    0    2   -2    0    0   -3    3    0    0    0    0    0    0
0          -0.52           0.00    1    0    0   -2    0    0    0   -2    0    3    0    0    0    0
0          -0.52           0.00    1    0   -2   -2   -2    0    0   -2    0    2    0    0    0    0
0          -0.52           0.00    0    0    2    6    2    0    0    0    0    0    0    0    0    0
0           0.00          -0.52    0    0    1   -1    1    0    2   -4    0   -3    0    0    0    0
0           0.52           0.00    0    0    0    0    0    0    9   -9    0    0    0    0    0    0
0          -0.52           0.00    0    0    0    0    0    0    0    1    1    0    0    0    0    2
0           0.12           0.40    0    0    0    0    0    0    5   -6    0    0    0    0    0    2
0           0.52           0.00    1    0   -4    0    0    0    0    0    0    0    0    0    0    0
0          -0.52           0.00    2    0   -2   -4    0    0    0    0    0    0    0    0    0    0
0           0.00          -0.52    1    0    1    0    1    0    0    0    0    0    0    0    0    0
0           0.52           0.00    1    1    0    0    2    0    0    0    0    0    0    0    0    0
0           0.52           0.00    0    0    0    1    2    0    0    0    0    0    0    0    0    0
0          -0.51           0.00    1    0    0    2   -2    0    0    0    0    0    0    0    0    0
0          -0.51           0.00    1    0    2    0    3    0    0    0    0    0    0    0    0    0
0           0.48           0.00    0    1    0    2    2    0    0    0    0    0    0    0    0    0
0           0.48           0.00    0    0    2    2   -1    0    0    0    0    0    0    0    0    0
0          -0.16           0.32    0    0    0    0    1    0    0    2   -4    0    0    0    0    0
0          -0.48           0.00    1   -2    2   -2    2    0    0    0    0    0    0    0    0    0
0          -0.48           0.00    0    1   -2   -1   -2    0    0    0    0    0    0    0    0    0
0           0.48           0.00    3   -1    2   -2    2    0    0    0    0    0    0    0    0    0
0           0.48           0.00    4    0    0   -4    0    0    0    0    0    0    0    0    0    0
0          -0.48           0.00    3   -1    2    2    2    0    0    0    0    0    0    0    0    0
0          -0.12          -0.36    0    0    1   -1    1    0    0   -1    0    3    0    0    0    0
0          -0.32           0.16    0    0    1   -1    1    0    0   -1    0    0    3    0    0    0
0           0.32          -0.16    0    0    0    0    0    0    4   -2    0    0    0    0    0    2
0          -0.12          -0.36    0    0    0    0    0    0    3   -5    0    0    0    0    0    1
0           0.16           0.32    0    0    0    0    0    0    0    7  -13    0    0    0    0   -2
0           0.20          -0.28    0    0    0    0    0    0    0    5   -7    0    0    0    0    0
0          -0.20          -0.28    0    0    0    0    0    0    0    1    0    3    0    0    0    2
0          -0.36           0.12    0    0    0    0    0    0    0    0    0    4    0    0    0    2
0          -0.48           0.00    0    0    0    0    0    0    0    0    0    2   -5    0    0    2
0           0.32          -0.16    0    0    0    0    0    0    0    0    0    0    3    0    0    1
0           0.48           0.00    1   -1    0    4    0    0    0    0    0    0    0    0    0    0
0          -0.48           0.00    2    1    0    2    0    0    0    0    0    0    0    0    0    0
0          -0.48           0.00    2    0    0   -2   -1    0    0   -2    0    0    5    0    0    0
0          -0.48           0.00    3    0    0    2    1    0    0    0    0    0    0    0    0    0
0           0.00          -0.48    1    0    1   -2    1    0    0    0    0    0    0    0    0    0
0           0.48           0.00    1    1    0   -4   -1    0    0    0    0    0    0    0    0    0
0          -0.48           0.00    0    0    2   -2    2    0   -3    3    0    0    0    0    0    0
0          -0.48           0.00    1    0    0   -1    2    0    0    0    0    0    0    0    0    0
0           0.00           0.48    0    0    2   -2    2    0   -5    6    0    0    0    0    0    0
0           0.44           0.00    0    0    0    0    1    0    0   -1    0    1    0    0    0    0
0          -0.32          -0.12    0    0    1   -1   -1    0    0    0   -2    0    0    0    0    0
0          -0.44           0.00    0    1   -2    0    0    0    0    0    0    0    0    0    0    0
0           0.20          -0.24    0    0    0    0    0    0    0    9  -17    0    0    0    0    0
0           0.44           0.00    3   -1   -2   -1   -2    0    0    0    0    0    0    0    0    0
0          -0.44           0.00    1   -1    0   -3    0    0    0    0    0    0    0    0    0    0
0           0.44           0.00    0    0    2   -2    1    0   -2    2    0    0    0    0    0    0
0           0.20          -0.24    0    0    0    0    0    0    8  -13    0    0    0    0    0    1
0           0.12           0.32    0    0    0    0    0    0    5  -10    0    0    0    0    0   -2
0          -0.20           0.24    0    0    0    0    0    0    1    0    0    0    0    0    0    2
0           0.32          -0.12    0    0    0    0    0    0    1   -3    0    0    0    0    0    0
0           0.00           0.44    0    0    0    0    0    0    0    6  -11    0    0    0    0   -2
0           0.00           0.44    0    0    0    0    0    0    0    5   -8    0    0    0    0    0
0           0.44           0.00    0    0    0    0    0    0    0    1   -3    0    0    0    0   -2
0          -0.44           0.00    1    2    0   -4    0    0    0    0    0    0    0    0    0    0
0          -0.44           0.00    0    1    0    4    0    0    0    0    0    0    0    0    0    0
0          -0.44           0.00    3    0    2   -2    0    0    0    0    0    0    0    0    0    0
0           0.44           0.00    1   -1    2   -4    1    0    0    0    0    0    0    0    0    0
0           0.44           0.00    2    0    2    2    0    0    0    0    0    0    0    0    0    0
0           0.40           0.00    2    0    2    0   -1    0    0    0    0    0    0    0    0    0
0          -0.40           0.00    2    1    0   -4   -1    0    0    0    0    0    0    0    0    0
0          -0.40           0.00    2    1    0   -4    1    0    0    0    0    0    0    0    0    0
0          -0.40           0.00    1    0    4   -4    2    0    0    0    0    0    0    0    0    0
0           0.40           0.00    2    0   -4    0   -1    0    0    0    0    0    0    0    0    0
0           0.24           0.16    2    0    0   -2   -1    0    0   -5    6    0    0    0    0    0
0           0.00          -0.40    0    0    3    0    2    0    0    0    0    0    0    0    0    0
0           0.12           0.28    2    0   -1   -1   -1    0    0   -1    0    3    0    0    0    0
0           0.40           0.00    1    2   -2   -4   -2    0    0    0    0    0    0    0    0    0
0          -0.40           0.00    0    0    4   -1    2    0    0    0    0    0    0    0    0    0
0           0.40           0.00    0    0    0    0    0    0    0    7  -13    0    0    0    0    0
0           0.40           0.00    5    0    2   -2    2    0    0    0    0    0    0    0    0    0
0           0.00          -0.40    0    0    0    0    0    0    9  -12    0    0    0    0    0   -2
0          -0.40           0.00    0    0    0    0    0    0    5   -9    0    0    0    0    0   -2
0           0.00          -0.40    0    0    0    0    0    0    4   -4    0    0    0    0    0    1
0           0.00          -0.40    0    0    0    0    0    0    3   -1    0    0    0    0    0    1
0           0.20          -0.20    0    0    0    0    0    0    2   -4    0    0    0    0    0    0
0          -0.40           0.00    0    0    0    0    0    0    1   -2    0    0    0    0    0    1
0          -0.40           0.00    0    0    0    0    0    0    0    5   -3    0    0    0    0    2
0          -0.12          -0.28    0    0    0    0    0    0    0    4   -8    1    5    0    0   -2
0           0.40           0.00    0    0    0    0    0    0    3   -5    0    2    0    0    0    0
0           0.40           0.00    1    1   -2    2    0    0    0    0    0    0    0    0    0    0
0           0.40           0.00    2    0    0    4    0    0    0    0    0    0    0    0    0    0
0           0.40           0.00    0    0    0    3    1    0    0    0    0    0    0    0    0    0
0           0.40           0.00    4    0   -2   -2   -1    0    0    0    0    0    0    0    0    0
0           0.00           0.40    0    0    1   -1    2    0    0   -1    0    2    0    0    0    0
0          -0.20          -0.16    0    0    0    0    2    0    0   -1    2    0    0    0    0    0
0           0.36           0.00    1    0    0   -3    1    0    0    0    0    0    0    0    0    0
0           0.36           0.00    1   -2    0    0    1    0    0    0    0    0    0    0    0    0
0           0.24          -0.12    0    2   -2    0   -1    0    0    0    0    0    0    0    0    0
0           0.20          -0.16    2    0   -1   -1   -1    0    0    3   -7    0    0    0    0    0
0           0.00           0.36    0    0    2    0    2    0    0   -4    8   -3    0    0    0    0
0           0.00           0.36    0    0    2    0    2    0    0    4   -8    3    0    0    0    0
0          -0.36           0.00    2    1   -2   -2   -1    0    0    0    0    0    0    0    0    0
0           0.12           0.24    1    0    1    0    0    0    0    0    0    0    0    0    0    0
0          -0.36           0.00    2   -2    2    0    2    0    0    0    0    0    0    0    0    0
0          -0.36           0.00    0    3    0   -2    0    0    0    0    0    0    0    0    0    0
0          -0.36           0.00    2   -1    0   -1    0    0    0    0    0    0    0    0    0    0
0          -0.36           0.00    1    3    0   -2    0    0    0    0    0    0    0    0    0    0
0           0.36           0.00    1   -1   -2   -3   -2    0    0    0    0    0    0    0    0    0
0           0.00           0.36    0    0    1   -1    1    0   -2    3    0    0    0    0    0    0
0           0.00           0.36    0    0    0    0    0    0    7   -7    0    0    0    0    0   -1
0           0.00           0.36    0    0    0    0    0    0    6   -7    0    0    0    0    0    0
0          -0.36           0.00    0    0    0    0    0    0    6   -9    0    0    0    0    0   -1
0           0.00           0.36    0    0    0    0    0    0    4   -3    0    0    0    0    0    2
0           0.12          -0.24    0    0    0    0    0    0    1   -2    0    0    0    0    0   -2
0          -0.24           0.12    0    0    0    0    0    0    0    6   -5    0    0    0    0    2
0          -0.36           0.00    0    0    0    0    0    0    0    5    0   -3    0    0    0    2
0           0.00           0.36    0    0    0    0    0    0    0    3   -2    0    0    0    0    0
0           0.36           0.00    0    0    0    0    0    0    0    3   -6    0    0    0    0   -1
0           0.24          -0.12    0    0    0    0    0    0    0    2   -5    0    0    0    0   -2
0           0.00          -0.36    0    0    1   -1    1    0    0    1    0    0    0    0    0    0
0          -0.36           0.00    1   -2   -2    0   -2    0    0    0    0    0    0    0    0    0
0           0.36           0.00    2    0    0    2    2    0    0    0    0    0    0    0    0    0
0           0.36           0.00    0    1    0   -2    2    0    0    0    0    0    0    0    0    0
0          -0.36           0.00    0    0    2    0   -2    0    0    0    0    0    0    0    0    0
0           0.36           0.00    0    0    2   -2   -2    0    0    0    0    0    0    0    0    0
0          -0.13           0.22    0    0    1   -1    2    0    0   -1    0   -2    5    0    0    0
0          -0.32           0.00    0    0    0    0    1    0    3   -5    0    0    0    0    0    0
0          -0.32           0.00    1    1    0    2   -1    0    0    0    0    0    0    0    0    0
0           0.32           0.00    4    0    0    0   -1    0    0    0    0    0    0    0    0    0
0          -0.20          -0.12    0    0    0    0    1    0    0   -8   15    0    0    0    0    0
0           0.32           0.00    0    2    2    0    1    0    0    0    0    0    0    0    0    0
0           0.12           0.20    2    0    0   -2    1    0    0   -6    8    0    0    0    0    0
0          -0.32           0.00    3   -1    2    0    1    0    0    0    0    0    0    0    0    0
0           0.32           0.00    0    0    2    0    2    0    1   -1    0    0    0    0    0    0
0          -0.32           0.00    0    0    2    0    2    0   -1    1    0    0    0    0    0    0
0          -0.32           0.00    2    0    2   -1    1    0    0    0    0    0    0    0    0    0
0           0.00          -0.32    2    0   -1   -1   -2    0    0   -1    0    2    0    0    0    0
0           0.32           0.00    1    2    2   -2    1    0    0    0    0    0    0    0    0    0
0           0.32           0.00    2    2    2   -2    2    0    0    0    0    0    0    0    0    0
0           0.12          -0.20    0    0    2   -2    0    0    0   -9   13    0    0    0    0    0
0          -0.32           0.00    3    0    2   -1    2    0    0    0    0    0    0    0    0    0
0           0.00          -0.32    1    0    0   -2    0    0   20  -21    0    0    0    0    0    0
0           0.32           0.00    0    0    2   -2    1    0    0   -2    0    0    2    0    0    0
0           0.00           0.32    0    0    2   -2    1    0    0   -8   11    0    0    0    0    0
0           0.00          -0.32    0    0    1   -1    1    0    0   -1    0    0    0    2    0    0
0           0.00          -0.32    0    0    1   -1    1    0    0   -1    0   -1    2    0    0    0
0           0.32           0.00    0    0    0    0    0    0    8  -12    0    0    0    0    0    0
0          -0.32           0.00    0    0    0    0    0    0    5   -5    0    0    0    0    0    2
0           0.00           0.32    0    0    0    0    0    0    5   -6    0    0    0    0    0    0
0           0.32           0.00    0    0    0    0    0    0    2   -6    0    0    0    0    0   -2
0           0.00           0.32    0    0    0    0    0    0    0    8  -15    0    0    0    0   -1
0           0.00          -0.32    0    0    0    0    0    0    0    5   -2    0    0    0    0    2
0           0.32           0.00    0    0    0    0    0    0    0    4   -4    0    0    0    0    0
0          -0.16           0.16    0    0    0    0    0    0    0    2    2    0    0    0    0    2
0          -0.16           0.16    0    0    0    0    0    0    0    1    0   -4    0    0    0    0
0           0.00           0.32    0    0    0    0    0    0    0    0    0    0    1    0    0    2
0           0.20           0.12    0    0    1   -1    1    0    0   -1    0   -2    4    0    0    0
0           0.20           0.12    0    0    0    0    0    1    0   -4    0    0    0    0    0    0
0          -0.20           0.12    0    0    0    0    0    0    0    5   -8    0    0    0    0   -2
0           0.12           0.20    0    0    0    0    0    0    0    4   -8    0    0    0    0    0
0           0.12          -0.20    0    0    0    0    0    0    0    2   -6    0    0    0    0   -2
0           0.00           0.32    0    0    2   -2    1   -1    0    2    0    0    0    0    0    0
0          -0.32           0.00    0    0    4   -2    0    0    0    0    0    0    0    0    0    0
0           0.32           0.00    0    0    0    1   -2    0    0    0    0    0    0    0    0    0
0           0.28           0.00    2    0   -4    2   -2    0    0    0    0    0    0    0    0    0
0          -0.28           0.00    0    0    0    4    2    0    0    0    0    0    0    0    0    0
0           0.28           0.00    1    0    0    4   -1    0    0    0    0    0    0    0    0    0
0           0.28           0.00    1   -2    0   -2   -1    0    0    0    0    0    0    0    0    0
0           0.28           0.00    1    1    0   -1    1    0    0    0    0    0    0    0    0    0
0           0.16           0.12    1    0    0   -1    1    0    0   -3    4    0    0    0    0    0
0           0.28           0.00    3    1    2    0    1    0    0    0    0    0    0    0    0    0
0          -0.28           0.00    1    1    2    1    1    0    0    0    0    0    0    0    0    0
0          -0.12          -0.16    0    0    0    0    1    0    0   -9   17    0    0    0    0    0
0           0.28           0.00    1    1    4   -2    2    0    0    0    0    0    0    0    0    0
0          -0.28           0.00    4    0    2   -4    2    0    0    0    0    0    0    0    0    0
0          -0.28           0.00    0    2    0    2    0    0    0    0    0    0    0    0    0    0
0           0.28           0.00    1    0    2   -3    0    0    0    0    0    0    0    0    0    0
0           0.28           0.00    3    0   -2   -2    0    0    0    0    0    0    0    0    0    0
0           0.28           0.00    2   -2    0    0    0    0    0    0    0    0    0    0    0    0
0           0.28           0.00    1    1    0   -3    0    0    0    0    0    0    0    0    0    0
0           0.28           0.00    1    0    2    3    2    0    0    0    0    0    0    0    0    0
0           0.28           0.00    1    0    0   -2    0    0    0    1    0   -1    0    0    0    0
0          -0.28           0.00    1    0   -2   -2   -2    0   -3    3    0    0    0    0    0    0
0           0.28           0.00    0    0    2   -2    1    0    0   -2    0    3    0    0    0    0
0           0.00           0.28    0    0    0    0    0    0    8   -8    0    0    0    0    0   -1
0           0.00           0.28    0    0    0    0    0    0    8  -10    0    0    0    0    0   -1
0           0.00          -0.28    0    0    0    0    0    0    4   -2    0    0    0    0    0    1
0          -0.28           0.00    0    0    0    0    0    0    3   -4    0    0    0    0    0   -1
0           0.28           0.00    0    0    0    0    0    0    3   -6    0    0    0    0    0   -1
0          -0.12          -0.16    0    0    0    0    0    0    1   -4    0    0    0    0    0   -2
0           0.00           0.28    0    0    0    0    0    0    0    6    0    0    0    0    0    1
0           0.00          -0.28    0    0    0    0    0    0    0    6   -7    0    0    0    0    2
0           0.12          -0.16    0    0    0    0    0    0    0    4    0    0    0    0    0    0
0          -0.28           0.00    0    0    0    0    0    0    0    4    0    0   -2    0    0    2
0           0.00          -0.28    0    0    0    0    0    0    0    3    0    0   -2    0    0    2
0           0.00           0.28    0    0    0    0    0    0    0    1    0   -1    0    0    0    1
0           0.00          -0.28    0    0    0    0    0    0    0    1   -6    0    0    0    0   -2
0           0.28           0.00    0    0    0    0    0    0    0    0    0    4   -5    0    0    2
0          -0.28           0.00    0    0    0    0    0    0    0    0    0    0    0    2    0    2
0          -0.28           0.00    0    0    0    0    0    0    3   -7    4    0    0    0    0    0
0           0.28           0.00    1   -1    2   -2    0    0    0    0    0    0    0    0    0    0
0           0.28           0.00    1    1    2   -4    0    0    0    0    0    0    0    0    0    0
0           0.12          -0.16    0    0    1   -1    1    0    0   -1    0    0   -2    0    0    0
0           0.28           0.00    0    0    2    4    0    0    0    0    0    0    0    0    0    0
0           0.28           0.00    2   -1   -2    0   -2    0    0    0    0    0    0    0    0    0
0          -0.28           0.00    0    0    1   -1    2    0    0    0   -2    0    0    0    0    0
0           0.00          -0.28    0    0    0    0    2    0    0    4   -8    3    0    0    0    0
0           0.00          -0.28    0    0    0    0    2    0    0   -4    8   -3    0    0    0    0
0           0.28           0.00    1    1    2   -4    2    0    0    0    0    0    0    0    0    0
0           0.00           0.24    0    0    2   -2   -1    0   -5    6    0    0    0    0    0    0
0           0.24           0.00    1   -2    0   -2    1    0    0    0    0    0    0    0    0    0
0          -0.24           0.00    0    1    0   -4    1    0    0    0    0    0    0    0    0    0
0          -0.24           0.00    1   -2    2    0    1    0    0    0    0    0    0    0    0    0
0           0.24           0.00    0    0    2    0    2    0    0   -1    0    1    0    0    0    0
0          -0.24           0.00    0    0    2    0    2    0    0    1    0   -1    0    0    0    0
0          -0.24           0.00    2    0   -4   -2   -1    0    0    0    0    0    0    0    0    0
0           0.24           0.00    2    0    2    1    1    0    0    0    0    0    0    0    0    0
0           0.24           0.00    2    0   -2   -6   -1    0    0    0    0    0    0    0    0    0
0           0.00          -0.24    2    0   -1   -1   -1    0    0   -1    0    2    0    0    0    0
0          -0.24           0.00    4   -1    2    0    2    0    0    0    0    0    0    0    0    0
0           0.24           0.00    5    0    0    0    0    0    0    0    0    0    0    0    0    0
0          -0.24           0.00    3    0    0   -3    0    0    0    0    0    0    0    0    0    0
0          -0.24           0.00    2    2    0   -4    0    0    0    0    0    0    0    0    0    0
0           0.24           0.00    2    2   -2   -4   -2    0    0    0    0    0    0    0    0    0
0          -0.24           0.00    2    1    2    1    2    0    0    0    0    0    0    0    0    0
0          -0.24           0.00    1    0    2   -2    2    0    0   -2    0    2    0    0    0    0
0          -0.24           0.00    1    0    0    0    0    0    0   -2    0    2    0    0    0    0
0           0.24           0.00    1    0    0   -2    0    0    2   -2    0    0    0    0    0    0
0           0.00          -0.24    1    0   -1    1   -1    0  -18   17    0    0    0    0    0    0
0           0.24           0.00    0    2   -2   -4   -2    0    0    0    0    0    0    0    0    0
0          -0.24           0.00    0    1    2    3    2    0    0    0    0    0    0    0    0    0
0           0.24           0.00    0    0    0    0    0    0    8  -12    0    0    0    0    0   -2
0           0.24           0.00    0    0    0    0    0    0    8  -16    0    0    0    0    0   -2
0           0.00           0.24    0    0    0    0    0    0    7   -8    0    0    0    0    0    0
0           0.12          -0.12    0    0    0    0    0    0    2   -3    0    0    0    0    0    1
0           0.00          -0.24    0    0    0    0    0    0    0    5   -6    0    0    0    0    2
0          -0.24           0.00    0    0    0    0    0    0    0    4   -6    0    0    0    0   -2
0           0.00           0.24    0    0    0    0    0    0    0    4   -8    1    5    0    0    2
0          -0.24           0.00    0    0    0    0    0    0    0    2    0   -2    0    0    0    2
0           0.00          -0.24    0    0    0    0    0    0    0    2   -7    0    0    0    0   -2
0           0.24           0.00    0    0    0    0    0    0    0    0    2    0    0    0    0    0
0          -0.24           0.00    0    0    0    0    0    0    0    0    0    0    5    0    0    2
0          -0.24           0.00    0    0    0    0    0    0    0    0    0    0    0    0    2    2
0           0.24           0.00    0    1    0    3    0    0    0    0    0    0    0    0    0    0
0           0.24           0.00    0    2    2    2    2    0    0    0    0    0    0    0    0    0
0           0.24           0.00    2   -1    2   -1    2    0    0    0    0    0    0    0    0    0
0           0.24           0.00    1   -1    2    2    0    0    0    0    0    0    0    0    0    0
0           0.24           0.00    2    1    2   -4    1    0    0    0    0    0    0    0    0    0
0          -0.24           0.00    2    0    0   -2   -2    0   -3    3    0    0    0    0    0    0
0          -0.24           0.00    1   -1    0   -4   -1    0    0    0    0    0    0    0    0    0
0           0.00           0.24    0    0    1   -1    2    0    0   -1    0    1    0    0    0    0
0           0.00          -0.24    0    0    1   -1    2    0    0   -1    0   -1    0    0    0    0
0           0.24           0.00    0    0    0    0    1    0    2   -2    0    0    0    0    0    0
0           0.00           0.20    1    0   -1    0    1    0    0    0    0    0    0    0    0    0
0           0.20           0.00    2   -2    0   -2    1    0    0    0    0    0    0    0    0    0
0          -0.20           0.00    0    0    1   -1    2    0    0   -1    0    0    1    0    0    0
0           0.20           0.00    2    0    0   -2   -1    0   -3    3    0    0    0    0    0    0
0           0.20           0.00    1   -2    0    0   -1    0    0    0    0    0    0    0    0    0
0           0.00           0.20    0    0    0    0    1    0    0    0    0    0   -1    0    0    0
0          -0.20           0.00    1    0   -2    1    1    0    0    0    0    0    0    0    0    0
0           0.20           0.00    2    0    0   -3   -1    0    0    0    0    0    0    0    0    0
0           0.20           0.00    2    1   -2    0    1    0    0    0    0    0    0    0    0    0
0           0.20           0.00    2    0    0   -1    1    0    0    0    0    0    0    0    0    0
0           0.20           0.00    2   -1    2   -2    1    0    0    0    0    0    0    0    0    0
0           0.20           0.00    1   -1   -4    2   -2    0    0    0    0    0    0    0    0    0
0          -0.20           0.00    1   -2   -2   -2   -1    0    0    0    0    0    0    0    0    0
0           0.20           0.00    2    0    4   -2    1    0    0    0    0    0    0    0    0    0
0           0.20           0.00    0    0    2    3    1    0    0    0    0    0    0    0    0    0
0           0.20           0.00    0    1    4   -2    1    0    0    0    0    0    0    0    0    0
0           0.20           0.00    1    0   -2    0   -2    0  -10    3    0    0    0    0    0    0
0           0.00           0.20    1    0    1   -2    0    0    0    0    0    0    0    0    0    0
0           0.20           0.00    1   -1    2    1    2    0    0    0    0    0    0    0    0    0
0           0.20           0.00    4    1    2    0    2    0    0    0    0    0    0    0    0    0
0           0.20           0.00    0    0    2   -2    1    0    0   -1    0    1    0    0    0    0
0           0.20           0.00    1    0    0   -1    0    0    0   -2    2    0    0    0    0    0
0          -0.20           0.00    0    0    2   -2    0    0    0   -2    0    2    0    0    0    0
0           0.00          -0.20    1    0    0    0    0    0    0    4   -8    3    0    0    0    0
0          -0.20           0.00    4   -1   -2   -2   -2    0    0    0    0    0    0    0    0    0
0           0.20           0.00    2    1   -2   -6   -2    0    0    0    0    0    0    0    0    0
0          -0.20           0.00    2    0    0   -2    0    0    0   -4    8   -3    0    0    0    0
0           0.20           0.00    2    0    0   -2    0    0   -2    2    0    0    0    0    0    0
0           0.20           0.00    2    0    0   -2   -1    0    0   -2    0    4   -5    0    0    0
0           0.00          -0.20    2    0   -1   -1   -1    0    0   -1    0    0    0    0    0    0
0          -0.20           0.00    1    1   -2   -3   -2    0    0    0    0    0    0    0    0    0
0           0.00          -0.20    1    0    3    0    3    0    0    0    0    0    0    0    0    0
0           0.00           0.20    1    0    1   -1    1    0    0   -1    0    0    0    0    0    0
0           0.00          -0.20    1    0    0    0    0    0    0   -4    8   -3    0    0    0    0
0           0.20           0.00    1    0    0    0    0    0   -1    1    0    0    0    0    0    0
0           0.00           0.20    1    0    0   -2    0    0   17  -16    0   -2    0    0    0    0
0          -0.20           0.00    1    0   -1   -1   -1    0   20  -20    0    0    0    0    0    0
0           0.20           0.00    1    0   -2   -2   -2    0    0   -2    0    3    0    0    0    0
0           0.20           0.00    0    3   -2   -2   -2    0    0    0    0    0    0    0    0    0
0           0.00           0.20    0    0    1   -1    1    0    1   -2    0    0    0    0    0    0
0           0.00           0.20    0    0    1   -1    1    0   -2    1    0    0    0    0    0    0
0          -0.20           0.00    0    0    1   -1    0    0    0    0    0    0    0    0    0    0
0           0.00           0.20    0    0    0    0    0    0    9   -9    0    0    0    0    0   -1
0           0.00           0.20    0    0    0    0    0    0    9  -11    0    0    0    0    0   -1
0           0.00           0.20    0    0    0    0    0    0    6  -10    0    0    0    0    0   -1
0           0.00          -0.20    0    0    0    0    0    0    5   -3    0    0    0    0    0    1
0          -0.20           0.00    0    0    0    0    0    0    4   -5    0    0    0    0    0   -1
0           0.00          -0.20    0    0    0    0    0    0    3   -4    0    0    0    0    0   -2
0           0.00          -0.20    0    0    0    0    0    0    0    6   -9    0    0    0    0    0
0           0.00          -0.20    0    0    0    0    0    0    0    5  -10    0    0    0    0   -2
0          -0.20           0.00    0    0    0    0    0    0    0    4    0   -4    0    0    0    2
0           0.20           0.00    0    0    0    0    0    0    0    3    0   -4    0    0    0    0
0          -0.20           0.00    0    0    0    0    0    0    0    2    0    0    0    0    0    0
0          -0.20           0.00    0    0    0    0    0    0    0    2    0   -5    0    0    0   -2
0           0.00           0.20    0    0    0    0    0    0    0    1    0   -2    5    0    0    2
0           0.20           0.00    0    0    0    0    0    0    0    1    0   -2    0    0    0   -2
0           0.00          -0.20    0    0    0    0    0    0    0    1    0   -3    0    0    0   -1
0          -0.20           0.00    0    0    0    0    0    0    0    1    0   -5    0    0    0   -2
0           0.00          -0.20    0    0    0    0    0    0    0    0    0    0    0    2    0    1
0           0.00           0.20    0    0    0    0    0    0    0    0    0    0    0    1   -2   -2
0          -0.20           0.00    0    2    0   -4    0    0    0    0    0    0    0    0    0    0
0           0.20           0.00    0    0    0    6    0    0    0    0    0    0    0    0    0    0
0          -0.20           0.00    3    0    0   -2    0    0    0    0    0    0    0    0    0    0
0           0.20           0.00    2   -1   -2    2   -1    0    0    0    0    0    0    0    0    0
0           0.00          -0.20    1    0   -1    1   -1    0    0    1    0    0    0    0    0    0
0          -0.20           0.00    0    0    2   -4    0    0    0    0    0    0    0    0    0    0
0          -0.20           0.00    1    0    0   -1   -1    0    0   -2    2    0    0    0    0    0
0           0.20           0.00    0    1    0    4    1    0    0    0    0    0    0    0    0    0
0           0.20           0.00    1    0    0   -6   -1    0    0    0    0    0    0    0    0    0
0           0.00           0.20    0    0    0    0    1    0    5   -8    0    0    0    0    0    0
0           0.20           0.00    0    0    4    2    2    0    0    0    0    0    0    0    0    0
0           0.20           0.00    3    0    0   -2    1    0    0    0    0    0    0    0    0    0
0          -0.20           0.00    0    0    2   -2    2    0    0   -2    0    2    0    0    0    0
0          -0.20           0.00    1   -1    0   -2   -2    0    0    0    0    0    0    0    0    0
0          -0.20           0.00    0    0    1   -1    2    0   -5    7    0    0    0    0    0    0
0          -0.20           0.00    2    1    0   -2   -2    0    0    0    0    0    0    0    0    0
0           0.20           0.00    0    0    0    0    1    0    0    2   -2    0    0    0    0    0
0          -0.20           0.00    1    0   -2    0    2    0    0    0    0    0    0    0    0    0
0          -0.20           0.00    1   -1    0    0   -2    0    0    0    0    0    0    0    0    0
0           0.20           0.00    1    1   -2    2   -2    0    0    0    0    0    0    0    0    0
0           0.16           0.00    0    0    0    0    1    0   -2    2    0    0    0    0    0    0
0           0.16           0.00    1    0    0   -3   -1    0    0    0    0    0    0    0    0    0
0           0.00          -0.16    0    0    1   -1   -1    0    0   -1    0   -1    0    0    0    0
0           0.16           0.00    2    0   -2   -2    1    0    0    0    0    0    0    0    0    0
0           0.16           0.00    1    0    0   -1    1    0    0   -1    0    1    0    0    0    0
0           0.16           0.00    2    0    0   -3    1    0    0    0    0    0    0    0    0    0
0           0.16           0.00    3    0    0    2   -1    0    0    0    0    0    0    0    0    0
0           0.16           0.00    1    1    0    1    1    0    0    0    0    0    0    0    0    0
0          -0.16           0.00    0    2    0    0   -2    0    0    0    0    0    0    0    0    0
0           0.16           0.00    2   -1    0    2   -1    0    0    0    0    0    0    0    0    0
0           0.16           0.00    1    1    0    1   -1    0    0    0    0    0    0    0    0    0
0          -0.16           0.00    1    0   -4   -2   -1    0    0    0    0    0    0    0    0    0
0          -0.16           0.00    1   -1   -2   -4   -1    0    0    0    0    0    0    0    0    0
0          -0.16           0.00    1   -2    2    2    1    0    0    0    0    0    0    0    0    0
0           0.16           0.00    3    1    2   -2    1    0    0    0    0    0    0    0    0    0
0           0.16           0.00    1    0   -2   -6   -1    0    0    0    0    0    0    0    0    0
0          -0.16           0.00    2    0    4   -4    2    0    0    0    0    0    0    0    0    0
0          -0.04           0.12    2   -2    2   -2    2    0    0    0    0    0    0    0    0    0
0           0.16           0.00    3    0    4   -2    2    0    0    0    0    0    0    0    0    0
0           0.00           0.16    0    0    1   -1    0    0    3   -6    0    0    0    0    0    0
0           0.16           0.00    1    1    2    4    2    0    0    0    0    0    0    0    0    0
0           0.16           0.00    0    0    2   -3    0    0    0    0    0    0    0    0    0    0
0           0.00          -0.16    0    0    1    1    0    0    0    1    0    0    0    0    0    0
0           0.00          -0.16    0    0    1   -1    0    0   -4    5    0    0    0    0    0    0
0           0.00           0.16    0    0    1   -1    0    0    0   -2    2    0    0    0    0    0
0           0.16           0.00    0    0    1   -1    0    0    0   -1    0    0    1    0    0    0
0           0.00           0.16    0    0    1   -1    0    0    0   -1    0    1    0    0    0    0
0          -0.16           0.00    0    1   -2    4   -1    0    0    0    0    0    0    0    0    0
0           0.00          -0.16    1    0    0   -2    0    0    0    4   -8    3    0    0    0    0
0           0.16           0.00    3    0    2    1    2    0    0    0    0    0    0    0    0    0
0           0.16           0.00    3    0    0   -1    0    0    0    0    0    0    0    0    0    0
0           0.16           0.00    2    1    0    1    0    0    0    0    0    0    0    0    0    0
0           0.16           0.00    2    0    2    0    1    0    0    1    0    0    0    0    0    0
0          -0.16           0.00    2    0    0   -2    0    0    0   -2    0    2    2    0    0    0
0           0.16           0.00    2    0    0   -2    0    0    0   -4    4    0    0    0    0    0
0          -0.16           0.00    2   -2    2    2    2    0    0    0    0    0    0    0    0    0
0           0.16           0.00    1    1   -2   -6   -2    0    0    0    0    0    0    0    0    0
0          -0.16           0.00    1    0    0    0    0    0    1   -1    0    0    0    0    0    0
0          -0.16           0.00    1    0    0    0    0    0    0   -1    0    1    0    0    0    0
0          -0.16           0.00    1    0    0    0    0    0   -3    3    0    0    0    0    0    0
0          -0.16           0.00    1    0    0   -2    0    0    1   -1    0    0    0    0    0    0
0           0.00          -0.16    1    0    0   -2    0    0    0   -4    8   -3    0    0    0    0
0          -0.16           0.00    1    0    0   -2    0    0   -2    2    0    0    0    0    0    0
0          -0.16           0.00    0    0    2   -2    1    0    0    1    0   -1    0    0    0    0
0           0.16           0.00    0    0    2   -2    1    0    0   -3    0    3    0    0    0    0
0           0.16           0.00    0    0    2   -2    1    0   -5    5    0    0    0    0    0    0
0          -0.16           0.00    0    0    1   -1    1    0    1   -3    0    0    0    0    0    0
0           0.00           0.16    0    0    1   -1    1    0    0   -1    0    0    0   -1    0    0
0           0.16           0.00    0    0    1   -1    1    0    0   -4    6    0    0    0    0    0
0           0.00           0.16    0    0    1   -1    1    0   -5    6    0    0    0    0    0    0
0          -0.16           0.00    0    0    0    2    0    0    0   -1    0    1    0    0    0    0
0           0.00           0.16    0    0    0    0    0    0    8   -9    0    0    0    0    0    0
0          -0.16           0.00    0    0    0    0    0    0    7  -10    0    0    0    0    0   -1
0           0.00          -0.16    0    0    0    0    0    0    5   -5    0    0    0    0    0    1
0           0.00          -0.16    0    0    0    0    0    0    4   -5    0    0    0    0    0   -2
0           0.00          -0.16    0    0    0    0    0    0    3   -6    0    0    0    0    0    0
0           0.00           0.16    0    0    0    0    0    0    3   -8    0    0    0    0    0   -2
0           0.16           0.00    0    0    0    0    0    0    2   -5    0    0    0    0    0   -1
0          -0.16           0.00    0    0    0    0    0    0    1    1    0    0    0    0    0    0
0           0.16           0.00    0    0    0    0    0    0    1   -2    0    0    0    0    0   -1
0           0.00          -0.16    0    0    0    0    0    0    0    7   -8    0    0    0    0    2
0           0.00          -0.16    0    0    0    0    0    0    0    7   -9    0    0    0    0    2
0           0.00           0.16    0    0    0    0    0    0    0    6  -10    0    0    0    0   -2
0           0.00           0.16    0    0    0    0    0    0    0    3    0    0    0    0    0    2
0           0.16           0.00    0    0    0    0    0    0    0    3   -8    3    0    0    0   -2
0           0.00           0.16    0    0    0    0    0    0    0    2    0    0   -2    0    0    1
0           0.16           0.00    0    0    0    0    0    0    0    2   -4    0    0    0    0    1
0           0.16           0.00    0    0    0    0    0    0    0    1    0    0    0    0    0   -1
0           0.00          -0.16    0    0    0    0    0    0    0    1    0   -1    0    0    0   -1
0           0.00          -0.16    0    0    0    0    0    0    0    0    0    3   -5    0    0    0
0          -0.16           0.00    0    0    0    0    0    0    0    0    0    2   -2    0    0    0
0          -0.16           0.00    2    1    0   -6    0    0    0    0    0    0    0    0    0    0
0          -0.16           0.00    1   -1    0    1    0    0    0    0    0    0    0    0    0    0
0           0.00          -0.16    0    0    1   -1    0    0   -3    4    0    0    0    0    0    0
0           0.16           0.00    3   -1    0    2    0    0    0    0    0    0    0    0    0    0
0           0.16           0.00    4    0    0    2    0    0    0    0    0    0    0    0    0    0
0          -0.16           0.00    0    0    2   -2    0    0   -4    4    0    0    0    0    0    0
0           0.16           0.00    1    0    2   -1    0    0    0    0    0    0    0    0    0    0
0           0.16           0.00    1   -2   -2    2   -1    0    0    0    0    0    0    0    0    0
0           0.16           0.00    1   -1   -2   -2    0    0    0    0    0    0    0    0    0    0
0          -0.16           0.00    2    0    2   -3    2    0    0    0    0    0    0    0    0    0
0          -0.16           0.00    0    1    2    2    0    0    0    0    0    0    0    0    0    0
0           0.00           0.16    0    0    2   -2    1    0    0   -4    8   -3    0    0    0    0
0           0.00           0.16    0    0    2   -2    1    0    0    4   -8    3    0    0    0    0
0           0.16           0.00    3    0   -2    2   -1    0    0    0    0    0    0    0    0    0
0           0.16           0.00    2   -1    2    0    0    0    0    0    0    0    0    0    0    0
0          -0.16           0.00    2    0    0    4    1    0    0    0    0    0    0    0    0    0
0           0.16           0.00    2    0   -4    2   -1    0    0    0    0    0    0    0    0    0
0          -0.16           0.00    2   -1    0    2    1    0    0    0    0    0    0    0    0    0
0          -0.16           0.00    2   -2    0   -2   -2    0    0    0    0    0    0    0    0    0
0           0.00          -0.16    0    0    0    0    1    0    0    1    0   -2    0    0    0    0
0          -0.16           0.00    3    0    0    0    2    0    0    0    0    0    0    0    0    0
0           0.00          -0.16    0    0    0    0    1    0    3   -4    0    0    0    0    0    0
0           0.16           0.00    0    2    0    0    2    0    0    0    0    0    0    0    0    0
0           0.16           0.00    0    1    2   -4    2    0    0    0    0    0    0    0    0    0
0          -0.15           0.00    0    0    1   -1    2    0   -8   12    0    0    0    0    0    0
0           0.00           0.12    0    0    0    0    1    0    0   -1    0    2    0    0    0    0
0           0.12           0.00    0    0    0    0    1    0    0   -2    2    0    0    0    0    0
0           0.00           0.12    0    0    0    0    1    0   -3    4    0    0    0    0    0    0
0           0.12           0.00    1    0    0    0   -1    0  -10    3    0    0    0    0    0    0
0           0.12           0.00    1    0    0    0    1    0  -10    3    0    0    0    0    0    0
0           0.00          -0.12    0    0    0    0    2    0    0    0    0    1    0    0    0    0
0          -0.12           0.00    0    1    4   -4    2    0    0    0    0    0    0    0    0    0
0          -0.12           0.00    2    0    2   -2   -1    0    0    0    0    0    0    0    0    0
0           0.12           0.00    1    0    2   -4   -1    0    0    0    0    0    0    0    0    0
0          -0.12           0.00    1    2    0    0    1    0    0    0    0    0    0    0    0    0
0           0.00           0.12    2    0    0   -2   -1    0    0   -6    8    0    0    0    0    0
0           0.12           0.00    2   -1   -2    0    1    0    0    0    0    0    0    0    0    0
0           0.12           0.00    2    0    0   -2    1    0    0   -5    6    0    0    0    0    0
0           0.12           0.00    1    0    0   -2   -1    0    0   -2    0    2    0    0    0    0
0           0.12           0.00    2    0   -1   -1    1    0    0    3   -7    0    0    0    0    0
0           0.12           0.00    1    0    0   -2    1    0    0   -2    0    2    0    0    0    0
0           0.12           0.00    1    0    0   -1   -1    0    0   -3    4    0    0    0    0    0
0           0.12           0.00    0    0    0    3    2    0    0    0    0    0    0    0    0    0
0           0.12           0.00    2    2    0   -2   -1    0    0    0    0    0    0    0    0    0
0           0.12           0.00    1   -1    2   -3    1    0    0    0    0    0    0    0    0    0
0           0.12           0.00    1    0    4    0    1    0    0    0    0    0    0    0    0    0
0          -0.12           0.00    2    0    0   -2   -1    0    0   -2    0    3   -1    0    0    0
0           0.12           0.00    2   -1   -2   -2   -1    0    0    0    0    0    0    0    0    0
0           0.12           0.00    2    1    2    2    1    0    0    0    0    0    0    0    0    0
0           0.00           0.12    0    0    2    0    2    0    2   -3    0    0    0    0    0    0
0           0.00           0.12    0    0    2    0    2    0   -2    3    0    0    0    0    0    0
0          -0.12           0.00    0    0    2    0    2    0    2   -2    0    0    0    0    0    0
0           0.12           0.00    0    0    2    0    2    0   -2    2    0    0    0    0    0    0
0          -0.12           0.00    5    0    2    0    1    0    0    0    0    0    0    0    0    0
0           0.12           0.00    3    0   -2   -6   -1    0    0    0    0    0    0    0    0    0
0           0.12           0.00    1    2    2    0    1    0    0    0    0    0    0    0    0    0
0          -0.12           0.00    1   -1    2    4    1    0    0    0    0    0    0    0    0    0
0           0.12           0.00    2    0   -2   -2   -2    0    0   -2    0    2    0    0    0    0
0          -0.12           0.00    2    0    2    4    1    0    0    0    0    0    0    0    0    0
0           0.00           0.12    0    0    2   -2    1    0   -8   11    0    0    0    0    0    0
0           0.00           0.12    1    0    2    0    2    0    0   -4    8   -3    0    0    0    0
0           0.00           0.12    1    0    2    0    2    0    0    4   -8    3    0    0    0    0
0          -0.12           0.00    1   -2    0   -1    0    0    0    0    0    0    0    0    0    0
0           0.12           0.00    2    0    2   -2    2    0    0   -2    0    3    0    0    0    0
0           0.12           0.00    1    0    2    0    2    0    1   -1    0    0    0    0    0    0
0          -0.12           0.00    1    0    2    0    2    0   -1    1    0    0    0    0    0    0
0           0.00          -0.12    0    0    2   -2    0   -1    0    2    0    0    0    0    0    0
0          -0.12           0.00    4    0   -2   -2    0    0    0    0    0    0    0    0    0    0
0          -0.12           0.00    1    0    2   -6    1    0    0    0    0    0    0    0    0    0
0           0.12           0.00    0    1   -4    2   -1    0    0    0    0    0    0    0    0    0
0           0.00           0.12    0    0    1   -1    0    0    0   -1    0    0   -2    0    0    0
0           0.12           0.00    1   -1   -2    1   -1    0    0    0    0    0    0    0    0    0
0           0.00           0.12    0    0    1   -1    0    0    0    1    0    0    0    0    0    0
0           0.00           0.12    2    0   -1   -1    0    0    0   -1    0    3    0    0    0    0
0           0.00          -0.12    0    0    1   -1    0    0   -1    0    0    0    0    0    0    0
0           0.08           0.04    0    0    0    0    0    0    0    0    1    0    0    0    0    0
0           0.12           0.00    4    1    2   -2    2    0    0    0    0    0    0    0    0    0
0           0.12           0.00    3    1    2    2    2    0    0    0    0    0    0    0    0    0
0          -0.12           0.00    3    1    0   -2    0    0    0    0    0    0    0    0    0    0
0           0.12           0.00    3    1   -2   -6   -2    0    0    0    0    0    0    0    0    0
0          -0.12           0.00    3   -1    0   -2    0    0    0    0    0    0    0    0    0    0
0          -0.12           0.00    3   -1    0   -3    0    0    0    0    0    0    0    0    0    0
0           0.12           0.00    2    1    0   -3    0    0    0    0    0    0    0    0    0    0
0           0.00           0.12    2    0    1   -3    1    0   -6    7    0    0    0    0    0    0
0           0.00          -0.12    2    0    0   -2    0    0    2   -5    0    0    0    0    0    0
0           0.00           0.12    2    0    0   -2    0    0    0   -2    0    5   -5    0    0    0
0           0.12           0.00    2    0    0   -2    0    0    0   -2    0    1    5    0    0    0
0           0.12           0.00    2    0    0   -2    0    0    0   -2    0    0    2    0    0    0
0           0.12           0.00    2    0    0   -2    0    0   -4    4    0    0    0    0    0    0
0           0.00           0.12    2    0   -2    0   -2    0    0    5   -9    0    0    0    0    0
0          -0.12           0.00    2    0   -2   -5   -2    0    0    0    0    0    0    0    0    0
0          -0.12           0.00    2   -1    2    4    2    0    0    0    0    0    0    0    0    0
0           0.12           0.00    1    3   -2   -2   -2    0    0    0    0    0    0    0    0    0
0          -0.12           0.00    1    1   -2   -1   -2    0    0    0    0    0    0    0    0    0
0          -0.12           0.00    1    0    2   -2    2    0   -3    3    0    0    0    0    0    0
0           0.00           0.12    1    0    1    1    1    0    0    1    0    0    0    0    0    0
0           0.12           0.00    1    0    0    0    0    0    0    1    0   -1    0    0    0    0
0           0.12           0.00    1    0    0    0    0    0    0   -2    0    3    0    0    0    0
0          -0.12           0.00    1    0    0   -2    0    0    0    2    0   -2    0    0    0    0
0           0.12           0.00    1    0   -1    0   -1    0   -3    5    0    0    0    0    0    0
0          -0.12           0.00    1    0   -1   -1    0    0    0    8  -15    0    0    0    0    0
0           0.00          -0.12    1    0   -1   -2   -1    0    0    0    0    0    0    0    0    0
0          -0.12           0.00    1    0   -2   -2   -2    0    0    1    0   -1    0    0    0    0
0           0.12           0.00    0    0    2    2    2    0    0    2    0   -2    0    0    0    0
0          -0.12           0.00    0    0    2   -2    1    0    0   -2    0    1    0    0    0    0
0          -0.12           0.00    0    0    2   -2    1    0    0   -2    0    0    0    0    0    0
0           0.12           0.00    0    0    2   -2    1    0    0   -4    4    0    0    0    0    0
0           0.00           0.12    0    0    2   -2    1    0    0   -7    9    0    0    0    0    0
0          -0.12           0.00    0    0    2   -2    1    0    0  -10   15    0    0    0    0    0
0           0.12           0.00    0    0    1   -1    1    0    0    1   -4    0    0    0    0    0
0           0.00           0.12    0    0    1   -1    1    0    0   -1    0    1   -3    0    0    0
0           0.00           0.12    0    0    1   -1    1    0   -1    2    0    0    0    0    0    0
0           0.12           0.00    0    0    1   -1    1    0   -4    6    0    0    0    0    0    0
0          -0.12           0.00    0    0    0    2    0    0    0    2    0   -2    0    0    0    0
0          -0.12           0.00    0    0    0    2    0    0   -2    2    0    0    0    0    0    0
0           0.12           0.00    0    0    0    0    0    0    9  -13    0    0    0    0    0   -2
0          -0.12           0.00    0    0    0    0    0    0    8  -11    0    0    0    0    0   -1
0           0.12           0.00    0    0    0    0    0    0    8  -14    0    0    0    0    0   -2
0           0.00          -0.12    0    0    0    0    0    0    7  -11    0    0    0    0    0   -1
0           0.00          -0.12    0    0    0    0    0    0    6   -4    0    0    0    0    0    1
0           0.00          -0.12    0    0    0    0    0    0    6   -6    0    0    0    0    0    1
0          -0.12           0.00    0    0    0    0    0    0    6   -7    0    0    0    0    0   -1
0          -0.12           0.00    0    0    0    0    0    0    6   -8    0    0    0    0    0    0
0           0.00          -0.12    0    0    0    0    0    0    6   -9    0    0    0    0    0    0
0           0.00           0.12    0    0    0    0    0    0    5   -4    0    0    0    0    0    2
0          -0.12           0.00    0    0    0    0    0    0    5   -6    0    0    0    0    0   -1
0           0.00          -0.12    0    0    0    0    0    0    5   -6    0    0    0    0    0   -2
0          -0.12           0.00    0    0    0    0    0    0    5   -6   -4    0    0    0    0   -2
0           0.00           0.12    0    0    0    0    0    0    4   -2    0    0    0    0    0    0
0           0.00          -0.12    0    0    0    0    0    0    4   -5    0    0    0    0    0    0
0           0.12           0.00    0    0    0    0    0    0    4   -8    0    0    0    0    0   -2
0          -0.12           0.00    0    0    0    0    0    0    3   -1    0    0    0    0    0    0
0          -0.12           0.00    0    0    0    0    0    0    3   -3    0    2    0    0    0    2
0           0.12           0.00    0    0    0    0    0    0    3   -4    0    0    0    0    0    1
0           0.00           0.12    0    0    0    0    0    0    2    1    0    0    0    0    0    1
0          -0.12           0.00    0    0    0    0    0    0    2    0    0    0    0    0    0    0
0           0.12           0.00    0    0    0    0    0    0    1   -1    0    0    0    0    0   -2
0           0.12           0.00    0    0    0    0    0    0    1   -4    0    0    0    0    0   -1
0          -0.12           0.00    0    0    0    0    0    0    0    9  -17    0    0    0    0   -2
0           0.00           0.12    0    0    0    0    0    0    0    7   -7    0    0    0    0    2
0           0.00           0.12    0    0    0    0    0    0    0    7  -12    0    0    0    0   -2
0          -0.12           0.00    0    0    0    0    0    0    0    6   -4    0    0    0    0    2
0           0.00          -0.12    0    0    0    0    0    0    0    6   -8    1    5    0    0    2
0          -0.12           0.00    0    0    0    0    0    0    0    6   -9    0    0    0    0   -2
0           0.00           0.12    0    0    0    0    0    0    0    6  -10    0    0    0    0    0
0          -0.12           0.00    0    0    0    0    0    0    0    5    0   -4    0    0    0    2
0           0.12           0.00    0    0    0    0    0    0    0    5   -6    0    0    0    0    0
0          -0.12           0.00    0    0    0    0    0    0    0    5   -7    0    0    0    0   -2
0          -0.12           0.00    0    0    0    0    0    0    0    5   -8    3    0    0    0    2
0          -0.12           0.00    0    0    0    0    0    0    0    5   -9    0    0    0    0   -1
0          -0.12           0.00    0    0    0    0    0    0    0    5  -13    0    0    0    0   -2
0           0.12           0.00    0    0    0    0    0    0    0    5  -16    4    5    0    0   -2
0          -0.12           0.00    0    0    0    0    0    0    0    4   -7    0    0    0    0   -1
0           0.12           0.00    0    0    0    0    0    0    0    4   -8    3    0    0    0    1
0           0.12           0.00    0    0    0    0    0    0    0    4   -8    3    0    0    0   -1
0          -0.12           0.00    0    0    0    0    0    0    0    3    0   -5    0    0    0   -2
0           0.00          -0.12    0    0    0    0    0    0    0    3   -5    0    0    0    0   -1
0           0.00          -0.12    0    0    0    0    0    0    0    3   -7    0    0    0    0   -2
0           0.00          -0.12    0    0    0    0    0    0    0    3   -9    0    0    0    0   -2
0           0.12           0.00    0    0    0    0    0    0    0    2    1    0    0    0    0    2
0           0.12           0.00    0    0    0    0    0    0    0    2    0    2    0    0    0    2
0           0.00           0.12    0    0    0    0    0    0    0    2    0    0   -3    0    0    0
0           0.00          -0.12    0    0    0    0    0    0    0    2   -8    1    5    0    0   -2
0           0.00           0.12    0    0    0    0    0    0    0    1    0    1    0    0    0    1
0          -0.12           0.00    0    0    0    0    0    0    0    1    0    1   -5    0    0    0
0           0.00          -0.12    0    0    0    0    0    0    0    1    0    0    2    0    0    2
0          -0.12           0.00    0    0    0    0    0    0    0    1    0    0   -3    0    0    0
0           0.12           0.00    0    0    0    0    0    0    0    1    0   -3    5    0    0    0
0           0.00           0.12    0    0    0    0    0    0    0    1   -3    0    0    0    0    0
0           0.12           0.00    0    0    0    0    0    0    0    0    0    2   -6    3    0   -2
0           0.00           0.12    0    0    0    0    0    0    0    0    0    1   -2    0    0    0
0           0.00           0.12    0    0    0    0    0    0    0    0    0    0    0    1    0    0
0           0.12           0.00    0    0    0    0    0    0    0    0    0    0    0    0    0    2
0          -0.12           0.00    1    1    0   -6    0    0    0    0    0    0    0    0    0    0
0          -0.12           0.00    1    0    0    3    0    0    0    0    0    0    0    0    0    0
0           0.12           0.00    2    0    0   -2    0    0    0   -2    0    0    5    0    0    0
0          -0.12           0.00    3    0   -2   -1   -1    0    0    0    0    0    0    0    0    0
0          -0.12           0.00    1    2    2   -4    1    0    0    0    0    0    0    0    0    0
0          -0.12           0.00    0    0    1   -1    0    0   -2    2    0    0    0    0    0    0
0           0.00           0.12    1    0   -1    1    0    0    0    1    0    0    0    0    0    0
0           0.12           0.00    0    0    2   -2    1    0    1   -1    0    0    0    0    0    0
0          -0.12           0.00    2    0    2   -6    1    0    0    0    0    0    0    0    0    0
0          -0.12           0.00    2    1    2   -2    0    0    0    0    0    0    0    0    0    0
0          -0.12           0.00    2    1    2    0    0    0    0    0    0    0    0    0    0    0
0          -0.12           0.00    1    0    2    1    0    0    0    0    0    0    0    0    0    0
0           0.12           0.00    4    0   -2    0   -1    0    0    0    0    0    0    0    0    0
0          -0.12           0.00    0    0    0    0    1    0    0    7  -13    0    0    0    0    0
0           0.12           0.00    2    1    0    2    1    0    0    0    0    0    0    0    0    0
0          -0.12           0.00    1   -1    0    4    1    0    0    0    0    0    0    0    0    0
0          -0.12           0.00    3    0   -2   -4   -2    0    0    0    0    0    0    0    0    0
0           0.12           0.00    2    0    0   -6   -1    0    0    0    0    0    0    0    0    0
0           0.12           0.00    0    0    1   -1   -1    0   -5    7    0    0    0    0    0    0
0           0.12           0.00    0    0    0    0    2    0   -3    5    0    0    0    0    0    0
0           0.00          -0.12    0    0    1    1    2    0    0    1    0    0    0    0    0    0
0           0.00          -0.12    0    0    1   -1    2    0   -3    4    0    0    0    0    0    0
0           0.00           0.12    0    0    0    0    1    0   -1    2    0    0    0    0    0    0
0           0.12           0.00    2   -1    0   -2    2    0    0    0    0    0    0    0    0    0
0           0.12           0.00    1    1   -2    1   -2    0    0    0    0    0    0    0    0    0
0           0.12           0.00    2    1   -2    0   -2    0    0    0    0    0    0    0    0    0
0          -0.12           0.00    0    0    1   -1    2    0    0   -1    0    0   -1    0    0    0
0          -0.12           0.00    2    1    2   -4    2    0    0    0    0    0    0    0    0    0
0           0.12           0.00    2    0    0   -4    2    0    0    0    0    0    0    0    0    0
0          -0.12           0.00    3    0    0    0   -2    0    0    0    0    0    0    0    0    0
0           0.12           0.00    1    0    0   -4    2    0    0    0    0    0    0    0    0    0
0           0.12           0.00    2    0    0   -4   -2    0    0    0    0    0    0    0    0    0
0           0.12           0.00    1    1    0    0   -2    0    0    0    0    0    0    0    0    0
0          -0.12           0.00    0    0    0    0    1    0    0    2    0   -2    0    0    0    0
0          -0.12           0.00    1    0   -2    4   -2    0    0    0    0    0    0    0    0    0
0           0.11           0.00    0    0    4   -4    4    0    0    0    0    0    0    0    0    0
1       -3328.48      205833.15    0    0    0    0    1    0    0    0    0    0    0    0    0    0
1         197.53       12814.01    0    0    2   -2    2    0    0    0    0    0    0    0    0    0
1          41.19        2187.91    0    0    2    0    2    0    0    0    0    0    0    0    0    0
1         -35.85       -2004.36    0    0    0    0    2    0    0    0    0    0    0    0    0    0
1          59.15         501.82    0    1    2   -2    2    0    0    0    0    0    0    0    0    0
1          -5.82         448.76    0    0    2    0    1    0    0    0    0    0    0    0    0    0
1        -179.56         164.33    0    1    0    0    0    0    0    0    0    0    0    0    0    0
1           5.67         288.49    1    0    2    0    2    0    0    0    0    0    0    0    0    0
1          23.85        -214.50    0    1   -2    2   -2    0    0    0    0    0    0    0    0    0
1           2.87        -154.91    0    0    2   -2    1    0    0    0    0    0    0    0    0    0
1           2.14        -119.21    1    0   -2    0   -2    0    0    0    0    0    0    0    0    0
1           1.17         -74.33    1    0    0    0    1    0    0    0    0    0    0    0    0    0
1           1.47          70.31    1    0    0    0   -1    0    0    0    0    0    0    0    0    0
1          -0.42          58.94    1    0    2    0    1    0    0    0    0    0    0    0    0    0
1          -0.95          57.12    1    0   -2   -2   -2    0    0    0    0    0    0    0    0    0
1          -1.08         -54.19    2    0   -2    0   -1    0    0    0    0    0    0    0    0    0
1           0.92          36.78    0    0    2    2    2    0    0    0    0    0    0    0    0    0
1           0.68         -31.01    0    2   -2    2   -2    0    0    0    0    0    0    0    0    0
1           0.74          29.60    2    0    2    0    2    0    0    0    0    0    0    0    0    0
1          -0.60         -27.59    1    0    2   -2    2    0    0    0    0    0    0    0    0    0
1         -11.11         -15.07    1    0    0    0    0    0    0    0    0    0    0    0    0    0
1          -0.40         -24.05    1    0   -2    0   -1    0    0    0    0    0    0    0    0    0
1          -0.81          19.06    0    1    0    0    1    0    0    0    0    0    0    0    0    0
1           3.18          15.32    0    2    2   -2    2    0    0    0    0    0    0    0    0    0
1          -0.08         -17.90    1    0    0   -2   -1    0    0    0    0    0    0    0    0    0
1          -0.16          15.55    1    0    0   -2    1    0    0    0    0    0    0    0    0    0
1          -0.77          14.40    0    1    0    0   -1    0    0    0    0    0    0    0    0    0
1          -0.25          11.67    1    0   -2   -2   -1    0    0    0    0    0    0    0    0    0
1           6.18           3.58    0    0    1   -1    1    0    0   -1    0   -2    5    0    0    0
1          -1.00          -7.27    0    1    2    0    2    0    0    0    0    0    0    0    0    0
1          -0.99           6.87    0    1   -2    0   -2    0    0    0    0    0    0    0    0    0
1          -0.27           7.49    0    0    2    2    1    0    0    0    0    0    0    0    0    0
1          -0.30           7.31    0    0    0    2    1    0    0    0    0    0    0    0    0    0
1           0.20           7.30    1    0    2    2    2    0    0    0    0    0    0    0    0    0
1           0.33           6.80    2    0    0   -2   -1    0    0    0    0    0    0    0    0    0
1           0.27          -6.81    1    0    2   -2    1    0    0    0    0    0    0    0    0    0
1           0.35           6.08    0    0    0    2   -1    0    0    0    0    0    0    0    0    0
1           0.35           6.09    0    1   -2    2   -1    0    0    0    0    0    0    0    0    0
1          -0.14          -6.19    2    0    2   -2    2    0    0    0    0    0    0    0    0    0
1           0.14           6.02    2    0    2    0    1    0    0    0    0    0    0    0    0    0
1           2.69          -2.76    1    0    0   -2    0    0    0    0    0    0    0    0    0    0
1          -0.08          -4.93    2    0    0   -2    1    0    0    0    0    0    0    0    0    0
1           2.85          -1.77    0    0    0    0    0    0    0    0    0    2   -5    0    0   -1
1          -0.07          -4.27    0    1    2   -2    1    0    0    0    0    0    0    0    0    0
1          -3.71           0.38    0    2    0    0    0    0    0    0    0    0    0    0    0    0
1           3.75           0.04    0    1   -1    1   -1    0    0    0    0    0    0    0    0    0
1          -0.82          -2.73    0    0    0    2    0    0    0    0    0    0    0    0    0    0
1          -0.06           2.93    2    0   -2    0   -2    0    0    0    0    0    0    0    0    0
1          -0.04           2.83    2    0    0    0   -1    0    0    0    0    0    0    0    0    0
1           0.08           2.75    3    0    2    0    2    0    0    0    0    0    0    0    0    0
1           0.07           2.75    1   -1    2    0    2    0    0    0    0    0    0    0    0    0
1          -0.07           2.70    1    1   -2   -2   -2    0    0    0    0    0    0    0    0    0
1          -0.07           2.52    0    1   -2   -2   -2    0    0    0    0    0    0    0    0    0
1          -0.05          -2.53    2    0    0    0    1    0    0    0    0    0    0    0    0    0
1          -0.04           2.40    1    0   -2    2   -1    0    0    0    0    0    0    0    0    0
1          -0.06          -2.37    1    1    2    0    2    0    0    0    0    0    0    0    0    0
1           0.69          -1.45    0    0    1   -1    1    0   -8   12    0    0    0    0    0    0
1          -0.04           2.00    0    0    0    0    0    0    3   -5    0    0    0    0    0   -2
1           1.99           0.02    1    0   -1    0   -1    0    0    0    0    0    0    0    0    0
1          -0.94           1.07    2    0    0   -2    0    0    0    0    0    0    0    0    0    0
1           0.04           1.91    1    0    0    0    2    0    0    0    0    0    0    0    0    0
1          -0.58          -1.36    2    0    0    0    0    0    0    0    0    0    0    0    0    0
1          -0.51          -1.25    0    0    2    0    0    0    0    0    0    0    0    0    0    0
1          -0.04          -1.59    0    0    2    1    2    0    0    0    0    0    0    0    0    0
1           0.39          -1.23    1    0    0   -1    0    0    0    0    0    0    0    0    0    0
1           0.03          -1.57    1   -1    0   -1   -1    0    0    0    0    0    0    0    0    0
1          -0.03           1.50    0    2   -2    2   -1    0    0    0    0    0    0    0    0    0
1           0.04           1.48    1    0    2    2    1    0    0    0    0    0    0    0    0    0
1          -0.04           1.45    1    0   -2   -4   -2    0    0    0    0    0    0    0    0    0
1           0.02          -1.36    1    0    0    0   -2    0    0    0    0    0    0    0    0    0
1           0.03          -1.32    2    0   -2   -2   -2    0    0    0    0    0    0    0    0    0
1          -0.03          -1.24    1    1    2   -2    2    0    0    0    0    0    0    0    0    0
1          -0.02          -1.18    2    0    2   -2    1    0    0    0    0    0    0    0    0    0
1          -0.03           1.16    2    0   -2   -4   -2    0    0    0    0    0    0    0    0    0
1           0.02           1.13    0    0    0    0    0    0    0    0    0    2    0    0    0    2
1           0.04          -1.11    1    0    0   -1   -1    0    0    0    0    0    0    0    0    0
1           0.02           1.11    1    0    0    2    1    0    0    0    0    0    0    0    0    0
1           0.03          -1.10    1    0   -4    0   -2    0    0    0    0    0    0    0    0    0
1           0.03           1.04    2    0    2    2    2    0    0    0    0    0    0    0    0    0
1          -0.51           0.56    0    0    0    0    1    0    0   -1    2    0    0    0    0    0
1           0.02          -0.98    0    0    2   -2   -1    0    0    0    0    0    0    0    0    0
1          -0.02          -0.94    0    1    2    0    1    0    0    0    0    0    0    0    0    0
1          -0.02          -0.89    3    0    2   -2    2    0    0    0    0    0    0    0    0    0
1          -0.02          -0.88    0    0    4   -2    2    0    0    0    0    0    0    0    0    0
1           0.31           0.60    0    0    0    0    0    0    8  -13    0    0    0    0    0   -1
1           0.02          -0.87    1    1    0   -2   -1    0    0    0    0    0    0    0    0    0
1          -0.02          -0.87    2    0   -2    0    1    0    0    0    0    0    0    0    0    0
1          -0.01           0.83    0    0    2    0   -1    0    0    0    0    0    0    0    0    0
1          -0.02           0.77    0    1   -2    0   -1    0    0    0    0    0    0    0    0    0
1           0.42          -0.36    0    0    2   -2    0    0    0    0    0    0    0    0    0    0
1          -0.01          -0.73    0    1    0    0    2    0    0    0    0    0    0    0    0    0
1           0.01           0.71    1    1    0   -2    1    0    0    0    0    0    0    0    0    0
1           0.01           0.68    0    0    2   -1    2    0    0    0    0    0    0    0    0    0
1           0.02           0.66    0    0    2    4    2    0    0    0    0    0    0    0    0    0
1          -0.01          -0.62    1   -1    0    0    1    0    0    0    0    0    0    0    0    0
1          -0.01           0.62    1    0    0    2   -1    0    0    0    0    0    0    0    0    0
1          -0.58          -0.03    0    0    1   -1    1    0    0   -1    0    2   -5    0    0    0
1          -0.01           0.58    1   -1    0   -1   -2    0    0    0    0    0    0    0    0    0
1           0.44           0.14    0    0    0    0    0    0    0    2   -8    3    0    0    0   -2
1           0.02           0.56    1   -1    2    2    2    0    0    0    0    0    0    0    0    0
1           0.01          -0.57    0    1    0    0   -2    0    0    0    0    0    0    0    0    0
1          -0.13          -0.45    1    0    0    2    0    0    0    0    0    0    0    0    0    0
1           0.01           0.56    3    0    2    0    1    0    0    0    0    0    0    0    0    0
1           0.01          -0.55    1   -1   -2   -2   -2    0    0    0    0    0    0    0    0    0
1           0.01           0.55    1    0    2   -4    1    0    0    0    0    0    0    0    0    0
1          -0.52           0.03    0    0    2   -2    1    0   -5    6    0    0    0    0    0    0
1          -0.01           0.54    1    1   -2   -2   -1    0    0    0    0    0    0    0    0    0
1          -0.01          -0.51    0    1    2    2    2    0    0    0    0    0    0    0    0    0
1          -0.41          -0.11    0    0    0    0    0    0    0    6   -8    3    0    0    0    2
1          -0.01           0.50    0    1   -2   -2   -1    0    0    0    0    0    0    0    0    0
1           0.01           0.48    1   -1    2    0    1    0    0    0    0    0    0    0    0    0
1           0.45          -0.04    1    0   -2   -2    0    0    0    0    0    0    0    0    0    0
1           0.01          -0.48    0    0    0    0    0    0    4   -6    0    0    0    0    0   -2
1           0.01           0.46    2   -1    2    0    2    0    0    0    0    0    0    0    0    0
1          -0.23           0.24    2    0   -2    0    0    0    0    0    0    0    0    0    0    0
1           0.01           0.46    0    0    0    1    1    0    0    0    0    0    0    0    0    0
1           0.35          -0.11    0    0    0    0    1    0    0   -4    8   -3    0    0    0    0
1           0.01           0.45    0    0    0    2    2    0    0    0    0    0    0    0    0    0
1           0.01          -0.45    1   -1   -2    0   -2    0    0    0    0    0    0    0    0    0
1           0.00          -0.45    0    0    0    0    0    0    0    3    0   -1    0    0    0    2
1          -0.01           0.44    0    0    0    0    0    0    2   -4    0    0    0    0    0   -2
1           0.35           0.09    0    0    0    0    1    0    0    4   -8    3    0    0    0    0
1           0.01           0.42    1    1    0    0    1    0    0    0    0    0    0    0    0    0
1          -0.01          -0.41    1    1    2    0    1    0    0    0    0    0    0    0    0    0
1           0.09          -0.33    0    0    1   -1    1    0    0    0   -2    0    0    0    0    0
1           0.00           0.41    0    1    0   -2    1    0    0    0    0    0    0    0    0    0
1           0.01           0.40    0    3    2   -2    2    0    0    0    0    0    0    0    0    0
1          -0.01          -0.39    2    1    2    0    2    0    0    0    0    0    0    0    0    0
1          -0.39          -0.01    1    0   -1    0   -2    0    0    0    0    0    0    0    0    0
1           0.01          -0.39    0    0    0    1   -1    0    0    0    0    0    0    0    0    0
1          -0.01           0.38    1    0    0   -2   -2    0    0    0    0    0    0    0    0    0
1           0.32          -0.07    0    0    0    0    0    0    0    0    0    2    0    0    0    1
1          -0.01           0.36    1   -1    0    0   -1    0    0    0    0    0    0    0    0    0
1          -0.01          -0.36    0    0    0    0    0    0    2    0    0    0    0    0    0    2
1           0.01          -0.34    1    0   -2    2   -2    0    0    0    0    0    0    0    0    0
1           0.01          -0.34    2    0    0   -2   -1    0    0   -2    0    2    0    0    0    0
1           0.01           0.33    0    0    0    0    0    0    1    1    0    0    0    0    0    2
1          -0.01          -0.32    1    0    2    1    2    0    0    0    0    0    0    0    0    0
1           0.01           0.32    1    0    2   -1    2    0    0    0    0    0    0    0    0    0
1          -0.01          -0.32    0    0    2    1    1    0    0    0    0    0    0    0    0    0
1          -0.01          -0.31    1    0   -2    0    1    0    0    0    0    0    0    0    0    0
1          -0.31           0.00    0    0    1    0    1    0    0    0    0    0    0    0    0    0
1          -0.07          -0.24    1    0    2    0    0    0    0    0    0    0    0    0    0    0
1           0.10          -0.21    0    0    1   -1    1    0    0   -1    0    0   -1    0    0    0
1          -0.01          -0.30    1    0    0   -2    2    0    0    0    0    0    0    0    0    0
1          -0.01           0.29    1    0   -2   -4   -1    0    0    0    0    0    0    0    0    0
1          -0.01          -0.29    1    1    2   -2    1    0    0    0    0    0    0    0    0    0
1           0.00           0.29    1    0   -2    1   -1    0    0    0    0    0    0    0    0    0
1           0.23           0.06    0    0    1   -1    1    0    0   -1    0   -1    0    0    0    0
1           0.26           0.02    0    0    0    0    0    0    0    0    0    2   -5    0    0    1
1           0.00          -0.27    2    0   -2   -2   -1    0    0    0    0    0    0    0    0    0
1           0.25           0.02    0    0    0    0    0    0    5   -8    0    0    0    0    0   -2
1           0.09          -0.18    0    1    0   -2    0    0    0    0    0    0    0    0    0    0
1           0.01           0.25    0    0    0    0    0    0    0    1    0    1    0    0    0    2
1           0.14          -0.11    1    1    0   -2    0    0    0    0    0    0    0    0    0    0
1           0.00          -0.25    1    1    0    0   -1    0    0    0    0    0    0    0    0    0
1           0.01           0.24    4    0    2    0    2    0    0    0    0    0    0    0    0    0
1          -0.01          -0.24    2    1    2   -2    2    0    0    0    0    0    0    0    0    0
1           0.00           0.23    2    0   -2   -4   -1    0    0    0    0    0    0    0    0    0
1           0.01           0.23    0    1    2    1    2    0    0    0    0    0    0    0    0    0
1          -0.01          -0.23    1    0    4   -2    2    0    0    0    0    0    0    0    0    0
1           0.00          -0.23    0    1    0    2    1    0    0    0    0    0    0    0    0    0
1           0.00          -0.22    1    0   -4    0   -1    0    0    0    0    0    0    0    0    0
1           0.00           0.21    1    0    0   -4   -1    0    0    0    0    0    0    0    0    0
1           0.01           0.21    2    0    2    2    1    0    0    0    0    0    0    0    0    0
1          -0.17           0.03    0    0    1   -1    1    0    0   -1    0    2    0    0    0    0
1          -0.17           0.03    0    0    0    0    0    0    8  -13    0    0    0    0    0   -2
1           0.00          -0.19    0    0    0    0    0    0    5   -7    0    0    0    0    0   -2
1           0.14          -0.06    0    0    0    0    0    0    0    0    0    0    2    0    0    1
1           0.03          -0.17    0    0    1   -1    1    0   -5    7    0    0    0    0    0    0
1          -0.13           0.06    0    0    1   -1    1    0    0   -1    0    0    2    0    0    0
1           0.00           0.19    0    0    2   -4    1    0    0    0    0    0    0    0    0    0
1           0.00           0.19    0    0    2   -3    2    0    0    0    0    0    0    0    0    0
1          -0.06          -0.13    1    0    2    0    2    0    0    1    0    0    0    0    0    0
1           0.00           0.18    0    1    0   -2   -1    0    0    0    0    0    0    0    0    0
1          -0.09          -0.09    1   -1    0    0    0    0    0    0    0    0    0    0    0    0
1           0.10          -0.09    0    0    0    0    0    0    0    8  -16    4    5    0    0   -2
1           0.06           0.12    1    0   -2    0   -2    0    0    4   -8    3    0    0    0    0
1           0.00           0.18    0    0    0    0    0    0    0    4    0   -2    0    0    0    2
1           0.00          -0.18    0    0    4    0    2    0    0    0    0    0    0    0    0    0
1           0.00           0.17    0    0    0    4    1    0    0    0    0    0    0    0    0    0
1          -0.03           0.15    0    0    0    0    0    0    0    2    0   -1    0    0    0    2
1          -0.01          -0.16    0    0    0    0    0    0    0    2    0    1    0    0    0    2
1           0.00           0.17    1    1   -2   -4   -2    0    0    0    0    0    0    0    0    0
1           0.00          -0.17    2    0    0   -2   -2    0    0    0    0    0    0    0    0    0
1           0.11           0.06    0    0    0    0    0    0    8  -11    0    0    0    0    0   -2
1           0.00          -0.17    3    0    2   -2    1    0    0    0    0    0    0    0    0    0
1          -0.08           0.09    1    0   -2    0    0    0    0    0    0    0    0    0    0    0
1          -0.17           0.00    0    0    0    0    0    0    2   -1    0    0    0    0    0    2
1           0.00          -0.16    0    0    4   -2    1    0    0    0    0    0    0    0    0    0
1           0.01           0.15    1    0    2    4    2    0    0    0    0    0    0    0    0    0
1          -0.13          -0.03    0    0    0    0    0    0    1   -1    0    0    0    0    0   -1
1           0.00           0.15    1    1   -2    0   -2    0    0    0    0    0    0    0    0    0
1           0.00           0.15    2    1    0   -2   -1    0    0    0    0    0    0    0    0    0
1          -0.13           0.03    0    0    0    0    0    0    4   -6    0    0    0    0    0   -1
1           0.10          -0.06    0    0    0    0    0    0    8  -15    0    0    0    0    0   -2
1          -0.07           0.08    0    0    0    0    0    0    0    1    2    0    0    0    0    2
1          -0.09          -0.06    0    0    0    0    0    0    0    3    0   -2    0    0    0    2
1           0.00           0.15    3    0    0    0   -1    0    0    0    0    0    0    0    0    0
1          -0.07          -0.08    0    0    0    0    0    0    0    3   -2    0    0    0    0    2
1           0.00          -0.14    2    0    0   -4   -1    0    0    0    0    0    0    0    0    0
1           0.02           0.12    0    0    0    0    0    0    0    0    0    3    0    0    0    2
1           0.07           0.08    1    1    0    0    0    0    0    0    0    0    0    0    0    0
1          -0.03          -0.11    3    0    0    0    0    0    0    0    0    0    0    0    0    0
1          -0.01          -0.14    0    0    0    0    0    0    0    4   -2    0    0    0    0    2
1           0.00          -0.14    0    0    2   -2    1    0   -3    3    0    0    0    0    0    0
1           0.02          -0.12    1    0    0   -1    1    0    0    0    0    0    0    0    0    0
1           0.00          -0.14    1    1    2    2    2    0    0    0    0    0    0    0    0    0
1           0.00           0.14    0    0    1   -1    1    0    0    3   -8    3    0    0    0    0
1           0.00           0.14    0    0    2   -1    1    0    0    0    0    0    0    0    0    0
1           0.00           0.13    0    0    2    4    1    0    0    0    0    0    0    0    0    0
1           0.08          -0.06    0    0    0    0    1    0    8  -13    0    0    0    0    0    0
1           0.00           0.13    1   -1    0   -2   -1    0    0    0    0    0    0    0    0    0
1           0.00           0.13    0    0    0    0    0    0    0    0    0    0    2    0    0    2
1           0.01           0.13    3    0    2    2    2    0    0    0    0    0    0    0    0    0
1           0.00           0.13    2    0    0    2    1    0    0    0    0    0    0    0    0    0
1           0.00           0.13    1   -1   -2    2   -1    0    0    0    0    0    0    0    0    0
1          -0.02          -0.11    2    0    0   -2    1    0    0   -2    0    3    0    0    0    0
1           0.08          -0.04    0    0    0    1    0    0    0    0    0    0    0    0    0    0
1           0.00           0.13    2    0    0   -4    1    0    0    0    0    0    0    0    0    0
1           0.00           0.13    1    0    0   -4    1    0    0    0    0    0    0    0    0    0
1           0.01          -0.12    2    1   -2    0   -1    0    0    0    0    0    0    0    0    0
1           0.00           0.12    0    2   -2   -2   -2    0    0    0    0    0    0    0    0    0
1          -0.02          -0.11    0    0    0    0    0    0    5   -8    0    0    0    0    0   -1
1           0.00          -0.12    2    0    2   -4    1    0    0    0    0    0    0    0    0    0
1           0.00          -0.12    0    0    0    0    0    0    0    8  -16    4    5    0    0    2
1           0.00          -0.12    0    0    1   -1    1    0    0   -5    8   -3    0    0    0    0
1           0.04           0.08    1    0    0    0   -1    0  -18   16    0    0    0    0    0    0
1           0.00          -0.12    0    0    0    0    0    0    0    1    0   -3    0    0    0   -2
1           0.00           0.12    1   -1    0   -2   -2    0    0    0    0    0    0    0    0    0
1           0.00          -0.12    0    0    0    2   -2    0    0    0    0    0    0    0    0    0
1           0.00          -0.11    0    0    0    0    0    0    6   -8    0    0    0    0    0   -2
1           0.03          -0.09    1    0    0   -4    0    0    0    0    0    0    0    0    0    0
1           0.00           0.11    0    2    0    0    1    0    0    0    0    0    0    0    0    0
1          -0.11           0.00    0    0    0    0    0    0    3   -2    0    0    0    0    0    2
1           0.00           0.11    1   -1    2    2    1    0    0    0    0    0    0    0    0    0
1           0.00          -0.11    1   -1   -2    0   -1    0    0    0    0    0    0    0    0    0
1           0.07           0.05    0    0    0    0    1    0   -8   13    0    0    0    0    0    0
1           0.11           0.00    0    0    0    0    0    0    2   -5    0    0    0    0    0   -2
1           0.00          -0.11    0    0    0    0    0    0    1   -3    0    0    0    0    0   -2
1           0.00          -0.11    4    0    2   -2    2    0    0    0    0    0    0    0    0    0
1           0.02          -0.09    0    0    0    0    1    0    0    0    0   -2    5    0    0    0
1           0.00           0.11    2    1   -2   -4   -2    0    0    0    0    0    0    0    0    0
1           0.02           0.09    0    0    0    0    1    0    0    0    0    2   -5    0    0    0
1           0.00          -0.11    0    2    2   -2    1    0    0    0    0    0    0    0    0    0
1           0.00           0.11    1    0    2    0   -1    0    0    0    0    0    0    0    0    0
1          -0.08          -0.02    0    0    0    0    1    0    0    0    0    1    0    0    0    0
1           0.00          -0.10    2    1    0   -2    1    0    0    0    0    0    0    0    0    0
1           0.00          -0.10    2   -1   -2    0   -1    0    0    0    0    0    0    0    0    0
1          -0.03          -0.07    1    0    0    0    1    0  -18   16    0    0    0    0    0    0
1           0.00           0.10    1    2   -2   -2   -2    0    0    0    0    0    0    0    0    0
1           0.00           0.10    2    0    0   -2    2    0    0    0    0    0    0    0    0    0
1           0.00          -0.10    1   -1   -2   -2   -1    0    0    0    0    0    0    0    0    0
2        2038.00          82.26    0    0    0    0    1    0    0    0    0    0    0    0    0    0
2         155.75          -2.70    0    0    2   -2    2    0    0    0    0    0    0    0    0    0
2          26.92          -0.45    0    0    2    0    2    0    0    0    0    0    0    0    0    0
2         -24.43           0.46    0    0    0    0    2    0    0    0    0    0    0    0    0    0
2         -17.36          -0.50    0    1    0    0    0    0    0    0    0    0    0    0    0    0
2          -8.41           0.01    1    0    0    0    0    0    0    0    0    0    0    0    0    0
2           6.08          -1.36    0    1    2   -2    2    0    0    0    0    0    0    0    0    0
2           4.59           0.17    0    0    2    0    1    0    0    0    0    0    0    0    0    0
2           3.57          -0.06    1    0    2    0    2    0    0    0    0    0    0    0    0    0
2           2.54           0.60    0    1   -2    2   -2    0    0    0    0    0    0    0    0    0
2           1.86           0.00    1    0    0   -2    0    0    0    0    0    0    0    0    0    0
2          -1.52          -0.07    0    0    2   -2    1    0    0    0    0    0    0    0    0    0
2           1.46           0.04    1    0   -2    0   -2    0    0    0    0    0    0    0    0    0
2          -0.75          -0.02    1    0    0    0    1    0    0    0    0    0    0    0    0    0
2          -0.75           0.00    0    0    0    2    0    0    0    0    0    0    0    0    0    0
2          -0.71          -0.01    1    0   -2   -2   -2    0    0    0    0    0    0    0    0    0
2          -0.69           0.02    1    0    0    0   -1    0    0    0    0    0    0    0    0    0
2           0.61           0.02    1    0    2    0    1    0    0    0    0    0    0    0    0    0
2           0.54          -0.04    2    0   -2    0   -1    0    0    0    0    0    0    0    0    0
2          -0.56           0.00    2    0    0   -2    0    0    0    0    0    0    0    0    0    0
2           0.46          -0.02    0    0    2    2    2    0    0    0    0    0    0    0    0    0
2           0.38          -0.01    0    2   -2    2   -2    0    0    0    0    0    0    0    0    0
2           0.37          -0.02    2    0    2    0    2    0    0    0    0    0    0    0    0    0
2          -0.34           0.01    1    0    2   -2    2    0    0    0    0    0    0    0    0    0
2          -0.35           0.00    2    0    0    0    0    0    0    0    0    0    0    0    0    0
2          -0.31           0.00    0    0    2    0    0    0    0    0    0    0    0    0    0    0
2           0.19          -0.09    0    2    2   -2    2    0    0    0    0    0    0    0    0    0
2           0.26           0.00    0    0    2   -2    0    0    0    0    0    0    0    0    0    0
2           0.24          -0.01    1    0   -2    0   -1    0    0    0    0    0    0    0    0    0
2          -0.20           0.00    0    2    0    0    0    0    0    0    0    0    0    0    0    0
2           0.18          -0.01    1    0    0   -2   -1    0    0    0    0    0    0    0    0    0
2           0.17           0.00    0    1    0    0    1    0    0    0    0    0    0    0    0    0
2           0.15           0.01    1    0    0   -2    1    0    0    0    0    0    0    0    0    0
2          -0.15           0.00    0    1    0    0   -1    0    0    0    0    0    0    0    0    0
2          -0.13           0.00    2    0   -2    0    0    0    0    0    0    0    0    0    0    0
2          -0.12           0.00    1    0   -2   -2   -1    0    0    0    0    0    0    0    0    0
3           1.76         -20.39    0    0    0    0    1    0    0    0    0    0    0    0    0    0
3           0.00          -1.27    0    0    2   -2    2    0    0    0    0    0    0    0    0    0
3           0.00          -0.22    0    0    2    0    2    0    0    0    0    0    0    0    0    0
3           0.00           0.20    0    0    0    0    2    0    0    0    0    0    0    0    0    0
4          -0.10          -0.02    0    0    0    0    1    0    0    0    0    0    0    0    0    0
