# Expression for the Y coordinate of the CIP in the GCRS based on the IAU2000A 
# precession-nutation model 
# 
# --------------------------------------------------------------------------------------------------------------
# 
# Y = polynomial part + non-polynomial part
# 
# --------------------------------------------------------------------------------------------------------------
# 
# --------------------------------------------------------------------------------------------------------------
# 
# Non-polynomial part (unit microarcsecond)
# (ARG being for various combination of the fundamental arguments of the nutation theory)
# 
#   Sum_i[b_{c,0})_i * cos(ARG) + b_{s,0})_i * sin(ARG)] 
# 
# + Sum_i)j=1,4 [b_{c,j})_i * t^j * cos(ARG) + b_{s,j})_i * sin(ARG)] * t^j]
# 
# The Table below provides the values for b_{s,j})_i and b_{c,j})_i
# 
# The expressions for the fundamental arguments appearing in columns 4 to 8 (luni-solar part) 
# and in columns 6 to 17 (planetary part) are those of the IERS Conventions 2000
# 
# --------------------------------------------------------------------------------------------------------------
# 
#     i    b_{s,j})_i      b_{c,j})_i    l    l'   F    D   Om L_Me L_Ve  L_E L_Ma  L_J L_Sa  L_U L_Ne  p_A
# 
# --------------------------------------------------------------------------------------------------------------
# 
0        1538.18     9205236.26    0    0    0    0    1    0    0    0    0    0    0    0    0    0
0        -458.66      573033.42    0    0    2   -2    2    0    0    0    0    0    0    0    0    0
0         137.41       97846.69    0    0    2    0    2    0    0    0    0    0    0    0    0    0
0         -29.05      -89618.24    0    0    0    0    2    0    0    0    0    0    0    0    0    0
0         -17.40       22438.42    0    1    2   -2    2    0    0    0    0    0    0    0    0    0
0          31.80       20069.50    0    0    2    0    1    0    0    0    0    0    0    0    0    0
0          36.70       12902.66    1    0    2    0    2    0    0    0    0    0    0    0    0    0
0         -13.20       -9592.72    0    1   -2    2   -2    0    0    0    0    0    0    0    0    0
0        -192.40        7387.02    0    1    0    0    0    0    0    0    0    0    0    0    0    0
0           3.92       -6918.22    0    0    2   -2    1    0    0    0    0    0    0    0    0    0
0           0.40       -5331.13    1    0   -2    0   -2    0    0    0    0    0    0    0    0    0
0          -0.90       -3323.89    1    0    0    0    1    0    0    0    0    0    0    0    0    0
0           7.50        3143.98    1    0    0    0   -1    0    0    0    0    0    0    0    0    0
0           7.80        2636.13    1    0    2    0    1    0    0    0    0    0    0    0    0    0
0          -6.60        2554.51    1    0   -2   -2   -2    0    0    0    0    0    0    0    0    0
0          -2.00       -2423.59    2    0   -2    0   -1    0    0    0    0    0    0    0    0    0
0           6.80        1645.01    0    0    2    2    2    0    0    0    0    0    0    0    0    0
0           0.00       -1387.00    0    2   -2    2   -2    0    0    0    0    0    0    0    0    0
0           5.90        1323.81    2    0    2    0    2    0    0    0    0    0    0    0    0    0
0          -0.30       -1233.89    1    0    2   -2    2    0    0    0    0    0    0    0    0    0
0           0.30       -1075.60    1    0   -2    0   -1    0    0    0    0    0    0    0    0    0
0          -4.48         852.85    0    1    0    0    1    0    0    0    0    0    0    0    0    0
0           0.10        -800.34    1    0    0   -2   -1    0    0    0    0    0    0    0    0    0
0          35.80        -674.99    1    0    0    0    0    0    0    0    0    0    0    0    0    0
0          -1.40         695.54    1    0    0   -2    1    0    0    0    0    0    0    0    0    0
0          -0.50         684.99    0    2    2   -2    2    0    0    0    0    0    0    0    0    0
0          -2.62         643.75    0    1    0    0   -1    0    0    0    0    0    0    0    0    0
0          -1.50         522.11    1    0   -2   -2   -1    0    0    0    0    0    0    0    0    0
0         273.50         164.70    0    0    1   -1    1    0    0   -1    0   -2    5    0    0    0
0           1.40         335.24    0    0    2    2    1    0    0    0    0    0    0    0    0    0
0           1.90         326.60    1    0    2    2    2    0    0    0    0    0    0    0    0    0
0           0.40         327.11    0    0    0    2    1    0    0    0    0    0    0    0    0    0
0          -0.50        -325.03    0    1    2    0    2    0    0    0    0    0    0    0    0    0
0          -0.40         307.03    0    1   -2    0   -2    0    0    0    0    0    0    0    0    0
0           0.50         304.17    2    0    0   -2   -1    0    0    0    0    0    0    0    0    0
0          -0.10        -304.46    1    0    2   -2    1    0    0    0    0    0    0    0    0    0
0          -0.40        -276.81    2    0    2   -2    2    0    0    0    0    0    0    0    0    0
0           0.90         272.05    0    0    0    2   -1    0    0    0    0    0    0    0    0    0
0           0.30         272.22    0    1   -2    2   -1    0    0    0    0    0    0    0    0    0
0           1.20         269.45    2    0    2    0    1    0    0    0    0    0    0    0    0    0
0           0.10        -220.67    2    0    0   -2    1    0    0    0    0    0    0    0    0    0
0         128.60         -77.10    0    0    0    0    0    0    0    0    0    2   -5    0    0   -1
0           0.10        -190.79    0    1    2   -2    1    0    0    0    0    0    0    0    0    0
0         167.90           0.00    0    1   -1    1   -1    0    0    0    0    0    0    0    0    0
0          -8.20        -123.48    1    0    0   -2    0    0    0    0    0    0    0    0    0    0
0           0.10         131.04    2    0   -2    0   -2    0    0    0    0    0    0    0    0    0
0           0.40         126.64    2    0    0    0   -1    0    0    0    0    0    0    0    0    0
0           2.90        -122.28    0    0    0    2    0    0    0    0    0    0    0    0    0    0
0           0.70         123.20    3    0    2    0    2    0    0    0    0    0    0    0    0    0
0           0.40         123.20    1   -1    2    0    2    0    0    0    0    0    0    0    0    0
0          -0.30         120.70    1    1   -2   -2   -2    0    0    0    0    0    0    0    0    0
0          -0.50         112.90    0    1   -2   -2   -2    0    0    0    0    0    0    0    0    0
0          -0.20        -112.94    2    0    0    0    1    0    0    0    0    0    0    0    0    0
0           0.20         107.31    1    0   -2    2   -1    0    0    0    0    0    0    0    0    0
0          -0.30        -106.20    1    1    2    0    2    0    0    0    0    0    0    0    0    0
0          31.90         -64.10    0    0    1   -1    1    0   -8   12    0    0    0    0    0    0
0           0.00          89.50    0    0    0    0    0    0    3   -5    0    0    0    0    0   -2
0          89.10           0.00    1    0   -1    0   -1    0    0    0    0    0    0    0    0    0
0           0.00          85.32    1    0    0    0    2    0    0    0    0    0    0    0    0    0
0          -0.20         -71.00    0    0    2    1    2    0    0    0    0    0    0    0    0    0
0           0.00         -70.01    1   -1    0   -1   -1    0    0    0    0    0    0    0    0    0
0          13.90         -55.30    1    0    0   -1    0    0    0    0    0    0    0    0    0    0
0           0.00          67.25    0    2   -2    2   -1    0    0    0    0    0    0    0    0    0
0           0.40          66.29    1    0    2    2    1    0    0    0    0    0    0    0    0    0
0          -0.40          64.70    1    0   -2   -4   -2    0    0    0    0    0    0    0    0    0
0           1.30         -60.90    2    0    0    0    0    0    0    0    0    0    0    0    0    0
0          -0.20         -60.92    1    0    0    0   -2    0    0    0    0    0    0    0    0    0
0           0.20         -59.20    2    0   -2   -2   -2    0    0    0    0    0    0    0    0    0
0           1.10         -55.55    0    0    2    0    0    0    0    0    0    0    0    0    0    0
0           0.00         -55.60    1    1    2   -2    2    0    0    0    0    0    0    0    0    0
0          -0.10         -52.69    2    0    2   -2    1    0    0    0    0    0    0    0    0    0
0          -0.20          51.80    2    0   -2   -4   -2    0    0    0    0    0    0    0    0    0
0           1.00         -49.51    1    0    0   -1   -1    0    0    0    0    0    0    0    0    0
0           0.00          50.50    0    0    0    0    0    0    0    0    0    2    0    0    0    2
0           2.50          47.70    2    0    0   -2    0    0    0    0    0    0    0    0    0    0
0           0.10          49.59    1    0    0    2    1    0    0    0    0    0    0    0    0    0
0           0.10         -49.00    1    0   -4    0   -2    0    0    0    0    0    0    0    0    0
0         -23.20          24.60    0    0    0    0    1    0    0   -1    2    0    0    0    0    0
0           0.40          46.50    2    0    2    2    2    0    0    0    0    0    0    0    0    0
0          -0.10         -44.04    0    0    2   -2   -1    0    0    0    0    0    0    0    0    0
0          -0.10         -42.19    0    1    2    0    1    0    0    0    0    0    0    0    0    0
0          13.30          26.90    0    0    0    0    0    0    8  -13    0    0    0    0    0   -1
0          -0.10         -39.90    3    0    2   -2    2    0    0    0    0    0    0    0    0    0
0          -0.10         -39.50    0    0    4   -2    2    0    0    0    0    0    0    0    0    0
0           0.00         -39.11    1    1    0   -2   -1    0    0    0    0    0    0    0    0    0
0          -0.10         -38.92    2    0   -2    0    1    0    0    0    0    0    0    0    0    0
0           0.10          36.95    0    0    2    0   -1    0    0    0    0    0    0    0    0    0
0          -0.10          34.59    0    1   -2    0   -1    0    0    0    0    0    0    0    0    0
0           0.20         -32.55    0    1    0    0    2    0    0    0    0    0    0    0    0    0
0          -0.10          31.61    1    1    0   -2    1    0    0    0    0    0    0    0    0    0
0           0.00          30.40    0    0    2   -1    2    0    0    0    0    0    0    0    0    0
0           0.20          29.40    0    0    2    4    2    0    0    0    0    0    0    0    0    0
0           0.00         -27.91    1   -1    0    0    1    0    0    0    0    0    0    0    0    0
0           0.10          27.50    1    0    0    2   -1    0    0    0    0    0    0    0    0    0
0         -25.70          -1.70    0    0    1   -1    1    0    0   -1    0    2   -5    0    0    0
0          19.90           5.90    0    0    0    0    0    0    0    2   -8    3    0    0    0   -2
0           0.00          25.80    1   -1    0   -1   -2    0    0    0    0    0    0    0    0    0
0           0.20          25.20    1   -1    2    2    2    0    0    0    0    0    0    0    0    0
0           0.00         -25.31    0    1    0    0   -2    0    0    0    0    0    0    0    0    0
0           0.20          25.00    3    0    2    0    1    0    0    0    0    0    0    0    0    0
0          -0.10          24.40    1    0    2   -4    1    0    0    0    0    0    0    0    0    0
0           0.10         -24.40    1   -1   -2   -2   -2    0    0    0    0    0    0    0    0    0
0         -23.30           0.90    0    0    2   -2    1    0   -5    6    0    0    0    0    0    0
0          -0.10          24.00    1    1   -2   -2   -1    0    0    0    0    0    0    0    0    0
0         -18.00          -5.30    0    0    0    0    0    0    0    6   -8    3    0    0    0    2
0          -0.10         -22.80    0    1    2    2    2    0    0    0    0    0    0    0    0    0
0          -0.10          22.50    0    1   -2   -2   -1    0    0    0    0    0    0    0    0    0
0           0.10          21.60    1   -1    2    0    1    0    0    0    0    0    0    0    0    0
0           0.00         -21.30    0    0    0    0    0    0    4   -6    0    0    0    0    0   -2
0           0.10          20.70    2   -1    2    0    2    0    0    0    0    0    0    0    0    0
0           0.70         -20.10    0    0    0    0    0    0    0    3    0   -1    0    0    0    2
0           0.00          20.51    0    0    0    1    1    0    0    0    0    0    0    0    0    0
0          15.90          -4.50    0    0    0    0    1    0    0   -4    8   -3    0    0    0    0
0           0.20         -19.94    1    0    0    2    0    0    0    0    0    0    0    0    0    0
0           0.00          20.11    0    0    0    2    2    0    0    0    0    0    0    0    0    0
0          15.60           4.40    0    0    0    0    1    0    0    4   -8    3    0    0    0    0
0           0.00         -20.00    1   -1   -2    0   -2    0    0    0    0    0    0    0    0    0
0           0.00          19.80    0    0    0    0    0    0    2   -4    0    0    0    0    0   -2
0           0.00          18.91    1    1    0    0    1    0    0    0    0    0    0    0    0    0
0           4.30         -14.60    0    0    1   -1    1    0    0    0   -2    0    0    0    0    0
0          -0.10         -18.50    1    1    2    0    1    0    0    0    0    0    0    0    0    0
0          -0.10          18.40    0    1    0   -2    1    0    0    0    0    0    0    0    0    0
0           0.00          18.10    0    3    2   -2    2    0    0    0    0    0    0    0    0    0
0           1.00          16.81    0    2    0    0    0    0    0    0    0    0    0    0    0    0
0          -0.10         -17.60    2    1    2    0    2    0    0    0    0    0    0    0    0    0
0         -17.60           0.00    1    0   -1    0   -2    0    0    0    0    0    0    0    0    0
0          -1.30         -16.26    0    0    2   -2    0    0    0    0    0    0    0    0    0    0
0           0.00         -17.41    0    0    0    1   -1    0    0    0    0    0    0    0    0    0
0          14.50          -2.70    0    0    0    0    0    0    0    0    0    2    0    0    0    1
0           0.00          17.08    1    0    0   -2   -2    0    0    0    0    0    0    0    0    0
0           0.00          16.21    1   -1    0    0   -1    0    0    0    0    0    0    0    0    0
0           0.00         -16.00    0    0    0    0    0    0    2    0    0    0    0    0    0    2
0           0.00         -15.31    1    0   -2    2   -2    0    0    0    0    0    0    0    0    0
0           0.00         -15.10    2    0    0   -2   -1    0    0   -2    0    2    0    0    0    0
0           0.00          14.70    0    0    0    0    0    0    1    1    0    0    0    0    0    2
0           0.00          14.40    1    0    2   -1    2    0    0    0    0    0    0    0    0    0
0          -0.10         -14.30    1    0    2    1    2    0    0    0    0    0    0    0    0    0
0           0.00         -14.40    0    0    2    1    1    0    0    0    0    0    0    0    0    0
0           0.00         -13.81    1    0   -2    0    1    0    0    0    0    0    0    0    0    0
0           4.50          -9.30    0    0    1   -1    1    0    0   -1    0    0   -1    0    0    0
0         -13.80           0.00    0    0    1    0    1    0    0    0    0    0    0    0    0    0
0           0.00         -13.38    1    0    0   -2    2    0    0    0    0    0    0    0    0    0
0          -0.10          13.10    1    0   -2   -4   -1    0    0    0    0    0    0    0    0    0
0          10.30           2.70    0    0    1   -1    1    0    0   -1    0   -1    0    0    0    0
0           0.00          12.80    1    0   -2    1   -1    0    0    0    0    0    0    0    0    0
0           0.00         -12.80    1    1    2   -2    1    0    0    0    0    0    0    0    0    0
0          11.70           0.80    0    0    0    0    0    0    0    0    0    2   -5    0    0    1
0           0.00         -12.00    2    0   -2   -2   -1    0    0    0    0    0    0    0    0    0
0          11.30           0.50    0    0    0    0    0    0    5   -8    0    0    0    0    0   -2
0           0.00          11.40    0    0    0    0    0    0    0    1    0    1    0    0    0    2
0           0.00         -11.20    1    1    0    0   -1    0    0    0    0    0    0    0    0    0
0           0.10          10.90    4    0    2    0    2    0    0    0    0    0    0    0    0    0
0           0.10         -10.77    1    0    2    0    0    0    0    0    0    0    0    0    0    0
0           0.00         -10.80    2    1    2   -2    2    0    0    0    0    0    0    0    0    0
0          -0.20          10.47    2    0   -2    0    0    0    0    0    0    0    0    0    0    0
0           0.00          10.50    2    0   -2   -4   -1    0    0    0    0    0    0    0    0    0
0           0.00         -10.40    1    0    4   -2    2    0    0    0    0    0    0    0    0    0
0           0.00          10.40    0    1    2    1    2    0    0    0    0    0    0    0    0    0
0           0.00         -10.20    0    1    0    2    1    0    0    0    0    0    0    0    0    0
0           0.00         -10.00    1    0   -4    0   -1    0    0    0    0    0    0    0    0    0
0           0.00           9.60    1    0    0   -4   -1    0    0    0    0    0    0    0    0    0
0           0.10           9.40    2    0    2    2    1    0    0    0    0    0    0    0    0    0
0          -7.60           1.70    0    0    0    0    0    0    8  -13    0    0    0    0    0   -2
0          -7.70           1.40    0    0    1   -1    1    0    0   -1    0    2    0    0    0    0
0           1.40          -7.50    0    0    1   -1    1    0   -5    7    0    0    0    0    0    0
0           6.10          -2.70    0    0    0    0    0    0    0    0    0    0    2    0    0    1
0           0.00          -8.70    0    0    0    0    0    0    5   -7    0    0    0    0    0   -2
0          -5.90           2.60    0    0    1   -1    1    0    0   -1    0    0    2    0    0    0
0           0.00           8.40    0    0    2   -4    1    0    0    0    0    0    0    0    0    0
0          -0.20          -8.11    0    1    0   -2    0    0    0    0    0    0    0    0    0    0
0          -2.60          -5.70    1    0    2    0    2    0    0    1    0    0    0    0    0    0
0           0.00           8.30    0    0    2   -3    2    0    0    0    0    0    0    0    0    0
0           2.70           5.50    1    0   -2    0   -2    0    0    4   -8    3    0    0    0    0
0           4.20          -4.00    0    0    0    0    0    0    0    8  -16    4    5    0    0   -2
0          -0.10           8.00    0    0    0    0    0    0    0    4    0   -2    0    0    0    2
0           0.00           8.09    0    1    0   -2   -1    0    0    0    0    0    0    0    0    0
0          -1.30           6.70    0    0    0    0    0    0    0    2    0   -1    0    0    0    2
0           0.00          -7.90    0    0    4    0    2    0    0    0    0    0    0    0    0    0
0           0.00           7.80    0    0    0    4    1    0    0    0    0    0    0    0    0    0
0          -7.50          -0.20    0    0    0    0    0    0    2   -1    0    0    0    0    0    2
0          -0.50          -7.20    0    0    0    0    0    0    0    2    0    1    0    0    0    2
0           4.90           2.70    0    0    0    0    0    0    8  -11    0    0    0    0    0   -2
0           0.00           7.50    1    1   -2   -4   -2    0    0    0    0    0    0    0    0    0
0           0.00          -7.50    3    0    2   -2    1    0    0    0    0    0    0    0    0    0
0           0.00          -7.49    2    0    0   -2   -2    0    0    0    0    0    0    0    0    0
0           0.00          -7.20    0    0    4   -2    1    0    0    0    0    0    0    0    0    0
0           0.10           6.90    1    0    2    4    2    0    0    0    0    0    0    0    0    0
0          -5.60           1.40    0    0    0    0    0    0    4   -6    0    0    0    0    0   -1
0          -5.70          -1.30    0    0    0    0    0    0    1   -1    0    0    0    0    0   -1
0           0.00           6.90    2    1    0   -2   -1    0    0    0    0    0    0    0    0    0
0           4.20          -2.70    0    0    0    0    0    0    8  -15    0    0    0    0    0   -2
0           0.00           6.90    1    1   -2    0   -2    0    0    0    0    0    0    0    0    0
0          -3.10           3.70    0    0    0    0    0    0    0    1    2    0    0    0    0    2
0          -3.90          -2.90    0    0    0    0    0    0    0    3    0   -2    0    0    0    2
0           0.00           6.60    3    0    0    0   -1    0    0    0    0    0    0    0    0    0
0          -3.10          -3.50    0    0    0    0    0    0    0    3   -2    0    0    0    0    2
0           1.10          -5.39    1    0    0   -1    1    0    0    0    0    0    0    0    0    0
0           0.00          -6.40    2    0    0   -4   -1    0    0    0    0    0    0    0    0    0
0           0.90           5.50    0    0    0    0    0    0    0    0    0    3    0    0    0    2
0           0.00          -6.30    0    0    2   -2    1    0   -3    3    0    0    0    0    0    0
0          -0.10          -6.20    0    0    0    0    0    0    0    4   -2    0    0    0    0    2
0           0.00          -6.10    1    1    2    2    2    0    0    0    0    0    0    0    0    0
0           0.00           6.10    0    0    1   -1    1    0    0    3   -8    3    0    0    0    0
0           0.00           6.10    0    0    2   -1    1    0    0    0    0    0    0    0    0    0
0           3.50          -2.50    0    0    0    0    1    0    8  -13    0    0    0    0    0    0
0           0.00           6.00    0    0    2    4    1    0    0    0    0    0    0    0    0    0
0           0.00           5.90    1   -1    0   -2   -1    0    0    0    0    0    0    0    0    0
0          -0.90          -4.80    2    0    0   -2    1    0    0   -2    0    3    0    0    0    0
0           0.00           5.70    1   -1   -2    2   -1    0    0    0    0    0    0    0    0    0
0           0.10           5.60    3    0    2    2    2    0    0    0    0    0    0    0    0    0
0           0.00           5.70    0    0    0    0    0    0    0    0    0    0    2    0    0    2
0           0.00           5.70    2    0    0    2    1    0    0    0    0    0    0    0    0    0
0           0.00           5.60    2    0    0   -4    1    0    0    0    0    0    0    0    0    0
0           0.00           5.60    1    0    0   -4    1    0    0    0    0    0    0    0    0    0
0           0.20          -5.40    2    1   -2    0   -1    0    0    0    0    0    0    0    0    0
0          -0.90          -4.70    0    0    0    0    0    0    5   -8    0    0    0    0    0   -1
0          -0.40          -5.10    1    1    0   -2    0    0    0    0    0    0    0    0    0    0
0           0.00           5.50    0    2   -2   -2   -2    0    0    0    0    0    0    0    0    0
0           0.00          -5.40    2    0    2   -4    1    0    0    0    0    0    0    0    0    0
0           0.00          -5.40    0    0    0    0    0    0    0    8  -16    4    5    0    0    2
0           1.80           3.60    1    0    0    0   -1    0  -18   16    0    0    0    0    0    0
0           0.00           5.30    1   -1    0   -2   -2    0    0    0    0    0    0    0    0    0
0           0.00          -5.30    0    0    1   -1    1    0    0   -5    8   -3    0    0    0    0
0           0.00          -5.20    0    0    0    0    0    0    0    1    0   -3    0    0    0   -2
0           0.00          -5.19    0    0    0    2   -2    0    0    0    0    0    0    0    0    0
0           3.00           2.10    0    0    0    0    1    0   -8   13    0    0    0    0    0    0
0           0.00          -5.10    0    0    0    0    0    0    6   -8    0    0    0    0    0   -2
0           0.00           5.07    0    2    0    0    1    0    0    0    0    0    0    0    0    0
0           0.90          -4.10    0    0    0    0    1    0    0    0    0   -2    5    0    0    0
0          -5.00           0.00    0    0    0    0    0    0    3   -2    0    0    0    0    0    2
0           0.00          -5.00    3    0    0    0    0    0    0    0    0    0    0    0    0    0
0           0.00           5.00    1   -1    2    2    1    0    0    0    0    0    0    0    0    0
0           0.00          -5.00    1   -1   -2    0   -1    0    0    0    0    0    0    0    0    0
0           0.00          -4.90    4    0    2   -2    2    0    0    0    0    0    0    0    0    0
0           4.90           0.00    0    0    0    0    0    0    2   -5    0    0    0    0    0   -2
0           0.00          -4.90    0    0    0    0    0    0    1   -3    0    0    0    0    0   -2
0           0.90           3.90    0    0    0    0    1    0    0    0    0    2   -5    0    0    0
0           0.00           4.80    2    1   -2   -4   -2    0    0    0    0    0    0    0    0    0
0          -3.70          -1.10    0    0    0    0    1    0    0    0    0    1    0    0    0    0
0           0.00          -4.72    0    2    2   -2    1    0    0    0    0    0    0    0    0    0
0           0.00           4.71    1    0    2    0   -1    0    0    0    0    0    0    0    0    0
0           0.00          -4.50    2    1    0   -2    1    0    0    0    0    0    0    0    0    0
0          -1.50          -3.00    1    0    0    0    1    0  -18   16    0    0    0    0    0    0
0           0.00          -4.50    2   -1   -2    0   -1    0    0    0    0    0    0    0    0    0
0           0.30          -4.11    1   -1    0    0    0    0    0    0    0    0    0    0    0    0
0           0.00           4.40    1    2   -2   -2   -2    0    0    0    0    0    0    0    0    0
0           0.00          -4.40    1   -1   -2   -2   -1    0    0    0    0    0    0    0    0    0
0           0.00           4.39    2    0    0   -2    2    0    0    0    0    0    0    0    0    0
0           0.00          -4.30    3    0    0    0    1    0    0    0    0    0    0    0    0    0
0           0.00           4.30    2    0   -2    2   -1    0    0    0    0    0    0    0    0    0
0           0.00          -4.30    0    1    2    2    1    0    0    0    0    0    0    0    0    0
0           0.20           4.03    1    0   -2    0    0    0    0    0    0    0    0    0    0    0
0           0.20           4.00    0    2   -2    0   -2    0    0    0    0    0    0    0    0    0
0          -0.60           3.50    0    0    1   -1    1    0    0   -1    0    0    1    0    0    0
0           0.00           4.10    3    0   -2    0   -1    0    0    0    0    0    0    0    0    0
0           0.00           4.00    1    0   -4    2   -2    0    0    0    0    0    0    0    0    0
0           0.00          -4.00    0    1   -2    1   -2    0    0    0    0    0    0    0    0    0
0           0.00          -3.91    1    0    0   -4    0    0    0    0    0    0    0    0    0    0
0           1.90           2.00    0    0    0    0    1    0    0    1   -2    0    0    0    0    0
0           0.00           3.90    2   -1    2    2    2    0    0    0    0    0    0    0    0    0
0           0.00           3.90    0    1   -2   -4   -2    0    0    0    0    0    0    0    0    0
0           0.00          -3.90    1    0   -2   -3   -2    0    0    0    0    0    0    0    0    0
0           3.10          -0.80    0    0    0    0    0    0    2   -4    0    0    0    0    0   -1
0           0.00           3.90    2   -1    2    0    1    0    0    0    0    0    0    0    0    0
0           0.00           3.90    2    0    0    0    2    0    0    0    0    0    0    0    0    0
0           0.00           3.80    0    0    0    0    0    0    0    2    0    0    0    0    0    2
0          -0.20           3.51    1    1    0    0    0    0    0    0    0    0    0    0    0    0
0           0.00          -3.60    1    0   -2   -1   -2    0    0    0    0    0    0    0    0    0
0          -2.10           1.50    0    0    0    0    0    0    0    1    0    2    0    0    0    2
0           0.00          -3.60    1    1   -2    1   -1    0    0    0    0    0    0    0    0    0
0           0.70           2.80    0    0    0    0    0    0    3   -7    0    0    0    0    0   -2
0          -2.80           0.70    0    0    0    0    0    0    0    0    0    1    0    0    0   -1
0           0.00          -3.50    0    0    0    0    0    0    0    2    0    0    0    0    0    0
0          -2.90          -0.60    0    0    0    0    0    0    2   -2    0    0    0    0    0   -1
0           0.00          -3.40    1   -1    0   -2    1    0    0    0    0    0    0    0    0    0
0           0.00           3.40    2    0   -4    0   -2    0    0    0    0    0    0    0    0    0
0           0.00           3.36    0    0    2    0    3    0    0    0    0    0    0    0    0    0
0           0.50           2.80    2    0    0   -2   -1    0    0   -2    0    3    0    0    0    0
0           2.60          -0.70    0    0    0    0    0    0    3   -5    0    0    0    0    0   -1
0           1.00          -2.30    0    0    0    0    0    0    0    0    0    1    0    0    0    2
0           0.00          -3.30    2    1    2    0    1    0    0    0    0    0    0    0    0    0
0           0.00           3.30    1    1   -2    0   -1    0    0    0    0    0    0    0    0    0
0           0.00           3.23    0    2    0    0   -1    0    0    0    0    0    0    0    0    0
0           0.00           3.20    1   -1    2   -2    2    0    0    0    0    0    0    0    0    0
0           0.00          -3.20    0    2    2    0    2    0    0    0    0    0    0    0    0    0
0           0.00          -3.20    0    0    0    0    0    0    7   -9    0    0    0    0    0   -2
0           0.00           3.20    0    0    0    0    0    0    0    0    2    0    0    0    0    2
0           2.90          -0.30    0    0    0    0    0    0    0    0    0    1    0    0    0    1
0           0.08           3.05    0    0    2   -2    3    0    0    0    0    0    0    0    0    0
0          -0.70          -2.40    0    0    0    0    0    0    3   -3    0    0    0    0    0    2
0           0.00          -3.08    1    0    2   -4    2    0    0    0    0    0    0    0    0    0
0           0.00           3.00    2    0    2   -1    2    0    0    0    0    0    0    0    0    0
0          -1.60           1.40    1    0    0   -1    1    0    0   -1    0    2    0    0    0    0
0          -2.90          -0.10    0    0    0    0    0    0    4   -7    0    0    0    0    0   -2
0           0.00          -2.90    2    0    0   -2    1    0    0   -2    0    2    0    0    0    0
0          -2.50           0.40    0    0    1   -1    1    0    0   -2    2    0    0    0    0    0
0           0.40          -2.50    0    0    0    0    0    0    0    0    0    0    1    0    0    1
0           0.00          -2.90    1    0    2    1    1    0    0    0    0    0    0    0    0    0
0           0.00           2.89    0    1   -2    2    0    0    0    0    0    0    0    0    0    0
0           0.00          -2.80    2    1   -2   -2   -2    0    0    0    0    0    0    0    0    0
0          -2.50           0.30    0    0    1   -1    1    0    0   -1    0    1    0    0    0    0
0          -2.50          -0.30    0    0    0    0    0    0    0    1   -2    0    0    0    0   -1
0           0.00          -2.70    0    0    2   -2    1    0    0   -2    0    2    0    0    0    0
0           2.70           0.00    1    0   -1    0   -3    0    0    0    0    0    0    0    0    0
0           0.00          -2.60    0    1    0    1    1    0    0    0    0    0    0    0    0    0
0           0.00          -2.60    0    1    0    2   -1    0    0    0    0    0    0    0    0    0
0           0.00           2.60    3   -1    2    0    2    0    0    0    0    0    0    0    0    0
0           2.10           0.50    0    0    1   -1    1    0   -3    4    0    0    0    0    0    0
0           0.00           2.50    0    1    0    1   -1    0    0    0    0    0    0    0    0    0
0           0.80           1.70    0    0    0    0    0    0    0    0    0    0    1    0    0   -1
0           1.90          -0.60    0    0    0    0    0    0    0    6  -16    4    5    0    0   -2
0           0.00          -2.50    2    0    0    0   -2    0    0    0    0    0    0    0    0    0
0           0.00          -2.40    2    0    0    2    0    0    0    0    0    0    0    0    0    0
0           0.00           2.40    2    0    0    2   -1    0    0    0    0    0    0    0    0    0
0           0.00          -2.40    1    1   -2    2   -1    0    0    0    0    0    0    0    0    0
0           0.00           2.40    1    0    2   -3    1    0    0    0    0    0    0    0    0    0
0          -1.90           0.50    0    0    0    0    0    0    5   -7    0    0    0    0    0   -1
0          -0.10          -2.30    2    0    0   -4    0    0    0    0    0    0    0    0    0    0
0           0.00           2.30    1    1    2   -4    1    0    0    0    0    0    0    0    0    0
0           0.00          -2.30    3    1    2    0    2    0    0    0    0    0    0    0    0    0
0          -1.40           0.90    0    0    0    0    0    0    0    0    4    0    0    0    0    2
0          -0.10          -2.20    0    0    0    0    0    0    8  -10    0    0    0    0    0   -2
0          -0.20          -2.00    0    0    0    1    0    0    0    0    0    0    0    0    0    0
0           0.00           2.20    1   -2    2    0    2    0    0    0    0    0    0    0    0    0
0           0.00          -2.20    2   -1    2   -2    2    0    0    0    0    0    0    0    0    0
0           0.00           2.20    1    1    2    1    2    0    0    0    0    0    0    0    0    0
0           0.00           2.20    0    0    0    0    0    0    0    2   -4    0    0    0    0   -2
0          -1.80          -0.40    0    0    0    0    0    0    3   -3    0    0    0    0    0   -1
0           0.00           2.20    0    1    2    1    1    0    0    0    0    0    0    0    0    0
0           0.00           2.20    4    0    2    0    1    0    0    0    0    0    0    0    0    0
0          -1.70           0.40    0    0    0    0    0    0    1   -1    0    0    0    0    0    1
0          -0.80          -1.30    0    0    0    0    0    0    0    5   -4    0    0    0    0    2
0          -1.30          -0.80    0    0    0    0    0    0    0    4   -4    0    0    0    0    2
0           0.00           2.10    1    0   -2    1   -2    0    0    0    0    0    0    0    0    0
0           0.00           2.10    1   -1    2   -2    1    0    0    0    0    0    0    0    0    0
0           0.00          -2.10    1    0    4   -2    1    0    0    0    0    0    0    0    0    0
0           0.00          -2.10    2    1    2   -2    1    0    0    0    0    0    0    0    0    0
0           0.00           2.10    1    0    2   -1    1    0    0    0    0    0    0    0    0    0
0           0.00          -2.00    1    0    2   -2   -1    0    0    0    0    0    0    0    0    0
0           0.00           2.00    1    0   -2    2    1    0    0    0    0    0    0    0    0    0
0           0.00           2.00    1   -1    0    2   -1    0    0    0    0    0    0    0    0    0
0           0.00           2.00    2   -2    0   -2   -1    0    0    0    0    0    0    0    0    0
0           0.00          -2.00    1    2    2   -2    2    0    0    0    0    0    0    0    0    0
0           2.00           0.00    0    0    0    0    0    0    6   -9    0    0    0    0    0   -2
0           1.10          -0.90    0    0    0    0    0    0    0    0    0    2   -5    0    0   -2
0           1.60          -0.40    0    0    0    0    0    0    1   -3    0    0    0    0    0   -1
0           0.00          -1.91    1    0   -2   -2    0    0    0    0    0    0    0    0    0    0
0           0.00          -1.90    0    0    0    4    0    0    0    0    0    0    0    0    0    0
0           0.00           1.90    0    0    4   -4    2    0    0    0    0    0    0    0    0    0
0           0.00          -1.90    3    0   -2   -2   -2    0    0    0    0    0    0    0    0    0
0           0.00           1.90    2   -1    0   -2    1    0    0    0    0    0    0    0    0    0
0           1.50           0.40    0    0    1   -1    1    0   -4    5    0    0    0    0    0    0
0          -1.50          -0.40    0    0    0    0    0    0    0    2    0    0    0    0    0    1
0          -1.40          -0.50    0    0    1   -1    1    0    0   -1    0   -4   10    0    0    0
0          -1.00           0.90    0    0    1   -1    1    0    0   -1    0    0    0    0    2    0
0           0.00          -1.90    2    0    2    1    2    0    0    0    0    0    0    0    0    0
0          -0.30           1.60    0    0    0    0    0    0    0    4    0   -3    0    0    0    2
0           0.00           1.90    0    0    0    4   -1    0    0    0    0    0    0    0    0    0
0           0.00           1.90    1   -1    0    2    1    0    0    0    0    0    0    0    0    0
0           0.00          -1.80    2   -1    0    0    1    0    0    0    0    0    0    0    0    0
0           0.00          -1.80    2    0   -4   -2   -2    0    0    0    0    0    0    0    0    0
0          -1.10           0.70    0    0    0    0    0    0    0    2   -4    0    0    0    0   -1
0           0.20          -1.60    0    0    0    0    0    0    2   -3    0    0    0    0    0   -1
0           0.00           1.80    2    0   -2   -6   -2    0    0    0    0    0    0    0    0    0
0           0.00          -1.71    0    0    2    2    0    0    0    0    0    0    0    0    0    0
0          -1.20          -0.50    0    0    2   -2    1    0    0   -9   13    0    0    0    0    0
0           1.50           0.20    0    0    1    1    1    0    0    1    0    0    0    0    0    0
0          -0.60          -1.10    1    0    2    0    1    0    0   -2    0    3    0    0    0    0
0           0.60           1.10    1    0   -2    0   -1    0    0   -1    0    0    0    0    0    0
0          -0.60          -1.10    0    0    0    0    0    0    0    4   -3    0    0    0    0    2
0          -1.10           0.60    0    0    0    0    1    0    0   -2    4    0    0    0    0    0
0          -1.70           0.00    0    0    0    0    1    0    2   -3    0    0    0    0    0    0
0           0.00           1.60    0    1   -2    2    1    0    0    0    0    0    0    0    0    0
0           0.00          -1.60    2    0    4   -2    2    0    0    0    0    0    0    0    0    0
0           0.00          -1.60    0    0    2    3    2    0    0    0    0    0    0    0    0    0
0           1.20          -0.40    0    0    0    0    0    0    0    0    0    3    0    0    0    1
0          -0.50          -1.10    2    0    2    0    2    0    0    2    0   -3    0    0    0    0
0           0.60           1.00    0    0    0    0    0    0    0    3   -6    0    0    0    0   -2
0          -1.30          -0.30    0    0    0    0    0    0    4   -4    0    0    0    0    0   -1
0           0.30          -1.30    0    0    0    0    0    0    0    1   -2    0    0    0    0    1
0           0.00           1.60    1    0    0    4    1    0    0    0    0    0    0    0    0    0
0           0.00          -1.60    1    1    0    2    1    0    0    0    0    0    0    0    0    0
0           0.00          -1.60    0    0    4    0    1    0    0    0    0    0    0    0    0    0
0           1.10          -0.50    0    0    1   -1    2    0    0   -1    0    0    2    0    0    0
0           0.00          -1.50    1   -1    0    2    0    0    0    0    0    0    0    0    0    0
0           0.00          -1.50    0    1    2   -2   -1    0    0    0    0    0    0    0    0    0
0           0.00           1.50    2   -1    0    0   -1    0    0    0    0    0    0    0    0    0
0           0.00          -1.50    1    0    0    1   -1    0    0    0    0    0    0    0    0    0
0           0.00          -1.50    1    2    0   -2   -1    0    0    0    0    0    0    0    0    0
0           1.50           0.00    1    0    0   -1    1    0   -3    4    0    0    0    0    0    0
0           0.00          -1.50    0    1    4   -2    2    0    0    0    0    0    0    0    0    0
0           1.30          -0.20    0    0    0    0    1    0    0    0    0    0    1    0    0    0
0           0.00          -1.50    0    0    0    0    0    0    9  -11    0    0    0    0    0   -2
0          -1.20          -0.30    0    0    0    0    0    0    1    1    0    0    0    0    0    1
0          -1.40           0.10    0    0    0    0    0    0    0    4    0   -1    0    0    0    2
0          -0.50           1.00    0    0    2    0    2    0    0    1    0    0    0    0    0    0
0          -0.50           1.00    0    0    0    0    0    0    0    1   -8    3    0    0    0   -2
0           0.20          -1.30    0    0    0    0    0    0    0    1    0   -4    0    0    0   -2
0           0.00           1.50    1    1   -2   -4   -1    0    0    0    0    0    0    0    0    0
0           0.00           1.50    1    0    0   -1   -2    0    0    0    0    0    0    0    0    0
0           0.00           1.50    0    0    0    0    1    0    1   -1    0    0    0    0    0    0
0           0.00           1.49    2    0    2   -4    2    0    0    0    0    0    0    0    0    0
0           0.00          -1.41    2    0    2    0    0    0    0    0    0    0    0    0    0    0
0           0.00           1.41    0    1    0    2    0    0    0    0    0    0    0    0    0    0
0           0.00          -1.40    0    0    2   -3    1    0    0    0    0    0    0    0    0    0
0           0.00          -1.40    1   -2   -2   -2   -2    0    0    0    0    0    0    0    0    0
0           0.00           1.40    1    0   -2   -6   -2    0    0    0    0    0    0    0    0    0
0           0.00          -1.40    0    0    2   -2    1    0   -4    4    0    0    0    0    0    0
0           1.10          -0.30    0    0    1   -1    1    0   -1    0    0    0    0    0    0    0
0           0.00          -1.40    3    0   -2   -2   -1    0    0    0    0    0    0    0    0    0
0           0.00           1.40    1    0    2    4    1    0    0    0    0    0    0    0    0    0
0           1.40           0.00    0    0    1    0    2    0    0    0    0    0    0    0    0    0
0          -0.30           1.10    0    0    0    0    1    0   -3    5    0    0    0    0    0    0
0           0.20           1.20    2   -1    0   -2    0    0    0    0    0    0    0    0    0    0
0          -1.30           0.00    1    0    0   -1   -1    0   -3    4    0    0    0    0    0    0
0           0.00          -1.30    1   -1   -2   -4   -2    0    0    0    0    0    0    0    0    0
0           0.00           1.30    1   -2    2    2    2    0    0    0    0    0    0    0    0    0
0          -0.70          -0.60    0    0    1   -1    1    0    8  -14    0    0    0    0    0    0
0          -0.80           0.50    0    0    1   -1    1    0    3   -6    0    0    0    0    0    0
0          -0.20          -1.10    0    0    0    0    0    0    6  -10    0    0    0    0    0   -2
0           1.10           0.20    0    0    0    0    0    0    0    2    0   -2    0    0    0    1
0           0.00          -1.30    3    1    2   -2    2    0    0    0    0    0    0    0    0    0
0           0.00          -1.30    1    0   -4   -2   -2    0    0    0    0    0    0    0    0    0
0           0.00          -1.30    0    0    0    0    0    0    3   -1    0    0    0    0    0    2
0           0.00          -1.30    0    0    0    0    0    0    0    3    0    0   -1    0    0    2
0           0.00          -1.29    0    0    2   -4    2    0    0    0    0    0    0    0    0    0
0           0.00           1.20    1    2    0   -2    1    0    0    0    0    0    0    0    0    0
0           0.00          -1.20    2    1    0    0   -1    0    0    0    0    0    0    0    0    0
0          -0.40          -0.80    0    0    0    0    1    0    0    8  -15    0    0    0    0    0
0           0.00           1.20    2    0    2    4    2    0    0    0    0    0    0    0    0    0
0           1.20           0.00    0    0    0    0    0    0    3   -6    0    0    0    0    0   -2
0          -0.70          -0.50    0    0    1   -1    1    0    0   -3    4    0    0    0    0    0
0          -1.00           0.20    0    0    0    0    0    0    6   -8    0    0    0    0    0   -1
0          -1.00           0.20    0    0    0    0    0    0    2    1    0    0    0    0    0    2
0           0.20          -1.00    0    0    0    0    0    0    2    1    0    0    0    0    0    1
0           0.40           0.80    0    0    0    0    0    0    0    1   -4    0    0    0    0   -2
0          -0.40           0.80    0    0    0    0    0    0    0    0    3    0    0    0    0    2
0           0.00          -1.20    1    1    2    2    1    0    0    0    0    0    0    0    0    0
0           0.00           1.15    0    0    0    0    3    0    0    0    0    0    0    0    0    0
0           0.00           1.10    2    1    0    0    1    0    0    0    0    0    0    0    0    0
0          -0.20           0.90    2    0    0   -2    1    0   -6    8    0    0    0    0    0    0
0          -1.10           0.00    0    0    3    0    3    0    0    0    0    0    0    0    0    0
0           0.00          -1.10    2    1    2    2    2    0    0    0    0    0    0    0    0    0
0          -1.10           0.00    1    0    1    0    1    0    0    0    0    0    0    0    0    0
0           0.00           1.10    2   -1   -2   -2   -2    0    0    0    0    0    0    0    0    0
0           0.00           1.10    3    0    2   -4    2    0    0    0    0    0    0    0    0    0
0           0.00           1.10    0    0    0    0    0    0    0    7   -8    3    0    0    0    2
0           0.60          -0.50    0    0    0    0    0    0    0    0    0    0    0    0    2    1
0          -0.90          -0.20    0    0    0    0    0    0    5   -5    0    0    0    0    0   -1
0          -0.40          -0.70    0    0    0    0    0    0    0    4   -7    0    0    0    0   -2
0          -0.50           0.60    1   -2    2   -2    1    0    0    0    0    0    0    0    0    0
0           0.00           1.10    3    0    2    2    1    0    0    0    0    0    0    0    0    0
0           0.00          -1.10    1   -1   -2    2   -2    0    0    0    0    0    0    0    0    0
0           0.00           1.00    0    0    0    0    1    0   -1    1    0    0    0    0    0    0
0           1.00           0.00    0    0    0    0    1    0   -2    3    0    0    0    0    0    0
0           0.80          -0.20    0    0    0    0    1    0    0    0    0   -1    0    0    0    0
0           0.00           1.00    1    0    0    1    1    0    0    0    0    0    0    0    0    0
0           0.00           1.00    0    2    0   -2    1    0    0    0    0    0    0    0    0    0
0           0.00          -1.00    3    0    0   -4   -1    0    0    0    0    0    0    0    0    0
0          -1.00           0.00    1    0    1   -2    1    0    0    0    0    0    0    0    0    0
0           0.00           1.00    1   -1    2    4    2    0    0    0    0    0    0    0    0    0
0           1.00           0.00    0    0    1   -1    1    0    0   -9   15    0    0    0    0    0
0           1.00           0.00    0    0    0    0    0    0    7  -10    0    0    0    0    0   -2
0          -0.80          -0.20    0    0    0    0    0    0    2    0    0    0    0    0    0    1
0           0.40           0.60    0    0    0    0    0    0    3   -5    4    0    0    0    0    2
0          -0.40          -0.60    0    0    0    0    0    0    3   -9    4    0    0    0    0   -2
0           0.00          -1.00    1    0    4    0    2    0    0    0    0    0    0    0    0    0
0           0.00           1.00    0    1    2   -4    1    0    0    0    0    0    0    0    0    0
0           0.00           1.00    1    0   -4    2   -1    0    0    0    0    0    0    0    0    0
0           0.00           1.00    0    2   -2   -2   -1    0    0    0    0    0    0    0    0    0
0           0.00           1.00    2    0   -2    0    2    0    0    0    0    0    0    0    0    0
0           0.00          -1.00    1    0    0    2    2    0    0    0    0    0    0    0    0    0
0           0.00           0.91    1    0    2   -2    0    0    0    0    0    0    0    0    0    0
0           0.10           0.80    1   -1    0   -2    0    0    0    0    0    0    0    0    0    0
0           0.00           0.90    1    0   -2   -2    1    0    0    0    0    0    0    0    0    0
0           0.00           0.90    0    1    0   -2   -2    0    0    0    0    0    0    0    0    0
0           0.00          -0.90    2    0    0   -2    1    0   -3    3    0    0    0    0    0    0
0           0.00          -0.90    1    2    2    0    2    0    0    0    0    0    0    0    0    0
0          -0.70          -0.20    0    0    0    0    0    0    6   -6    0    0    0    0    0   -1
0           0.70          -0.20    0    0    0    0    0    0    1    2    0    0    0    0    0    2
0          -0.30           0.60    0    0    0    0    0    0    0    8  -15    0    0    0    0   -2
0           0.00           0.90    5    0    2    0    2    0    0    0    0    0    0    0    0    0
0           0.00           0.90    3    0   -2   -6   -2    0    0    0    0    0    0    0    0    0
0           0.00          -0.90    0    0    1   -1    1    0   -2    2    0    0    0    0    0    0
0          -0.50          -0.40    0    0    0    0    0    0    0    3    0   -3    0    0    0    2
0          -0.90           0.00    0    0    0    0    0    0    0    2    0    0   -1    0    0    2
0           0.00          -0.90    1   -1    2   -1    2    0    0    0    0    0    0    0    0    0
0           0.00           0.90    1    0   -2    4   -1    0    0    0    0    0    0    0    0    0
0           0.00           0.90    2    1   -2   -4   -1    0    0    0    0    0    0    0    0    0
0           0.00          -0.90    4    0    2   -2    1    0    0    0    0    0    0    0    0    0
0           0.00          -0.90    1   -1    0   -1    0    0    0    0    0    0    0    0    0    0
0           0.00          -0.80    2   -1    0    0    0    0    0    0    0    0    0    0    0    0
0           0.00           0.80    3    0    0   -2   -1    0    0    0    0    0    0    0    0    0
0           0.00          -0.80    2   -1   -2   -4   -2    0    0    0    0    0    0    0    0    0
0           0.10           0.70    0    0    0    0    0    0    7  -11    0    0    0    0    0   -2
0          -0.70           0.10    0    0    0    0    0    0    2   -2    0    0    0    0    0    1
0          -0.60           0.20    0    0    0    0    0    0    7   -9    0    0    0    0    0   -1
0           0.20           0.60    0    0    0    0    0    0    4   -7    0    0    0    0    0   -1
0           0.00           0.80    0    0    4   -4    1    0    0    0    0    0    0    0    0    0
0          -0.50           0.30    0    0    0    0    0    0    3   -5    0    0    0    0    0    1
0          -0.50          -0.30    0    0    0    0    0    0    0    5   -5    0    0    0    0    2
0          -0.50          -0.30    0    0    0    0    0    0    0    5   -9    0    0    0    0   -2
0           0.00          -0.80    0    0    0    0    0    0    0    3   -1    0    0    0    0    2
0          -0.30           0.50    0    0    0    0    0    0    0    2    0    2   -5    0    0    2
0          -0.80           0.00    0    0    0    0    0    0    0    2    0    0    1    0    0    2
0          -0.30          -0.50    0    0    0    0    0    0    0    2    0   -2    5    0    0    2
0          -0.30           0.50    0    0    0    0    1    0   -3    7   -4    0    0    0    0    0
0          -0.30          -0.50    0    0    0    0    1    0    3   -7    4    0    0    0    0    0
0           0.00           0.80    0    1    0   -4   -1    0    0    0    0    0    0    0    0    0
0           0.00          -0.80    3    0   -2    0   -2    0    0    0    0    0    0    0    0    0
0           0.00          -0.80    1    0   -2   -3   -1    0    0    0    0    0    0    0    0    0
0           0.00          -0.80    0    1   -2    1   -1    0    0    0    0    0    0    0    0    0
0           0.00           0.80    1    2   -2   -2   -1    0    0    0    0    0    0    0    0    0
0           0.00           0.80    1    1    0   -2   -2    0    0    0    0    0    0    0    0    0
0           0.00          -0.80    0    0    0    0    1    0    0    1    0   -1    0    0    0    0
0           0.00           0.76    1    0    2    0    3    0    0    0    0    0    0    0    0    0
0           0.00           0.70    3    0    0   -4    1    0    0    0    0    0    0    0    0    0
0           0.10          -0.60    2    0    0   -2   -1    0   -6    8    0    0    0    0    0    0
0           0.00           0.70    0    1   -4    2   -2    0    0    0    0    0    0    0    0    0
0           0.70           0.00    0    0    1   -1    1    0    0   -1    0   -1    1    0    0    0
0           0.00          -0.70    0    0    0    0    1    0    3   -5    0    2    0    0    0    0
0           0.00          -0.70    0    1    2    4    2    0    0    0    0    0    0    0    0    0
0           0.00           0.70    4    0    2    2    2    0    0    0    0    0    0    0    0    0
0           0.00          -0.70    2    0   -2   -3   -2    0    0    0    0    0    0    0    0    0
0          -0.70           0.00    0    0    1   -1    1    0    2   -4    0   -3    0    0    0    0
0          -0.50           0.20    0    0    1   -1    1    0    0   -1    0    3    0    0    0    0
0          -0.20          -0.50    0    0    0    0    0    0    9   -9    0    0    0    0    0   -1
0           0.50          -0.20    0    0    0    0    0    0    2   -3    0    0    0    0    0   -2
0           0.20           0.50    0    0    0    0    0    0    0   11    0    0    0    0    0    2
0          -0.20          -0.50    0    0    0    0    0    0    0    6  -15    0    0    0    0   -2
0           0.50          -0.20    0    0    0    0    0    0    0    3    0    2   -5    0    0    2
0          -0.50           0.20    0    0    0    0    0    0    0    3    0    1    0    0    0    2
0           0.00          -0.70    0    0    0    0    0    0    0    3   -5    0    0    0    0   -2
0           0.00          -0.70    0    0    0    0    0    0    0    2    0   -4    0    0    0   -2
0           0.70           0.00    0    0    0    0    0    0    0    0    0    0    3    0    0    2
0          -0.60          -0.10    0    0    0    0    0    0    3   -1    0    0    0    0    0    1
0           0.60          -0.10    0    0    0    0    0    0    3   -3    0    0    0    0    0    1
0           0.40           0.30    0    0    0    0    0    0    0    4   -8    0    0    0    0   -2
0           0.00           0.70    1    0    0    1    0    0    0    0    0    0    0    0    0    0
0           0.70           0.00    0    0    1   -1    2    0    0   -2    2    0    0    0    0    0
0           0.00           0.70    2   -1    2    2    1    0    0    0    0    0    0    0    0    0
0           0.00           0.70    0    1   -2   -4   -1    0    0    0    0    0    0    0    0    0
0           0.00           0.70    1   -1    0    0    2    0    0    0    0    0    0    0    0    0
0           0.00          -0.60    0    0    0    0    1    0    0   -1    0    1    0    0    0    0
0           0.00           0.60    0    0    2    2   -1    0    0    0    0    0    0    0    0    0
0           0.10          -0.50    0    0    1   -1   -1    0    0    0   -2    0    0    0    0    0
0           0.00           0.60    2    1    0    0    0    0    0    0    0    0    0    0    0    0
0           0.40           0.20    0    0    0    0    1    0    0    2   -4    0    0    0    0    0
0           0.00           0.60    1    0    0   -4   -2    0    0    0    0    0    0    0    0    0
0           0.00          -0.60    2    1    0   -4   -1    0    0    0    0    0    0    0    0    0
0           0.00           0.60    1    1    0   -4    1    0    0    0    0    0    0    0    0    0
0           0.00          -0.60    0    1    0    1    0    0    0    0    0    0    0    0    0    0
0           0.00          -0.60    1   -1    2   -4    1    0    0    0    0    0    0    0    0    0
0           0.50           0.10    0    0    1   -1    1    0   -2    3    0    0    0    0    0    0
0          -0.50          -0.10    0    0    0    0    0    0    7   -7    0    0    0    0    0   -1
0          -0.10          -0.50    0    0    0    0    0    0    4   -4    0    0    0    0    0    2
0           0.10           0.50    0    0    0    0    0    0    1   -2    0    0    0    0    0    1
0           0.50          -0.10    0    0    0    0    0    0    0    5    0   -2    0    0    0    2
0          -0.10           0.50    0    0    0    0    0    0    0    3   -6    0    0    0    0   -1
0           0.00          -0.60    2    0    0   -2   -1    0    0   -2    0    0    5    0    0    0
0          -0.40           0.20    2    0   -1   -1   -1    0    0   -1    0    3    0    0    0    0
0           0.00          -0.60    1    0   -2   -2   -2    0    0   -2    0    2    0    0    0    0
0           0.60           0.00    0    0    2   -2    2    0   -8   11    0    0    0    0    0    0
0           0.00          -0.60    0    0    2   -2    1    0   -2    2    0    0    0    0    0    0
0           0.20           0.40    0    0    1   -1    1    0    0   -1    0    0    3    0    0    0
0          -0.40           0.20    0    0    0    0    0    1    0   -4    0    0    0    0    0   -2
0           0.30           0.30    0    0    0    0    0    0    8  -13    0    0    0    0    0    1
0           0.40          -0.20    0    0    0    0    0    0    0    6    0    0    0    0    0    2
0          -0.40          -0.20    0    0    0    0    0    0    0    6   -6    0    0    0    0    2
0           0.00           0.60    0    0    0    0    0    0    0    1    1    0    0    0    0    2
0           0.00           0.60    0    0    0    0    0    0    0    1    0    0    1    0    0    2
0           0.40           0.20    0    0    0    0    0    0    0    1   -5    0    0    0    0   -2
0          -0.20          -0.40    0    0    0    0    0    0    0    0    0    0    3    0    0    1
0           0.00           0.60    4    0   -2   -2   -1    0    0    0    0    0    0    0    0    0
0           0.00          -0.60    0    0    0    3    1    0    0    0    0    0    0    0    0    0
0           0.00           0.60    3    0    0    2    1    0    0    0    0    0    0    0    0    0
0           0.00           0.60    1    1    0   -4   -1    0    0    0    0    0    0    0    0    0
0           0.00          -0.60    0    0    0    1    2    0    0    0    0    0    0    0    0    0
0           0.00          -0.60    1    1    0   -2    2    0    0    0    0    0    0    0    0    0
0           0.00          -0.60    2    0   -2    2   -2    0    0    0    0    0    0    0    0    0
0           0.00          -0.50    1    1    0   -4    0    0    0    0    0    0    0    0    0    0
0           0.00           0.50    2    0    2    0   -1    0    0    0    0    0    0    0    0    0
0           0.10           0.40    2    1    0   -2    0    0    0    0    0    0    0    0    0    0
0           0.00          -0.50    0    1    0    2    2    0    0    0    0    0    0    0    0    0
0           0.10           0.40    0    0    0    0    1    0    3   -5    0    0    0    0    0    0
0           0.00           0.50    1   -2    2   -2    2    0    0    0    0    0    0    0    0    0
0           0.00           0.50    2    1    0   -4    1    0    0    0    0    0    0    0    0    0
0           0.00          -0.50    1   -2    0    0    1    0    0    0    0    0    0    0    0    0
0           0.30          -0.20    2    0    0   -2    1    0    0   -6    8    0    0    0    0    0
0          -0.20           0.30    2    0    0   -2   -1    0    0   -5    6    0    0    0    0    0
0           0.20           0.30    2    0   -1   -1   -1    0    0    3   -7    0    0    0    0    0
0           0.40          -0.10    0    0    2    0    2    0    0   -4    8   -3    0    0    0    0
0           0.40           0.10    0    0    2    0    2    0    0    4   -8    3    0    0    0    0
0           0.00          -0.50    0    1   -2   -1   -2    0    0    0    0    0    0    0    0    0
0           0.00          -0.50    3   -1    2   -2    2    0    0    0    0    0    0    0    0    0
0           0.30           0.20    0    0    0    0    0    0    1    0    0    0    0    0    0    2
0          -0.30           0.20    0    0    0    0    0    0    0    7  -13    0    0    0    0   -2
0           0.20           0.30    0    0    0    0    0    0    0    2   -5    0    0    0    0   -2
0          -0.30           0.20    0    0    0    0    0    0    0    1    0    3    0    0    0    2
0           0.00           0.50    3   -1    2    2    2    0    0    0    0    0    0    0    0    0
0           0.00           0.50    3   -1   -2   -1   -2    0    0    0    0    0    0    0    0    0
0           0.00           0.50    0    0    2    6    2    0    0    0    0    0    0    0    0    0
0          -0.50           0.00    0    0    1   -1    1    0    0    1    0    0    0    0    0    0
0           0.50           0.00    0    0    0    0    0    0    9  -12    0    0    0    0    0   -2
0           0.00          -0.50    0    0    0    0    0    0    6   -9    0    0    0    0    0   -1
0          -0.50           0.00    0    0    0    0    0    0    4   -4    0    0    0    0    0    1
0          -0.50           0.00    0    0    0    0    0    0    0    6  -11    0    0    0    0   -2
0           0.00           0.50    0    0    0    0    0    0    0    1   -3    0    0    0    0   -2
0           0.40           0.10    0    0    2   -2    1   -1    0    2    0    0    0    0    0    0
0          -0.40          -0.10    0    0    1   -1    1    0    0   -1    0    0    0    2    0    0
0           0.40          -0.10    0    0    0    0    0    0    5   -6    0    0    0    0    0    2
0          -0.40           0.10    0    0    0    0    0    0    5  -10    0    0    0    0    0   -2
0           0.10           0.40    0    0    0    0    0    0    0    5    0   -3    0    0    0    2
0           0.10           0.40    0    0    0    0    0    0    0    0    0    4    0    0    0    2
0          -0.50           0.00    0    0    3    0    2    0    0    0    0    0    0    0    0    0
0           0.00           0.50    2    0   -4    0   -1    0    0    0    0    0    0    0    0    0
0           0.00          -0.50    2    1   -2   -2   -1    0    0    0    0    0    0    0    0    0
0           0.00           0.50    0    0    2   -2    2    0   -3    3    0    0    0    0    0    0
0           0.00           0.50    1    0    0   -1    2    0    0    0    0    0    0    0    0    0
0           0.00          -0.50    1    1    0    0    2    0    0    0    0    0    0    0    0    0
0           0.50           0.00    0    0    2   -2    2    0   -5    6    0    0    0    0    0    0
0           0.00          -0.50    1    0    0    2   -2    0    0    0    0    0    0    0    0    0
0           0.00           0.50    1    0   -2    2    0    0    0    0    0    0    0    0    0    0
0           0.00          -0.40    1    0    2    2    0    0    0    0    0    0    0    0    0    0
0          -0.20           0.20    0    0    0    0    2    0    0   -1    2    0    0    0    0    0
0          -0.10           0.30    1    1    0    2    0    0    0    0    0    0    0    0    0    0
0           0.00          -0.40    1    0    0    4    0    0    0    0    0    0    0    0    0    0
0           0.40           0.00    1    0   -1    0    1    0    0    0    0    0    0    0    0    0
0           0.00          -0.40    0    2    0   -2    0    0    0    0    0    0    0    0    0    0
0           0.00          -0.40    1    0    0   -3    1    0    0    0    0    0    0    0    0    0
0           0.00           0.40    4    0    0    0   -1    0    0    0    0    0    0    0    0    0
0           0.00           0.40    1   -2    0   -2   -1    0    0    0    0    0    0    0    0    0
0          -0.10           0.30    0    0    0    0    1    0    0   -8   15    0    0    0    0    0
0           0.00           0.40    1    0    4   -4    2    0    0    0    0    0    0    0    0    0
0           0.00          -0.40    1    1    0   -1    1    0    0    0    0    0    0    0    0    0
0           0.00          -0.40    0    0    2    0    2    0    1   -1    0    0    0    0    0    0
0           0.00          -0.40    1    1    0    2   -1    0    0    0    0    0    0    0    0    0
0           0.00           0.40    2   -2    2    0    2    0    0    0    0    0    0    0    0    0
0          -0.20          -0.20    0    0    1   -1    1    0    0   -1    0    0   -2    0    0    0
0           0.20          -0.20    0    0    1   -1    1    0    0   -1    0   -2    4    0    0    0
0           0.20           0.20    0    0    0    0    0    0    0    2    2    0    0    0    0    2
0          -0.10           0.30    2   -2    2   -2    2    0    0    0    0    0    0    0    0    0
0          -0.30           0.10    0    0    0    0    0    0    6  -10    0    0    0    0    0   -1
0           0.10           0.30    0    0    0    0    0    0    0    6   -5    0    0    0    0    2
0          -0.10           0.30    0    0    0    0    0    0    0    2    0   -2    0    0    0    2
0           0.00          -0.40    5    0    2   -2    2    0    0    0    0    0    0    0    0    0
0           0.00           0.40    3    0    2   -1    2    0    0    0    0    0    0    0    0    0
0           0.00           0.40    1    2   -2   -4   -2    0    0    0    0    0    0    0    0    0
0           0.00           0.40    1   -1   -2   -3   -2    0    0    0    0    0    0    0    0    0
0           0.00           0.40    0    0    4   -1    2    0    0    0    0    0    0    0    0    0
0           0.00          -0.40    0    0    2   -2    1    0    0   -2    0    3    0    0    0    0
0           0.00          -0.40    0    0    2   -2    1    0    0   -2    0    0    2    0    0    0
0           0.40           0.00    0    0    2   -2    1    0    0   -8   11    0    0    0    0    0
0          -0.40           0.00    0    0    1   -1    1    0    0   -1    0   -1    2    0    0    0
0          -0.40           0.00    0    0    0    0    0    0    8   -8    0    0    0    0    0   -1
0          -0.40           0.00    0    0    0    0    0    0    8  -10    0    0    0    0    0   -1
0           0.00           0.40    0    0    0    0    0    0    5   -5    0    0    0    0    0    2
0           0.00          -0.40    0    0    0    0    0    0    5   -9    0    0    0    0    0   -2
0           0.00          -0.40    0    0    0    0    0    0    4   -2    0    0    0    0    0    2
0          -0.40           0.00    0    0    0    0    0    0    4   -2    0    0    0    0    0    1
0           0.40           0.00    0    0    0    0    0    0    4   -3    0    0    0    0    0    2
0           0.00          -0.40    0    0    0    0    0    0    3   -4    0    0    0    0    0   -1
0           0.00           0.40    0    0    0    0    0    0    3   -6    0    0    0    0    0   -1
0           0.00           0.40    0    0    0    0    0    0    2   -6    0    0    0    0    0   -2
0           0.40           0.00    0    0    0    0    0    0    0    8  -15    0    0    0    0   -1
0           0.00          -0.40    0    0    0    0    0    0    0    6    0    0    0    0    0    0
0          -0.40           0.00    0    0    0    0    0    0    0    5   -2    0    0    0    0    2
0           0.00           0.40    0    0    0    0    0    0    0    5   -3    0    0    0    0    2
0           0.40           0.00    0    0    0    0    0    0    0    0    0    0    1    0    0    2
0           0.00          -0.40    4    0    0    0    0    0    0    0    0    0    0    0    0    0
0           0.00          -0.40    1   -2   -2    0   -2    0    0    0    0    0    0    0    0    0
0           0.00          -0.40    1    2    2   -2    1    0    0    0    0    0    0    0    0    0
0           0.00          -0.40    0    2    2    0    1    0    0    0    0    0    0    0    0    0
0           0.00          -0.40    3    1    2    0    1    0    0    0    0    0    0    0    0    0
0          -0.10           0.30    0    2   -2    0   -1    0    0    0    0    0    0    0    0    0
0           0.00           0.40    1    1    2    1    1    0    0    0    0    0    0    0    0    0
0           0.00           0.40    3   -1    2    0    1    0    0    0    0    0    0    0    0    0
0           0.00           0.40    2    0    2   -1    1    0    0    0    0    0    0    0    0    0
0           0.00          -0.40    2    0    0    2    2    0    0    0    0    0    0    0    0    0
0           0.40           0.00    0    0    1   -1    2    0    0   -1    0    2    0    0    0    0
0           0.00           0.40    0    0    2   -2   -2    0    0    0    0    0    0    0    0    0
0           0.21           0.10    0    0    1   -1    2    0    0   -1    0   -2    5    0    0    0
0           0.00           0.30    2    0   -4    2   -2    0    0    0    0    0    0    0    0    0
0          -0.30           0.00    0    0    2   -2   -1    0   -5    6    0    0    0    0    0    0
0           0.00          -0.30    2   -2    0   -2    1    0    0    0    0    0    0    0    0    0
0           0.00           0.30    0    0    0    4    2    0    0    0    0    0    0    0    0    0
0           0.00           0.30    2    0    0   -2   -1    0   -3    3    0    0    0    0    0    0
0           0.20           0.10    0    0    1   -1   -1    0    0   -1    0   -1    0    0    0    0
0           0.00          -0.30    1   -2    0   -2    1    0    0    0    0    0    0    0    0    0
0           0.00           0.30    1   -2    0    0   -1    0    0    0    0    0    0    0    0    0
0           0.30           0.00    0    0    0    0    1    0    0    0    0    0   -1    0    0    0
0           0.00           0.30    2    0    0   -3   -1    0    0    0    0    0    0    0    0    0
0           0.00          -0.30    2    1   -2    0    1    0    0    0    0    0    0    0    0    0
0          -0.20           0.10    2    0    0   -2   -1    0    0   -6    8    0    0    0    0    0
0          -0.10          -0.20    2    0   -1   -1    1    0    0    3   -7    0    0    0    0    0
0           0.00          -0.30    2    1    2   -4    1    0    0    0    0    0    0    0    0    0
0           0.10          -0.20    1    0    0   -1    1    0    0   -3    4    0    0    0    0    0
0           0.00           0.30    2   -1   -2    0   -2    0    0    0    0    0    0    0    0    0
0           0.00           0.30    0    0    2    0    2    0   -1    1    0    0    0    0    0    0
0           0.00          -0.30    0    0    2    0    2    0    0   -1    0    1    0    0    0    0
0           0.00           0.30    0    0    2    0    2    0    0    1    0   -1    0    0    0    0
0           0.00           0.30    0    1    0   -4    1    0    0    0    0    0    0    0    0    0
0          -0.20           0.10    0    0    0    0    1    0    0   -9   17    0    0    0    0    0
0           0.00          -0.30    1    1    4   -2    2    0    0    0    0    0    0    0    0    0
0          -0.10          -0.20    2    0    2    0    1    0    0    1    0    0    0    0    0    0
0          -0.10           0.20    1    0   -2    0   -2    0  -10    3    0    0    0    0    0    0
0           0.20          -0.10    0    0    2   -2    1    0    0   -7    9    0    0    0    0    0
0          -0.10          -0.20    0    0    0    0    0    0    2   -3    0    0    0    0    0    1
0           0.20           0.10    0    0    0    0    0    0    1   -2    0    0    0    0    0   -2
0           0.20          -0.10    0    0    0    0    0    0    1   -4    0    0    0    0    0   -2
0          -0.20          -0.10    0    0    0    0    0    0    0    6  -10    0    0    0    0   -2
0          -0.10          -0.20    0    0    0    0    0    0    0    5   -8    0    0    0    0   -2
0           0.20          -0.10    0    0    0    0    0    0    0    3   -5    0    0    0    0   -1
0           0.20           0.10    0    0    0    0    0    0    0    2   -6    0    0    0    0   -2
0           0.00           0.30    4    0    2   -4    2    0    0    0    0    0    0    0    0    0
0           0.00          -0.30    2    2    2   -2    2    0    0    0    0    0    0    0    0    0
0           0.00           0.30    2    1    2    1    2    0    0    0    0    0    0    0    0    0
0           0.00           0.30    2    0    0   -2   -1    0    0   -2    0    4   -5    0    0    0
0           0.00          -0.30    2    0    0   -2   -2    0   -3    3    0    0    0    0    0    0
0           0.30           0.00    2    0   -1   -1   -1    0    0   -1    0    0    0    0    0    0
0           0.00          -0.30    1    0    2    3    2    0    0    0    0    0    0    0    0    0
0           0.00           0.30    1    0    2   -2    2    0    0   -2    0    2    0    0    0    0
0           0.30           0.00    1    0    1   -1    1    0    0   -1    0    0    0    0    0    0
0           0.30           0.00    1    0   -1    1   -1    0  -18   17    0    0    0    0    0    0
0           0.00          -0.30    1    0   -1   -1   -1    0   20  -20    0    0    0    0    0    0
0           0.00          -0.30    1    0   -2   -2   -2    0   -3    3    0    0    0    0    0    0
0           0.00          -0.30    0    2    2    2    2    0    0    0    0    0    0    0    0    0
0           0.00           0.30    0    2   -2   -4   -2    0    0    0    0    0    0    0    0    0
0           0.00           0.30    0    1    2    3    2    0    0    0    0    0    0    0    0    0
0           0.00          -0.30    0    0    2   -2    1    0    0   -1    0    1    0    0    0    0
0           0.30           0.00    0    0    1   -1    1    0    1   -2    0    0    0    0    0    0
0           0.30           0.00    0    0    1   -1    1    0   -2    1    0    0    0    0    0    0
0          -0.30           0.00    0    0    0    0    0    0    9  -11    0    0    0    0    0   -1
0           0.00           0.30    0    0    0    0    0    0    8  -16    0    0    0    0    0   -2
0          -0.30           0.00    0    0    0    0    0    0    5   -3    0    0    0    0    0    1
0           0.30           0.00    0    0    0    0    0    0    0    6    0    0    0    0    0    1
0          -0.30           0.00    0    0    0    0    0    0    0    6   -7    0    0    0    0    2
0           0.00           0.30    0    0    0    0    0    0    0    4    0    0   -2    0    0    2
0           0.30           0.00    0    0    0    0    0    0    0    4   -8    1    5    0    0   -2
0          -0.30           0.00    0    0    0    0    0    0    0    3    0    0   -2    0    0    2
0           0.30           0.00    0    0    0    0    0    0    0    1    0   -1    0    0    0    1
0           0.30           0.00    0    0    0    0    0    0    0    1    0   -3    0    0    0   -1
0           0.30           0.00    0    0    0    0    0    0    0    1   -6    0    0    0    0   -2
0           0.00          -0.30    0    0    0    0    0    0    0    0    0    4   -5    0    0    2
0           0.00           0.30    0    0    0    0    0    0    0    0    0    0    5    0    0    2
0           0.00           0.30    0    0    0    0    0    0    0    0    0    0    0    2    0    2
0           0.30           0.00    0    0    0    0    0    0    0    0    0    0    0    2    0    1
0           0.00           0.30    0    0    0    0    0    0    0    0    0    0    0    0    2    2
0           0.00          -0.30    1    0    0   -1   -1    0    0   -2    2    0    0    0    0    0
0           0.00          -0.30    2   -1    2   -1    2    0    0    0    0    0    0    0    0    0
0           0.30           0.00    2    0   -1   -1   -1    0    0   -1    0    2    0    0    0    0
0           0.00           0.30    1    0    0   -6   -1    0    0    0    0    0    0    0    0    0
0           0.00          -0.30    1   -1    0   -4   -1    0    0    0    0    0    0    0    0    0
0           0.00           0.30    1    0    0    4   -1    0    0    0    0    0    0    0    0    0
0           0.00          -0.30    3    0    0   -2    1    0    0    0    0    0    0    0    0    0
0           0.30           0.00    0    0    0    0    1    0    5   -8    0    0    0    0    0    0
0           0.00          -0.30    1   -2   -2   -2   -1    0    0    0    0    0    0    0    0    0
0           0.00          -0.30    0    1    4   -2    1    0    0    0    0    0    0    0    0    0
0           0.00          -0.30    2    0    4   -2    1    0    0    0    0    0    0    0    0    0
0           0.00          -0.30    0    0    2    3    1    0    0    0    0    0    0    0    0    0
0           0.30           0.00    0    0    1   -1    2    0    0   -1    0    1    0    0    0    0
0           0.00           0.30    1   -2    2    0    1    0    0    0    0    0    0    0    0    0
0           0.00          -0.30    2   -1    2   -2    1    0    0    0    0    0    0    0    0    0
0           0.00           0.30    2    0   -2   -6   -1    0    0    0    0    0    0    0    0    0
0           0.00          -0.30    2    0   -4   -2   -1    0    0    0    0    0    0    0    0    0
0           0.00          -0.30    2    0    2    1    1    0    0    0    0    0    0    0    0    0
0           0.00           0.30    0    0    1   -1    2    0    0    0   -2    0    0    0    0    0
0          -0.30           0.00    0    0    0    0    2    0    0    4   -8    3    0    0    0    0
0          -0.30           0.00    0    0    0    0    2    0    0   -4    8   -3    0    0    0    0
0           0.00           0.30    0    0    0    1   -2    0    0    0    0    0    0    0    0    0
0           0.00          -0.30    0    0    2    0   -2    0    0    0    0    0    0    0    0    0
0           0.00          -0.30    0    1    0   -2    2    0    0    0    0    0    0    0    0    0
0          -0.20          -0.10    0    0    0    0    1    0    0    1    0   -2    0    0    0    0
0           0.00          -0.30    0    0    0    0    1    0    2   -2    0    0    0    0    0    0
0           0.00          -0.30    1    1    2   -4    2    0    0    0    0    0    0    0    0    0
0           0.00          -0.21    0    1    2   -2    3    0    0    0    0    0    0    0    0    0
0           0.00           0.20    2    0    2   -2    0    0    0    0    0    0    0    0    0    0
0           0.00          -0.20    0    0    0    0    1    0   -2    2    0    0    0    0    0    0
0           0.00          -0.20    3    0    2    0    0    0    0    0    0    0    0    0    0    0
0           0.00          -0.20    0    0    0    0    1    0    0   -2    2    0    0    0    0    0
0           0.00          -0.20    0    1    0   -4    0    0    0    0    0    0    0    0    0    0
0           0.20           0.00    0    0    0    0    1    0   -3    4    0    0    0    0    0    0
0           0.00          -0.20    3    0    0    2    0    0    0    0    0    0    0    0    0    0
0           0.00           0.20    0    3    0    0    0    0    0    0    0    0    0    0    0    0
0           0.00           0.20    2    0   -2   -2    0    0    0    0    0    0    0    0    0    0
0           0.20           0.00    2    0    2   -4    0    0    0    0    0    0    0    0    0    0
0           0.00           0.20    1    0    0   -3   -1    0    0    0    0    0    0    0    0    0
0           0.00          -0.20    2    0    2   -2   -1    0    0    0    0    0    0    0    0    0
0           0.00           0.20    1    0    2   -4   -1    0    0    0    0    0    0    0    0    0
0           0.00           0.20    0    0    1   -1    2    0    0   -1    0    0    1    0    0    0
0           0.00           0.20    1    0   -2    1    1    0    0    0    0    0    0    0    0    0
0           0.00          -0.20    1    2    0   -2    0    0    0    0    0    0    0    0    0    0
0           0.00          -0.20    2    0   -2   -2    1    0    0    0    0    0    0    0    0    0
0           0.00          -0.20    1    0    0   -1    1    0    0   -1    0    1    0    0    0    0
0           0.00          -0.20    2    0    0   -3    1    0    0    0    0    0    0    0    0    0
0           0.00          -0.20    1    1    0    1    1    0    0    0    0    0    0    0    0    0
0           0.00           0.20    1    1    0    1   -1    0    0    0    0    0    0    0    0    0
0           0.00          -0.20    2    0    0   -1    1    0    0    0    0    0    0    0    0    0
0           0.00           0.20    1    2    0    0    1    0    0    0    0    0    0    0    0    0
0           0.00          -0.20    2    0    0   -2    1    0    0   -5    6    0    0    0    0    0
0           0.00           0.20    1    0    0   -2   -1    0    0   -2    0    2    0    0    0    0
0           0.00          -0.20    1    0    0   -2    1    0    0   -2    0    2    0    0    0    0
0           0.00           0.20    2    0   -4    2   -1    0    0    0    0    0    0    0    0    0
0           0.20           0.00    0    0    2   -2    1    0    0    4   -8    3    0    0    0    0
0           0.20           0.00    0    0    2   -2    1    0    0   -4    8   -3    0    0    0    0
0           0.00           0.20    2   -1    0    2   -1    0    0    0    0    0    0    0    0    0
0           0.00           0.20    1    0    0   -1   -1    0    0   -3    4    0    0    0    0    0
0           0.10          -0.10    1   -2    0   -2    0    0    0    0    0    0    0    0    0    0
0           0.00          -0.20    2    0    0   -2   -1    0    0   -2    0    3   -1    0    0    0
0           0.00           0.20    1   -1   -4    2   -2    0    0    0    0    0    0    0    0    0
0           0.00           0.20    3    0    0    2   -1    0    0    0    0    0    0    0    0    0
0           0.00           0.20    1    0    0   -3    0    0    0    0    0    0    0    0    0    0
0           0.00           0.20    2    0    2   -6    1    0    0    0    0    0    0    0    0    0
0           0.00           0.20    2   -1   -2    2   -1    0    0    0    0    0    0    0    0    0
0           0.00           0.20    1   -2   -2    2   -1    0    0    0    0    0    0    0    0    0
0           0.00           0.20    2    0    4   -4    2    0    0    0    0    0    0    0    0    0
0           0.20           0.00    2    0   -1   -1   -2    0    0   -1    0    2    0    0    0    0
0           0.00          -0.20    4    1    2    0    2    0    0    0    0    0    0    0    0    0
0           0.00           0.20    4   -1    2    0    2    0    0    0    0    0    0    0    0    0
0           0.00          -0.20    4   -1   -2   -2   -2    0    0    0    0    0    0    0    0    0
0           0.00          -0.20    3    0    4   -2    2    0    0    0    0    0    0    0    0    0
0           0.00          -0.20    3    0    2    1    2    0    0    0    0    0    0    0    0    0
0           0.00           0.20    3    0   -2    2   -1    0    0    0    0    0    0    0    0    0
0           0.00          -0.20    3    0   -2   -1   -1    0    0    0    0    0    0    0    0    0
0           0.00           0.20    2    2   -2   -4   -2    0    0    0    0    0    0    0    0    0
0           0.00          -0.20    2    1    0   -4    0    0    0    0    0    0    0    0    0    0
0           0.00           0.20    2    1   -2   -6   -2    0    0    0    0    0    0    0    0    0
0           0.00           0.20    2    0    2   -3    2    0    0    0    0    0    0    0    0    0
0           0.00           0.20    2   -2    2    2    2    0    0    0    0    0    0    0    0    0
0           0.00          -0.20    1    1    2    4    2    0    0    0    0    0    0    0    0    0
0           0.00          -0.20    1    1   -2   -3   -2    0    0    0    0    0    0    0    0    0
0           0.00           0.20    1    1   -2   -6   -2    0    0    0    0    0    0    0    0    0
0          -0.20           0.00    1    0    3    0    3    0    0    0    0    0    0    0    0    0
0           0.20           0.00    1    0    1    1    1    0    0    1    0    0    0    0    0    0
0           0.20           0.00    1    0   -1    1   -1    0    0    1    0    0    0    0    0    0
0           0.00           0.20    1    0   -1    0   -1    0   -3    5    0    0    0    0    0    0
0           0.20           0.00    1    0   -1   -2   -1    0    0    0    0    0    0    0    0    0
0           0.00           0.20    1    0   -2   -2   -2    0    0   -2    0    3    0    0    0    0
0           0.00          -0.20    1   -1    2    1    2    0    0    0    0    0    0    0    0    0
0           0.00           0.20    1   -1   -2    1   -1    0    0    0    0    0    0    0    0    0
0           0.00           0.20    0    3   -2   -2   -2    0    0    0    0    0    0    0    0    0
0           0.00          -0.20    0    0    4    2    2    0    0    0    0    0    0    0    0    0
0           0.00           0.20    0    0    2   -2    1    0    0    1    0   -1    0    0    0    0
0           0.00           0.20    0    0    2   -2    1    0    0   -2    0    0    0    0    0    0
0           0.00          -0.20    0    0    2   -2    1    0    0   -3    0    3    0    0    0    0
0           0.00          -0.20    0    0    2   -2    1    0    0   -4    4    0    0    0    0    0
0           0.00          -0.20    0    0    2   -2    1    0   -5    5    0    0    0    0    0    0
0           0.00           0.20    0    0    1   -1    1    0    1   -3    0    0    0    0    0    0
0           0.00          -0.20    0    0    1   -1    1    0    0    1   -4    0    0    0    0    0
0           0.20           0.00    0    0    1   -1    1    0    0   -1    0    1   -3    0    0    0
0           0.20           0.00    0    0    1   -1    1    0    0   -1    0    0    0   -1    0    0
0           0.00          -0.20    0    0    1   -1    1    0    0   -4    6    0    0    0    0    0
0           0.20           0.00    0    0    1   -1    1    0   -5    6    0    0    0    0    0    0
0           0.00           0.20    0    0    0    0    0    0    8  -12    0    0    0    0    0   -2
0           0.00          -0.20    0    0    0    0    0    0    7  -10    0    0    0    0    0   -1
0           0.20           0.00    0    0    0    0    0    0    7  -11    0    0    0    0    0   -1
0          -0.20           0.00    0    0    0    0    0    0    6   -4    0    0    0    0    0    1
0          -0.20           0.00    0    0    0    0    0    0    6   -6    0    0    0    0    0    1
0          -0.20           0.00    0    0    0    0    0    0    5   -5    0    0    0    0    0    1
0           0.00          -0.20    0    0    0    0    0    0    5   -6    0    0    0    0    0   -1
0          -0.20           0.00    0    0    0    0    0    0    4   -2    0    0    0    0    0    0
0           0.00          -0.20    0    0    0    0    0    0    4   -5    0    0    0    0    0   -1
0           0.20           0.00    0    0    0    0    0    0    4   -5    0    0    0    0    0   -2
0           0.00          -0.20    0    0    0    0    0    0    3   -4    0    0    0    0    0    1
0           0.20           0.00    0    0    0    0    0    0    3   -4    0    0    0    0    0   -2
0          -0.20           0.00    0    0    0    0    0    0    3   -8    0    0    0    0    0   -2
0           0.00           0.20    0    0    0    0    0    0    2   -5    0    0    0    0    0   -1
0           0.00           0.20    0    0    0    0    0    0    1   -2    0    0    0    0    0   -1
0           0.00           0.20    0    0    0    0    0    0    1   -4    0    0    0    0    0   -1
0           0.00          -0.20    0    0    0    0    0    0    0    9  -17    0    0    0    0   -2
0          -0.20           0.00    0    0    0    0    0    0    0    7   -7    0    0    0    0    2
0          -0.20           0.00    0    0    0    0    0    0    0    7   -8    0    0    0    0    2
0          -0.20           0.00    0    0    0    0    0    0    0    7   -9    0    0    0    0    2
0          -0.20           0.00    0    0    0    0    0    0    0    5   -6    0    0    0    0    2
0           0.20           0.00    0    0    0    0    0    0    0    5  -10    0    0    0    0   -2
0           0.00           0.20    0    0    0    0    0    0    0    4    0   -4    0    0    0    2
0           0.00          -0.20    0    0    0    0    0    0    0    4   -6    0    0    0    0   -2
0           0.00          -0.20    0    0    0    0    0    0    0    4   -7    0    0    0    0   -1
0           0.00          -0.20    0    0    0    0    0    0    0    4   -8    3    0    0    0    1
0           0.00           0.20    0    0    0    0    0    0    0    4   -8    3    0    0    0   -1
0           0.20           0.00    0    0    0    0    0    0    0    4   -8    1    5    0    0    2
0           0.20           0.00    0    0    0    0    0    0    0    3    0    0    0    0    0    2
0           0.00           0.20    0    0    0    0    0    0    0    3   -8    3    0    0    0   -2
0           0.20           0.00    0    0    0    0    0    0    0    2    0    0   -2    0    0    1
0           0.00          -0.20    0    0    0    0    0    0    0    2    0   -5    0    0    0   -2
0           0.00          -0.20    0    0    0    0    0    0    0    2   -4    0    0    0    0    1
0           0.20           0.00    0    0    0    0    0    0    0    2   -7    0    0    0    0   -2
0           0.20           0.00    0    0    0    0    0    0    0    1    0    1    0    0    0    1
0           0.00           0.20    0    0    0    0    0    0    0    1    0    0    0    0    0   -1
0           0.20           0.00    0    0    0    0    0    0    0    1    0   -1    0    0    0   -1
0           0.20           0.00    0    0    0    0    0    0    0    1    0   -2    5    0    0    2
0           0.00           0.20    0    0    0    0    0    0    0    1    0   -2    0    0    0   -2
0           0.00          -0.20    0    0    0    0    0    0    0    1    0   -5    0    0    0   -2
0           0.10          -0.10    0    0    0    0    0    0    0    2    1    0    0    0    0    2
0           0.00          -0.20    1    0    4    0    1    0    0    0    0    0    0    0    0    0
0           0.00           0.20    4    0   -2    0   -1    0    0    0    0    0    0    0    0    0
0           0.00          -0.20    0    1    0    4    1    0    0    0    0    0    0    0    0    0
0           0.00           0.20    2    0    0    4    1    0    0    0    0    0    0    0    0    0
0           0.00           0.20    0    0    0    0    1    0    0    7  -13    0    0    0    0    0
0           0.00          -0.20    2    1    0    2    1    0    0    0    0    0    0    0    0    0
0           0.00           0.20    1   -1    0    4    1    0    0    0    0    0    0    0    0    0
0           0.20           0.00    0    0    2   -2    1    0   -8   11    0    0    0    0    0    0
0           0.00           0.20    1    0    2   -6    1    0    0    0    0    0    0    0    0    0
0           0.00           0.20    0    0    2   -2    2    0    0   -2    0    2    0    0    0    0
0           0.00          -0.20    1    2    2    0    1    0    0    0    0    0    0    0    0    0
0           0.00           0.20    3    0   -2   -6   -1    0    0    0    0    0    0    0    0    0
0           0.00           0.20    2    0    0   -6   -1    0    0    0    0    0    0    0    0    0
0           0.00           0.20    1   -1    2    4    1    0    0    0    0    0    0    0    0    0
0           0.00          -0.20    2    1    2    2    1    0    0    0    0    0    0    0    0    0
0          -0.20           0.00    0    0    1    1    2    0    0    1    0    0    0    0    0    0
0           0.00           0.20    2   -1   -2   -2   -1    0    0    0    0    0    0    0    0    0
0           0.00          -0.20    0    1   -2    4   -1    0    0    0    0    0    0    0    0    0
0           0.00           0.20    2    0    2    4    1    0    0    0    0    0    0    0    0    0
0           0.00          -0.20    1   -1   -2   -4   -1    0    0    0    0    0    0    0    0    0
0           0.00          -0.20    1    0   -4   -2   -1    0    0    0    0    0    0    0    0    0
0           0.00           0.20    1   -2    2    2    1    0    0    0    0    0    0    0    0    0
0           0.00           0.20    1    0   -2   -6   -1    0    0    0    0    0    0    0    0    0
0           0.00          -0.20    3    1    2   -2    1    0    0    0    0    0    0    0    0    0
0           0.00          -0.20    2   -2    0   -2   -2    0    0    0    0    0    0    0    0    0
0           0.00           0.20    2   -1    0    2    1    0    0    0    0    0    0    0    0    0
0           0.00           0.20    3    0    0    0    2    0    0    0    0    0    0    0    0    0
0           0.00          -0.20    1   -1    2   -3    1    0    0    0    0    0    0    0    0    0
0           0.00           0.20    0    0    1   -1    2    0   -5    7    0    0    0    0    0    0
0           0.00          -0.20    2    1    0   -2   -2    0    0    0    0    0    0    0    0    0
0          -0.20           0.00    0    0    1   -1    2    0    0   -1    0   -1    0    0    0    0
0           0.00          -0.20    2    1   -2    0    0    0    0    0    0    0    0    0    0    0
0           0.00           0.20    1    0   -2    0    2    0    0    0    0    0    0    0    0    0
0           0.00          -0.20    1   -1    0    0   -2    0    0    0    0    0    0    0    0    0
0           0.00          -0.20    0    2    0    0    2    0    0    0    0    0    0    0    0    0
0          -0.20           0.00    0    0    0    0    1    0    3   -4    0    0    0    0    0    0
0           0.00          -0.20    0    0    0    0    1    0    0    2   -2    0    0    0    0    0
0           0.00           0.20    0    0    0    0    1    0    0    2    0   -2    0    0    0    0
0           0.00          -0.20    0    1    2   -4    2    0    0    0    0    0    0    0    0    0
0           0.00           0.20    0    0    1   -1    2    0   -8   12    0    0    0    0    0    0
0           0.00           0.20    1    1   -2    2   -2    0    0    0    0    0    0    0    0    0
0           0.00          -0.19    0    1    2   -2    0    0    0    0    0    0    0    0    0    0
0           0.00           0.17    0    1   -2    2   -3    0    0    0    0    0    0    0    0    0
0           0.00           0.11    1    0   -2    0   -3    0    0    0    0    0    0    0    0    0
0           0.00          -0.10    1    1   -2   -2    0    0    0    0    0    0    0    0    0    0
0           0.10           0.00    0    0    0    0    1    0    0   -1    0    2    0    0    0    0
0           0.00          -0.10    0    1   -2   -2    0    0    0    0    0    0    0    0    0    0
0           0.00           0.10    1    0    0    0   -1    0  -10    3    0    0    0    0    0    0
0           0.00          -0.10    1    0    0    0    1    0  -10    3    0    0    0    0    0    0
0           0.00          -0.10    1    0   -2   -4    0    0    0    0    0    0    0    0    0    0
0           0.00          -0.10    2   -1    0    2    0    0    0    0    0    0    0    0    0    0
0           0.00          -0.10    0    2    0    0   -2    0    0    0    0    0    0    0    0    0
0           0.00          -0.10    1    0    0   -6    0    0    0    0    0    0    0    0    0    0
0           0.00           0.10    0    1    4   -4    2    0    0    0    0    0    0    0    0    0
0           0.00          -0.10    2    0    0   -6    0    0    0    0    0    0    0    0    0    0
0          -0.10           0.00    0    0    0    0    2    0    0    0    0    1    0    0    0    0
0           0.00          -0.10    3    0    0   -4    0    0    0    0    0    0    0    0    0    0
0           0.00          -0.10    2   -1   -2    0    1    0    0    0    0    0    0    0    0    0
0           0.00           0.10    2    2    0   -2   -1    0    0    0    0    0    0    0    0    0
0           0.00          -0.10    0    0    0    3    2    0    0    0    0    0    0    0    0    0
0           0.00          -0.10    3   -1    0    0    0    0    0    0    0    0    0    0    0    0
0           0.10           0.00    0    0    2    0    2    0    2   -3    0    0    0    0    0    0
0           0.10           0.00    0    0    2    0    2    0   -2    3    0    0    0    0    0    0
0           0.00           0.10    0    0    2    0    2    0    2   -2    0    0    0    0    0    0
0           0.00          -0.10    0    0    2    0    2    0   -2    2    0    0    0    0    0    0
0           0.00          -0.10    2   -1   -2    0    0    0    0    0    0    0    0    0    0    0
0           0.00           0.10    2    0   -2   -2   -2    0    0   -2    0    2    0    0    0    0
0           0.00           0.10    1    2    2   -4    1    0    0    0    0    0    0    0    0    0
1      153041.82         878.89    0    0    0    0    1    0    0    0    0    0    0    0    0    0
1       11714.49        -289.32    0    0    2   -2    2    0    0    0    0    0    0    0    0    0
1        2024.68         -50.99    0    0    2    0    2    0    0    0    0    0    0    0    0    0
1       -1837.33          47.75    0    0    0    0    2    0    0    0    0    0    0    0    0    0
1       -1312.21         -28.91    0    1    0    0    0    0    0    0    0    0    0    0    0    0
1        -632.54           0.78    1    0    0    0    0    0    0    0    0    0    0    0    0    0
1         459.68         -67.23    0    1    2   -2    2    0    0    0    0    0    0    0    0    0
1         344.50           1.46    0    0    2    0    1    0    0    0    0    0    0    0    0    0
1         268.14          -7.03    1    0    2    0    2    0    0    0    0    0    0    0    0    0
1         192.06          29.80    0    1   -2    2   -2    0    0    0    0    0    0    0    0    0
1         139.64           0.15    1    0    0   -2    0    0    0    0    0    0    0    0    0    0
1        -113.94          -1.06    0    0    2   -2    1    0    0    0    0    0    0    0    0    0
1         109.81           3.18    1    0   -2    0   -2    0    0    0    0    0    0    0    0    0
1         -56.37           0.13    0    0    0    2    0    0    0    0    0    0    0    0    0    0
1         -56.17          -0.02    1    0    0    0    1    0    0    0    0    0    0    0    0    0
1         -53.05          -1.23    1    0   -2   -2   -2    0    0    0    0    0    0    0    0    0
1         -51.60           0.17    1    0    0    0   -1    0    0    0    0    0    0    0    0    0
1          45.91          -0.11    1    0    2    0    1    0    0    0    0    0    0    0    0    0
1         -42.45           0.02    2    0    0   -2    0    0    0    0    0    0    0    0    0    0
1          40.82          -1.03    2    0   -2    0   -1    0    0    0    0    0    0    0    0    0
1          34.30          -1.24    0    0    2    2    2    0    0    0    0    0    0    0    0    0
1          28.89           0.00    0    2   -2    2   -2    0    0    0    0    0    0    0    0    0
1          27.61          -1.22    2    0    2    0    2    0    0    0    0    0    0    0    0    0
1         -25.43           1.00    1    0    2   -2    2    0    0    0    0    0    0    0    0    0
1         -26.01           0.07    2    0    0    0    0    0    0    0    0    0    0    0    0    0
1         -23.02           0.06    0    0    2    0    0    0    0    0    0    0    0    0    0    0
1          19.37          -0.01    0    0    2   -2    0    0    0    0    0    0    0    0    0    0
1          14.05          -4.19    0    2    2   -2    2    0    0    0    0    0    0    0    0    0
1          18.18          -0.01    1    0   -2    0   -1    0    0    0    0    0    0    0    0    0
1         -14.86          -0.09    0    2    0    0    0    0    0    0    0    0    0    0    0    0
1          13.49          -0.01    1    0    0   -2   -1    0    0    0    0    0    0    0    0    0
1          12.44          -0.27    0    1    0    0    1    0    0    0    0    0    0    0    0    0
1          11.46           0.03    1    0    0   -2    1    0    0    0    0    0    0    0    0    0
1         -11.33          -0.06    0    1    0    0   -1    0    0    0    0    0    0    0    0    0
1          -9.81           0.01    2    0   -2    0    0    0    0    0    0    0    0    0    0    0
1          -9.08          -0.02    1    0   -2   -2   -1    0    0    0    0    0    0    0    0    0
1           2.74          -4.56    0    0    1   -1    1    0    0   -1    0   -2    5    0    0    0
1           6.84          -0.04    1    0    2    2    2    0    0    0    0    0    0    0    0    0
1          -6.73           0.01    0    1    2    0    2    0    0    0    0    0    0    0    0    0
1           6.54           0.01    1    1    0   -2    0    0    0    0    0    0    0    0    0    0
1          -6.35          -0.01    0    1   -2    0   -2    0    0    0    0    0    0    0    0    0
1           5.90          -0.02    0    0    2    2    1    0    0    0    0    0    0    0    0    0
1          -5.85           0.02    1    0    0    2    0    0    0    0    0    0    0    0    0    0
1          -5.73           0.01    2    0    2   -2    2    0    0    0    0    0    0    0    0    0
1           5.60           0.00    0    0    0    2    1    0    0    0    0    0    0    0    0    0
1          -5.16           0.00    1    0    2   -2    1    0    0    0    0    0    0    0    0    0
1          -5.14           0.01    2    0    0   -2   -1    0    0    0    0    0    0    0    0    0
1           4.76          -0.02    2    0    2    0    1    0    0    0    0    0    0    0    0    0
1          -4.40           0.02    0    0    0    2   -1    0    0    0    0    0    0    0    0    0
1          -4.22           0.00    0    1   -2    2   -1    0    0    0    0    0    0    0    0    0
1          -4.20           0.01    1   -1    0    0    0    0    0    0    0    0    0    0    0    0
1           3.58           0.31    1    0    0   -1    0    0    0    0    0    0    0    0    0    0
1           3.87           0.01    0    1    0   -2    0    0    0    0    0    0    0    0    0    0
1           3.76           0.00    0    0    0    1    0    0    0    0    0    0    0    0    0    0
1          -3.62          -0.01    2    0    0   -2    1    0    0    0    0    0    0    0    0    0
1          -3.61           0.00    1    0   -2    0    0    0    0    0    0    0    0    0    0    0
1          -1.28          -2.14    0    0    0    0    0    0    0    0    0    2   -5    0    0   -1
1          -3.18           0.00    0    1    2   -2    1    0    0    0    0    0    0    0    0    0
1           3.01           0.00    1    1    0    0    0    0    0    0    0    0    0    0    0    0
1          -2.97           0.01    1    0    2    0    0    0    0    0    0    0    0    0    0    0
1           2.91           0.00    1   -1    0   -1    0    0    0    0    0    0    0    0    0    0
1          -2.73           0.00    2    0   -2    0   -2    0    0    0    0    0    0    0    0    0
1           2.58          -0.01    3    0    2    0    2    0    0    0    0    0    0    0    0    0
1           2.56          -0.01    1   -1    2    0    2    0    0    0    0    0    0    0    0    0
1          -2.51          -0.01    1    1   -2   -2   -2    0    0    0    0    0    0    0    0    0
1          -2.35          -0.01    0    1   -2   -2   -2    0    0    0    0    0    0    0    0    0
1          -2.21           0.01    1    1    2    0    2    0    0    0    0    0    0    0    0    0
1          -2.04           0.01    2    0    0    0   -1    0    0    0    0    0    0    0    0    0
1          -1.94           0.00    2    0    0    0    1    0    0    0    0    0    0    0    0    0
1           0.41          -1.43    0    0    0    0    0    0    0    4   -8    3    0    0    0    0
1          -1.84           0.00    0    0    0    0    0    0    3   -5    0    0    0    0    0   -2
1          -1.77           0.01    1    0   -2    2   -1    0    0    0    0    0    0    0    0    0
1           0.00           1.77    0    1   -1    1   -1    0    0    0    0    0    0    0    0    0
1           1.76           0.00    1    0    0    0    2    0    0    0    0    0    0    0    0    0
1          -1.07          -0.53    0    0    1   -1    1    0   -8   12    0    0    0    0    0    0
1          -1.48           0.00    0    0    2    1    2    0    0    0    0    0    0    0    0    0
1          -1.40           0.01    3    0    0    0    0    0    0    0    0    0    0    0    0    0
1          -1.35          -0.01    1    0   -2   -4   -2    0    0    0    0    0    0    0    0    0
1          -1.32           0.00    0    0    0    0    0    0    1   -1    0    0    0    0    0    0
1          -1.28           0.00    0    0    0    0    0    0    0    8  -16    4    5    0    0    0
1           1.24           0.00    1    0    0    0   -2    0    0    0    0    0    0    0    0    0
1           1.23           0.00    2    0   -2   -2   -2    0    0    0    0    0    0    0    0    0
1           1.19           0.00    1    0    0   -4    0    0    0    0    0    0    0    0    0    0
1           1.18          -0.01    1    0    2    2    1    0    0    0    0    0    0    0    0    0
1           1.17           0.00    1   -1    0   -1   -1    0    0    0    0    0    0    0    0    0
1          -1.15           0.00    1    1    2   -2    2    0    0    0    0    0    0    0    0    0
1           1.14           0.00    2    0    0   -4    0    0    0    0    0    0    0    0    0    0
1          -1.14           0.00    0    2   -2    2   -1    0    0    0    0    0    0    0    0    0
1           1.09           0.03    0    0    0    0    0    0    0    1    0   -1    0    0    0    0
1          -1.08           0.00    2    0   -2   -4   -2    0    0    0    0    0    0    0    0    0
1           1.04           0.00    0    0    0    0    0    0    0    0    0    2    0    0    0    2
1           1.02           0.00    1    0   -4    0   -2    0    0    0    0    0    0    0    0    0
1           0.98          -0.01    2    0    2    2    2    0    0    0    0    0    0    0    0    0
1           0.91           0.02    1    0    0   -1   -1    0    0    0    0    0    0    0    0    0
1           0.00           0.93    1    0   -1    0   -1    0    0    0    0    0    0    0    0    0
1          -0.91           0.00    2    0    2   -2    1    0    0    0    0    0    0    0    0    0
1          -0.90           0.00    2    1    0   -2    0    0    0    0    0    0    0    0    0    0
1           0.86           0.00    1    0    0    2    1    0    0    0    0    0    0    0    0    0
1          -0.84           0.00    1   -1    0   -2    0    0    0    0    0    0    0    0    0    0
1          -0.83           0.00    3    0    2   -2    2    0    0    0    0    0    0    0    0    0
1          -0.82           0.00    0    0    4   -2    2    0    0    0    0    0    0    0    0    0
1           0.41           0.39    0    0    0    0    1    0    0   -1    2    0    0    0    0    0
1           0.40          -0.38    0    0    0    0    0    0    0    1   -2    0    0    0    0    0
1           0.78           0.00    0    1   -2    2    0    0    0    0    0    0    0    0    0    0
1           0.74           0.00    0    0    2   -2   -1    0    0    0    0    0    0    0    0    0
1          -0.73           0.00    0    1    2    0    1    0    0    0    0    0    0    0    0    0
1           0.68           0.00    1    0    2   -2    0    0    0    0    0    0    0    0    0    0
1           0.66           0.00    1    1    0   -2   -1    0    0    0    0    0    0    0    0    0
1          -0.64           0.00    2    0   -2    0    1    0    0    0    0    0    0    0    0    0
1          -0.63           0.00    0    1    0    0    2    0    0    0    0    0    0    0    0    0
1           0.63           0.00    0    0    2   -1    2    0    0    0    0    0    0    0    0    0
1           0.62           0.00    0    0    2    4    2    0    0    0    0    0    0    0    0    0
1           0.60           0.00    0    1    0    2    0    0    0    0    0    0    0    0    0    0
1          -0.59           0.00    0    0    2    0   -1    0    0    0    0    0    0    0    0    0
1          -0.59           0.00    0    1   -2    0   -1    0    0    0    0    0    0    0    0    0
1           0.59           0.00    0    1    2   -2    0    0    0    0    0    0    0    0    0    0
1           0.57           0.00    1    0   -2   -2    0    0    0    0    0    0    0    0    0    0
1           0.38          -0.19    0    0    0    0    0    0    8  -13    0    0    0    0    0   -1
1          -0.01          -0.55    0    0    0    0    0    0    2   -3    0    0    0    0    0    0
1           0.44          -0.11    0    0    0    0    0    0    0    0    0    2   -5    0    0    0
1           0.53           0.00    0    0    0    0    0    0    2   -2    0    0    0    0    0    0
1          -0.53           0.00    1   -1    0   -1   -2    0    0    0    0    0    0    0    0    0
1           0.52           0.00    1   -1    2    2    2    0    0    0    0    0    0    0    0    0
1          -0.52           0.00    2    0    0    2    0    0    0    0    0    0    0    0    0    0
1           0.53           0.00    0    1    0    0   -2    0    0    0    0    0    0    0    0    0
1           0.52           0.00    1    1    0   -2    1    0    0    0    0    0    0    0    0    0
1           0.51           0.00    1    0   -2    2    0    0    0    0    0    0    0    0    0    0
1           0.51           0.00    1   -1   -2   -2   -2    0    0    0    0    0    0    0    0    0
1          -0.21          -0.30    0    0    0    0    0    0    8  -13    0    0    0    0    0    0
1          -0.50           0.00    0    1    0    1    0    0    0    0    0    0    0    0    0    0
1          -0.11           0.37    0    0    0    0    0    0    0    2   -8    3    0    0    0   -2
1          -0.11           0.37    0    0    0    0    0    0    0    6   -8    3    0    0    0    2
1          -0.48           0.00    0    1    2    2    2    0    0    0    0    0    0    0    0    0
1          -0.46          -0.01    0    0    0    0    0    0    0    3    0   -1    0    0    0    2
1          -0.47           0.00    1   -1    0    0    1    0    0    0    0    0    0    0    0    0
1          -0.03           0.43    0    0    1   -1    1    0    0   -1    0    2   -5    0    0    0
1           0.45           0.00    3    0    2    0    1    0    0    0    0    0    0    0    0    0
1          -0.44           0.00    0    0    0    4    0    0    0    0    0    0    0    0    0    0
1          -0.44           0.00    1    0    0    2   -1    0    0    0    0    0    0    0    0    0
1          -0.44           0.00    1   -1    0    2    0    0    0    0    0    0    0    0    0    0
1           0.43           0.00    2   -1    2    0    2    0    0    0    0    0    0    0    0    0
1           0.44           0.00    0    0    0    0    0    0    4   -6    0    0    0    0    0   -2
1           0.42           0.00    0    0    0    2    2    0    0    0    0    0    0    0    0    0
1          -0.42           0.00    1    1   -2   -2   -1    0    0    0    0    0    0    0    0    0
1           0.41           0.00    1   -1   -2    0   -2    0    0    0    0    0    0    0    0    0
1          -0.41           0.00    0    0    0    0    0    0    2   -4    0    0    0    0    0   -2
1           0.02           0.39    0    0    2   -2    1    0   -5    6    0    0    0    0    0    0
1           0.40           0.00    1    0    2   -4    1    0    0    0    0    0    0    0    0    0
1          -0.40           0.00    0    1   -2   -2   -1    0    0    0    0    0    0    0    0    0
1          -0.39           0.00    2    0    0   -2    0    0    0   -2    0    2    0    0    0    0
1           0.39           0.00    0    3    2   -2    2    0    0    0    0    0    0    0    0    0
1           0.15          -0.24    0    0    0    0    0    0    0    1    0   -2    0    0    0    0
1          -0.37          -0.01    0    0    0    0    0    0    0    2    0   -2    0    0    0    0
1           0.37           0.00    1   -1    2    0    1    0    0    0    0    0    0    0    0    0
1          -0.37           0.00    0    0    2    2    0    0    0    0    0    0    0    0    0    0
1          -0.37           0.00    2    1    2    0    2    0    0    0    0    0    0    0    0    0
1          -0.31           0.06    2    0    0   -2    0    0    0   -2    0    3    0    0    0    0
1          -0.35           0.00    1    0    0   -2   -2    0    0    0    0    0    0    0    0    0
1           0.35           0.00    0    0    0    1    1    0    0    0    0    0    0    0    0    0
1          -0.07          -0.27    0    0    0    0    1    0    0   -4    8   -3    0    0    0    0
1          -0.33           0.01    0    0    0    0    0    0    2    0    0    0    0    0    0    2
1          -0.33           0.00    2   -1    0    0    0    0    0    0    0    0    0    0    0    0
1           0.07          -0.26    0    0    0    0    1    0    0    4   -8    3    0    0    0    0
1           0.33           0.00    0    0    0    0    0    0    0    2   -2    0    0    0    0    0
1           0.00          -0.32    1    0   -1    0   -2    0    0    0    0    0    0    0    0    0
1           0.32           0.00    1    1    0    0    1    0    0    0    0    0    0    0    0    0
1          -0.32           0.00    1    1    2    0    1    0    0    0    0    0    0    0    0    0
1           0.32           0.00    1    0   -2    2   -2    0    0    0    0    0    0    0    0    0
1          -0.24          -0.07    0    0    1   -1    1    0    0    0   -2    0    0    0    0    0
1           0.24           0.07    0    0    1   -1    0    0    0    0   -2    0    0    0    0    0
1           0.30           0.00    0    0    0    0    0    0    1    1    0    0    0    0    0    2
1           0.08          -0.22    0    0    0    0    0    0    0    0    0    1    0    0    0    0
1          -0.30           0.00    1    0    2    1    2    0    0    0    0    0    0    0    0    0
1          -0.30           0.00    2    0    2    0    0    0    0    0    0    0    0    0    0    0
1           0.30           0.00    0    1    0   -2    1    0    0    0    0    0    0    0    0    0
1           0.30           0.00    1    0    2   -1    2    0    0    0    0    0    0    0    0    0
1           0.00          -0.29    0    0    0    0    0    0    3   -4    0    0    0    0    0    0
1           0.00          -0.29    1    0   -1    0    0    0    0    0    0    0    0    0    0    0
1           0.20          -0.09    1    0    0    0    0    0  -18   16    0    0    0    0    0    0
1           0.29           0.00    1    0    0    1    0    0    0    0    0    0    0    0    0    0
1          -0.05          -0.24    0    0    0    0    0    0    0    0    0    2    0    0    0    1
1           0.29           0.00    0    0    0    1   -1    0    0    0    0    0    0    0    0    0
1          -0.27           0.00    1    0    0   -2    2    0    0    0    0    0    0    0    0    0
1          -0.19          -0.08    1    0    0    0    0    0  -10    3    0    0    0    0    0    0
1          -0.27           0.00    1   -1    0    0   -1    0    0    0    0    0    0    0    0    0
1           0.25           0.00    2    1    0    0    0    0    0    0    0    0    0    0    0    0
1           0.25           0.00    2    0    0   -2   -1    0    0   -2    0    2    0    0    0    0
1          -0.25           0.00    0    0    2    1    1    0    0    0    0    0    0    0    0    0
1           0.25           0.00    1    2    0   -2    0    0    0    0    0    0    0    0    0    0
1          -0.25           0.00    0    3    0    0    0    0    0    0    0    0    0    0    0    0
1          -0.01           0.23    0    0    0    0    0    0    5   -8    0    0    0    0    0   -2
1          -0.23           0.00    1    0   -2   -4   -1    0    0    0    0    0    0    0    0    0
1           0.23           0.00    0    0    0    0    0    0    0    1    0    1    0    0    0    2
1           0.23           0.00    4    0    2    0    2    0    0    0    0    0    0    0    0    0
1          -0.15          -0.07    0    0    1   -1    1    0    0   -1    0    0   -1    0    0    0
1          -0.23           0.00    1    0   -2    0    1    0    0    0    0    0    0    0    0    0
1          -0.22           0.00    2    1    2   -2    2    0    0    0    0    0    0    0    0    0
1           0.22           0.00    0    1    2    1    2    0    0    0    0    0    0    0    0    0
1          -0.22           0.00    1    1    2   -2    1    0    0    0    0    0    0    0    0    0
1          -0.22           0.00    1    0    4   -2    2    0    0    0    0    0    0    0    0    0
1           0.04          -0.17    0    0    1   -1    1    0    0   -1    0   -1    0    0    0    0
1          -0.01          -0.21    0    0    2   -2    0    0   -5    6    0    0    0    0    0    0
1           0.08          -0.14    0    0    0    0    0    0    0    2   -4    0    0    0    0    0
1          -0.01           0.19    0    0    0    0    0    0    0    0    0    2   -5    0    0    1
1           0.21           0.00    2    0   -2   -2   -1    0    0    0    0    0    0    0    0    0
1          -0.20           0.00    1    0   -2    1   -1    0    0    0    0    0    0    0    0    0
1          -0.20           0.00    2   -2    0   -2    0    0    0    0    0    0    0    0    0    0
1          -0.04          -0.16    0    0    0    0    0    0    8  -13    0    0    0    0    0   -2
1           0.19           0.00    0    2    0   -2    0    0    0    0    0    0    0    0    0    0
1           0.19           0.00    1    1    0    0   -1    0    0    0    0    0    0    0    0    0
1          -0.19           0.00    2    0   -2   -4   -1    0    0    0    0    0    0    0    0    0
1           0.18           0.00    0    0    0    0    0    0    5   -7    0    0    0    0    0   -2
1          -0.18           0.00    0    1    0    2    1    0    0    0    0    0    0    0    0    0
1           0.18           0.00    1    0   -4    0   -1    0    0    0    0    0    0    0    0    0
1           0.17           0.00    2    0    2    2    1    0    0    0    0    0    0    0    0    0
1          -0.12           0.06    1    0    2    0    2    0    0    1    0    0    0    0    0    0
1           0.13          -0.04    0    0    0    0    0    0    3   -5    0    0    0    0    0    0
1          -0.11           0.06    1    0   -2    0   -2    0    0    4   -8    3    0    0    0    0
1           0.17           0.00    0    0    2   -3    2    0    0    0    0    0    0    0    0    0
1           0.16           0.00    0    0    0    0    0    0    0    4    0   -2    0    0    0    2
1          -0.17           0.00    0    0    4    0    2    0    0    0    0    0    0    0    0    0
1          -0.17           0.00    1    0    0   -4   -1    0    0    0    0    0    0    0    0    0
1          -0.14           0.02    1    0    0   -1    1    0    0    0    0    0    0    0    0    0
1           0.14           0.03    0    0    0    0    0    0    0    2    0   -1    0    0    0    2
1           0.00           0.15    0    0    0    0    0    0    2   -1    0    0    0    0    0    2
1          -0.15           0.00    1    1   -2   -4   -2    0    0    0    0    0    0    0    0    0
1          -0.14           0.01    0    0    0    0    0    0    0    2    0    1    0    0    0    2
1           0.16           0.00    2    0    0   -2   -2    0    0    0    0    0    0    0    0    0
1          -0.06           0.10    0    0    0    0    0    0    8  -11    0    0    0    0    0   -2
1           0.05           0.10    0    0    0    0    0    0    0    8  -16    4    5    0    0   -2
1           0.02           0.13    0    0    1   -1    1    0    0   -1    0    2    0    0    0    0
1          -0.11           0.04    0    0    0    0    0    0    0    8  -16    4    5    0    0    2
1          -0.12          -0.02    0    0    1   -1    1    0   -5    7    0    0    0    0    0    0
1          -0.05          -0.10    0    0    0    0    0    0    0    0    0    0    2    0    0    1
1           0.14           0.00    1    0    2    4    2    0    0    0    0    0    0    0    0    0
1          -0.09           0.05    1    0    0   -2    0    0   19  -21    3    0    0    0    0    0
1           0.00           0.14    0    0    1    0    1    0    0    0    0    0    0    0    0    0
1           0.14           0.00    3    0    0   -4    0    0    0    0    0    0    0    0    0    0
1          -0.14           0.00    1    1   -2    0   -2    0    0    0    0    0    0    0    0    0
1           0.04           0.10    0    0    1   -1    1    0    0   -1    0    0    2    0    0    0
1          -0.06           0.08    0    0    0    0    0    0    0    3    0   -2    0    0    0    2
1           0.05           0.09    0    0    0    0    0    0    8  -15    0    0    0    0    0   -2
1          -0.14           0.00    0    1    0   -2   -1    0    0    0    0    0    0    0    0    0
1           0.08           0.06    0    0    0    0    0    0    0    1    2    0    0    0    0    2
1           0.14           0.00    0    0    0    4    1    0    0    0    0    0    0    0    0    0
1           0.14           0.00    0    0    2   -4    1    0    0    0    0    0    0    0    0    0
1           0.13           0.00    1    1    0   -4    0    0    0    0    0    0    0    0    0    0
1          -0.07           0.06    0    0    0    0    0    0    0    3   -2    0    0    0    0    2
1           0.11          -0.02    0    0    0    0    0    0    0    0    0    3    0    0    0    2
1          -0.13           0.00    3    0    2   -2    1    0    0    0    0    0    0    0    0    0
1          -0.13           0.00    0    0    0    0    0    0    0    4   -2    0    0    0    0    2
1          -0.13           0.00    1    1    2    2    2    0    0    0    0    0    0    0    0    0
1          -0.13           0.00    0    0    4   -2    1    0    0    0    0    0    0    0    0    0
1          -0.12           0.00    2    0    0   -2    0    0   -3    3    0    0    0    0    0    0
1           0.12           0.00    3    0    2    2    2    0    0    0    0    0    0    0    0    0
1           0.12           0.00    0    0    0    0    0    0    0    0    0    0    2    0    0    2
1          -0.12           0.00    2    1    0   -2   -1    0    0    0    0    0    0    0    0    0
1           0.00          -0.12    1    0    0   -1    0    0   -3    4    0    0    0    0    0    0
1          -0.02          -0.09    0    0    0    0    0    0    4   -6    0    0    0    0    0   -1
1           0.02          -0.09    0    0    0    0    0    0    1   -1    0    0    0    0    0   -1
1          -0.11           0.00    0    2   -2   -2   -2    0    0    0    0    0    0    0    0    0
1           0.11           0.00    2    0    0   -4   -1    0    0    0    0    0    0    0    0    0
1           0.07          -0.04    0    0    0    0    0    0    0    3   -4    0    0    0    0    0
1           0.11           0.00    0    0    2    4    1    0    0    0    0    0    0    0    0    0
1           0.11           0.00    0    0    0    2   -2    0    0    0    0    0    0    0    0    0
1          -0.11           0.00    3    0    0    0   -1    0    0    0    0    0    0    0    0    0
1           0.10           0.00    0    0    0    0    0    0    0    1    0   -3    0    0    0   -2
1          -0.10           0.00    0    0    2   -2    1    0   -3    3    0    0    0    0    0    0
1           0.10           0.00    0    0    0    0    0    0    6   -8    0    0    0    0    0   -2
1           0.10           0.00    2    1    0   -4    0    0    0    0    0    0    0    0    0    0
1           0.10           0.00    0    0    1   -1    1    0    0    3   -8    3    0    0    0    0
1           0.00           0.10    0    0    0    0    0    0    3   -2    0    0    0    0    0    2
1           0.00           0.10    0    0    0    0    0    0    2   -5    0    0    0    0    0   -2
1          -0.10           0.00    4    0    2   -2    2    0    0    0    0    0    0    0    0    0
1           0.10           0.00    2    0    0    2    1    0    0    0    0    0    0    0    0    0
1          -0.10           0.00    1   -1    0   -2   -1    0    0    0    0    0    0    0    0    0
1           0.10           0.00    0    0    0    0    0    0    1   -3    0    0    0    0    0   -2
2         121.15       -2301.27    0    0    0    0    1    0    0    0    0    0    0    0    0    0
2          -0.98        -143.27    0    0    2   -2    2    0    0    0    0    0    0    0    0    0
2          -0.27         -24.46    0    0    2    0    2    0    0    0    0    0    0    0    0    0
2           0.24          22.41    0    0    0    0    2    0    0    0    0    0    0    0    0    0
2          -1.19          -5.61    0    1    2   -2    2    0    0    0    0    0    0    0    0    0
2           3.57          -1.83    0    1    0    0    0    0    0    0    0    0    0    0    0    0
2           0.24          -5.02    0    0    2    0    1    0    0    0    0    0    0    0    0    0
2          -0.04          -3.23    1    0    2    0    2    0    0    0    0    0    0    0    0    0
2          -0.48           2.40    0    1   -2    2   -2    0    0    0    0    0    0    0    0    0
2          -0.10           1.73    0    0    2   -2    1    0    0    0    0    0    0    0    0    0
2          -0.01           1.33    1    0   -2    0   -2    0    0    0    0    0    0    0    0    0
2          -0.04           0.83    1    0    0    0    1    0    0    0    0    0    0    0    0    0
2          -0.05          -0.79    1    0    0    0   -1    0    0    0    0    0    0    0    0    0
2           0.03          -0.66    1    0    2    0    1    0    0    0    0    0    0    0    0    0
2           0.00          -0.64    1    0   -2   -2   -2    0    0    0    0    0    0    0    0    0
2           0.04           0.61    2    0   -2    0   -1    0    0    0    0    0    0    0    0    0
2          -0.01          -0.41    0    0    2    2    2    0    0    0    0    0    0    0    0    0
2          -0.01           0.35    0    2   -2    2   -2    0    0    0    0    0    0    0    0    0
2          -0.01          -0.33    2    0    2    0    2    0    0    0    0    0    0    0    0    0
2           0.01           0.31    1    0    2   -2    2    0    0    0    0    0    0    0    0    0
2           0.01           0.27    1    0   -2    0   -1    0    0    0    0    0    0    0    0    0
2          -0.07          -0.17    0    2    2   -2    2    0    0    0    0    0    0    0    0    0
2           0.07           0.17    1    0    0    0    0    0    0    0    0    0    0    0    0    0
2           0.02          -0.21    0    1    0    0    1    0    0    0    0    0    0    0    0    0
2           0.01           0.20    1    0    0   -2   -1    0    0    0    0    0    0    0    0    0
2           0.01          -0.17    1    0    0   -2    1    0    0    0    0    0    0    0    0    0
2           0.01          -0.16    0    1    0    0   -1    0    0    0    0    0    0    0    0    0
2           0.00          -0.13    1    0   -2   -2   -1    0    0    0    0    0    0    0    0    0
2          -0.07          -0.04    0    0    1   -1    1    0    0   -1    0   -2    5    0    0    0
2           0.02           0.08    0    1    2    0    2    0    0    0    0    0    0    0    0    0
3         -15.23          -1.62    0    0    0    0    1    0    0    0    0    0    0    0    0    0
3          -1.16          -0.01    0    0    2   -2    2    0    0    0    0    0    0    0    0    0
3          -0.20           0.00    0    0    2    0    2    0    0    0    0    0    0    0    0    0
3           0.18           0.00    0    0    0    0    2    0    0    0    0    0    0    0    0    0
3           0.13           0.00    0    1    0    0    0    0    0    0    0    0    0    0    0    0
4          -0.01           0.11    0    0    0    0    1    0    0    0    0    0    0    0    0    0
